image_path,true_label,load_stage,width,height,file_size_kb,blur_score,brightness,edge_density,fast_correct,fast_confidence,fast_latency_ms,fast_utility,balanced_correct,balanced_confidence,balanced_latency_ms,balanced_utility,heavy_correct,heavy_confidence,heavy_latency_ms,heavy_utility,best_tier
data\test\Orange__Healthy\freshOrange (144).png,Orange__Healthy,light,480,322,196.05,534.37,108.12,0.044,1,0.9505,79.56,0.8295,1,1.0,88.31,0.6864,1,0.9999,140.11,0.6574,fast
data\test\Mango__Rotten\aspergillus_015.jpg,Mango__Rotten,light,224,224,6.24,171.07,119.45,0.0278,1,0.935,87.94,0.8267,1,1.0,38.43,0.703,1,0.9998,63.37,0.683,fast
data\test\Strawberry__Rotten\rottenStrawberry (60).jpg,Strawberry__Rotten,light,2589,2296,861.07,57.04,161.62,0.0069,1,0.7465,52.55,0.8385,1,0.9999,56.2,0.6971,1,1.0,241.41,0.6236,fast
data\test\Jujube__Healthy\FreshJujube (27).jpg,Jujube__Healthy,heavy,3674,2825,1433.95,38.06,167.27,0.0001,1,0.8159,621.14,0.6487,1,0.9649,1131.8,0.3381,1,0.9873,394.39,0.5725,fast
data\test\Banana__Healthy\rotated_by_75_Screen Shot 2018-06-12 at 9.48.04 PM.png,Banana__Healthy,light,636,390,242.18,201.12,113.49,0.0302,1,0.9994,69.17,0.8329,1,1.0,62.64,0.695,1,0.9998,38.98,0.6911,fast
data\test\Bellpepper__Rotten\rottenPepper (479).jpg,Bellpepper__Rotten,heavy,183,275,12.38,2283.6,136.76,0.2437,0,0.6896,819.64,-0.4175,1,0.9944,1179.85,0.3221,1,0.8613,1158.25,0.3176,balanced
data\test\Strawberry__Healthy\132.jpg,Strawberry__Healthy,light,224,224,5.98,211.85,104.03,0.0183,1,0.9747,39.78,0.8427,1,1.0,82.29,0.6884,1,1.0,80.51,0.6773,fast
data\test\Mango__Rotten\751.jpg,Mango__Rotten,light,224,224,6.39,112.42,100.46,0.0275,1,0.9739,58.85,0.8364,1,1.0,139.21,0.6694,1,0.9998,58.04,0.6848,fast
data\test\Carrot__Rotten\rottenCarrot (417).jpg,Carrot__Rotten,heavy,250,202,7.55,1048.65,115.32,0.0933,1,0.9328,741.32,0.6086,1,0.9939,1125.23,0.3403,1,0.9954,1048.35,0.3543,fast
data\test\Tomato__Healthy\freshTomato (275).jpg,Tomato__Healthy,heavy,224,224,23.17,64.24,156.79,0.0113,0,0.4216,441.57,-0.2913,1,0.9337,976.03,0.3901,1,0.8793,1017.24,0.3646,balanced
data\test\Mango__Rotten\rottenMango (27).jpg,Mango__Rotten,light,224,224,10.08,329.19,107.72,0.0863,1,0.9859,14.27,0.8513,1,1.0,43.83,0.7012,1,1.0,35.19,0.6924,fast
data\test\Tomato__Healthy\freshTomato (50).jpg,Tomato__Healthy,light,224,224,9.41,305.9,106.06,0.0643,0,0.3552,63.18,-0.1651,1,1.0,161.32,0.662,1,1.0,195.91,0.6387,balanced
data\test\Grape__Healthy\FreshGrape (32).jpg,Grape__Healthy,burst,507,642,36.36,3.49,159.8,0.0013,1,0.879,639.46,0.6426,1,1.0,1597.73,0.1827,1,0.9999,1356.72,0.2514,fast
data\test\Mango__Healthy\freshMango (267).jpg,Mango__Healthy,light,224,224,4.44,73.8,107.42,0.0151,1,0.97,63.18,0.8349,1,1.0,28.31,0.7064,1,0.9988,47.82,0.6882,fast
data\test\Mango__Healthy\443.jpg,Mango__Healthy,light,224,224,2.63,20.86,145.19,0.0071,1,0.9429,34.25,0.8446,1,1.0,38.43,0.703,1,1.0,58.9,0.6845,fast
data\test\Carrot__Rotten\rottenCarrot (26).jpg,Carrot__Rotten,heavy,275,183,5.62,1189.49,157.88,0.0571,0,0.8049,638.74,-0.3571,1,0.9999,1086.41,0.3533,1,1.0,923.42,0.396,heavy
data\test\Orange__Healthy\freshOrange (172).png,Orange__Healthy,light,480,322,194.23,437.69,121.3,0.0527,1,0.9656,48.33,0.8399,1,0.9999,147.0,0.6668,1,0.9998,62.92,0.6831,fast
data\test\Banana__Rotten\rotated_by_45_Screen Shot 2018-06-12 at 9.14.43 PM.png,Banana__Rotten,light,548,356,149.25,597.6,141.54,0.0438,1,0.9978,24.27,0.8479,1,0.9927,24.03,0.7078,1,0.9981,271.73,0.6134,fast
data\test\Orange__Rotten\rotated_by_15_Screen Shot 2018-06-12 at 11.28.28 PM.png,Orange__Rotten,light,292,310,87.07,531.16,162.58,0.0257,0,0.3334,88.64,-0.1736,1,1.0,128.49,0.673,1,0.9999,234.02,0.626,balanced
data\test\Apple__Healthy\translation_Screen Shot 2018-06-08 at 5.28.10 PM.png,Apple__Healthy,heavy,474,416,183.44,572.23,134.72,0.0149,1,0.9678,668.6,0.6329,1,1.0,1277.28,0.2896,1,1.0,1346.76,0.2547,fast
data\test\Cucumber__Healthy\freshCucumber (386).jpg,Cucumber__Healthy,light,224,224,21.29,1652.26,96.94,0.2086,1,0.9573,43.92,0.8414,1,1.0,107.01,0.6802,1,0.9998,71.1,0.6804,fast
data\test\Banana__Rotten\Screen Shot 2018-06-12 at 8.49.15 PM.png,Banana__Rotten,heavy,708,436,214.72,30.72,225.66,0.0234,1,0.8919,551.4,0.672,1,0.9999,1192.34,0.3179,1,1.0,1239.98,0.2903,fast
data\test\Potato__Rotten\rottenPotato (392).jpg,Potato__Rotten,heavy,259,194,7.11,484.16,130.94,0.0815,0,0.4861,755.11,-0.396,1,0.9981,1118.02,0.3427,1,0.999,1166.26,0.3149,balanced
data\test\Potato__Rotten\rottenPotato (236).jpg,Potato__Rotten,heavy,275,184,4.07,299.63,139.24,0.0442,1,0.3468,709.29,0.6193,1,0.976,1065.28,0.3603,1,0.9975,992.26,0.373,fast
data\test\Mango__Healthy\824.jpg,Mango__Healthy,light,224,224,5.08,29.35,95.85,0.0064,1,0.931,89.52,0.8261,1,1.0,40.64,0.7023,1,1.0,82.58,0.6766,fast
data\test\Orange__Rotten\rotated_by_30_Screen Shot 2018-06-12 at 11.23.13 PM.png,Orange__Rotten,burst,520,440,239.36,343.18,159.6,0.0183,1,0.9913,1170.79,0.4653,1,1.0,2593.39,0.0159,1,0.9998,3134.77,0.0041,fast
data\test\Potato__Rotten\rottenPotato (556).jpg,Potato__Rotten,burst,450,320,16.32,674.29,168.82,0.0634,0,0.4188,1078.53,-0.5039,1,0.9252,276.08,0.6237,1,0.8826,1215.35,0.2985,balanced
data\test\Mango__Rotten\lasio_087.jpg,Mango__Rotten,light,224,224,7.95,288.58,77.28,0.0527,1,0.8952,23.42,0.8482,1,0.9997,90.89,0.6855,1,0.9993,140.19,0.6573,fast
data\test\Orange__Rotten\rotated_by_60_Screen Shot 2018-06-12 at 11.26.07 PM.png,Orange__Rotten,light,230,210,72.84,544.64,143.19,0.0639,1,0.9899,9.72,0.8528,1,1.0,89.19,0.6861,1,1.0,114.04,0.6661,fast
data\test\Banana__Rotten\rotated_by_15_Screen Shot 2018-06-12 at 9.22.57 PM.png,Banana__Rotten,heavy,610,346,170.51,356.37,172.18,0.0496,1,0.9986,699.68,0.6225,1,1.0,1077.58,0.3562,1,1.0,923.42,0.396,fast
data\test\Strawberry__Rotten\rottenStrawberry (525).jpg,Strawberry__Rotten,heavy,224,224,5.3,154.99,132.25,0.0397,1,0.956,582.27,0.6617,1,1.0,1076.47,0.3566,1,0.9999,996.73,0.3715,fast
data\test\Carrot__Rotten\rottenCarrot (15).jpg,Carrot__Rotten,heavy,275,183,8.94,1155.47,174.09,0.1248,1,0.6644,181.72,0.7954,1,1.0,1150.87,0.3318,1,0.9995,922.51,0.3963,fast
data\test\Banana__Rotten\rotated_by_15_Screen Shot 2018-06-12 at 9.21.25 PM.png,Banana__Rotten,light,228,348,95.76,379.02,137.6,0.0279,1,0.8257,100.46,0.8225,1,1.0,116.08,0.6771,1,0.9991,159.35,0.651,fast
data\test\Cucumber__Healthy\freshCucumber (279).jpg,Cucumber__Healthy,burst,1000,1000,129.51,22.03,128.0,0.0066,1,0.9865,1179.36,0.4624,1,0.9999,1722.14,0.1411,1,0.9997,3140.46,0.0041,fast
data\test\Jujube__Healthy\FreshJujube (155).jpg,Jujube__Healthy,burst,3047,2722,975.2,16.47,176.58,0.0002,1,0.8501,1165.59,0.467,1,1.0,1610.15,0.1785,1,1.0,2757.94,0.0041,fast
data\test\Cucumber__Rotten\rottenCucumber (80).jpg,Cucumber__Rotten,heavy,100,100,4.37,2927.56,175.16,0.0593,1,0.9974,663.51,0.6346,1,1.0,1138.32,0.336,1,1.0,797.29,0.438,fast
data\test\Apple__Healthy\rotated_by_30_Screen Shot 2018-06-08 at 5.14.01 PM.png,Apple__Healthy,heavy,526,506,179.65,343.09,169.08,0.0101,1,0.9982,814.81,0.5841,1,0.9999,1185.28,0.3203,1,1.0,836.45,0.425,fast
data\test\Banana__Rotten\rotated_by_45_Screen Shot 2018-06-12 at 8.59.32 PM.png,Banana__Rotten,light,188,378,44.84,948.23,123.25,0.0325,1,0.9996,52.55,0.8385,1,1.0,98.35,0.683,1,1.0,149.6,0.6542,fast
data\test\Apple__Healthy\rotated_by_60_Screen Shot 2018-06-08 at 5.27.54 PM.png,Apple__Healthy,light,534,430,237.03,350.95,134.42,0.0173,1,0.9266,81.57,0.8288,1,0.9998,218.36,0.643,1,0.9998,147.01,0.6551,fast
data\test\Grape__Healthy\FreshGrape (115).jpg,Grape__Healthy,heavy,609,570,54.67,71.58,145.75,0.0092,1,0.8891,506.33,0.687,1,1.0,1162.29,0.328,1,0.9999,1228.87,0.294,fast
data\test\Carrot__Healthy\freshCarrot (454).jpg,Carrot__Healthy,light,400,300,21.8,103.97,159.4,0.0221,0,0.7643,61.98,-0.1647,1,1.0,77.27,0.6901,1,0.9999,147.01,0.6551,balanced
data\test\Orange__Rotten\Screen Shot 2018-06-12 at 11.41.44 PM.png,Orange__Rotten,light,418,374,212.68,30.51,156.84,0.0193,1,0.9993,104.8,0.821,1,1.0,44.61,0.701,1,1.0,103.05,0.6697,fast
data\test\Mango__Rotten\52.jpg,Mango__Rotten,light,224,224,5.25,419.27,115.41,0.0371,1,0.9455,50.82,0.8391,1,1.0,131.57,0.672,1,0.9999,142.73,0.6565,fast
data\test\Banana__Rotten\rottenBanana (209).jpg,Banana__Rotten,burst,502,390,205.84,275.2,185.29,0.0639,1,0.999,1355.71,0.4036,1,1.0,1946.26,0.0663,1,1.0,1605.01,0.1685,fast
data\test\Apple__Healthy\Screen Shot 2018-06-08 at 5.19.35 PM.png,Apple__Healthy,light,422,434,260.69,73.77,165.69,0.0316,1,0.9893,104.55,0.8211,1,1.0,75.07,0.6908,1,0.9999,79.14,0.6777,fast
data\test\Strawberry__Healthy\465.jpg,Strawberry__Healthy,heavy,224,224,3.46,60.94,145.36,0.0127,1,0.962,740.35,0.6089,1,1.0,1161.03,0.3284,1,1.0,1048.31,0.3543,fast
data\test\Banana__Rotten\rotated_by_75_Screen Shot 2018-06-12 at 9.00.31 PM.png,Banana__Rotten,heavy,566,354,75.46,304.16,142.53,0.0125,1,0.3447,584.65,0.6609,1,1.0,987.03,0.3865,1,0.9999,923.95,0.3958,fast
data\test\Banana__Rotten\translation_Screen Shot 2018-06-12 at 9.18.43 PM.png,Banana__Rotten,heavy,586,420,237.81,538.38,158.89,0.0318,1,0.9835,610.88,0.6522,1,1.0,1197.94,0.3161,1,0.9999,1048.1,0.3543,fast
data\test\Apple__Rotten\rottenApple (45).jpg,Apple__Rotten,light,3120,3149,1705.91,102.07,132.67,0.001,1,0.3613,48.88,0.8397,1,0.9993,65.93,0.6939,1,0.9246,68.05,0.6814,fast
data\test\Mango__Rotten\rottenMango (202).jpg,Mango__Rotten,light,224,224,10.83,492.57,100.52,0.176,1,0.9645,15.24,0.8509,1,1.0,91.6,0.6853,1,0.9995,73.16,0.6797,fast
data\test\Orange__Rotten\saltandpepper_Screen Shot 2018-06-12 at 11.41.35 PM.png,Orange__Rotten,heavy,418,398,207.41,2329.57,152.04,0.0564,1,0.9965,700.2,0.6223,1,1.0,1191.83,0.3181,1,0.9999,1113.79,0.3324,fast
data\test\Strawberry__Rotten\161.jpg,Strawberry__Rotten,burst,224,224,3.81,71.0,138.02,0.0204,1,0.8958,96.99,0.8237,1,1.0,3233.09,0.0159,1,1.0,1186.16,0.3083,fast
data\test\Apple__Healthy\rotated_by_60_Screen Shot 2018-06-08 at 5.12.20 PM.png,Apple__Healthy,light,378,342,126.54,246.44,129.15,0.0116,1,0.8527,89.89,0.826,1,0.9889,193.76,0.6512,1,0.9999,59.92,0.6841,fast
data\test\Apple__Healthy\freshApple (793).png,Apple__Healthy,heavy,320,258,107.05,1489.4,129.7,0.0608,0,0.606,739.31,-0.3907,1,0.9999,241.27,0.6353,1,0.9967,1106.14,0.335,balanced
data\test\Mango__Rotten\aspergillus_122.jpg,Mango__Rotten,light,224,224,6.18,128.46,145.18,0.0289,1,0.8151,17.68,0.8501,1,0.9999,25.89,0.7072,1,0.9985,50.97,0.6871,fast
data\test\Banana__Rotten\vertical_flip_Screen Shot 2018-06-12 at 9.00.38 PM.png,Banana__Rotten,heavy,506,302,114.93,50.36,174.66,0.0243,1,0.9404,639.5,0.6426,1,0.9998,1300.58,0.2818,1,0.995,1204.0,0.3023,fast
data\test\Mango__Healthy\freshMango (202).jpg,Mango__Healthy,light,224,224,5.71,57.05,121.04,0.0162,1,0.9965,71.57,0.8321,1,1.0,135.99,0.6705,1,1.0,77.89,0.6781,fast
data\test\Mango__Rotten\636.jpg,Mango__Rotten,light,224,224,10.68,396.8,103.88,0.1484,1,0.9834,21.36,0.8489,1,1.0,82.38,0.6884,1,1.0,125.32,0.6623,fast
data\test\Pomegranate__Healthy\FreshPomegranate (9).jpg,Pomegranate__Healthy,burst,2376,2103,752.7,48.86,114.38,0.0037,1,0.465,1170.28,0.4655,1,0.9999,1821.15,0.1081,1,0.9985,1121.27,0.3299,fast
data\test\Strawberry__Rotten\989.jpg,Strawberry__Rotten,burst,224,224,7.35,198.94,118.85,0.0448,1,0.9404,482.5,0.695,1,1.0,893.51,0.4177,1,0.9999,2064.59,0.0151,fast
data\test\Mango__Rotten\rottenMango (537).jpg,Mango__Rotten,burst,224,224,3.11,17.67,146.41,0.0112,1,0.915,1078.57,0.4961,1,1.0,2016.6,0.0429,1,1.0,2584.27,0.0041,fast
data\test\Strawberry__Rotten\14.jpg,Strawberry__Rotten,heavy,224,224,3.26,52.34,138.41,0.0129,1,0.9568,691.17,0.6254,1,1.0,1254.46,0.2972,1,0.9995,1187.71,0.3078,fast
data\test\Bellpepper__Rotten\rottenPepper (178).jpg,Bellpepper__Rotten,heavy,100,100,2.7,1207.92,102.44,0.1537,0,0.7285,622.7,-0.3518,1,0.6856,1180.37,0.3219,1,0.9196,1028.8,0.3608,heavy
data\test\Orange__Healthy\rotated_by_15_Screen Shot 2018-06-12 at 11.54.03 PM.png,Orange__Healthy,light,352,370,138.66,389.09,173.38,0.0129,1,0.8043,83.8,0.8281,1,1.0,60.39,0.6957,1,0.9987,157.19,0.6517,fast
data\test\Bellpepper__Rotten\rottenPepper (123).jpg,Bellpepper__Rotten,heavy,276,183,11.1,2024.59,123.25,0.1712,1,0.4717,778.62,0.5962,1,0.9665,1169.67,0.3255,1,0.9922,1227.86,0.2944,fast
data\test\Banana__Rotten\rotated_by_75_Screen Shot 2018-06-12 at 8.57.04 PM.png,Banana__Rotten,light,656,420,253.31,218.52,105.72,0.0154,1,0.9562,65.07,0.8343,1,1.0,20.57,0.709,1,1.0,110.47,0.6673,fast
data\test\Banana__Rotten\rotated_by_60_Screen Shot 2018-06-12 at 9.01.10 PM.png,Banana__Rotten,heavy,460,404,217.34,275.28,129.7,0.0266,1,0.5589,731.5,0.6119,1,0.9957,857.64,0.4296,1,0.6572,997.88,0.3711,fast
data\test\Mango__Rotten\926.jpg,Mango__Rotten,light,224,224,6.6,100.84,110.25,0.023,1,0.9944,95.93,0.824,1,1.0,41.33,0.7021,1,1.0,63.2,0.683,fast
data\test\Potato__Rotten\rottenPotato (324).jpg,Potato__Rotten,heavy,250,202,4.44,1062.21,228.93,0.0656,1,0.7393,639.5,0.6426,1,1.0,1084.52,0.3539,1,0.9946,1027.73,0.3611,fast
data\test\Apple__Rotten\translation_Screen Shot 2018-06-08 at 2.46.25 PM.png,Apple__Rotten,heavy,418,366,130.85,579.68,158.13,0.016,1,0.8342,668.75,0.6328,1,0.9979,1065.28,0.3603,1,0.9956,1241.04,0.29,fast
data\test\Tomato__Healthy\freshTomato (76).png,Tomato__Healthy,light,480,322,190.1,700.94,141.23,0.0652,1,0.9123,61.63,0.8355,1,0.9999,64.91,0.6942,1,0.9997,133.17,0.6597,fast
data\test\Banana__Rotten\translation_Screen Shot 2018-06-12 at 9.00.38 PM.png,Banana__Rotten,light,506,302,102.0,623.22,145.57,0.0256,1,0.9119,66.6,0.8338,1,0.9999,212.01,0.6451,1,0.9996,78.02,0.6781,fast
data\test\Strawberry__Healthy\382.jpg,Strawberry__Healthy,light,224,224,4.18,82.2,140.87,0.0174,1,0.6929,58.36,0.8365,1,1.0,91.8,0.6852,1,0.9997,63.37,0.683,fast
data\test\Banana__Healthy\rotated_by_45_Screen Shot 2018-06-12 at 10.01.37 PM.png,Banana__Healthy,light,568,408,132.66,413.39,179.48,0.0121,1,0.9968,111.71,0.8187,1,1.0,190.38,0.6523,1,1.0,107.3,0.6683,fast
data\test\Apple__Healthy\rotated_by_30_Screen Shot 2018-06-08 at 5.13.10 PM.png,Apple__Healthy,light,334,324,101.82,571.28,149.39,0.0197,1,0.8869,18.53,0.8498,1,0.9964,54.73,0.6976,1,0.9946,169.14,0.6477,fast
data\test\Apple__Rotten\rotated_by_60_Screen Shot 2018-06-08 at 2.37.03 PM.png,Apple__Rotten,light,364,312,97.52,540.76,148.68,0.0178,1,0.6668,23.24,0.8483,1,1.0,167.38,0.66,1,1.0,195.91,0.6387,fast
data\test\Tomato__Healthy\freshTomato (239).png,Tomato__Healthy,burst,320,258,108.58,1325.49,126.94,0.0706,1,0.95,1604.02,0.3207,1,1.0,865.48,0.427,1,1.0,1605.01,0.1685,balanced
data\test\Orange__Healthy\saltandpepper_Screen Shot 2018-06-13 at 12.15.39 AM.png,Orange__Healthy,heavy,274,232,82.04,2751.02,187.09,0.0529,1,0.9823,628.61,0.6462,1,0.9999,857.64,0.4296,1,0.9999,1278.53,0.2774,fast
data\test\Apple__Rotten\Screen Shot 2018-06-08 at 2.40.56 PM.png,Apple__Rotten,heavy,390,424,189.5,17.91,210.14,0.011,1,0.9124,727.23,0.6133,1,1.0,1161.65,0.3282,1,0.9998,529.01,0.5276,fast
data\test\Strawberry__Rotten\224.jpg,Strawberry__Rotten,heavy,224,224,4.33,79.58,130.63,0.0197,1,0.962,1293.71,0.4243,1,1.0,1161.03,0.3284,1,1.0,1040.89,0.3568,fast
data\test\Banana__Rotten\rotated_by_30_Screen Shot 2018-06-12 at 8.53.15 PM.png,Banana__Rotten,heavy,294,246,66.83,273.57,95.21,0.0254,0,0.496,409.76,-0.2807,1,1.0,1210.83,0.3118,1,0.9999,529.53,0.5274,heavy
data\test\Banana__Rotten\translation_Screen Shot 2018-06-12 at 9.11.17 PM.png,Banana__Rotten,light,558,426,302.65,409.17,143.95,0.0343,1,0.9574,45.69,0.8408,1,1.0,36.97,0.7035,1,1.0,43.7,0.6895,fast
data\test\Apple__Rotten\saltandpepper_Screen Shot 2018-06-07 at 2.41.14 PM.png,Apple__Rotten,heavy,428,326,124.76,2743.56,193.39,0.0346,1,0.9595,594.16,0.6577,1,1.0,1168.32,0.326,1,1.0,1227.86,0.2944,fast
data\test\Banana__Healthy\rotated_by_15_Screen Shot 2018-06-12 at 9.44.49 PM.png,Banana__Healthy,light,444,340,92.96,387.64,200.71,0.0172,1,0.9854,54.18,0.8379,1,1.0,158.09,0.6631,1,1.0,33.45,0.693,fast
data\test\Mango__Rotten\lasio_071.jpg,Mango__Rotten,light,224,224,8.08,283.03,116.52,0.0414,0,0.5004,73.39,-0.1685,1,0.9356,69.6,0.6926,1,0.9997,51.03,0.6871,balanced
data\test\Apple__Rotten\rottenApple (356).jpg,Apple__Rotten,light,588,440,129.9,357.53,133.61,0.0248,1,0.9538,82.7,0.8284,1,1.0,96.84,0.6835,1,1.0,138.51,0.6579,fast
data\test\Strawberry__Healthy\771.jpg,Strawberry__Healthy,light,224,224,6.72,113.44,114.01,0.0373,1,0.8952,123.4,0.8148,1,1.0,116.08,0.6771,1,1.0,227.0,0.6284,fast
data\test\Mango__Rotten\854.jpg,Mango__Rotten,heavy,224,224,6.31,102.21,97.35,0.035,1,0.9961,726.55,0.6135,1,1.0,1143.16,0.3344,1,0.9999,1027.73,0.3611,fast
data\test\Mango__Rotten\447.jpg,Mango__Rotten,light,224,224,9.75,356.33,99.25,0.0705,1,0.9886,75.76,0.8307,1,1.0,62.28,0.6951,1,1.0,55.23,0.6857,fast
data\test\Apple__Rotten\vertical_flip_Screen Shot 2018-06-07 at 2.57.49 PM.png,Apple__Rotten,heavy,326,280,59.52,36.07,212.38,0.019,1,0.8187,1054.23,0.5042,1,1.0,1361.29,0.2616,1,0.9999,581.89,0.5099,heavy
data\test\Strawberry__Healthy\freshStrawberry (306).jpg,Strawberry__Healthy,light,224,224,6.48,226.59,94.87,0.0171,1,0.9568,30.6,0.8458,1,1.0,102.97,0.6815,1,1.0,59.11,0.6844,fast
data\test\Strawberry__Healthy\freshStrawberry (277).jpg,Strawberry__Healthy,light,100,100,4.94,2027.51,143.95,0.0767,1,0.8673,11.61,0.8521,1,1.0,62.64,0.695,1,0.9998,27.22,0.695,fast
data\test\Apple__Healthy\rotated_by_75_Screen Shot 2018-06-08 at 5.22.58 PM.png,Apple__Healthy,light,432,408,170.97,358.9,128.84,0.0196,1,0.8152,40.47,0.8425,1,1.0,105.89,0.6805,1,0.9999,92.39,0.6733,fast
data\test\Carrot__Rotten\rottenCarrot (22).jpg,Carrot__Rotten,light,250,202,5.99,2131.38,214.24,0.079,0,0.3798,160.94,-0.1977,1,0.9532,130.07,0.6725,1,0.9901,107.12,0.6684,balanced
data\test\Mango__Healthy\953.jpg,Mango__Healthy,heavy,224,224,6.0,71.21,104.37,0.0109,1,0.8333,627.17,0.6467,1,1.0,1109.14,0.3457,1,1.0,922.51,0.3963,fast
data\test\Apple__Healthy\rotated_by_75_Screen Shot 2018-06-08 at 5.08.58 PM.png,Apple__Healthy,light,230,204,45.58,680.41,182.44,0.0215,1,0.9854,44.85,0.8411,1,0.9994,66.26,0.6938,1,0.9962,88.17,0.6747,fast
data\test\Strawberry__Rotten\rottenStrawberry (84).jpg,Strawberry__Rotten,light,3113,2894,1160.61,27.69,167.99,0.0014,1,0.8609,85.88,0.8274,1,1.0,76.88,0.6902,1,1.0,29.34,0.6943,fast
data\test\Apple__Healthy\saltandpepper_Screen Shot 2018-06-08 at 5.27.19 PM.png,Apple__Healthy,burst,376,386,150.21,2967.19,203.2,0.0424,1,0.9514,960.97,0.5353,1,1.0,1430.78,0.2384,1,0.9997,424.08,0.5626,heavy
data\test\Apple__Rotten\translation_Screen Shot 2018-06-07 at 2.31.43 PM.png,Apple__Rotten,light,342,334,91.84,727.92,168.49,0.0226,1,0.9143,60.87,0.8357,1,1.0,114.43,0.6777,1,1.0,24.02,0.6961,fast
data\test\Mango__Healthy\297.jpg,Mango__Healthy,light,224,224,4.22,105.68,135.27,0.0153,1,0.9117,89.48,0.8262,1,1.0,38.43,0.703,1,0.9998,109.58,0.6676,fast
data\test\Orange__Rotten\rotated_by_75_Screen Shot 2018-06-12 at 11.23.33 PM.png,Orange__Rotten,heavy,222,170,44.99,719.58,144.72,0.0273,1,0.5926,608.35,0.653,1,0.9883,1294.83,0.2837,1,0.8132,923.42,0.396,fast
data\test\Orange__Rotten\Screen Shot 2018-06-12 at 11.24.24 PM.png,Orange__Rotten,light,246,218,96.88,100.49,191.34,0.0682,1,0.8348,152.84,0.805,1,1.0,54.34,0.6977,1,1.0,128.44,0.6613,fast
data\test\Banana__Rotten\rotated_by_15_Screen Shot 2018-06-12 at 9.21.20 PM.png,Banana__Rotten,heavy,360,436,175.42,390.89,141.78,0.0375,1,0.9999,646.79,0.6402,1,1.0,1434.51,0.2371,1,1.0,997.88,0.3711,fast
data\test\Mango__Healthy\healthy_142.jpg,Mango__Healthy,burst,224,224,8.35,192.15,133.84,0.0368,0,0.3597,1412.24,-0.6153,1,1.0,1945.46,0.0666,1,0.9991,3157.5,0.0041,balanced
data\test\Mango__Rotten\76.jpg,Mango__Rotten,heavy,224,224,5.21,467.31,136.2,0.0559,1,0.9648,656.58,0.6369,1,1.0,1051.71,0.3649,1,0.9996,1345.91,0.255,fast
data\test\Jujube__Healthy\FreshJujube (163).jpg,Jujube__Healthy,heavy,3258,2404,909.42,16.58,175.5,0.0004,1,0.8947,734.83,0.6108,1,0.9978,857.64,0.4296,1,0.9995,1251.3,0.2865,fast
data\test\Pomegranate__Healthy\FreshPomegranate (30).jpg,Pomegranate__Healthy,light,2192,2194,684.33,32.62,116.47,0.0014,1,0.7858,41.18,0.8423,1,0.9994,136.16,0.6704,1,0.9156,171.58,0.6469,fast
data\test\Jujube__Healthy\FreshJujube (19).jpg,Jujube__Healthy,burst,4160,3120,2606.61,22.62,169.42,0.0002,1,0.5663,999.18,0.5226,1,0.9998,1751.75,0.1313,1,0.9955,12678.91,0.0041,fast
data\test\Apple__Healthy\rotated_by_45_Screen Shot 2018-06-08 at 5.11.59 PM.png,Apple__Healthy,light,420,438,143.59,519.15,131.6,0.0203,1,0.9595,10.2,0.8526,1,1.0,104.3,0.6811,1,1.0,136.01,0.6587,fast
data\test\Banana__Healthy\Banana__Healthy_augmented_53.jpg,Banana__Healthy,light,224,224,7.47,154.32,154.83,0.0256,1,0.8124,59.94,0.836,1,1.0,36.81,0.7036,1,1.0,159.16,0.651,fast
data\test\Apple__Healthy\translation_Screen Shot 2018-06-08 at 5.12.47 PM.png,Apple__Healthy,heavy,442,440,178.59,569.7,146.97,0.0121,1,0.9855,586.39,0.6603,1,1.0,1210.83,0.3118,1,0.9999,1265.81,0.2817,fast
data\test\Apple__Rotten\Screen Shot 2018-06-07 at 2.57.13 PM.png,Apple__Rotten,heavy,342,348,126.33,43.03,148.26,0.0227,0,0.5906,195.79,-0.2093,1,0.9999,1254.46,0.2972,1,0.9997,1019.05,0.364,heavy
data\test\Apple__Healthy\rotated_by_60_Screen Shot 2018-06-08 at 5.25.28 PM.png,Apple__Healthy,heavy,302,308,70.71,600.1,170.11,0.0175,1,0.9967,472.47,0.6983,1,1.0,1125.23,0.3403,1,1.0,1048.35,0.3543,fast
data\test\Apple__Rotten\saltandpepper_Screen Shot 2018-06-08 at 2.26.09 PM.png,Apple__Rotten,heavy,236,202,40.3,3410.93,205.83,0.0491,1,0.9931,661.34,0.6353,1,0.9997,1030.03,0.3721,1,0.9983,1241.04,0.29,fast
data\test\Mango__Healthy\160.jpg,Mango__Healthy,light,224,224,4.96,161.05,119.79,0.0161,1,0.9596,163.47,0.8015,1,0.9997,42.83,0.7016,1,0.9998,108.72,0.6678,fast
data\test\Banana__Healthy\saltandpepper_Screen Shot 2018-06-12 at 9.50.31 PM.png,Banana__Healthy,light,646,458,151.76,3220.68,232.16,0.0292,1,0.7475,89.65,0.8261,1,1.0,36.97,0.7035,1,0.9996,192.5,0.6399,fast
data\test\Orange__Rotten\rotated_by_45_Screen Shot 2018-06-12 at 11.19.08 PM.png,Orange__Rotten,heavy,468,414,222.17,383.16,129.87,0.0251,1,0.8317,537.76,0.6766,1,0.9996,1227.49,0.3062,1,0.9999,581.89,0.5099,fast
data\test\Mango__Rotten\rottenMango (574).jpg,Mango__Rotten,light,224,224,4.87,139.74,129.84,0.0354,1,0.9944,32.36,0.8452,1,1.0,114.04,0.6778,1,0.9993,135.37,0.659,fast
data\test\Mango__Rotten\433.jpg,Mango__Rotten,burst,224,224,9.64,324.4,101.17,0.0592,1,0.8968,1432.11,0.3781,1,1.0,1479.54,0.2221,1,1.0,1133.03,0.326,fast
data\test\Cucumber__Rotten\rottenCucumber (301).jpg,Cucumber__Rotten,burst,275,183,6.3,520.21,221.65,0.0732,0,0.8262,798.33,-0.4104,1,0.7396,61.31,0.6954,1,0.8747,2261.12,0.0041,balanced
data\test\Mango__Rotten\783.jpg,Mango__Rotten,light,224,224,6.44,110.43,99.28,0.0304,1,0.9911,55.62,0.8375,1,1.0,30.67,0.7056,1,1.0,112.41,0.6666,fast
data\test\Carrot__Rotten\rottenCarrot (516).jpg,Carrot__Rotten,heavy,287,175,4.67,242.57,232.01,0.0319,1,0.7926,632.92,0.6448,1,1.0,1151.96,0.3314,1,0.9999,1346.76,0.2547,fast
data\test\Mango__Healthy\285.jpg,Mango__Healthy,heavy,224,224,3.27,78.75,143.34,0.0109,1,0.9256,595.83,0.6572,1,1.0,2887.92,0.0159,1,1.0,797.29,0.438,fast
data\test\Mango__Rotten\alternaria_140.jpg,Mango__Rotten,heavy,224,224,5.55,227.2,114.5,0.0352,1,0.8491,506.33,0.687,1,1.0,1158.19,0.3293,1,0.9996,1112.0,0.333,fast
data\test\Mango__Healthy\838.jpg,Mango__Healthy,burst,224,224,5.28,28.65,105.14,0.007,1,0.8512,1093.31,0.4911,1,1.0,1578.79,0.189,1,1.0,2492.06,0.0041,fast
data\test\Apple__Healthy\Screen Shot 2018-06-08 at 5.02.31 PM.png,Apple__Healthy,burst,388,408,179.86,35.45,177.48,0.0123,1,0.9853,1180.41,0.4621,1,0.9999,1757.9,0.1292,1,0.9997,1215.87,0.2984,fast
data\test\Banana__Rotten\vertical_flip_Screen Shot 2018-06-12 at 8.55.47 PM.png,Banana__Rotten,burst,516,388,151.85,89.49,187.85,0.0261,1,0.8999,999.18,0.5226,1,1.0,2017.62,0.0425,1,0.9999,1702.69,0.1359,fast
data\test\Banana__Healthy\rotated_by_15_Screen Shot 2018-06-12 at 9.39.33 PM.png,Banana__Healthy,heavy,632,430,188.36,282.91,189.7,0.0128,1,0.9867,580.91,0.6622,1,1.0,340.37,0.6023,1,1.0,455.48,0.5521,fast
data\test\Banana__Healthy\rotated_by_15_Screen Shot 2018-06-12 at 9.43.53 PM.png,Banana__Healthy,heavy,686,410,119.48,283.35,198.13,0.0075,1,0.755,562.4,0.6683,1,1.0,1138.32,0.336,1,1.0,1076.69,0.3448,fast
data\test\Mango__Healthy\53.jpg,Mango__Healthy,heavy,224,224,4.99,256.34,100.14,0.0271,1,0.7181,658.49,0.6363,1,1.0,1209.8,0.3121,1,0.9999,581.89,0.5099,fast
data\test\Cucumber__Rotten\rottenCucumber (148).jpg,Cucumber__Rotten,light,100,100,4.57,3226.59,176.41,0.0995,1,0.9972,20.77,0.8491,1,1.0,174.94,0.6575,1,1.0,143.98,0.6561,fast
data\test\Tomato__Rotten\rottenTomato (365).jpg,Tomato__Rotten,heavy,224,224,3.35,38.87,139.08,0.0132,0,0.5248,567.15,-0.3333,1,1.0,1202.57,0.3145,1,0.9989,1922.68,0.0625,balanced
data\test\Tomato__Healthy\freshTomato (207).jpg,Tomato__Healthy,light,224,224,4.99,207.52,119.73,0.0244,0,0.5675,15.54,-0.1492,1,0.9999,94.0,0.6845,1,1.0,32.51,0.6933,heavy
data\test\Apple__Rotten\vertical_flip_Screen Shot 2018-06-07 at 2.41.07 PM.png,Apple__Rotten,light,444,368,140.68,8.9,175.71,0.0066,1,0.7633,27.11,0.847,1,0.9999,201.97,0.6485,1,0.9999,126.03,0.6621,fast
data\test\Orange__Healthy\vertical_flip_Screen Shot 2018-06-13 at 12.13.24 AM.png,Orange__Healthy,burst,384,364,141.55,28.5,185.09,0.0125,1,0.9893,347.91,0.7399,1,0.9999,893.51,0.4177,1,0.9999,3140.49,0.0041,fast
data\test\Orange__Healthy\rotated_by_75_Screen Shot 2018-06-13 at 12.12.04 AM.png,Orange__Healthy,heavy,380,358,133.18,359.16,162.63,0.0183,1,0.9678,634.51,0.6443,1,1.0,1118.02,0.3427,1,0.9984,1368.8,0.2473,fast
data\test\Apple__Rotten\rotated_by_60_Screen Shot 2018-06-08 at 2.30.26 PM.png,Apple__Rotten,light,444,366,145.94,454.64,150.72,0.0155,1,0.7502,103.86,0.8214,1,0.9804,88.31,0.6864,1,0.9861,123.06,0.6631,fast
data\test\Apple__Rotten\rotated_by_45_Screen Shot 2018-06-08 at 2.44.54 PM.png,Apple__Rotten,burst,406,350,157.33,541.28,134.0,0.0315,1,0.9709,392.02,0.7252,1,1.0,924.16,0.4074,1,1.0,2490.04,0.0041,fast
data\test\Bellpepper__Healthy\freshPepper (4).png,Bellpepper__Healthy,light,872,389,495.35,385.63,160.52,0.0501,1,0.9337,117.7,0.8167,1,0.8093,46.36,0.7004,1,0.8383,179.14,0.6443,fast
data\test\Apple__Rotten\rotated_by_30_Screen Shot 2018-06-07 at 3.05.58 PM.png,Apple__Rotten,light,446,392,185.22,441.07,140.34,0.0135,1,0.9571,80.42,0.8292,1,1.0,175.44,0.6573,1,1.0,213.9,0.6327,fast
data\test\Apple__Healthy\rotated_by_30_Screen Shot 2018-06-08 at 5.06.33 PM.png,Apple__Healthy,light,212,152,26.29,923.79,180.55,0.0194,1,0.9777,83.46,0.8282,1,0.9999,40.38,0.7024,1,0.9998,156.97,0.6517,fast
data\test\Strawberry__Healthy\184.jpg,Strawberry__Healthy,burst,224,224,7.69,317.47,107.13,0.0257,1,0.9405,1015.05,0.5173,1,1.0,2088.43,0.0189,1,0.9999,2145.33,0.0041,fast
data\test\Tomato__Healthy\freshTomato (236).png,Tomato__Healthy,light,320,258,85.44,380.47,132.3,0.0533,1,0.9909,14.14,0.8513,1,0.9999,148.94,0.6662,1,0.9989,46.96,0.6885,fast
data\test\Carrot__Healthy\freshCarrot (586).jpg,Carrot__Healthy,heavy,224,224,12.23,115.77,94.06,0.0453,1,0.8257,586.9,0.6602,1,0.9999,1065.28,0.3603,1,0.9994,1040.37,0.3569,fast
data\test\Banana__Rotten\rotated_by_15_Screen Shot 2018-06-12 at 9.13.48 PM.png,Banana__Rotten,heavy,720,326,376.72,269.88,126.52,0.0768,1,0.9371,683.81,0.6278,1,0.9924,404.89,0.5807,1,0.9999,1112.74,0.3328,fast
data\test\Cucumber__Healthy\freshCucumber (392).jpg,Cucumber__Healthy,heavy,224,224,16.36,654.0,105.65,0.106,1,0.9735,624.21,0.6477,1,0.9996,1320.28,0.2752,1,0.9807,1017.76,0.3645,fast
data\test\Orange__Rotten\rotated_by_30_Screen Shot 2018-06-12 at 11.43.31 PM.png,Orange__Rotten,heavy,324,318,111.62,513.52,162.78,0.0133,1,0.9997,797.02,0.59,1,1.0,1185.78,0.3201,1,1.0,923.42,0.396,fast
data\test\Strawberry__Healthy\829.jpg,Strawberry__Healthy,burst,224,224,5.99,102.04,123.16,0.0192,1,0.6954,1457.12,0.3697,1,1.0,1598.24,0.1825,1,0.9999,2652.06,0.0041,fast
data\test\Strawberry__Healthy\36.jpg,Strawberry__Healthy,light,224,224,6.95,268.43,75.72,0.0288,1,0.9858,72.34,0.8319,1,0.9975,62.34,0.6951,1,1.0,129.06,0.6611,fast
data\test\Banana__Rotten\rotated_by_75_Screen Shot 2018-06-12 at 9.11.00 PM.png,Banana__Rotten,light,766,494,153.37,210.45,130.64,0.0072,1,0.9984,107.6,0.8201,1,1.0,62.28,0.6951,1,1.0,16.81,0.6985,fast
data\test\Jujube__Healthy\FreshJujube (198).jpg,Jujube__Healthy,light,2984,2673,988.55,18.18,139.42,0.0003,1,0.8388,23.24,0.8483,1,1.0,154.97,0.6641,1,0.9998,32.42,0.6933,fast
data\test\Jujube__Healthy\FreshJujube (41).jpg,Jujube__Healthy,heavy,3328,2620,1150.04,34.91,164.6,0.0003,1,0.8872,442.09,0.7085,1,0.9991,1194.97,0.3171,1,0.9791,1219.15,0.2973,fast
data\test\Mango__Rotten\rottenMango (577).jpg,Mango__Rotten,heavy,224,224,4.63,97.13,128.14,0.0282,1,0.9912,621.87,0.6485,1,1.0,1184.77,0.3205,1,0.9999,1004.42,0.3689,fast
data\test\Orange__Healthy\rotated_by_45_Screen Shot 2018-06-12 at 11.52.03 PM.png,Orange__Healthy,heavy,400,374,166.81,506.47,152.14,0.023,1,0.9864,924.66,0.5474,1,1.0,1198.55,0.3159,1,1.0,1058.38,0.3509,fast
data\test\Strawberry__Rotten\rottenStrawberry (375).jpg,Strawberry__Rotten,light,265,190,7.16,1921.7,212.39,0.1087,1,0.8232,63.49,0.8348,1,0.9944,139.81,0.6692,1,0.9982,86.76,0.6752,fast
data\test\Mango__Rotten\136.jpg,Mango__Rotten,light,224,224,4.58,402.03,130.67,0.0359,1,0.9953,82.53,0.8285,1,1.0,163.53,0.6613,1,1.0,173.78,0.6461,fast
data\test\Apple__Healthy\freshApple (764).png,Apple__Healthy,light,320,258,105.14,2721.49,98.03,0.0666,0,0.4132,281.47,-0.2379,1,1.0,36.97,0.7035,1,0.9989,122.24,0.6633,balanced
data\test\Apple__Rotten\rottenApple (223).jpg,Apple__Rotten,light,398,346,119.47,2942.05,219.67,0.0385,1,0.8761,66.68,0.8338,1,0.9997,102.1,0.6818,1,0.9707,70.93,0.6805,fast
data\test\Cucumber__Healthy\freshCucumber (436).jpg,Cucumber__Healthy,light,224,224,52.61,261.42,87.09,0.1382,0,0.3036,58.21,-0.1634,1,0.9999,76.55,0.6903,1,0.9923,78.31,0.678,balanced
data\test\Potato__Healthy\freshPotato (457).jpg,Potato__Healthy,light,224,224,38.03,153.45,131.97,0.0246,1,0.857,30.92,0.8457,1,0.9642,43.38,0.7014,1,0.997,67.8,0.6815,fast
data\test\Strawberry__Healthy\721.jpg,Strawberry__Healthy,burst,224,224,8.73,291.29,108.88,0.0576,1,0.963,1254.06,0.4375,1,1.0,991.19,0.3851,1,1.0,1120.26,0.3303,fast
data\test\Apple__Healthy\rotated_by_75_Screen Shot 2018-06-08 at 5.01.22 PM.png,Apple__Healthy,light,448,426,206.36,356.48,152.77,0.0189,1,0.9282,18.91,0.8497,1,0.9996,130.07,0.6725,1,0.9997,158.12,0.6514,fast
data\test\Strawberry__Rotten\609.jpg,Strawberry__Rotten,heavy,224,224,10.78,571.82,115.86,0.1378,1,0.9904,607.81,0.6532,1,1.0,1184.26,0.3206,1,1.0,847.21,0.4214,fast
data\test\Orange__Healthy\rotated_by_30_Screen Shot 2018-06-13 at 12.08.32 AM.png,Orange__Healthy,light,356,270,93.09,325.81,139.91,0.0209,1,0.9918,33.61,0.8448,1,0.9999,124.47,0.6743,1,1.0,205.06,0.6357,fast
data\test\Strawberry__Healthy\886.jpg,Strawberry__Healthy,burst,224,224,5.91,68.06,121.01,0.0189,1,0.8281,1334.57,0.4106,1,1.0,1394.73,0.2504,1,1.0,2447.17,0.0041,fast
data\test\Mango__Rotten\829.jpg,Mango__Rotten,light,224,224,6.24,86.98,93.34,0.0279,1,0.9971,49.83,0.8394,1,1.0,148.23,0.6664,1,0.9998,109.58,0.6676,fast
data\test\Cucumber__Healthy\freshCucumber (169).jpg,Cucumber__Healthy,light,4032,3024,1309.28,31.03,150.57,0.0011,1,0.9507,116.07,0.8173,1,0.9999,138.3,0.6697,1,0.9996,55.93,0.6855,fast
data\test\Cucumber__Rotten\rottenCucumber (131).jpg,Cucumber__Rotten,burst,100,100,4.97,4174.31,171.21,0.1011,1,0.998,1252.88,0.4379,1,1.0,1726.76,0.1396,1,1.0,2447.17,0.0041,fast
data\test\Apple__Healthy\rotated_by_15_Screen Shot 2018-06-08 at 5.22.20 PM.png,Apple__Healthy,light,208,164,38.73,656.43,165.41,0.02,1,0.9573,18.79,0.8498,1,1.0,85.41,0.6874,1,0.9999,63.2,0.683,fast
data\test\Apple__Rotten\rottenApple (146).jpg,Apple__Rotten,heavy,4160,3120,2073.6,78.26,191.69,0.0011,0,0.4365,628.61,-0.3538,1,0.9992,1254.46,0.2972,1,0.989,837.15,0.4247,heavy
data\test\Banana__Rotten\rottenBanana (371).jpg,Banana__Rotten,heavy,224,224,5.6,76.63,85.1,0.0212,1,0.9761,644.22,0.641,1,0.9999,1132.31,0.338,1,1.0,1239.57,0.2904,fast
data\test\Apple__Rotten\Screen Shot 2018-06-08 at 2.43.29 PM.png,Apple__Rotten,heavy,332,304,144.22,32.16,93.18,0.0151,0,0.5342,581.94,-0.3382,1,0.9998,1148.88,0.3324,1,0.9971,1267.9,0.281,balanced
data\test\Banana__Rotten\rotated_by_45_Screen Shot 2018-06-12 at 9.21.05 PM.png,Banana__Rotten,light,262,376,101.12,407.49,118.45,0.025,1,0.651,77.95,0.83,1,0.9996,77.77,0.6899,1,0.9987,43.84,0.6895,fast
data\test\Carrot__Healthy\freshCarrot (391).jpg,Carrot__Healthy,light,100,100,1.76,304.48,242.08,0.0554,1,0.3574,28.68,0.8465,1,0.9993,24.45,0.7077,1,0.5779,95.24,0.6723,fast
data\test\Strawberry__Rotten\22.jpg,Strawberry__Rotten,light,224,224,5.49,149.59,131.91,0.037,1,0.6834,58.22,0.8366,1,1.0,90.89,0.6855,1,0.9999,59.92,0.6841,fast
data\test\Mango__Healthy\404.jpg,Mango__Healthy,light,224,224,3.01,47.81,140.89,0.0105,1,0.8883,281.47,0.7621,1,1.0,46.36,0.7004,1,0.9997,184.89,0.6424,fast
data\test\Strawberry__Rotten\129.jpg,Strawberry__Rotten,light,224,224,3.82,81.5,129.82,0.0164,1,0.976,21.88,0.8487,1,1.0,35.49,0.704,1,1.0,133.8,0.6595,fast
data\test\Apple__Rotten\Screen Shot 2018-06-08 at 2.45.50 PM.png,Apple__Rotten,light,280,220,114.25,157.68,161.49,0.059,1,0.6045,18.28,0.8499,1,0.9998,58.42,0.6964,1,1.0,86.06,0.6754,fast
data\test\Mango__Rotten\lasio_100.jpg,Mango__Rotten,light,224,224,8.96,619.96,101.48,0.0494,1,0.6533,58.49,0.8365,1,1.0,26.71,0.707,1,1.0,138.73,0.6578,fast
data\test\Apple__Rotten\rotated_by_15_Screen Shot 2018-06-08 at 2.38.47 PM.png,Apple__Rotten,heavy,390,366,121.84,390.12,183.35,0.0188,1,0.8218,709.82,0.6191,1,1.0,1162.29,0.328,1,1.0,1033.73,0.3591,fast
data\test\Strawberry__Rotten\rottenStrawberry (62).jpg,Strawberry__Rotten,heavy,3075,2932,1214.73,49.11,174.18,0.0062,1,0.9029,683.65,0.6279,1,1.0,1138.72,0.3358,1,1.0,1098.59,0.3375,fast
data\test\Guava__Rotten\RottenGuava (107).jpg,Guava__Rotten,light,2141,1985,807.14,310.29,130.18,0.0375,1,0.7767,48.71,0.8398,1,1.0,53.3,0.6981,1,0.9998,116.89,0.6651,fast
data\test\Orange__Rotten\rottenOrange (531).jpg,Orange__Rotten,heavy,224,224,5.61,118.54,71.95,0.0106,1,0.8485,505.34,0.6874,1,0.9999,1183.95,0.3207,1,1.0,1219.15,0.2973,fast
data\test\Grape__Rotten\RottenGrape (123).jpg,Grape__Rotten,burst,495,692,63.8,44.36,140.71,0.0099,1,0.755,1430.53,0.3786,1,1.0,1610.69,0.1783,1,1.0,1771.28,0.113,fast
data\test\Potato__Healthy\freshPotato (381).jpg,Potato__Healthy,light,100,100,4.16,1451.77,188.44,0.0403,1,0.947,32.58,0.8451,1,1.0,74.21,0.6911,1,0.9998,71.96,0.6801,fast
data\test\Mango__Rotten\aspergillus_011.jpg,Mango__Rotten,light,224,224,6.92,160.67,136.97,0.0098,1,0.6634,97.83,0.8234,1,0.9993,176.65,0.6569,1,0.9999,77.96,0.6781,fast
data\test\Apple__Rotten\rottenApple (499).jpg,Apple__Rotten,light,100,100,7.01,2432.88,120.25,0.1862,0,0.5196,21.97,-0.1513,1,0.7933,166.69,0.6602,1,0.8304,48.69,0.6879,heavy
data\test\Apple__Rotten\rottenApple (99).jpg,Apple__Rotten,heavy,2990,2613,628.86,10.92,180.15,0.0005,1,0.5361,726.55,0.6135,1,0.9994,1085.53,0.3536,1,0.9972,1099.62,0.3372,fast
data\test\Apple__Rotten\rotated_by_45_Screen Shot 2018-06-07 at 2.46.52 PM.png,Apple__Rotten,burst,440,394,178.34,480.15,147.94,0.0208,1,0.9816,1254.58,0.4373,1,1.0,2087.41,0.0192,1,1.0,1702.16,0.1361,fast
data\test\Orange__Healthy\rotated_by_45_Screen Shot 2018-06-13 at 12.03.34 AM.png,Orange__Healthy,light,346,284,82.81,495.39,147.04,0.0176,1,0.985,18.66,0.8498,1,1.0,109.22,0.6794,1,1.0,71.96,0.6801,fast
data\test\Apple__Healthy\translation_Screen Shot 2018-06-08 at 5.01.22 PM.png,Apple__Healthy,light,448,426,197.99,599.42,147.05,0.0207,1,0.9073,42.31,0.8419,1,0.9999,169.22,0.6594,1,0.9992,106.15,0.6687,fast
data\test\Apple__Healthy\saltandpepper_Screen Shot 2018-06-08 at 5.11.52 PM.png,Apple__Healthy,light,374,410,139.75,3225.0,171.48,0.0513,1,0.9926,44.89,0.841,1,1.0,36.18,0.7038,1,1.0,179.14,0.6443,fast
data\test\Tomato__Healthy\freshTomato (251).jpg,Tomato__Healthy,light,224,224,13.25,220.22,118.9,0.0594,0,0.3463,111.05,-0.181,1,0.958,82.92,0.6882,1,0.9243,50.57,0.6873,balanced
data\test\Mango__Healthy\264.jpg,Mango__Healthy,heavy,224,224,3.18,33.91,137.86,0.0111,1,0.914,668.75,0.6328,1,1.0,1023.29,0.3744,1,1.0,1267.55,0.2811,fast
data\test\Apple__Rotten\rotated_by_15_Screen Shot 2018-06-08 at 2.45.50 PM.png,Apple__Rotten,light,280,220,86.18,353.27,145.35,0.044,1,0.6269,82.32,0.8285,1,1.0,138.3,0.6697,1,1.0,147.01,0.6551,fast
data\test\Orange__Healthy\translation_Screen Shot 2018-06-13 at 12.17.51 AM.png,Orange__Healthy,heavy,314,276,74.1,704.78,153.62,0.0157,1,0.9613,684.38,0.6276,1,1.0,1301.11,0.2816,1,1.0,1187.71,0.3078,fast
data\test\Pomegranate__Healthy\FreshPomegranate (119).jpg,Pomegranate__Healthy,light,1997,1757,390.37,20.07,129.36,0.0031,1,0.8586,71.45,0.8322,1,1.0,102.97,0.6815,1,0.9998,42.45,0.69,fast
data\test\Mango__Rotten\832.jpg,Mango__Rotten,heavy,224,224,6.22,91.27,98.78,0.0254,1,0.9926,709.82,0.6191,1,0.9999,1111.16,0.345,1,0.9997,1278.53,0.2774,fast
data\test\Mango__Rotten\981.jpg,Mango__Rotten,burst,224,224,5.56,70.17,104.53,0.0129,1,0.8662,336.13,0.7438,1,1.0,1818.73,0.1089,1,0.9999,1402.58,0.236,fast
data\test\Jujube__Healthy\FreshJujube (98).jpg,Jujube__Healthy,heavy,2104,2449,584.1,16.42,183.27,0.0007,1,0.7907,474.11,0.6978,1,0.9995,1086.41,0.3533,1,0.9998,1024.85,0.3621,fast
data\test\Mango__Rotten\rottenMango (229).jpg,Mango__Rotten,heavy,224,224,6.84,123.65,109.53,0.0311,1,0.993,581.42,0.662,1,1.0,1050.22,0.3654,1,0.9998,889.41,0.4073,fast
data\test\Potato__Rotten\rottenPotato (446).jpg,Potato__Rotten,burst,263,192,6.34,584.91,179.05,0.0771,1,0.8449,1355.71,0.4036,1,1.0,2552.99,0.0159,1,0.9999,4445.24,0.0041,fast
data\test\Banana__Rotten\rottenBanana (494).jpg,Banana__Rotten,light,224,224,3.1,65.72,145.57,0.0132,0,0.4946,195.39,-0.2092,1,1.0,27.59,0.7067,1,0.9996,119.46,0.6643,balanced
data\test\Mango__Healthy\733.jpg,Mango__Healthy,light,224,224,5.79,57.87,118.1,0.0152,1,0.9785,53.73,0.8381,1,1.0,67.02,0.6935,1,1.0,22.92,0.6965,fast
data\test\Orange__Rotten\saltandpepper_Screen Shot 2018-06-12 at 11.41.48 PM.png,Orange__Rotten,heavy,410,356,177.24,2230.18,149.54,0.0571,1,0.9982,807.55,0.5865,1,1.0,1139.25,0.3357,1,0.9998,996.18,0.3717,fast
data\test\Jujube__Rotten\RottenJujube (60).jpg,Jujube__Rotten,light,3117,2315,886.64,17.43,186.46,0.0007,1,0.6782,102.62,0.8218,1,0.9987,96.83,0.6836,1,0.9996,47.03,0.6884,fast
data\test\Carrot__Healthy\freshCarrot (380).jpg,Carrot__Healthy,light,100,100,3.85,2795.61,111.58,0.2778,0,0.3664,88.59,-0.1735,1,0.9918,98.35,0.683,1,0.9472,255.02,0.619,balanced
data\test\Jujube__Healthy\FreshJujube (166).jpg,Jujube__Healthy,heavy,2928,2957,1020.23,17.39,182.27,0.0004,1,0.8485,726.03,0.6137,1,0.9993,857.64,0.4296,1,0.9997,1239.57,0.2904,fast
data\test\Bellpepper__Rotten\rottenPepper (235).jpg,Bellpepper__Rotten,burst,275,183,6.21,461.41,216.77,0.0478,0,0.3927,1335.58,-0.5897,1,0.9913,210.06,0.6458,1,0.9846,1729.89,0.1268,balanced
data\test\Cucumber__Healthy\freshCucumber (377).jpg,Cucumber__Healthy,light,224,224,16.97,702.9,103.48,0.1078,1,0.8861,63.52,0.8348,1,0.9996,94.2,0.6844,1,0.9995,37.9,0.6915,fast
data\test\Apple__Rotten\saltandpepper_Screen Shot 2018-06-08 at 2.50.22 PM.png,Apple__Rotten,light,296,278,65.67,3143.21,203.94,0.0385,1,0.9843,66.72,0.8338,1,1.0,182.01,0.6551,1,0.998,180.28,0.644,fast
data\test\Banana__Rotten\rotated_by_45_Screen Shot 2018-06-12 at 9.26.07 PM.png,Banana__Rotten,light,564,378,166.34,503.82,144.54,0.0347,1,0.9965,14.9,0.8511,1,1.0,36.97,0.7035,1,0.9998,139.01,0.6577,fast
data\test\Banana__Healthy\rotated_by_30_Screen Shot 2018-06-12 at 9.42.41 PM.png,Banana__Healthy,burst,530,392,103.25,398.21,191.36,0.0144,1,0.996,783.27,0.5946,1,1.0,2088.43,0.0189,1,1.0,2584.78,0.0041,fast
data\test\Tomato__Rotten\rottenTomato (120).jpg,Tomato__Rotten,light,213,209,84.85,505.47,189.56,0.0929,1,0.6524,93.91,0.8247,1,0.688,142.53,0.6683,1,0.8712,70.93,0.6805,fast
data\test\Bellpepper__Healthy\freshPepper (314).jpg,Bellpepper__Healthy,heavy,224,224,5.39,49.5,233.17,0.0102,0,0.4306,199.17,-0.2104,1,0.998,1085.84,0.3535,1,0.8736,529.01,0.5276,heavy
data\test\Bellpepper__Healthy\freshPepper (10).jpg,Bellpepper__Healthy,heavy,100,100,2.18,1213.95,170.59,0.0627,1,0.4811,630.69,0.6455,1,0.9993,1142.65,0.3345,1,0.934,1113.79,0.3324,fast
data\test\Orange__Rotten\Screen Shot 2018-06-12 at 11.23.40 PM.png,Orange__Rotten,burst,176,180,52.27,41.27,197.46,0.0274,1,0.5794,640.02,0.6424,1,1.0,991.19,0.3851,1,0.9999,2757.94,0.0041,fast
data\test\Banana__Rotten\rotated_by_45_Screen Shot 2018-06-12 at 8.58.53 PM.png,Banana__Rotten,heavy,376,324,87.23,595.47,165.89,0.0316,1,0.9936,663.51,0.6346,1,1.0,627.51,0.5064,1,0.9999,1158.25,0.3176,fast
data\test\Mango__Healthy\971.jpg,Mango__Healthy,heavy,224,224,5.86,61.63,103.79,0.0125,1,0.9722,924.66,0.5474,1,1.0,1361.29,0.2616,1,0.9999,1074.99,0.3454,fast
data\test\Apple__Healthy\Screen Shot 2018-06-08 at 5.00.12 PM.png,Apple__Healthy,burst,388,428,203.0,44.94,185.16,0.0156,1,0.9891,1007.39,0.5198,1,1.0,1502.01,0.2146,1,1.0,506.58,0.5351,heavy
data\test\Bellpepper__Rotten\rottenPepper (375).jpg,Bellpepper__Rotten,light,100,100,5.73,5478.05,159.87,0.1104,0,0.4333,183.94,-0.2054,1,0.7933,187.8,0.6532,1,0.9674,153.69,0.6528,balanced
data\test\Cucumber__Rotten\rottenCucumber (497).jpg,Cucumber__Rotten,burst,263,191,6.9,1608.01,146.04,0.08,0,0.4239,1013.39,-0.4822,1,0.9861,2504.44,0.0159,1,0.8897,3136.14,0.0041,balanced
data\test\Potato__Rotten\rottenPotato (142).jpg,Potato__Rotten,light,259,194,7.94,1701.15,113.48,0.0909,0,0.4549,21.78,-0.1512,1,0.5726,57.75,0.6966,1,0.8072,149.43,0.6543,balanced
data\test\Orange__Healthy\freshOrange (136).jpg,Orange__Healthy,heavy,3111,2868,941.42,14.47,174.19,0.0008,1,0.9496,780.7,0.5955,1,1.0,817.7,0.443,1,0.997,1048.86,0.3541,fast
data\test\Bellpepper__Healthy\freshPepper (278).jpg,Bellpepper__Healthy,light,224,224,14.32,276.19,100.84,0.1081,1,0.4577,42.59,0.8418,1,0.9996,133.58,0.6713,1,0.9986,106.15,0.6687,fast
data\test\Mango__Healthy\freshMango (87).png,Mango__Healthy,heavy,320,258,115.52,1464.56,119.76,0.0739,1,0.8999,442.09,0.7085,1,1.0,1100.83,0.3485,1,0.9844,1158.25,0.3176,fast
data\test\Orange__Rotten\rottenOrange (221).jpg,Orange__Rotten,light,500,434,355.2,46.97,138.3,0.0187,1,0.9998,9.72,0.8528,1,1.0,67.44,0.6934,1,1.0,101.77,0.6702,fast
data\test\Banana__Healthy\freshBanana (214).jpg,Banana__Healthy,heavy,224,224,4.62,250.99,144.97,0.0293,1,0.968,646.79,0.6402,1,1.0,1228.01,0.306,1,1.0,389.51,0.5741,fast
data\test\Strawberry__Rotten\593.jpg,Strawberry__Rotten,light,224,224,10.36,445.41,120.57,0.1061,1,0.9972,72.56,0.8318,1,1.0,175.12,0.6574,1,1.0,207.89,0.6348,fast
data\test\Banana__Healthy\Banana__Healthy_augmented_266.jpg,Banana__Healthy,light,224,224,3.85,273.58,119.19,0.009,1,0.4433,35.63,0.8441,1,1.0,135.99,0.6705,1,1.0,22.86,0.6965,fast
data\test\Mango__Healthy\freshMango (315).jpg,Mango__Healthy,heavy,224,224,3.47,104.05,143.62,0.0176,1,0.7246,814.43,0.5842,1,1.0,849.39,0.4324,1,0.9999,847.75,0.4212,fast
data\test\Jujube__Rotten\RottenJujube (110).jpg,Jujube__Rotten,burst,4003,2545,1612.76,70.74,199.1,0.001,0,0.1423,1017.26,-0.4835,1,0.996,991.19,0.3851,1,0.9746,1650.47,0.1533,balanced
data\test\Strawberry__Rotten\207.jpg,Strawberry__Rotten,light,224,224,4.09,106.54,138.26,0.0286,1,0.9363,58.3,0.8366,1,1.0,30.67,0.7056,1,1.0,153.69,0.6528,fast
data\test\Apple__Rotten\vertical_flip_Screen Shot 2018-06-07 at 2.43.26 PM.png,Apple__Rotten,heavy,478,426,197.46,33.88,170.83,0.014,1,0.9773,739.26,0.6093,1,1.0,1227.49,0.3062,1,0.9998,995.65,0.3719,fast
data\test\Strawberry__Rotten\425.jpg,Strawberry__Rotten,light,224,224,2.99,78.83,149.11,0.0068,1,0.9605,93.21,0.8249,1,1.0,87.75,0.6866,1,1.0,134.36,0.6593,fast
data\test\Strawberry__Rotten\rottenStrawberry (190).jpg,Strawberry__Rotten,light,2657,2788,1036.78,153.58,183.1,0.0217,1,0.4602,56.31,0.8372,1,0.999,94.2,0.6844,1,0.9445,177.62,0.6449,fast
data\test\Mango__Rotten\lasio_134.jpg,Mango__Rotten,heavy,224,224,7.54,287.02,127.68,0.0439,1,0.7146,570.15,0.6657,1,0.9977,1169.34,0.3256,1,0.9996,1144.97,0.322,fast
data\test\Apple__Rotten\rotated_by_75_Screen Shot 2018-06-07 at 3.05.38 PM.png,Apple__Rotten,light,376,334,108.66,361.02,166.08,0.0186,1,0.8525,30.6,0.8458,1,1.0,190.07,0.6524,1,1.0,49.37,0.6877,fast
data\test\Apple__Rotten\rotated_by_45_Screen Shot 2018-06-07 at 2.33.47 PM.png,Apple__Rotten,light,400,338,159.58,704.8,153.3,0.0641,1,0.421,42.91,0.8417,1,0.9632,149.84,0.6659,1,0.9906,92.99,0.6731,fast
data\test\Mango__Healthy\789.jpg,Mango__Healthy,light,224,224,6.2,67.94,124.3,0.0205,1,0.9847,31.0,0.8457,1,0.9989,95.3,0.6841,1,1.0,106.54,0.6686,fast
data\test\Carrot__Rotten\rottenCarrot (270).jpg,Carrot__Rotten,light,100,100,4.48,3595.14,226.21,0.0992,1,0.3795,54.61,0.8378,1,0.9997,24.03,0.7078,1,0.9649,181.86,0.6434,fast
data\test\Bellpepper__Rotten\rottenPepper (407).jpg,Bellpepper__Rotten,light,275,183,4.13,782.68,220.08,0.0482,0,0.5972,16.72,-0.1496,1,0.9998,88.48,0.6863,1,0.9875,36.61,0.6919,heavy
data\test\Banana__Healthy\rotated_by_30_Screen Shot 2018-06-12 at 9.41.03 PM.png,Banana__Healthy,heavy,536,456,228.53,302.99,173.98,0.0158,1,0.9558,408.05,0.7198,1,1.0,1226.97,0.3064,1,1.0,837.15,0.4247,fast
data\test\Apple__Rotten\rottenApple (569).jpg,Apple__Rotten,light,100,100,7.29,3088.08,138.95,0.1804,0,0.3675,20.12,-0.1507,1,1.0,147.28,0.6667,1,0.9962,153.69,0.6528,balanced
data\test\Orange__Rotten\vertical_flip_Screen Shot 2018-06-12 at 11.36.42 PM.png,Orange__Rotten,light,316,328,106.68,18.11,196.92,0.0074,1,0.9825,18.69,0.8498,1,0.9996,176.52,0.657,1,1.0,103.66,0.6695,fast
data\test\Bellpepper__Healthy\freshPepper (87).jpg,Bellpepper__Healthy,light,1024,1200,114.29,95.79,119.0,0.0131,1,0.9776,69.17,0.8329,1,0.9904,89.19,0.6861,1,0.9993,44.01,0.6894,fast
data\test\Guava__Rotten\RottenGuava (148).jpg,Guava__Rotten,light,808,676,116.25,110.66,145.5,0.0382,1,0.6907,71.65,0.8321,1,0.9995,175.2,0.6574,1,0.9119,30.28,0.694,fast
data\test\Apple__Healthy\vertical_flip_Screen Shot 2018-06-08 at 5.01.41 PM.png,Apple__Healthy,light,476,442,184.13,19.02,162.56,0.0125,1,0.9854,65.21,0.8343,1,0.9999,104.17,0.6811,1,1.0,196.59,0.6385,fast
data\test\Potato__Rotten\rottenPotato (53).jpg,Potato__Rotten,heavy,288,175,6.86,1549.14,177.55,0.0985,1,0.8504,645.24,0.6407,1,0.9998,1030.09,0.3721,1,0.9989,1108.18,0.3343,fast
data\test\Mango__Rotten\915.jpg,Mango__Rotten,heavy,224,224,6.44,105.62,108.52,0.0181,1,0.9382,740.26,0.609,1,0.9999,1197.94,0.3161,1,0.994,1251.81,0.2864,fast
data\test\Carrot__Rotten\rottenCarrot (240).jpg,Carrot__Rotten,light,230,219,5.75,929.96,209.23,0.079,1,0.9036,81.83,0.8287,1,1.0,77.8,0.6899,1,0.9997,82.07,0.6767,fast
data\test\Orange__Rotten\vertical_flip_Screen Shot 2018-06-12 at 11.28.17 PM.png,Orange__Rotten,heavy,304,244,84.85,53.49,180.02,0.0176,0,0.384,610.51,-0.3477,1,0.9045,1148.88,0.3324,1,0.9974,993.31,0.3726,heavy
data\test\Bellpepper__Healthy\freshPepper (38).jpg,Bellpepper__Healthy,light,100,100,3.52,907.44,128.1,0.1633,1,0.7688,24.97,0.8477,1,0.9925,92.25,0.6851,1,0.8439,63.2,0.683,fast
data\test\Potato__Rotten\rottenPotato (129).jpg,Potato__Rotten,light,390,280,17.4,1059.39,189.46,0.0341,0,0.5835,174.73,-0.2023,1,0.9604,126.03,0.6738,1,0.924,143.07,0.6564,balanced
data\test\Mango__Healthy\811.jpg,Mango__Healthy,heavy,224,224,5.57,50.17,130.13,0.0125,1,0.9378,736.04,0.6104,1,1.0,1032.23,0.3714,1,0.9998,689.27,0.4741,fast
data\test\Cucumber__Healthy\freshCucumber (332).jpg,Cucumber__Healthy,light,224,224,17.76,673.21,106.87,0.1109,1,0.9638,44.89,0.841,1,1.0,153.39,0.6647,1,0.9992,125.32,0.6623,fast
data\test\Pomegranate__Healthy\FreshPomegranate (193).jpg,Pomegranate__Healthy,heavy,3000,4000,4783.73,178.9,109.45,0.0066,1,0.9418,632.93,0.6448,1,0.9996,1180.37,0.3219,1,1.0,1346.25,0.2548,fast
data\test\Bellpepper__Healthy\freshPepper (147).jpg,Bellpepper__Healthy,light,224,224,14.59,470.21,79.49,0.072,1,0.9954,51.09,0.839,1,0.9999,108.6,0.6796,1,0.9998,153.58,0.6529,fast
data\test\Bellpepper__Rotten\rottenPepper (534).jpg,Bellpepper__Rotten,heavy,275,183,7.92,2359.79,191.88,0.1021,1,0.6112,691.69,0.6252,1,0.9835,1178.26,0.3226,1,0.974,1227.86,0.2944,fast
data\test\Apple__Rotten\Screen Shot 2018-06-07 at 2.37.32 PM.png,Apple__Rotten,heavy,386,386,214.54,38.17,183.81,0.0242,1,0.9809,567.15,0.6667,1,1.0,1086.41,0.3533,1,1.0,1218.59,0.2975,fast
data\test\Apple__Rotten\rotated_by_30_Screen Shot 2018-06-08 at 2.23.48 PM.png,Apple__Rotten,light,494,416,191.39,402.65,144.77,0.0136,1,0.869,81.57,0.8288,1,0.9992,143.06,0.6681,1,0.9997,29.14,0.6944,fast
data\test\Cucumber__Rotten\rottenCucumber (2).jpg,Cucumber__Rotten,heavy,100,100,4.53,2938.05,177.1,0.0894,1,0.995,586.9,0.6602,1,1.0,987.03,0.3865,1,1.0,1218.59,0.2975,fast
data\test\Mango__Healthy\healthy_099.jpg,Mango__Healthy,light,224,224,6.99,176.54,109.17,0.0157,1,0.5984,93.21,0.8249,1,0.9997,93.53,0.6847,1,0.9983,109.97,0.6674,fast
data\test\Carrot__Rotten\rottenCarrot (83).jpg,Carrot__Rotten,light,275,183,6.63,1308.36,172.02,0.0686,1,0.9104,73.55,0.8315,1,1.0,68.82,0.6929,1,0.9999,143.92,0.6561,fast
data\test\Mango__Rotten\792.jpg,Mango__Rotten,light,224,224,6.1,105.49,105.34,0.0285,1,0.7592,93.33,0.8249,1,1.0,70.42,0.6924,1,0.9996,29.63,0.6942,fast
data\test\Mango__Healthy\freshMango (349).jpg,Mango__Healthy,light,224,224,3.1,19.42,145.21,0.0087,1,0.9373,76.94,0.8303,1,1.0,24.0,0.7079,1,1.0,181.86,0.6434,fast
data\test\Apple__Healthy\freshApple (208).jpg,Apple__Healthy,burst,210,178,36.36,23.12,190.5,0.0161,1,0.8571,969.67,0.5324,1,1.0,1365.89,0.26,1,0.9998,1402.58,0.236,fast
data\test\Apple__Rotten\vertical_flip_Screen Shot 2018-06-08 at 2.49.40 PM.png,Apple__Rotten,light,286,224,49.82,98.57,209.64,0.0326,1,0.8734,117.68,0.8167,1,1.0,16.18,0.7105,1,0.9962,62.0,0.6834,fast
data\test\Guava__Healthy\FreshGuava (193).jpg,Guava__Healthy,light,1200,1600,106.32,14.33,143.52,0.003,1,0.8885,72.42,0.8319,1,1.0,154.43,0.6643,1,1.0,242.28,0.6233,fast
data\test\Banana__Rotten\Screen Shot 2018-06-12 at 8.53.03 PM.png,Banana__Rotten,light,298,324,107.77,96.45,122.75,0.0128,1,0.7758,73.17,0.8316,1,0.9998,25.1,0.7075,1,1.0,147.23,0.655,fast
data\test\Mango__Rotten\858.jpg,Mango__Rotten,heavy,224,224,7.1,177.58,102.04,0.0394,1,0.9594,642.95,0.6414,1,0.9997,1100.83,0.3485,1,0.9994,1068.8,0.3474,fast
data\test\Carrot__Rotten\rottenCarrot (443).jpg,Carrot__Rotten,light,259,194,6.77,252.93,160.89,0.0538,0,0.4728,29.23,-0.1537,1,0.9067,76.55,0.6903,1,0.5869,91.65,0.6735,balanced
data\test\Banana__Rotten\rotated_by_45_Screen Shot 2018-06-12 at 9.13.10 PM.png,Banana__Rotten,light,530,338,126.97,583.68,125.5,0.0221,1,0.9977,22.01,0.8487,1,1.0,84.85,0.6875,1,1.0,146.02,0.6554,fast
data\test\Apple__Rotten\saltandpepper_Screen Shot 2018-06-08 at 2.48.52 PM.png,Apple__Rotten,heavy,302,356,87.27,2893.74,190.03,0.0397,1,0.7644,819.64,0.5825,1,0.9917,1321.33,0.2749,1,0.9909,533.09,0.5262,fast
data\test\Strawberry__Healthy\freshStrawberry (133).jpg,Strawberry__Healthy,light,2806,2579,1161.25,129.71,138.89,0.0312,1,0.3493,76.85,0.8304,1,0.9998,40.38,0.7024,1,0.9937,105.67,0.6689,fast
data\test\Bellpepper__Healthy\freshPepper (537).jpg,Bellpepper__Healthy,heavy,224,224,7.27,40.44,135.66,0.0178,1,0.8357,518.83,0.6829,1,0.999,1076.47,0.3566,1,0.9994,1267.55,0.2811,fast
data\test\Mango__Rotten\rottenMango (444).jpg,Mango__Rotten,heavy,224,224,4.02,66.72,98.51,0.0216,1,0.9996,755.11,0.604,1,1.0,1109.14,0.3457,1,0.9985,1049.17,0.354,fast
data\test\Apple__Rotten\rotated_by_60_Screen Shot 2018-06-07 at 3.01.09 PM.png,Apple__Rotten,heavy,398,378,144.03,476.32,135.46,0.0218,1,0.9925,632.41,0.645,1,1.0,1301.11,0.2816,1,1.0,994.33,0.3723,fast
data\test\Orange__Healthy\freshOrange (209).png,Orange__Healthy,light,320,258,103.65,1407.43,117.46,0.0538,1,0.6104,70.4,0.8325,1,0.9989,51.17,0.6988,1,0.9994,168.75,0.6478,fast
data\test\Mango__Rotten\738.jpg,Mango__Rotten,burst,224,224,6.53,99.1,102.38,0.0281,1,0.9941,1096.37,0.4901,1,0.9996,2017.89,0.0424,1,0.9998,2487.69,0.0041,fast
data\test\Apple__Healthy\rotated_by_30_Screen Shot 2018-06-08 at 5.24.26 PM.png,Apple__Healthy,heavy,366,400,163.5,420.21,131.25,0.0213,0,0.6107,408.05,-0.2802,1,0.9999,1210.83,0.3118,1,0.9979,529.53,0.5274,heavy
data\test\Tomato__Rotten\rottenTomato (197).jpg,Tomato__Rotten,light,129,142,12.85,262.02,182.97,0.0666,0,0.489,9.72,-0.1472,1,0.7972,64.91,0.6942,1,0.9184,89.43,0.6743,balanced
data\test\Strawberry__Rotten\973.jpg,Strawberry__Rotten,light,224,224,7.43,246.23,125.57,0.044,1,0.9032,125.47,0.8142,1,1.0,133.58,0.6713,1,0.9989,484.53,0.5424,fast
data\test\Tomato__Healthy\freshTomato (127).png,Tomato__Healthy,heavy,480,322,187.24,378.96,130.22,0.0585,1,0.9651,561.87,0.6685,1,0.9999,1081.58,0.3549,1,0.9996,1166.78,0.3147,fast
data\test\Apple__Rotten\rottenApple (12).jpg,Apple__Rotten,heavy,2943,2996,1007.95,16.2,168.0,0.0007,0,0.4487,627.56,-0.3534,1,0.9402,1207.88,0.3128,1,0.862,1111.51,0.3332,heavy
data\test\Carrot__Rotten\rottenCarrot (88).jpg,Carrot__Rotten,light,259,194,8.32,780.72,141.72,0.146,0,0.9366,29.99,-0.154,0,0.957,45.66,-0.2994,0,0.9591,61.98,-0.3166,fast
data\test\Apple__Rotten\rottenApple (328).jpg,Apple__Rotten,light,436,434,171.41,569.89,128.19,0.0106,0,0.7753,28.81,-0.1536,1,1.0,57.19,0.6968,1,1.0,108.72,0.6678,balanced
data\test\Orange__Healthy\rotated_by_30_Screen Shot 2018-06-12 at 11.54.55 PM.png,Orange__Healthy,light,192,144,24.12,1090.59,178.52,0.0322,1,0.8663,94.08,0.8246,1,0.9987,33.07,0.7048,1,0.9822,124.56,0.6626,fast
data\test\Mango__Healthy\291.jpg,Mango__Healthy,heavy,224,224,3.32,32.81,140.6,0.0122,1,0.9115,196.31,0.7905,1,1.0,1030.03,0.3721,1,1.0,1204.02,0.3023,fast
data\test\Grape__Rotten\RottenGrape (75).jpg,Grape__Rotten,light,800,1204,98.2,25.03,124.06,0.0057,1,0.883,71.09,0.8323,1,1.0,175.2,0.6574,1,1.0,82.07,0.6767,fast
data\test\Apple__Rotten\vertical_flip_Screen Shot 2018-06-07 at 3.05.29 PM.png,Apple__Rotten,heavy,480,418,202.96,24.9,159.48,0.0171,1,0.9722,621.35,0.6487,1,1.0,851.55,0.4317,1,1.0,1033.73,0.3591,fast
data\test\Bellpepper__Healthy\freshPepper (165).jpg,Bellpepper__Healthy,heavy,224,224,15.95,563.05,100.42,0.0934,1,0.9596,594.58,0.6576,1,0.9992,1152.9,0.3311,1,0.9997,1219.15,0.2973,fast
data\test\Strawberry__Rotten\547.jpg,Strawberry__Rotten,heavy,224,224,11.66,892.31,110.22,0.1553,1,0.9986,258.75,0.7697,1,1.0,1143.67,0.3342,1,1.0,1240.53,0.2901,fast
data\test\Cucumber__Rotten\rottenCucumber (499).jpg,Cucumber__Rotten,light,262,192,5.35,939.29,159.78,0.0496,0,0.2762,43.92,-0.1586,1,0.974,20.21,0.7091,1,0.8303,52.08,0.6868,balanced
data\test\Mango__Rotten\rottenMango (404).jpg,Mango__Rotten,light,224,224,5.12,496.01,127.21,0.0484,1,0.9888,14.41,0.8512,1,1.0,86.87,0.6869,1,0.9999,119.46,0.6643,fast
data\test\Strawberry__Rotten\rottenStrawberry (257).jpg,Strawberry__Rotten,light,224,224,10.26,558.87,117.0,0.0966,1,0.9972,69.19,0.8329,1,1.0,16.18,0.7105,1,1.0,202.81,0.6364,fast
data\test\Tomato__Rotten\rottenTomato (421).jpg,Tomato__Rotten,light,224,224,3.24,60.72,134.72,0.0172,0,0.6252,27.44,-0.1531,1,0.9995,76.88,0.6902,1,0.9999,177.27,0.645,balanced
data\test\Carrot__Healthy\freshCarrot (73).jpg,Carrot__Healthy,heavy,224,224,15.91,579.46,89.28,0.0973,1,0.9607,642.15,0.6417,1,1.0,1131.98,0.3381,1,1.0,1112.74,0.3328,fast
data\test\Mango__Rotten\rottenMango (413).jpg,Mango__Rotten,light,224,224,3.71,97.16,122.08,0.0277,1,0.983,93.91,0.8247,1,1.0,76.24,0.6904,1,1.0,82.58,0.6766,fast
data\test\Mango__Rotten\rottenMango (280).jpg,Mango__Rotten,heavy,262,192,3.92,691.06,228.77,0.0384,1,0.5185,505.34,0.6874,0,0.5094,966.79,-0.6068,1,0.5499,1114.82,0.3321,fast
data\test\Orange__Healthy\freshOrange (87).png,Orange__Healthy,burst,320,258,104.89,1345.2,128.27,0.0879,0,0.7154,1427.55,-0.6204,1,0.9615,2598.59,0.0159,1,0.9963,796.42,0.4383,heavy
data\test\Strawberry__Healthy\freshStrawberry (273).jpg,Strawberry__Healthy,light,100,100,4.97,1980.69,145.27,0.0837,1,0.8311,92.24,0.8252,1,1.0,157.56,0.6633,1,0.9999,78.9,0.6778,fast
data\test\Apple__Rotten\rottenApple (78).jpg,Apple__Rotten,light,3087,3068,1120.72,18.3,157.6,0.0008,0,0.4638,68.99,-0.167,1,1.0,169.22,0.6594,1,0.999,113.52,0.6662,heavy
data\test\Grape__Rotten\RottenGrape (38).jpg,Grape__Rotten,light,687,656,65.79,44.23,127.35,0.0073,1,0.6603,10.2,0.8526,1,1.0,84.35,0.6877,1,1.0,205.06,0.6357,fast
data\test\Tomato__Rotten\rottenTomato (438).jpg,Tomato__Rotten,light,224,224,3.54,67.27,133.14,0.0135,1,0.7629,46.31,0.8406,1,1.0,25.1,0.7075,1,1.0,68.92,0.6811,fast
data\test\Apple__Healthy\rotated_by_30_Screen Shot 2018-06-08 at 5.06.19 PM.png,Apple__Healthy,light,200,152,24.38,987.29,182.43,0.0203,1,0.9837,69.33,0.8329,1,0.9999,85.09,0.6875,1,0.9999,50.69,0.6872,fast
data\test\Orange__Healthy\freshOrange (188).jpg,Orange__Healthy,light,4159,3006,2891.86,23.78,159.06,0.0004,1,0.622,92.24,0.8252,1,0.9999,61.08,0.6955,1,0.9983,68.09,0.6814,fast
data\test\Apple__Rotten\rotated_by_60_Screen Shot 2018-06-08 at 2.28.00 PM.png,Apple__Rotten,heavy,334,300,84.76,551.56,147.66,0.0207,1,0.9655,223.61,0.7814,1,1.0,1161.56,0.3282,1,1.0,1019.57,0.3639,fast
data\test\Apple__Healthy\FreshApple (9).jpg,Apple__Healthy,light,2414,2471,768.74,18.94,174.85,0.0007,0,0.4355,95.34,-0.1758,1,1.0,34.29,0.7044,1,1.0,65.7,0.6822,balanced
data\test\Orange__Healthy\Screen Shot 2018-06-13 at 12.05.19 AM.png,Orange__Healthy,light,268,256,96.57,63.1,203.16,0.0263,1,0.9494,142.44,0.8085,1,1.0,73.27,0.6914,1,0.9997,66.17,0.682,fast
data\test\Apple__Healthy\freshApple (230).jpg,Apple__Healthy,heavy,100,100,4.03,846.23,164.83,0.0364,1,0.837,408.59,0.7197,1,0.9996,1760.0,0.1285,1,0.9999,1040.37,0.3569,fast
data\test\Mango__Healthy\909.jpg,Mango__Healthy,heavy,224,224,6.09,73.91,103.59,0.0233,1,0.9817,580.91,0.6622,1,1.0,1096.68,0.3499,1,0.9997,1108.71,0.3341,fast
data\test\Strawberry__Healthy\977.jpg,Strawberry__Healthy,heavy,224,224,5.84,75.02,124.66,0.007,1,0.7111,739.31,0.6093,1,0.9988,1201.01,0.3151,1,1.0,1025.37,0.3619,fast
data\test\Tomato__Rotten\rottenTomato (152).jpg,Tomato__Rotten,light,218,217,104.74,260.66,167.59,0.0777,1,0.7318,63.52,0.8348,1,0.9771,35.03,0.7042,1,0.9942,103.19,0.6697,fast
data\test\Grape__Rotten\RottenGrape (92).jpg,Grape__Rotten,heavy,1040,780,104.14,48.17,143.24,0.0127,1,0.8611,581.42,0.662,1,1.0,1184.77,0.3205,1,1.0,1003.91,0.3691,fast
data\test\Tomato__Healthy\freshTomato (204).jpg,Tomato__Healthy,light,224,224,4.66,110.49,86.48,0.0106,0,0.7388,85.02,-0.1724,1,0.9993,245.23,0.634,1,0.9961,50.32,0.6873,heavy
data\test\Carrot__Healthy\freshCarrot (541).jpg,Carrot__Healthy,light,640,427,39.15,662.48,79.71,0.0917,1,0.914,9.72,0.8528,1,0.9999,87.75,0.6866,1,0.9465,58.04,0.6848,fast
data\test\Orange__Healthy\vertical_flip_Screen Shot 2018-06-13 at 12.14.32 AM.png,Orange__Healthy,heavy,182,166,47.43,77.33,147.35,0.0358,1,0.9614,594.58,0.6576,1,0.9999,1301.11,0.2816,1,0.9842,1029.83,0.3604,fast
data\test\Strawberry__Rotten\513.jpg,Strawberry__Rotten,burst,224,224,2.93,48.89,146.27,0.0096,1,0.8993,474.07,0.6978,1,1.0,1821.15,0.1081,1,0.9999,2042.34,0.0225,fast
data\test\Mango__Healthy\freshMango (335).jpg,Mango__Healthy,light,224,224,2.84,14.12,146.19,0.0062,1,0.9265,16.44,0.8505,1,1.0,104.16,0.6811,1,1.0,271.73,0.6134,fast
data\test\Mango__Rotten\215.jpg,Mango__Rotten,heavy,224,224,3.58,68.71,145.95,0.0157,1,0.9446,570.67,0.6656,1,1.0,828.6,0.4393,1,1.0,1106.14,0.335,fast
data\test\Banana__Healthy\rotated_by_45_Screen Shot 2018-06-12 at 9.50.12 PM.png,Banana__Healthy,burst,554,454,173.93,413.16,167.93,0.0101,1,0.9191,1567.55,0.3329,1,1.0,1542.33,0.2011,1,0.9999,7134.17,0.0041,fast
data\test\Tomato__Rotten\rottenTomato (348).jpg,Tomato__Rotten,burst,224,224,2.78,20.03,143.23,0.0084,1,0.4817,796.81,0.5901,1,1.0,1499.81,0.2153,1,1.0,1924.58,0.0618,fast
data\test\Banana__Healthy\freshBanana (373).jpg,Banana__Healthy,burst,224,224,7.48,212.43,127.74,0.0271,1,0.9749,2327.23,0.156,1,1.0,586.57,0.5201,1,1.0,2145.33,0.0041,balanced
data\test\Banana__Healthy\freshBanana (380).jpg,Banana__Healthy,heavy,224,224,7.72,183.2,126.51,0.0279,1,0.9906,739.22,0.6093,1,1.0,1086.41,0.3533,1,1.0,1098.59,0.3375,fast
data\test\Mango__Rotten\rottenMango (140).jpg,Mango__Rotten,heavy,224,224,10.16,327.23,106.42,0.089,1,0.9956,701.24,0.622,1,0.9998,1180.37,0.3219,1,1.0,1099.62,0.3372,fast
data\test\Jujube__Rotten\RottenJujube (147).jpg,Jujube__Rotten,heavy,3623,2731,1115.95,29.17,195.43,0.0024,0,0.3478,211.49,-0.2146,1,0.9983,1111.16,0.345,1,0.6512,1218.59,0.2975,balanced
data\test\Orange__Healthy\rotated_by_15_Screen Shot 2018-06-13 at 12.02.41 AM.png,Orange__Healthy,burst,304,242,77.55,499.69,164.67,0.0201,1,0.9843,1413.28,0.3844,1,1.0,1758.44,0.129,1,1.0,1729.89,0.1268,fast
data\test\Jujube__Healthy\FreshJujube (150).jpg,Jujube__Healthy,light,3297,2952,1275.77,36.07,189.2,0.0005,0,0.2428,21.33,-0.1511,1,0.9993,57.08,0.6968,1,0.9956,121.31,0.6636,balanced
data\test\Cucumber__Healthy\freshCucumber (295).jpg,Cucumber__Healthy,heavy,224,224,46.31,205.11,89.52,0.0895,0,0.3274,642.82,-0.3585,1,0.9996,1030.6,0.3719,1,0.9772,1267.9,0.281,balanced
data\test\Strawberry__Healthy\freshStrawberry (420).jpg,Strawberry__Healthy,heavy,224,224,3.02,52.11,139.25,0.0096,1,0.9107,735.33,0.6106,1,1.0,1323.92,0.274,1,1.0,1074.99,0.3454,fast
data\test\Apple__Rotten\rottenApple (455).jpg,Apple__Rotten,light,280,280,58.7,621.02,146.27,0.0292,1,0.936,17.17,0.8503,1,0.9995,77.9,0.6899,1,0.9999,203.76,0.6361,fast
data\test\Tomato__Rotten\rottenTomato (277).jpg,Tomato__Rotten,light,347,349,74.76,810.27,165.46,0.0899,1,0.6428,34.11,0.8446,1,0.9981,136.16,0.6704,1,0.9953,92.16,0.6734,fast
data\test\Mango__Rotten\322.jpg,Mango__Rotten,heavy,224,224,3.45,90.05,140.12,0.0197,1,0.8606,705.7,0.6205,1,1.0,1042.98,0.3678,1,1.0,1023.77,0.3625,fast
data\test\Grape__Rotten\RottenGrape (89).jpg,Grape__Rotten,heavy,986,777,113.89,20.82,131.72,0.0072,1,0.6832,624.43,0.6476,1,0.9996,1037.14,0.3697,1,1.0,394.39,0.5725,fast
data\test\Apple__Rotten\vertical_flip_Screen Shot 2018-06-08 at 2.28.00 PM.png,Apple__Rotten,light,334,300,78.87,39.3,188.73,0.0146,1,0.8747,29.61,0.8461,1,1.0,21.06,0.7088,1,0.9996,136.23,0.6587,fast
data\test\Orange__Healthy\rotated_by_45_Screen Shot 2018-06-12 at 11.53.22 PM.png,Orange__Healthy,light,406,374,142.84,520.07,147.38,0.0158,1,0.9879,73.95,0.8313,1,0.9999,186.52,0.6536,1,0.9999,147.24,0.655,fast
data\test\Apple__Healthy\translation_Screen Shot 2018-06-08 at 5.32.43 PM.png,Apple__Healthy,light,414,372,141.2,639.65,172.71,0.0179,1,0.7261,59.94,0.836,1,1.0,82.34,0.6884,1,0.9999,34.98,0.6925,fast
data\test\Orange__Rotten\rottenOrange (309).jpg,Orange__Rotten,light,224,224,10.2,776.19,111.09,0.134,1,0.24,62.51,0.8352,1,0.9999,126.03,0.6738,1,0.9997,136.01,0.6587,fast
data\test\Cucumber__Rotten\rottenCucumber (405).jpg,Cucumber__Rotten,burst,390,280,17.09,1117.89,193.05,0.0373,0,0.6356,123.58,-0.1852,1,0.7549,895.6,0.417,1,0.9652,3157.5,0.0041,balanced
data\test\Mango__Rotten\aspergillus_056.jpg,Mango__Rotten,heavy,224,224,6.72,228.81,126.11,0.0409,1,0.9979,538.73,0.6762,1,1.0,849.39,0.4324,1,0.9998,1278.02,0.2776,fast
data\test\Apple__Rotten\rottenApple (59).jpg,Apple__Rotten,heavy,3272,2887,672.14,9.7,182.79,0.001,0,0.8545,639.5,-0.3574,1,0.9057,1085.84,0.3535,1,0.9924,1068.79,0.3474,balanced
data\test\Orange__Rotten\rotated_by_60_Screen Shot 2018-06-12 at 11.24.08 PM.png,Orange__Rotten,light,296,218,73.13,573.02,143.79,0.0346,1,0.9986,48.57,0.8398,1,1.0,73.42,0.6914,1,1.0,58.44,0.6846,fast
data\test\Orange__Healthy\freshOrange (279).jpg,Orange__Healthy,light,362,332,132.94,376.4,148.46,0.0166,1,0.8705,16.96,0.8504,1,0.9994,66.91,0.6935,1,0.9991,116.89,0.6651,fast
data\test\Orange__Healthy\rotated_by_30_Screen Shot 2018-06-13 at 12.05.13 AM.png,Orange__Healthy,light,366,326,125.98,521.87,154.51,0.0212,1,0.9921,124.87,0.8143,1,1.0,163.53,0.6613,1,1.0,118.5,0.6646,fast
data\test\Orange__Healthy\Screen Shot 2018-06-13 at 12.17.01 AM.png,Orange__Healthy,light,326,304,117.56,26.37,205.64,0.0167,1,0.9412,89.89,0.826,1,0.9999,175.44,0.6573,1,0.992,31.45,0.6936,fast
data\test\Apple__Healthy\FreshApple (152).jpg,Apple__Healthy,heavy,2257,2487,711.2,14.63,169.01,0.0002,1,0.6323,732.14,0.6117,1,1.0,1277.28,0.2896,1,0.9991,995.65,0.3719,fast
data\test\Apple__Rotten\rotated_by_75_Screen Shot 2018-06-07 at 3.02.18 PM.png,Apple__Rotten,burst,402,360,152.89,288.47,111.66,0.0165,1,0.761,640.02,0.6424,1,1.0,2594.45,0.0159,1,0.9962,1438.59,0.224,fast
data\test\Potato__Healthy\freshPotato (420).jpg,Potato__Healthy,light,224,224,38.66,148.87,140.9,0.0248,0,0.3833,65.2,-0.1657,1,0.9952,89.19,0.6861,1,0.8957,216.83,0.6318,balanced
data\test\Mango__Healthy\freshMango (109).png,Mango__Healthy,heavy,320,258,117.4,720.86,120.85,0.0549,1,0.9283,646.79,0.6402,1,0.9961,1143.16,0.3344,1,0.9222,1218.59,0.2975,fast
data\test\Mango__Rotten\849.jpg,Mango__Rotten,heavy,224,224,6.78,150.99,112.36,0.0349,1,0.6109,408.07,0.7198,1,1.0,1185.78,0.3201,1,0.9999,1200.84,0.3034,fast
data\test\Cucumber__Healthy\freshCucumber (269).jpg,Cucumber__Healthy,burst,488,488,15.17,93.31,220.65,0.0095,1,0.6087,2614.51,0.156,1,0.9997,1762.21,0.1278,1,0.9997,2064.06,0.0153,fast
data\test\Mango__Healthy\freshMango (125).png,Mango__Healthy,heavy,320,258,102.07,692.79,127.42,0.0607,1,0.7598,778.62,0.5962,1,1.0,1185.17,0.3203,1,0.9999,1241.04,0.29,fast
data\test\Potato__Rotten\rottenPotato (306).jpg,Potato__Rotten,heavy,282,179,6.64,937.79,167.26,0.0807,1,0.7397,638.97,0.6428,1,0.9997,1302.49,0.2812,1,0.9989,1251.81,0.2864,fast
data\test\Mango__Rotten\aspergillus_137.jpg,Mango__Rotten,burst,224,224,6.42,103.93,127.1,0.0162,1,0.6944,1334.05,0.4108,1,0.9998,2087.92,0.0191,1,0.9993,1795.6,0.1049,fast
data\test\Apple__Healthy\rotated_by_30_Screen Shot 2018-06-08 at 5.29.31 PM.png,Apple__Healthy,heavy,400,422,144.73,435.6,171.73,0.0157,1,0.9969,798.08,0.5897,1,1.0,1143.16,0.3344,1,1.0,1113.79,0.3324,fast
data\test\Orange__Rotten\translation_Screen Shot 2018-06-12 at 11.35.55 PM.png,Orange__Rotten,light,430,408,198.46,668.2,159.47,0.0658,1,0.9992,427.32,0.7134,1,1.0,30.14,0.7058,1,1.0,105.6,0.6689,fast
data\test\Carrot__Rotten\rottenCarrot (355).jpg,Carrot__Rotten,heavy,262,193,8.14,1919.01,182.96,0.1435,1,0.7692,815.34,0.5839,1,1.0,1100.83,0.3485,1,0.9956,1076.54,0.3449,fast
data\test\Mango__Rotten\alternaria_083.jpg,Mango__Rotten,light,224,224,9.4,1219.47,94.3,0.0693,1,0.9982,12.25,0.8519,1,1.0,79.57,0.6893,1,1.0,109.58,0.6676,fast
data\test\Banana__Rotten\Screen Shot 2018-06-12 at 9.00.11 PM.png,Banana__Rotten,light,664,430,133.4,59.98,206.31,0.0082,1,0.9741,38.35,0.8432,1,1.0,106.81,0.6802,1,1.0,50.54,0.6873,fast
data\test\Potato__Healthy\freshPotato (160).jpg,Potato__Healthy,light,100,100,4.55,1269.85,177.52,0.0474,1,0.9579,14.66,0.8511,1,1.0,101.54,0.682,1,0.9999,117.61,0.6649,fast
data\test\Mango__Rotten\alternaria_099.jpg,Mango__Rotten,burst,224,224,8.57,958.75,106.75,0.052,1,0.9974,799.37,0.5892,1,1.0,1365.89,0.26,1,1.0,2775.05,0.0041,fast
data\test\Grape__Healthy\FreshGrape (191).jpg,Grape__Healthy,burst,905,623,83.22,77.05,140.47,0.0159,1,0.8782,999.18,0.5226,1,0.9994,49.33,0.6994,1,0.9847,1633.39,0.159,balanced
data\test\Grape__Rotten\RottenGrape (197).jpg,Grape__Rotten,light,1021,1192,125.04,15.42,123.82,0.0059,1,0.9665,26.67,0.8471,1,1.0,150.49,0.6656,1,1.0,169.23,0.6477,fast
data\test\Mango__Rotten\rottenMango (440).jpg,Mango__Rotten,light,224,224,5.06,383.02,126.39,0.0415,1,0.9787,80.0,0.8293,1,1.0,175.44,0.6573,1,0.9999,129.45,0.6609,fast
data\test\Potato__Rotten\rottenPotato (487).jpg,Potato__Rotten,burst,347,280,50.48,6654.04,107.72,0.2459,1,0.583,1355.71,0.4036,1,0.972,1895.21,0.0834,0,0.7594,1011.68,-0.6335,fast
data\test\Mango__Rotten\rottenMango (182).jpg,Mango__Rotten,heavy,224,224,10.47,385.36,109.5,0.1215,1,0.9811,611.03,0.6521,1,1.0,1160.49,0.3286,1,1.0,1228.87,0.294,fast
data\test\Potato__Healthy\freshPotato (188).jpg,Potato__Healthy,light,100,100,4.29,1219.73,183.42,0.0426,1,0.9464,27.38,0.8469,1,1.0,85.46,0.6873,1,0.9999,108.15,0.668,fast
data\test\Mango__Rotten\753.jpg,Mango__Rotten,light,224,224,6.84,139.2,101.62,0.0277,1,0.9439,12.92,0.8517,1,1.0,99.38,0.6827,1,1.0,143.07,0.6564,fast
data\test\Apple__Healthy\rotated_by_45_Screen Shot 2018-06-08 at 5.06.33 PM.png,Apple__Healthy,light,212,152,25.51,1035.74,172.91,0.0178,1,0.9783,37.46,0.8435,1,0.9999,59.83,0.6959,1,0.9999,52.36,0.6867,fast
data\test\Apple__Rotten\rotated_by_60_Screen Shot 2018-06-08 at 2.24.46 PM.png,Apple__Rotten,heavy,382,378,150.95,469.47,156.34,0.0189,1,0.9004,814.49,0.5842,1,1.0,1202.57,0.3145,1,0.9996,1158.25,0.3176,fast
data\test\Apple__Rotten\Screen Shot 2018-06-07 at 2.46.43 PM.png,Apple__Rotten,burst,356,342,158.15,21.59,178.44,0.0103,1,0.969,1569.57,0.3322,1,1.0,1379.35,0.2555,1,0.9972,2588.98,0.0041,fast
data\test\Mango__Rotten\985.jpg,Mango__Rotten,heavy,224,224,5.69,69.91,100.6,0.0194,1,0.9947,676.79,0.6302,1,1.0,1111.16,0.345,1,1.0,1024.3,0.3623,fast
data\test\Guava__Healthy\FreshGuava (151).jpg,Guava__Healthy,burst,1163,1110,124.77,30.57,165.53,0.009,1,0.9832,1073.92,0.4976,1,1.0,1243.19,0.301,1,0.9999,1633.38,0.159,fast
data\test\Apple__Healthy\vertical_flip_Screen Shot 2018-06-08 at 5.24.12 PM.png,Apple__Healthy,light,406,362,139.35,74.27,167.31,0.0216,1,0.9443,134.78,0.811,1,0.9999,60.39,0.6957,1,1.0,139.7,0.6575,fast
data\test\Potato__Healthy\freshPotato (97).jpg,Potato__Healthy,heavy,100,100,4.41,1509.64,178.36,0.0484,1,0.9514,584.65,0.6609,1,0.9999,1184.26,0.3206,1,0.9953,1267.55,0.2811,fast
data\test\Orange__Rotten\rotated_by_75_Screen Shot 2018-06-12 at 11.36.31 PM.png,Orange__Rotten,burst,420,404,222.09,402.36,166.5,0.0737,1,0.9998,345.19,0.7408,1,1.0,2017.38,0.0426,1,1.0,1756.49,0.1179,fast
data\test\Cucumber__Rotten\rottenCucumber (364).JPG,Cucumber__Rotten,burst,4032,3024,3079.73,118.58,164.59,0.0017,1,0.9033,1422.96,0.3811,1,0.9999,1034.09,0.3708,1,1.0,1924.58,0.0618,fast
data\test\Mango__Healthy\freshMango (156).jpg,Mango__Healthy,heavy,224,224,8.8,279.71,117.65,0.0403,1,0.9787,691.69,0.6252,1,1.0,1209.76,0.3121,1,1.0,1048.35,0.3543,fast
data\test\Mango__Rotten\lasio_031.jpg,Mango__Rotten,light,224,224,8.48,469.57,94.84,0.0583,1,0.9966,71.09,0.8323,1,1.0,90.74,0.6856,1,1.0,205.06,0.6357,fast
data\test\Apple__Healthy\rotated_by_30_Screen Shot 2018-06-08 at 4.59.36 PM.png,Apple__Healthy,light,458,476,189.9,395.3,133.41,0.0168,1,0.8923,56.87,0.837,1,1.0,54.8,0.6976,1,0.9995,134.05,0.6594,fast
data\test\Strawberry__Rotten\791.jpg,Strawberry__Rotten,heavy,224,224,6.65,145.7,103.13,0.0261,1,0.8237,668.75,0.6328,1,1.0,1168.83,0.3258,1,1.0,905.44,0.402,fast
data\test\Guava__Healthy\FreshGuava (132).jpg,Guava__Healthy,light,1200,1600,119.01,59.4,146.6,0.0127,1,0.9964,63.59,0.8348,1,1.0,63.49,0.6947,1,1.0,53.52,0.6863,fast
data\test\Strawberry__Healthy\freshStrawberry (371).jpg,Strawberry__Healthy,heavy,224,224,3.5,73.65,136.34,0.0133,1,0.9218,505.34,0.6874,1,1.0,1118.95,0.3424,1,1.0,1033.07,0.3594,fast
data\test\Apple__Rotten\rotated_by_15_Screen Shot 2018-06-08 at 2.26.14 PM.png,Apple__Rotten,light,370,360,96.24,422.08,172.24,0.0176,1,0.9639,81.57,0.8288,1,1.0,107.79,0.6799,1,1.0,78.02,0.6781,fast
data\test\Carrot__Rotten\rottenCarrot (106).jpg,Carrot__Rotten,light,100,100,9.99,19152.6,121.28,0.3718,0,0.7192,76.09,-0.1694,1,0.8647,94.2,0.6844,1,0.951,174.74,0.6458,balanced
data\test\Mango__Rotten\164.jpg,Mango__Rotten,light,224,224,4.73,71.62,102.76,0.0217,1,0.9902,84.54,0.8278,1,1.0,77.9,0.6899,1,0.9923,67.07,0.6817,fast
data\test\Bellpepper__Rotten\rottenPepper (303).jpg,Bellpepper__Rotten,heavy,100,100,1.63,806.07,211.95,0.0735,0,0.4634,562.4,-0.3317,1,0.6087,1197.94,0.3161,1,0.9769,1033.07,0.3594,heavy
data\test\Banana__Rotten\translation_Screen Shot 2018-06-12 at 9.16.53 PM.png,Banana__Rotten,light,638,402,134.94,520.58,168.82,0.0195,1,0.8333,11.65,0.8521,1,0.9998,27.9,0.7066,1,0.9999,83.57,0.6762,fast
data\test\Apple__Rotten\rotated_by_15_Screen Shot 2018-06-08 at 2.31.08 PM.png,Apple__Rotten,heavy,422,392,152.29,370.64,145.22,0.0141,1,0.5526,475.16,0.6974,1,0.9999,976.55,0.39,1,0.9997,455.48,0.5521,fast
data\test\Strawberry__Healthy\83.jpg,Strawberry__Healthy,heavy,224,224,5.97,157.18,92.44,0.0183,1,0.9799,628.09,0.6464,1,1.0,1184.26,0.3206,1,1.0,1048.56,0.3542,fast
data\test\Strawberry__Healthy\730.jpg,Strawberry__Healthy,light,224,224,8.95,213.94,118.44,0.0497,1,0.8661,104.8,0.821,1,1.0,85.41,0.6874,1,1.0,63.2,0.683,fast
data\test\Apple__Healthy\rotated_by_30_Screen Shot 2018-06-08 at 5.25.28 PM.png,Apple__Healthy,light,302,308,70.35,600.91,169.47,0.017,1,0.998,31.28,0.8456,1,1.0,145.0,0.6675,1,1.0,17.07,0.6984,fast
data\test\Apple__Rotten\vertical_flip_Screen Shot 2018-06-07 at 2.20.46 PM.png,Apple__Rotten,heavy,420,338,139.58,45.11,208.06,0.0236,1,0.8747,631.18,0.6454,1,1.0,1148.88,0.3324,1,0.9979,1158.25,0.3176,fast
data\test\Mango__Healthy\138.jpg,Mango__Healthy,heavy,224,224,3.53,36.53,66.56,0.0072,1,0.9733,520.55,0.6823,1,0.9999,1168.32,0.326,1,0.9999,994.35,0.3723,fast
data\test\Strawberry__Healthy\384.jpg,Strawberry__Healthy,heavy,224,224,3.27,52.82,141.79,0.0113,1,0.9408,638.74,0.6429,1,1.0,1301.62,0.2815,1,1.0,1058.9,0.3507,fast
data\test\Strawberry__Rotten\rottenStrawberry (567).jpg,Strawberry__Rotten,heavy,224,224,3.8,113.09,148.25,0.0206,1,0.9655,195.79,0.7907,1,1.0,1075.95,0.3568,1,0.9999,923.42,0.396,fast
data\test\Mango__Rotten\104.jpg,Mango__Rotten,light,224,224,3.81,56.44,85.31,0.0182,1,0.9986,18.89,0.8497,1,1.0,41.2,0.7021,1,0.9998,195.91,0.6387,fast
data\test\Banana__Healthy\freshBanana (356).jpg,Banana__Healthy,light,224,224,7.55,203.28,125.31,0.0269,1,0.9905,37.41,0.8435,1,1.0,140.28,0.6691,1,1.0,82.07,0.6767,fast
data\test\Guava__Rotten\RottenGuava (141).jpg,Guava__Rotten,light,800,729,112.62,194.68,137.45,0.0362,1,0.777,67.08,0.8336,1,0.9941,82.34,0.6884,1,0.9997,25.29,0.6957,fast
data\test\Orange__Rotten\translation_Screen Shot 2018-06-12 at 11.42.52 PM.png,Orange__Rotten,heavy,408,334,179.25,3422.05,167.36,0.1423,1,0.9886,708.34,0.6196,1,0.9994,1209.46,0.3122,1,0.9986,1144.45,0.3222,fast
data\test\Potato__Rotten\rottenPotato (280).jpg,Potato__Rotten,heavy,256,196,5.58,433.19,129.51,0.0597,0,0.2881,684.38,-0.3724,1,0.9999,1209.8,0.3121,1,0.9923,1005.67,0.3685,heavy
data\test\Grape__Rotten\RottenGrape (5).jpg,Grape__Rotten,burst,1449,1031,74.23,8.6,128.73,0.0021,0,0.5502,1287.57,-0.5737,1,0.9854,1378.82,0.2557,1,0.5519,3157.5,0.0041,balanced
data\test\Carrot__Healthy\freshCarrot (32).jpg,Carrot__Healthy,burst,224,224,14.05,299.81,123.29,0.076,1,0.8306,126.07,0.8139,1,0.999,658.22,0.4962,1,0.9999,10134.62,0.0041,fast
data\test\Banana__Rotten\Screen Shot 2018-06-12 at 9.20.14 PM.png,Banana__Rotten,light,796,414,260.12,61.99,205.14,0.032,1,1.0,24.09,0.848,1,0.9986,75.18,0.6908,1,0.9998,87.28,0.675,fast
data\test\Apple__Healthy\saltandpepper_Screen Shot 2018-06-08 at 5.15.34 PM.png,Apple__Healthy,light,416,400,121.87,3015.28,207.76,0.036,1,0.9935,83.97,0.828,1,1.0,148.41,0.6663,1,0.9998,33.45,0.693,fast
data\test\Apple__Rotten\translation_Screen Shot 2018-06-07 at 2.46.43 PM.png,Apple__Rotten,heavy,356,342,110.82,560.85,145.72,0.0156,1,0.9486,408.59,0.7197,1,1.0,1208.41,0.3126,1,0.9955,1228.87,0.294,fast
data\test\Banana__Rotten\rotated_by_75_Screen Shot 2018-06-12 at 9.17.38 PM.png,Banana__Rotten,heavy,618,392,168.78,278.74,120.93,0.0129,1,0.9555,735.33,0.6106,1,1.0,338.28,0.603,1,1.0,835.92,0.4252,fast
data\test\Apple__Rotten\rotated_by_45_Screen Shot 2018-06-07 at 2.52.00 PM.png,Apple__Rotten,burst,262,228,79.38,528.62,120.06,0.0301,1,0.83,1253.53,0.4377,1,0.9998,1502.01,0.2146,1,1.0,2064.06,0.0153,fast
data\test\Apple__Rotten\vertical_flip_Screen Shot 2018-06-07 at 3.04.24 PM.png,Apple__Rotten,heavy,404,404,150.81,27.97,194.57,0.0137,1,0.8604,519.36,0.6827,1,0.9999,1184.55,0.3205,1,1.0,1076.02,0.345,fast
data\test\Tomato__Healthy\freshTomato (252).jpg,Tomato__Healthy,burst,224,224,2.83,13.13,134.56,0.0096,0,0.7238,1336.09,-0.5899,1,1.0,659.27,0.4958,1,0.9999,1729.37,0.127,balanced
data\test\Banana__Rotten\rotated_by_60_Screen Shot 2018-06-12 at 9.27.31 PM.png,Banana__Rotten,heavy,658,358,101.08,378.57,125.19,0.0111,1,0.9325,643.68,0.6412,1,1.0,1161.03,0.3284,1,1.0,1166.78,0.3147,fast
data\test\Potato__Rotten\rottenPotato (395).jpg,Potato__Rotten,burst,100,100,1.62,648.77,148.3,0.0478,0,0.563,387.11,-0.2732,1,0.7403,2146.52,0.0159,1,0.5047,2447.17,0.0041,balanced
data\test\Bellpepper__Rotten\rottenPepper (650).jpg,Bellpepper__Rotten,light,271,186,6.0,345.94,102.72,0.0575,0,0.4515,35.15,-0.1557,1,0.9951,202.49,0.6483,1,0.9989,62.14,0.6834,heavy
data\test\Tomato__Healthy\freshTomato (222).jpg,Tomato__Healthy,heavy,224,224,16.29,951.85,139.06,0.1109,0,0.4244,733.52,-0.3888,1,0.9936,1202.57,0.3145,1,0.9913,998.91,0.3708,heavy
data\test\Banana__Rotten\rotated_by_15_Screen Shot 2018-06-12 at 9.13.54 PM.png,Banana__Rotten,heavy,404,282,192.34,316.0,136.35,0.0561,1,0.9123,814.49,0.5842,1,1.0,1097.19,0.3497,1,0.9999,582.41,0.5098,fast
data\test\Mango__Healthy\464.jpg,Mango__Healthy,burst,224,224,2.77,15.59,142.21,0.0065,1,0.9558,1003.74,0.521,1,1.0,1722.64,0.141,1,1.0,1728.38,0.1273,fast
data\test\Banana__Healthy\Banana__Healthy_augmented_316.jpg,Banana__Healthy,light,224,224,8.43,530.45,106.41,0.0803,1,0.715,62.68,0.8351,1,0.998,112.88,0.6782,1,0.9894,43.46,0.6896,fast
data\test\Tomato__Rotten\rottenTomato (509).jpg,Tomato__Rotten,burst,224,224,8.58,246.15,117.86,0.0506,1,0.5697,639.5,0.6426,1,1.0,1499.72,0.2154,1,0.9999,2042.34,0.0225,fast
data\test\Strawberry__Rotten\566.jpg,Strawberry__Rotten,light,224,224,11.06,621.08,118.61,0.1253,1,0.9947,26.66,0.8471,1,1.0,138.9,0.6695,1,1.0,147.57,0.6549,fast
data\test\Mango__Healthy\healthy_174.jpg,Mango__Healthy,heavy,224,224,4.32,93.88,119.51,0.0128,1,0.9528,586.89,0.6602,1,1.0,1109.14,0.3457,1,1.0,1076.54,0.3449,fast
data\test\Banana__Healthy\Banana__Healthy_augmented_260.jpg,Banana__Healthy,heavy,224,224,5.14,806.7,241.11,0.0312,1,0.9757,658.5,0.6363,1,1.0,328.86,0.6061,1,0.9998,1240.53,0.2901,fast
data\test\Orange__Healthy\rotated_by_30_Screen Shot 2018-06-13 at 12.11.02 AM.png,Orange__Healthy,heavy,154,140,23.53,1249.1,171.77,0.0471,1,0.5724,2612.16,0.156,1,1.0,1138.72,0.3358,1,0.9998,1187.71,0.3078,balanced
data\test\Banana__Healthy\Banana__Healthy_augmented_4.jpg,Banana__Healthy,light,224,224,6.01,314.27,165.23,0.0354,1,0.9511,47.46,0.8402,1,1.0,26.97,0.7069,1,1.0,45.78,0.6889,fast
data\test\Orange__Rotten\rotated_by_30_Screen Shot 2018-06-12 at 11.22.05 PM.png,Orange__Rotten,light,352,352,137.92,464.41,169.39,0.0349,1,0.9999,57.06,0.837,1,1.0,41.65,0.702,1,1.0,148.72,0.6545,fast
data\test\Orange__Healthy\rotated_by_75_Screen Shot 2018-06-13 at 12.00.35 AM.png,Orange__Healthy,light,486,456,210.48,292.28,153.91,0.0152,1,0.9741,69.17,0.8329,1,1.0,82.29,0.6884,1,0.9992,60.87,0.6838,fast
data\test\Mango__Rotten\rottenMango (352).jpg,Mango__Rotten,light,224,224,4.3,64.88,75.14,0.022,1,0.9892,16.49,0.8505,1,1.0,77.77,0.6899,1,0.9993,126.01,0.6621,fast
data\test\Banana__Healthy\rotated_by_60_Screen Shot 2018-06-12 at 9.49.32 PM.png,Banana__Healthy,heavy,618,344,80.2,383.2,152.5,0.0073,1,0.9408,612.04,0.6518,1,1.0,1051.71,0.3649,1,1.0,1227.86,0.2944,fast
data\test\Banana__Healthy\Banana__Healthy_augmented_67.jpg,Banana__Healthy,burst,224,224,6.32,540.46,160.74,0.037,1,0.9267,929.8,0.5457,1,1.0,2014.06,0.0437,1,0.9973,1729.37,0.127,fast
data\test\Strawberry__Healthy\freshStrawberry (7).jpg,Strawberry__Healthy,light,1208,1377,292.41,88.11,115.07,0.0292,1,0.9993,42.85,0.8417,1,1.0,218.36,0.643,1,0.9997,109.97,0.6674,fast
data\test\Bellpepper__Rotten\rottenPepper (322).jpg,Bellpepper__Rotten,light,275,183,6.95,2740.09,55.68,0.0952,0,0.6438,68.77,-0.1669,1,0.9946,155.63,0.6639,1,0.9983,95.9,0.6721,heavy
data\test\Banana__Rotten\rotated_by_75_Screen Shot 2018-06-12 at 9.22.32 PM.png,Banana__Rotten,light,576,438,270.5,369.08,142.1,0.0281,1,1.0,62.49,0.8352,1,1.0,25.45,0.7074,1,1.0,85.2,0.6757,fast
data\test\Mango__Healthy\594.jpg,Mango__Healthy,light,224,224,9.54,281.71,124.99,0.029,1,0.9793,72.56,0.8318,1,0.9998,104.17,0.6811,1,1.0,221.33,0.6303,fast
data\test\Potato__Healthy\freshPotato (589).jpg,Potato__Healthy,heavy,350,233,19.36,197.66,188.93,0.0457,1,0.87,676.79,0.6302,1,0.9991,1180.37,0.3219,1,0.8075,1024.85,0.3621,fast
data\test\Tomato__Healthy\freshTomato (161).png,Tomato__Healthy,light,480,322,174.64,459.38,120.03,0.0624,1,0.9965,43.5,0.8415,1,1.0,111.14,0.6788,1,1.0,59.92,0.6841,fast
data\test\Mango__Healthy\156.jpg,Mango__Healthy,light,224,224,3.6,34.45,77.25,0.0078,1,0.9508,58.22,0.8366,1,0.9997,68.6,0.693,1,0.9998,118.5,0.6646,fast
data\test\Orange__Rotten\rottenOrange (171).jpg,Orange__Rotten,heavy,2576,2688,1026.28,56.9,120.57,0.0032,1,0.7881,632.92,0.6448,1,1.0,1086.41,0.3533,1,0.7925,1033.07,0.3594,fast
data\test\Strawberry__Healthy\618.jpg,Strawberry__Healthy,heavy,224,224,8.29,198.66,126.63,0.0245,1,0.8747,642.16,0.6417,1,1.0,1180.37,0.3219,1,0.9999,1109.35,0.3339,fast
data\test\Apple__Rotten\rottenApple (251).jpg,Apple__Rotten,heavy,318,326,100.93,477.57,162.27,0.0192,1,0.8974,635.64,0.6439,1,1.0,1162.82,0.3278,1,1.0,1278.53,0.2774,fast
data\test\Mango__Healthy\freshMango (27).png,Mango__Healthy,light,320,258,105.68,1042.52,131.16,0.069,1,0.679,23.96,0.848,1,1.0,127.61,0.6733,1,0.9997,128.44,0.6613,fast
data\test\Apple__Rotten\rotated_by_60_Screen Shot 2018-06-08 at 2.46.08 PM.png,Apple__Rotten,light,316,326,90.0,561.9,158.54,0.0197,1,0.9793,51.35,0.8389,1,1.0,239.36,0.636,1,1.0,92.16,0.6734,fast
data\test\Orange__Healthy\rotated_by_45_Screen Shot 2018-06-13 at 12.02.05 AM.png,Orange__Healthy,light,380,344,154.82,443.36,148.38,0.0311,1,0.7925,183.94,0.7946,1,0.9999,90.42,0.6857,1,0.9999,179.14,0.6443,fast
data\test\Strawberry__Healthy\4.jpg,Strawberry__Healthy,light,224,224,6.29,190.84,78.55,0.0196,1,0.9923,72.42,0.8319,1,1.0,71.02,0.6922,1,1.0,107.12,0.6684,fast
data\test\Banana__Rotten\rottenBanana (515).jpg,Banana__Rotten,burst,224,224,6.77,139.21,117.57,0.025,1,0.976,797.32,0.5899,1,1.0,1243.19,0.301,1,0.9995,2261.12,0.0041,fast
data\test\Carrot__Healthy\freshCarrot (82).jpg,Carrot__Healthy,burst,224,224,13.6,302.01,127.54,0.0411,1,0.7966,1287.05,0.4265,1,1.0,620.34,0.5088,1,0.9988,2758.46,0.0041,balanced
data\test\Orange__Rotten\saltandpepper_Screen Shot 2018-06-12 at 11.42.38 PM.png,Orange__Rotten,heavy,328,278,112.26,3027.52,186.82,0.0765,1,0.5074,641.81,0.6418,1,0.9997,1162.82,0.3278,1,0.9999,1019.05,0.364,fast
data\test\Orange__Healthy\rotated_by_75_Screen Shot 2018-06-13 at 12.09.54 AM.png,Orange__Healthy,light,320,316,105.38,342.65,160.87,0.0076,1,0.9026,42.7,0.8418,1,1.0,152.24,0.6651,1,1.0,27.15,0.6951,fast
data\test\Guava__Healthy\FreshGuava (140).jpg,Guava__Healthy,light,1200,1269,139.47,28.2,155.75,0.0045,1,0.9984,117.68,0.8167,1,1.0,131.4,0.672,1,1.0,83.28,0.6763,fast
data\test\Banana__Rotten\rottenBanana (83).jpg,Banana__Rotten,heavy,3731,2439,856.17,11.25,188.26,0.0005,1,0.7935,661.87,0.6351,1,1.0,1131.47,0.3383,1,1.0,1144.45,0.3222,fast
data\test\Orange__Rotten\rottenOrange (252).jpg,Orange__Rotten,light,224,224,10.82,762.8,120.27,0.1759,1,0.9957,19.2,0.8496,1,1.0,34.29,0.7044,1,1.0,255.02,0.619,fast
data\test\Cucumber__Rotten\rottenCucumber (556).jpg,Cucumber__Rotten,heavy,100,100,5.73,3562.32,145.86,0.1209,1,0.9995,519.38,0.6827,1,1.0,627.51,0.5064,1,1.0,1265.81,0.2817,fast
data\test\Strawberry__Healthy\557.jpg,Strawberry__Healthy,light,224,224,3.33,65.83,143.56,0.0096,1,0.9121,20.31,0.8492,1,1.0,129.98,0.6725,1,0.9981,143.69,0.6562,fast
data\test\Banana__Healthy\Banana__Healthy_augmented_17.jpg,Banana__Healthy,heavy,224,224,4.11,439.78,198.85,0.0126,1,0.927,256.84,0.7703,1,1.0,1191.83,0.3181,1,1.0,1278.53,0.2774,fast
data\test\Guava__Rotten\RottenGuava (74).jpg,Guava__Rotten,heavy,3044,2762,1106.21,35.86,162.65,0.0036,0,0.2827,627.68,-0.3535,1,0.9972,1255.02,0.297,1,0.9996,995.65,0.3719,heavy
data\test\Strawberry__Rotten\rottenStrawberry (241).jpg,Strawberry__Rotten,light,224,224,10.81,583.09,113.23,0.1273,1,0.9834,40.98,0.8423,1,1.0,53.58,0.698,1,1.0,271.35,0.6136,fast
data\test\Mango__Healthy\healthy_022.jpg,Mango__Healthy,heavy,224,224,6.3,140.05,142.05,0.0209,1,0.4928,570.15,0.6657,1,0.9999,1192.34,0.3179,1,0.999,1251.81,0.2864,fast
data\test\Grape__Rotten\RottenGrape (153).jpg,Grape__Rotten,heavy,1040,780,45.65,35.56,157.42,0.0077,1,0.7268,691.69,0.6252,1,0.9935,977.06,0.3898,1,0.9999,906.45,0.4016,fast
data\test\Apple__Rotten\saltandpepper_Screen Shot 2018-06-07 at 2.47.13 PM.png,Apple__Rotten,light,466,430,223.66,2762.14,182.13,0.0558,1,0.9575,78.08,0.83,1,0.9997,206.23,0.647,1,0.9999,45.58,0.6889,fast
data\test\Bellpepper__Rotten\rottenPepper (648).jpg,Bellpepper__Rotten,burst,214,236,4.89,897.92,154.78,0.0393,1,0.4357,793.66,0.5912,1,0.9418,2086.88,0.0194,1,0.9082,797.97,0.4378,fast
data\test\Mango__Healthy\healthy_010.jpg,Mango__Healthy,heavy,224,224,4.21,52.54,138.47,0.0137,1,0.7861,656.06,0.6371,1,1.0,1209.8,0.3121,1,1.0,1058.9,0.3507,fast
data\test\Mango__Rotten\252.jpg,Mango__Rotten,light,224,224,3.23,28.73,146.04,0.0111,1,0.9626,89.52,0.8261,1,1.0,176.52,0.657,1,0.9998,51.6,0.6869,fast
data\test\Orange__Rotten\translation_Screen Shot 2018-06-12 at 11.33.06 PM.png,Orange__Rotten,light,222,220,60.49,724.68,134.17,0.0343,1,0.9987,22.56,0.8485,1,1.0,80.28,0.6891,1,1.0,36.83,0.6918,fast
data\test\Banana__Healthy\rotated_by_45_Screen Shot 2018-06-12 at 9.53.36 PM.png,Banana__Healthy,light,652,362,86.37,453.53,165.9,0.0095,1,0.9061,80.0,0.8293,1,0.9999,80.7,0.6889,1,0.9979,65.73,0.6822,fast
data\test\Apple__Healthy\rotated_by_45_Screen Shot 2018-06-08 at 5.26.24 PM.png,Apple__Healthy,light,336,374,113.34,600.54,154.53,0.0152,1,0.9729,70.37,0.8325,1,1.0,17.3,0.7101,1,1.0,203.76,0.6361,fast
data\test\Mango__Healthy\healthy_143.jpg,Mango__Healthy,burst,224,224,5.63,68.39,158.86,0.0162,0,0.6542,1254.06,-0.5625,0,0.9225,2017.62,-0.9575,1,0.9977,1215.87,0.2984,heavy
data\test\Potato__Healthy\freshPotato (268).jpg,Potato__Healthy,burst,224,224,11.15,42.25,106.76,0.0095,1,0.7229,1012.34,0.5182,1,1.0,1757.87,0.1292,1,0.9999,1771.81,0.1128,fast
data\test\Banana__Rotten\translation_Screen Shot 2018-06-12 at 8.56.11 PM.png,Banana__Rotten,heavy,564,392,166.96,622.35,144.07,0.031,1,0.998,688.89,0.6261,1,1.0,1202.57,0.3145,1,0.9999,1024.3,0.3623,fast
data\test\Apple__Rotten\rotated_by_75_Screen Shot 2018-06-08 at 2.31.23 PM.png,Apple__Rotten,heavy,432,380,162.49,361.09,139.32,0.0129,1,0.8801,635.64,0.6439,1,1.0,1152.9,0.3311,1,0.999,1019.05,0.364,fast
data\test\Orange__Healthy\freshOrange (166).jpg,Orange__Healthy,heavy,3097,2946,1061.07,36.17,182.58,0.0003,0,0.6239,608.54,-0.3471,1,0.9927,1255.02,0.297,1,0.534,1415.33,0.2318,balanced
data\test\Mango__Healthy\freshMango (82).png,Mango__Healthy,light,320,258,101.5,2247.68,125.75,0.0727,1,0.4281,46.57,0.8405,1,0.9991,67.15,0.6935,1,0.9752,91.23,0.6737,fast
data\test\Orange__Healthy\saltandpepper_Screen Shot 2018-06-13 at 12.01.03 AM.png,Orange__Healthy,heavy,370,362,156.05,2655.25,180.16,0.0613,1,0.9803,659.77,0.6358,1,0.9997,1031.71,0.3716,1,0.9999,1158.25,0.3176,fast
data\test\Strawberry__Rotten\rottenStrawberry (509).jpg,Strawberry__Rotten,heavy,224,224,3.17,48.28,139.09,0.0103,1,0.8749,740.26,0.609,1,1.0,1180.37,0.3219,1,1.0,1241.04,0.29,fast
data\test\Mango__Rotten\427.jpg,Mango__Rotten,light,224,224,9.58,310.99,110.07,0.0499,1,0.9919,37.69,0.8434,1,1.0,72.64,0.6916,1,1.0,76.21,0.6787,fast
data\test\Mango__Healthy\725.jpg,Mango__Healthy,light,224,224,6.17,61.54,121.1,0.0269,1,0.958,46.08,0.8406,1,1.0,24.03,0.7078,1,1.0,97.72,0.6715,fast
data\test\Apple__Healthy\rotated_by_15_Screen Shot 2018-06-08 at 5.21.31 PM.png,Apple__Healthy,heavy,346,334,107.02,436.83,168.05,0.0217,1,0.9198,582.42,0.6617,1,1.0,1553.15,0.1975,1,0.9996,993.31,0.3726,fast
data\test\Apple__Healthy\vertical_flip_Screen Shot 2018-06-08 at 5.32.33 PM.png,Apple__Healthy,light,422,414,139.03,19.6,213.94,0.0072,0,0.3119,35.3,-0.1558,1,0.9998,62.01,0.6952,1,0.9924,57.71,0.6849,balanced
data\test\Orange__Healthy\freshOrange (7).jpg,Orange__Healthy,heavy,2948,2870,957.97,13.64,182.19,0.0007,1,0.9112,643.18,0.6414,1,0.9999,2162.99,0.0159,1,0.9764,837.15,0.4247,fast
data\test\Tomato__Rotten\rottenTomato (134).jpg,Tomato__Rotten,light,309,348,192.01,408.85,200.88,0.0824,1,0.6683,107.09,0.8203,1,0.9975,147.28,0.6667,1,0.9999,88.68,0.6745,fast
data\test\Cucumber__Healthy\freshCucumber (355).jpg,Cucumber__Healthy,heavy,224,224,17.69,789.02,108.48,0.1291,1,0.9619,195.26,0.7909,1,0.9999,1210.48,0.3119,1,0.9848,1241.04,0.29,fast
data\test\Mango__Healthy\freshMango (189).jpg,Mango__Healthy,heavy,224,224,9.82,334.37,113.44,0.0828,1,0.982,731.26,0.612,1,1.0,1065.28,0.3603,1,1.0,923.95,0.3958,fast
data\test\Banana__Healthy\rotated_by_75_Screen Shot 2018-06-12 at 9.48.26 PM.png,Banana__Healthy,light,562,448,183.33,290.4,177.9,0.0127,1,0.9846,125.85,0.814,1,1.0,116.82,0.6769,1,1.0,111.65,0.6669,fast
data\test\Tomato__Healthy\freshTomato (54).jpg,Tomato__Healthy,heavy,224,224,9.94,481.0,106.82,0.0949,1,0.4367,474.63,0.6976,1,1.0,967.8,0.3929,1,0.9993,1040.37,0.3569,fast
data\test\Bellpepper__Healthy\freshPepper (402).jpg,Bellpepper__Healthy,light,224,224,12.32,503.94,117.55,0.0636,1,0.7067,116.5,0.8171,1,0.9197,157.11,0.6634,1,0.9987,246.9,0.6217,fast
data\test\Strawberry__Rotten\rottenStrawberry (559).jpg,Strawberry__Rotten,burst,224,224,2.79,52.38,138.72,0.0062,1,0.9336,797.32,0.5899,1,1.0,1542.84,0.201,1,1.0,1374.68,0.2454,fast
data\test\Potato__Rotten\rottenPotato (253).jpg,Potato__Rotten,heavy,244,206,6.0,344.31,153.48,0.0682,1,0.7778,691.17,0.6254,1,0.9999,976.03,0.3901,1,0.9999,1267.9,0.281,fast
data\test\Apple__Rotten\Screen Shot 2018-06-08 at 2.33.04 PM.png,Apple__Rotten,light,344,352,159.99,37.14,178.51,0.0152,1,0.7979,104.8,0.821,1,1.0,109.53,0.6793,1,0.9993,147.16,0.655,fast
data\test\Orange__Rotten\rottenOrange (505).jpg,Orange__Rotten,heavy,224,224,6.95,797.48,102.69,0.0267,1,0.9728,2612.16,0.156,1,1.0,1180.37,0.3219,1,1.0,923.42,0.396,heavy
data\test\Tomato__Rotten\rottenTomato (280).jpg,Tomato__Rotten,light,294,269,62.35,418.03,113.98,0.1022,1,0.7455,79.75,0.8294,1,1.0,77.27,0.6901,1,0.9996,118.5,0.6646,fast
data\test\Cucumber__Rotten\rottenCucumber (44).jpg,Cucumber__Rotten,burst,100,100,4.49,2988.86,175.29,0.0945,1,0.9958,1458.17,0.3694,1,1.0,1365.89,0.26,1,1.0,2040.78,0.0231,fast
data\test\Carrot__Rotten\rottenCarrot (539).jpg,Carrot__Rotten,light,248,203,5.5,204.78,114.93,0.0424,0,0.4366,15.65,-0.1492,0,0.9289,58.62,-0.3037,1,0.5465,87.24,0.675,heavy
data\test\Grape__Rotten\RottenGrape (129).jpg,Grape__Rotten,light,788,610,84.17,58.41,137.07,0.0113,1,0.972,24.97,0.8477,1,1.0,62.01,0.6952,1,1.0,86.76,0.6752,fast
data\test\Strawberry__Rotten\853.jpg,Strawberry__Rotten,light,224,224,6.97,177.28,128.33,0.0249,1,0.7287,41.87,0.842,1,1.0,32.99,0.7049,1,0.9998,58.44,0.6846,fast
data\test\Carrot__Healthy\freshCarrot (535).jpg,Carrot__Healthy,heavy,200,252,15.76,9035.63,127.61,0.3087,1,0.5286,638.97,0.6428,0,0.8259,1173.62,-0.6758,1,0.852,1111.48,0.3332,fast
data\test\Banana__Rotten\translation_Screen Shot 2018-06-12 at 9.05.21 PM.png,Banana__Rotten,heavy,498,418,167.31,406.18,145.13,0.0272,1,0.5778,559.78,0.6692,1,0.9999,1032.23,0.3714,1,0.998,922.84,0.3961,fast
data\test\Banana__Rotten\rotated_by_75_Screen Shot 2018-06-12 at 9.13.10 PM.png,Banana__Rotten,light,530,338,127.0,322.37,104.25,0.0144,1,0.8249,35.4,0.8442,1,1.0,76.17,0.6904,1,0.9979,52.36,0.6867,fast
data\test\Banana__Rotten\rotated_by_15_Screen Shot 2018-06-12 at 9.25.12 PM.png,Banana__Rotten,light,550,386,114.05,334.08,195.9,0.018,1,0.9856,115.13,0.8176,1,1.0,203.03,0.6481,1,1.0,59.02,0.6844,fast
data\test\Mango__Healthy\freshMango (314).jpg,Mango__Healthy,heavy,224,224,4.22,139.05,134.61,0.0165,1,0.9479,819.11,0.5827,1,1.0,1854.77,0.0969,1,1.0,994.33,0.3723,fast
data\test\Potato__Healthy\freshPotato (329).jpg,Potato__Healthy,heavy,224,224,16.54,727.08,97.96,0.1125,1,0.9135,624.28,0.6477,1,0.9996,3195.88,0.0159,1,0.9992,1024.3,0.3623,fast
data\test\Orange__Healthy\vertical_flip_Screen Shot 2018-06-13 at 12.01.10 AM.png,Orange__Healthy,burst,422,398,159.8,15.7,192.88,0.0071,1,0.9777,783.78,0.5945,1,1.0,4978.67,0.0159,1,0.9998,1702.16,0.1361,fast
data\test\Orange__Rotten\vertical_flip_Screen Shot 2018-06-12 at 11.20.30 PM.png,Orange__Rotten,light,434,422,190.25,36.8,97.71,0.0117,0,0.8008,140.97,-0.191,1,1.0,41.07,0.7022,1,0.999,163.84,0.6495,balanced
data\test\Strawberry__Healthy\342.jpg,Strawberry__Healthy,light,224,224,3.22,44.81,141.68,0.0119,1,0.9399,51.86,0.8387,1,1.0,42.19,0.7018,1,0.9998,75.24,0.679,fast
data\test\Cucumber__Rotten\rottenCucumber (460).jpg,Cucumber__Rotten,light,100,100,7.88,5028.57,127.97,0.2469,0,0.7935,84.54,-0.1722,0,0.883,73.46,-0.3087,1,0.574,132.83,0.6598,heavy
data\test\Banana__Rotten\rotated_by_45_Screen Shot 2018-06-12 at 9.25.00 PM.png,Banana__Rotten,heavy,684,396,111.72,456.78,141.09,0.0108,1,0.9974,684.89,0.6275,1,0.9997,470.86,0.5587,1,0.9999,1158.25,0.3176,fast
data\test\Carrot__Rotten\rottenCarrot (461).jpg,Carrot__Rotten,burst,275,183,5.55,381.04,230.36,0.035,1,0.771,959.9,0.5357,1,0.9982,1479.54,0.2221,1,0.9995,2487.85,0.0041,fast
data\test\Tomato__Healthy\freshTomato (72).png,Tomato__Healthy,light,480,322,191.12,302.29,123.57,0.0577,1,0.9708,65.07,0.8343,1,1.0,51.17,0.6988,1,1.0,104.62,0.6692,fast
data\test\Bellpepper__Rotten\rottenPepper (266).jpg,Bellpepper__Rotten,light,178,283,9.69,1743.24,126.21,0.1447,0,0.4208,61.86,-0.1646,1,0.9519,30.11,0.7058,1,0.9251,99.34,0.671,balanced
data\test\Mango__Rotten\rottenMango (63).jpg,Mango__Rotten,light,224,224,9.75,356.33,99.25,0.0705,1,0.9886,34.04,0.8447,1,1.0,131.57,0.672,1,1.0,52.32,0.6867,fast
data\test\Cucumber__Rotten\rottenCucumber (588).jpg,Cucumber__Rotten,heavy,100,100,4.21,3258.18,186.56,0.0691,1,0.9846,663.51,0.6346,1,1.0,1160.49,0.3286,1,0.9999,1278.53,0.2774,fast
data\test\Apple__Rotten\rotated_by_30_Screen Shot 2018-06-07 at 2.24.35 PM.png,Apple__Rotten,light,424,404,154.18,406.38,129.14,0.012,0,0.8108,40.96,-0.1576,1,1.0,201.97,0.6485,1,1.0,123.06,0.6631,heavy
data\test\Banana__Healthy\rotated_by_75_Screen Shot 2018-06-12 at 9.50.44 PM.png,Banana__Healthy,light,506,396,127.42,328.58,185.24,0.0124,1,0.948,73.45,0.8315,1,1.0,58.6,0.6963,1,1.0,177.62,0.6449,fast
data\test\Strawberry__Rotten\200.jpg,Strawberry__Rotten,light,224,224,3.53,63.71,128.82,0.0171,1,0.9368,20.63,0.8491,1,1.0,131.57,0.672,1,1.0,66.88,0.6818,fast
data\test\Mango__Healthy\429.jpg,Mango__Healthy,light,224,224,3.63,35.73,139.98,0.0073,1,0.7057,37.41,0.8435,1,1.0,92.49,0.685,1,1.0,143.69,0.6562,fast
data\test\Jujube__Rotten\RottenJujube (126).jpg,Jujube__Rotten,light,3428,2892,1166.09,16.92,198.23,0.0004,1,0.7378,61.86,0.8354,1,1.0,73.19,0.6914,1,0.9999,120.52,0.6639,fast
data\test\Strawberry__Healthy\200.jpg,Strawberry__Healthy,burst,224,224,6.68,232.9,80.9,0.0157,1,0.995,473.77,0.6979,1,1.0,2553.52,0.0159,1,1.0,2064.59,0.0151,fast
data\test\Orange__Rotten\rotated_by_30_Screen Shot 2018-06-12 at 11.43.49 PM.png,Orange__Rotten,burst,396,346,174.98,619.01,167.08,0.0929,1,0.9997,1096.37,0.4901,1,0.9997,658.22,0.4962,1,1.0,2648.09,0.0041,balanced
data\test\Banana__Rotten\rotated_by_45_Screen Shot 2018-06-12 at 9.11.00 PM.png,Banana__Rotten,burst,766,494,190.25,316.66,147.58,0.0097,1,0.9998,1355.71,0.4036,1,1.0,1690.82,0.1516,1,1.0,1616.7,0.1646,fast
data\test\Tomato__Rotten\rottenTomato (368).jpg,Tomato__Rotten,burst,224,224,3.32,37.14,137.43,0.0132,0,0.6118,647.65,-0.3601,1,0.9999,1894.68,0.0836,1,0.9978,3133.74,0.0041,balanced
data\test\Strawberry__Rotten\15.jpg,Strawberry__Rotten,light,224,224,4.16,74.11,132.67,0.0188,1,0.9611,63.52,0.8348,1,1.0,148.41,0.6663,1,0.9994,23.66,0.6962,fast
data\test\Orange__Rotten\rotated_by_15_Screen Shot 2018-06-12 at 11.38.52 PM.png,Orange__Rotten,burst,348,306,120.65,417.63,159.94,0.0226,1,0.998,482.5,0.695,1,0.9999,1202.28,0.3146,1,1.0,1633.39,0.159,fast
data\test\Cucumber__Healthy\freshCucumber (470).jpg,Cucumber__Healthy,light,100,100,3.43,1673.63,126.07,0.1905,0,0.5219,47.85,-0.1599,1,0.9857,83.87,0.6879,1,0.992,109.37,0.6676,balanced
data\test\Tomato__Rotten\rottenTomato (393).jpg,Tomato__Rotten,light,224,224,3.32,44.66,134.4,0.0153,1,0.7747,21.8,0.8487,1,1.0,112.9,0.6782,1,1.0,205.06,0.6357,fast
data\test\Strawberry__Healthy\freshStrawberry (475).jpg,Strawberry__Healthy,light,224,224,3.38,46.57,145.74,0.0089,1,0.9208,55.48,0.8375,1,1.0,161.8,0.6619,1,0.9999,136.01,0.6587,fast
data\test\Orange__Healthy\rotated_by_60_Screen Shot 2018-06-13 at 12.11.57 AM.png,Orange__Healthy,light,306,254,75.67,628.37,141.93,0.0282,1,0.8688,63.18,0.8349,1,0.9997,112.28,0.6784,1,0.9964,86.78,0.6752,fast
data\test\Cucumber__Healthy\freshCucumber (182).jpg,Cucumber__Healthy,light,4032,3024,1159.57,35.59,149.61,0.0022,1,0.9257,83.24,0.8282,1,0.9999,69.91,0.6925,1,0.99,147.16,0.655,fast
data\test\Orange__Healthy\rotated_by_30_Screen Shot 2018-06-12 at 11.57.52 PM.png,Orange__Healthy,heavy,330,292,90.13,500.06,145.72,0.0232,1,0.9556,621.14,0.6487,1,0.9951,1023.29,0.3744,1,0.9998,1114.32,0.3322,fast
data\test\Apple__Healthy\rotated_by_60_Screen Shot 2018-06-08 at 5.12.47 PM.png,Apple__Healthy,light,442,440,185.98,405.41,140.15,0.0129,1,0.9823,54.18,0.8379,1,1.0,122.08,0.6751,1,1.0,86.15,0.6754,fast
data\test\Strawberry__Healthy\freshStrawberry (130).jpg,Strawberry__Healthy,light,2670,2294,1229.0,185.09,139.99,0.0432,0,0.375,12.77,-0.1482,1,0.9999,22.28,0.7084,1,0.9995,184.41,0.6426,balanced
data\test\Orange__Healthy\rotated_by_45_Screen Shot 2018-06-12 at 11.57.52 PM.png,Orange__Healthy,light,330,292,88.46,532.73,141.48,0.0238,1,0.9358,76.86,0.8304,1,0.9992,208.19,0.6464,1,0.9999,181.83,0.6434,fast
data\test\Banana__Rotten\vertical_flip_Screen Shot 2018-06-12 at 9.21.20 PM.png,Banana__Rotten,light,360,436,177.58,102.12,166.2,0.0341,1,0.9998,18.66,0.8498,1,1.0,203.03,0.6481,1,0.9998,73.26,0.6797,fast
data\test\Orange__Rotten\rotated_by_15_Screen Shot 2018-06-12 at 11.45.12 PM.png,Orange__Rotten,light,290,300,133.48,701.73,148.63,0.108,1,0.996,50.58,0.8391,1,0.9995,87.74,0.6866,1,0.9984,216.5,0.6319,fast
data\test\Jujube__Rotten\RottenJujube (169).jpg,Jujube__Rotten,burst,717,664,61.1,11.14,166.97,0.0021,0,0.4687,306.21,-0.2462,1,0.9717,1609.63,0.1787,1,0.9449,2145.33,0.0041,balanced
data\test\Guava__Healthy\FreshGuava (117).jpg,Guava__Healthy,heavy,1069,1036,133.53,46.46,144.02,0.0069,1,0.9963,623.22,0.648,1,1.0,1185.28,0.3203,1,1.0,1005.67,0.3685,fast
data\test\Bellpepper__Healthy\freshPepper (433).jpg,Bellpepper__Healthy,light,224,224,13.37,319.0,105.36,0.0682,1,0.9551,46.34,0.8406,1,0.9987,119.4,0.676,1,0.9986,227.51,0.6282,fast
data\test\Mango__Rotten\rottenMango (437).jpg,Mango__Rotten,light,224,224,4.3,323.15,118.79,0.0339,1,0.9969,96.8,0.8237,1,1.0,84.11,0.6878,1,1.0,29.4,0.6943,fast
data\test\Apple__Healthy\freshApple (252).jpg,Apple__Healthy,light,100,100,3.98,750.11,168.47,0.0362,1,0.8162,40.91,0.8424,1,0.9948,164.23,0.6611,1,0.9983,130.46,0.6606,fast
data\test\Apple__Rotten\rottenApple (418).jpg,Apple__Rotten,light,374,360,124.83,29.93,194.75,0.0104,1,0.5129,31.24,0.8456,1,0.9999,48.76,0.6996,1,0.9999,147.23,0.655,fast
data\test\Apple__Rotten\rotated_by_15_Screen Shot 2018-06-08 at 2.41.16 PM.png,Apple__Rotten,light,264,240,56.73,606.62,170.68,0.0234,1,0.7357,18.02,0.85,1,0.9982,47.96,0.6999,1,0.9961,159.16,0.651,fast
data\test\Mango__Rotten\509.jpg,Mango__Rotten,light,224,224,10.19,390.43,106.05,0.078,1,0.9969,55.62,0.8375,1,1.0,236.88,0.6368,1,1.0,103.55,0.6696,fast
data\test\Apple__Rotten\rotated_by_60_Screen Shot 2018-06-08 at 2.31.16 PM.png,Apple__Rotten,heavy,394,384,147.86,476.02,150.96,0.0192,1,0.9389,632.41,0.645,1,0.9999,1146.85,0.3331,1,0.9999,1024.86,0.3621,fast
data\test\Apple__Rotten\rotated_by_30_Screen Shot 2018-06-08 at 2.36.55 PM.png,Apple__Rotten,heavy,372,368,125.0,491.49,159.72,0.018,1,0.7253,639.29,0.6427,1,1.0,1045.45,0.367,1,1.0,1112.51,0.3329,fast
data\test\Bellpepper__Healthy\freshPepper (63).jpg,Bellpepper__Healthy,light,100,100,3.43,1966.07,126.8,0.1687,0,0.2775,68.99,-0.167,1,0.9987,130.04,0.6725,1,0.8655,133.17,0.6597,balanced
data\test\Pomegranate__Healthy\FreshPomegranate (162).jpg,Pomegranate__Healthy,light,3088,2900,1066.53,26.58,136.56,0.0011,1,0.9626,20.69,0.8491,1,1.0,243.07,0.6347,1,1.0,45.21,0.689,fast
data\test\Orange__Rotten\rotated_by_60_Screen Shot 2018-06-12 at 11.29.10 PM.png,Orange__Rotten,heavy,362,326,143.67,558.52,170.95,0.0382,1,0.9999,731.5,0.6119,1,1.0,1131.29,0.3383,1,0.9999,905.44,0.402,fast
data\test\Mango__Rotten\544.jpg,Mango__Rotten,light,224,224,9.8,242.14,113.13,0.074,1,0.9914,44.45,0.8412,1,1.0,123.99,0.6745,1,1.0,187.71,0.6415,fast
data\test\Strawberry__Healthy\469.jpg,Strawberry__Healthy,light,224,224,4.17,109.01,139.84,0.0151,1,0.9592,16.79,0.8504,1,0.9997,142.33,0.6684,1,0.9994,138.51,0.6579,fast
data\test\Apple__Rotten\translation_Screen Shot 2018-06-07 at 2.38.38 PM.png,Apple__Rotten,heavy,424,390,120.28,609.6,153.5,0.0137,1,0.7799,593.65,0.6579,1,1.0,1085.53,0.3536,1,1.0,1019.57,0.3639,fast
data\test\Banana__Healthy\Banana__Healthy_augmented_315.jpg,Banana__Healthy,heavy,224,224,5.57,851.95,206.84,0.0327,1,0.9819,739.31,0.6093,1,1.0,1152.47,0.3313,1,0.9995,1204.0,0.3023,fast
data\test\Bellpepper__Rotten\rottenPepper (226).jpg,Bellpepper__Rotten,light,238,212,6.29,1815.54,195.41,0.0816,1,0.3891,80.81,0.8291,1,0.9968,63.49,0.6947,1,0.9945,67.05,0.6818,fast
data\test\Orange__Healthy\rotated_by_15_Screen Shot 2018-06-12 at 11.50.33 PM.png,Orange__Healthy,heavy,218,210,52.15,713.61,177.66,0.0252,1,0.9513,642.15,0.6417,1,0.9737,1301.11,0.2816,1,0.9969,766.43,0.4483,fast
data\test\Banana__Rotten\Screen Shot 2018-06-12 at 9.10.27 PM.png,Banana__Rotten,heavy,582,344,155.15,110.28,182.09,0.0188,1,0.9917,647.3,0.64,1,1.0,983.0,0.3878,1,1.0,992.26,0.373,fast
data\test\Jujube__Healthy\FreshJujube (12).jpg,Jujube__Healthy,heavy,3454,2386,936.65,13.13,168.98,0.0001,1,0.7502,756.68,0.6035,1,0.9985,1277.79,0.2894,1,0.9988,1005.67,0.3685,fast
data\test\Banana__Rotten\rotated_by_45_Screen Shot 2018-06-12 at 9.19.49 PM.png,Banana__Rotten,light,496,348,72.43,495.34,179.94,0.0147,1,0.4586,8.98,0.853,1,1.0,36.97,0.7035,1,0.9996,18.69,0.6979,fast
data\test\Apple__Healthy\rotated_by_45_Screen Shot 2018-06-08 at 5.12.20 PM.png,Apple__Healthy,light,378,342,125.61,282.08,127.36,0.0114,1,0.9051,76.85,0.8304,1,0.9983,134.35,0.671,1,0.9998,48.77,0.6879,fast
data\test\Banana__Healthy\rotated_by_75_Screen Shot 2018-06-12 at 9.46.02 PM.png,Banana__Healthy,burst,298,376,79.04,424.33,186.72,0.0167,1,0.9705,72.75,0.8317,1,1.0,1123.5,0.3409,1,1.0,2776.04,0.0041,fast
data\test\Carrot__Healthy\freshCarrot (172).jpg,Carrot__Healthy,light,224,224,14.33,391.13,101.49,0.0653,1,0.9441,55.92,0.8374,1,1.0,59.16,0.6961,1,1.0,181.83,0.6434,fast
data\test\Banana__Healthy\saltandpepper_Screen Shot 2018-06-12 at 9.41.18 PM.png,Banana__Healthy,light,538,352,136.47,3219.51,218.75,0.0386,1,0.9974,39.78,0.8427,1,1.0,138.3,0.6697,1,1.0,152.79,0.6531,fast
data\test\Cucumber__Healthy\freshCucumber (368).jpg,Cucumber__Healthy,heavy,224,224,21.71,1584.49,107.49,0.1957,1,0.9892,593.15,0.6581,1,1.0,1132.76,0.3378,1,0.999,1024.8,0.3621,fast
data\test\Orange__Healthy\freshOrange (203).png,Orange__Healthy,burst,480,322,179.4,371.06,111.2,0.0423,1,0.8437,1017.27,0.5165,1,1.0,1752.28,0.1311,1,1.0,2090.3,0.0065,fast
data\test\Strawberry__Healthy\freshStrawberry (206).jpg,Strawberry__Healthy,heavy,224,224,5.1,106.24,91.67,0.0101,1,0.9281,731.26,0.612,1,1.0,1067.04,0.3598,1,1.0,1227.86,0.2944,fast
data\test\Strawberry__Healthy\freshStrawberry (23).jpg,Strawberry__Healthy,heavy,1409,2075,355.96,21.81,142.88,0.0032,1,0.9999,779.67,0.5958,1,1.0,1132.76,0.3378,1,0.9999,835.92,0.4252,fast
data\test\Cucumber__Healthy\freshCucumber (427).jpg,Cucumber__Healthy,light,224,224,15.76,516.06,109.94,0.0662,1,0.5636,41.53,0.8422,1,0.9561,236.88,0.6368,1,0.9959,43.7,0.6895,fast
data\test\Banana__Rotten\rotated_by_60_Screen Shot 2018-06-12 at 8.53.47 PM.png,Banana__Rotten,heavy,510,386,204.9,339.34,111.44,0.0238,1,1.0,643.19,0.6414,1,1.0,1168.32,0.326,1,1.0,1076.54,0.3449,fast
data\test\Strawberry__Healthy\521.jpg,Strawberry__Healthy,light,224,224,3.73,101.91,143.71,0.0148,1,0.831,66.76,0.8337,1,1.0,93.19,0.6848,1,0.999,82.09,0.6767,fast
data\test\Apple__Healthy\Screen Shot 2018-06-08 at 5.10.37 PM.png,Apple__Healthy,heavy,200,216,64.45,75.49,171.78,0.0268,1,0.989,734.83,0.6108,1,1.0,1168.32,0.326,1,0.9995,1033.73,0.3591,fast
data\test\Carrot__Healthy\freshCarrot (126).jpg,Carrot__Healthy,light,224,224,36.72,69.94,140.21,0.0152,1,0.2474,59.68,0.8361,1,0.9959,135.24,0.6707,1,0.9542,40.51,0.6906,fast
data\test\Apple__Rotten\rottenApple (47).jpg,Apple__Rotten,burst,2882,3198,1506.09,64.04,127.8,0.0011,1,0.3004,140.09,0.8093,1,1.0,1768.04,0.1258,1,0.8801,1476.13,0.2115,fast
data\test\Apple__Healthy\rotated_by_75_Screen Shot 2018-06-08 at 5.12.20 PM.png,Apple__Healthy,light,378,342,129.86,184.99,137.22,0.0099,1,0.783,71.55,0.8321,1,0.9951,54.8,0.6976,1,0.9999,25.53,0.6956,fast
data\test\Banana__Healthy\saltandpepper_Screen Shot 2018-06-12 at 9.44.30 PM.png,Banana__Healthy,light,402,266,31.97,3372.76,241.07,0.0316,1,0.9759,25.45,0.8475,1,1.0,148.94,0.6662,1,0.9997,65.7,0.6822,fast
data\test\Orange__Rotten\rottenOrange (351).jpg,Orange__Rotten,light,224,224,4.84,183.32,140.43,0.0312,1,0.6463,162.2,0.8019,1,1.0,127.36,0.6734,1,1.0,60.29,0.684,fast
data\test\Strawberry__Healthy\506.jpg,Strawberry__Healthy,heavy,224,224,2.91,49.57,146.84,0.01,1,0.9372,520.06,0.6825,1,0.9972,1045.97,0.3668,1,0.9997,1040.37,0.3569,fast
data\test\Orange__Healthy\freshOrange (222).png,Orange__Healthy,heavy,320,258,102.13,1188.89,139.94,0.0789,1,0.7467,642.67,0.6415,1,0.9996,1138.84,0.3358,1,0.9983,1238.02,0.291,fast
data\test\Strawberry__Healthy\172.jpg,Strawberry__Healthy,heavy,224,224,7.38,349.78,85.57,0.0213,1,0.9951,567.67,0.6666,1,1.0,1137.79,0.3362,1,1.0,1005.67,0.3685,fast
data\test\Apple__Healthy\freshApple (484).png,Apple__Healthy,light,480,322,224.61,211.41,139.09,0.0533,1,0.9666,79.7,0.8294,1,1.0,153.33,0.6647,1,1.0,107.3,0.6683,fast
data\test\Apple__Healthy\freshApple (710).png,Apple__Healthy,heavy,320,258,131.65,1647.02,121.56,0.1095,1,0.9689,638.74,0.6429,1,1.0,1184.46,0.3206,1,0.9999,1251.3,0.2865,fast
data\test\Mango__Healthy\250.jpg,Mango__Healthy,heavy,224,224,3.77,191.59,82.68,0.015,1,0.6412,561.87,0.6685,1,1.0,1142.65,0.3345,1,0.9932,1040.89,0.3568,fast
data\test\Banana__Rotten\rottenBanana (78).jpg,Banana__Rotten,burst,3074,2169,833.66,37.2,175.38,0.0018,1,0.2981,797.32,0.5899,1,1.0,2017.89,0.0424,1,0.9832,1771.28,0.113,fast
data\test\Banana__Rotten\translation_Screen Shot 2018-06-12 at 8.53.54 PM.png,Banana__Rotten,light,546,460,235.23,417.58,125.62,0.0183,1,0.9988,71.57,0.8321,1,1.0,187.43,0.6533,1,0.9971,105.47,0.6689,fast
data\test\Apple__Rotten\Screen Shot 2018-06-07 at 3.00.33 PM.png,Apple__Rotten,burst,440,406,211.65,103.01,150.11,0.0419,1,0.864,140.09,0.8093,1,0.9953,2017.89,0.0424,1,0.9671,3134.77,0.0041,fast
data\test\Potato__Healthy\freshPotato (74).jpg,Potato__Healthy,light,100,100,4.29,1830.99,182.56,0.0511,1,0.9057,67.19,0.8336,1,0.9997,77.77,0.6899,1,0.9982,126.6,0.6619,fast
data\test\Tomato__Rotten\rottenTomato (562).jpg,Tomato__Rotten,light,224,224,8.3,274.36,121.82,0.0412,1,0.6911,26.51,0.8472,1,1.0,97.75,0.6832,1,0.9996,67.8,0.6815,fast
data\test\Mango__Rotten\220.jpg,Mango__Rotten,heavy,224,224,2.71,20.45,145.76,0.0076,1,0.7105,739.22,0.6093,1,0.9998,1131.29,0.3383,1,0.9986,1048.86,0.3541,fast
data\test\Banana__Rotten\rotated_by_60_Screen Shot 2018-06-12 at 9.09.43 PM.png,Banana__Rotten,light,216,276,33.18,824.19,167.26,0.0287,1,0.9982,35.3,0.8442,1,1.0,129.98,0.6725,1,1.0,216.5,0.6319,fast
data\test\Apple__Healthy\rotated_by_30_Screen Shot 2018-06-08 at 5.01.34 PM.png,Apple__Healthy,light,382,402,141.89,467.63,153.59,0.0162,1,0.948,78.08,0.83,1,1.0,156.16,0.6637,1,1.0,104.73,0.6692,fast
data\test\Apple__Rotten\rottenApple (201).jpg,Apple__Rotten,heavy,328,284,82.31,435.83,174.02,0.0145,1,0.8436,732.5,0.6116,1,1.0,1042.45,0.368,1,1.0,1047.29,0.3546,fast
data\test\Potato__Rotten\rottenPotato (1).png,Potato__Rotten,heavy,400,279,282.32,286.99,85.53,0.0616,1,0.3759,580.91,0.6622,0,0.7444,1037.3,-0.6303,1,0.9627,1117.31,0.3312,fast
data\test\Tomato__Rotten\rottenTomato (154).jpg,Tomato__Rotten,light,4032,3024,869.04,12.91,154.6,0.0004,0,0.24,67.7,-0.1666,1,0.9375,129.98,0.6725,1,0.9863,162.97,0.6497,balanced
data\test\Apple__Healthy\rotated_by_60_Screen Shot 2018-06-08 at 5.23.23 PM.png,Apple__Healthy,light,194,164,26.53,965.88,181.53,0.0228,1,0.9749,49.72,0.8394,1,0.9998,176.52,0.657,1,0.9997,19.48,0.6976,fast
data\test\Mango__Rotten\lasio_165.jpg,Mango__Rotten,light,224,224,6.66,168.89,87.06,0.0324,1,0.9923,11.58,0.8522,1,1.0,124.66,0.6743,1,1.0,19.48,0.6976,fast
data\test\Orange__Rotten\rottenOrange (561).jpg,Orange__Rotten,light,224,224,5.98,169.43,107.01,0.0205,1,0.9627,117.83,0.8167,1,0.9999,72.3,0.6917,1,1.0,97.82,0.6715,fast
data\test\Mango__Rotten\913.jpg,Mango__Rotten,light,224,224,5.93,86.85,102.02,0.0245,1,0.91,94.08,0.8246,1,1.0,99.47,0.6827,1,0.9999,29.67,0.6942,fast
data\test\Mango__Healthy\700.jpg,Mango__Healthy,heavy,224,224,6.05,69.52,120.71,0.0148,1,0.9826,667.05,0.6334,1,1.0,1146.85,0.3331,1,1.0,997.88,0.3711,fast
data\test\Mango__Healthy\27.jpg,Mango__Healthy,heavy,224,224,3.66,28.25,69.23,0.009,1,0.9318,735.34,0.6106,1,1.0,1168.83,0.3258,1,1.0,1016.73,0.3648,fast
data\test\Apple__Healthy\rotated_by_15_Screen Shot 2018-06-08 at 5.23.51 PM.png,Apple__Healthy,heavy,428,424,189.65,20.08,118.26,0.009,1,0.8615,814.49,0.5842,1,1.0,1142.65,0.3345,1,1.0,1117.31,0.3312,fast
data\test\Orange__Rotten\rottenOrange (502).jpg,Orange__Rotten,burst,224,224,6.84,649.35,91.83,0.0473,1,0.9375,1599.87,0.3221,1,1.0,2554.03,0.0159,1,1.0,1729.37,0.127,fast
data\test\Orange__Healthy\saltandpepper_Screen Shot 2018-06-13 at 12.03.55 AM.png,Orange__Healthy,burst,406,358,168.21,2704.67,185.16,0.0601,1,0.8761,273.64,0.7647,1,0.9999,2594.96,0.0159,1,0.9996,1755.8,0.1182,fast
data\test\Banana__Rotten\rotated_by_15_Screen Shot 2018-06-12 at 9.09.09 PM.png,Banana__Rotten,light,466,356,106.26,452.43,163.6,0.0253,1,1.0,26.23,0.8473,1,1.0,53.3,0.6981,1,1.0,147.57,0.6549,fast
data\test\Potato__Healthy\freshPotato (200).jpg,Potato__Healthy,light,100,100,4.14,1364.44,186.41,0.0381,1,0.9277,11.32,0.8522,1,1.0,77.27,0.6901,1,0.9999,117.9,0.6648,fast
data\test\Orange__Healthy\rotated_by_75_Screen Shot 2018-06-12 at 11.59.11 PM.png,Orange__Healthy,heavy,376,336,140.92,349.8,159.55,0.0124,1,0.9399,738.11,0.6097,1,1.0,1184.77,0.3205,1,0.9997,904.74,0.4022,fast
data\test\Cucumber__Rotten\rottenCucumber (192).jpg,Cucumber__Rotten,light,100,100,5.96,3489.36,145.33,0.1236,1,0.9981,57.47,0.8368,1,1.0,27.52,0.7067,1,1.0,173.78,0.6461,fast
data\test\Banana__Rotten\rottenBanana (382).jpg,Banana__Rotten,burst,224,224,5.11,249.05,136.65,0.0355,1,0.897,926.08,0.547,1,0.99,1768.04,0.1258,1,0.9997,2648.59,0.0041,fast
data\test\Orange__Rotten\rotated_by_15_Screen Shot 2018-06-12 at 11.31.44 PM.png,Orange__Rotten,light,536,454,285.14,196.35,168.75,0.0054,1,0.7699,98.22,0.8232,1,1.0,69.49,0.6927,1,1.0,152.79,0.6531,fast
data\test\Strawberry__Healthy\498.jpg,Strawberry__Healthy,heavy,224,224,3.32,48.0,145.86,0.0107,1,0.923,623.22,0.648,1,1.0,976.55,0.39,1,0.9998,1058.38,0.3509,fast
data\test\Mango__Rotten\rottenMango (177).jpg,Mango__Rotten,heavy,224,224,9.65,345.69,112.72,0.0804,1,0.9965,726.03,0.6137,1,1.0,1042.45,0.368,1,1.0,1058.38,0.3509,fast
data\test\Strawberry__Rotten\281.jpg,Strawberry__Rotten,burst,224,224,3.73,87.68,135.67,0.0194,1,0.9717,474.58,0.6976,1,1.0,210.06,0.6458,1,0.9999,1120.76,0.3301,fast
data\test\Strawberry__Healthy\397.jpg,Strawberry__Healthy,heavy,224,224,2.78,34.43,143.36,0.0072,1,0.9108,588.51,0.6596,1,1.0,1276.18,0.29,1,1.0,923.42,0.396,fast
data\test\Strawberry__Rotten\rottenStrawberry (278).jpg,Strawberry__Rotten,light,224,224,11.09,747.71,120.61,0.1274,1,0.9945,26.9,0.847,1,1.0,27.41,0.7067,1,1.0,140.23,0.6573,fast
data\test\Tomato__Rotten\rottenTomato (568).jpg,Tomato__Rotten,light,224,224,9.46,445.02,115.21,0.0819,1,0.6668,95.66,0.8241,1,1.0,97.75,0.6832,1,1.0,72.76,0.6798,fast
data\test\Strawberry__Rotten\663.jpg,Strawberry__Rotten,heavy,224,224,10.61,606.88,118.84,0.121,1,0.9967,756.16,0.6037,1,1.0,1045.97,0.3668,1,1.0,995.65,0.3719,fast
data\test\Strawberry__Rotten\rottenStrawberry (96).jpg,Strawberry__Rotten,heavy,2214,2092,501.63,24.51,174.67,0.0029,1,0.6831,701.65,0.6219,1,0.9997,1023.29,0.3744,1,1.0,996.18,0.3717,fast
data\test\Orange__Rotten\rotated_by_75_Screen Shot 2018-06-12 at 11.25.20 PM.png,Orange__Rotten,light,244,268,85.74,360.95,145.97,0.0156,1,0.9802,37.44,0.8435,1,0.9995,30.11,0.7058,1,1.0,129.06,0.6611,fast
data\test\Strawberry__Healthy\205.jpg,Strawberry__Healthy,burst,224,224,7.03,291.11,84.86,0.0168,1,0.9955,1014.52,0.5174,1,1.0,810.58,0.4454,1,1.0,2713.85,0.0041,fast
data\test\Strawberry__Healthy\346.jpg,Strawberry__Healthy,burst,224,224,3.53,73.97,138.3,0.0154,1,0.9162,1182.49,0.4614,1,1.0,2503.93,0.0159,1,1.0,2757.94,0.0041,fast
data\test\Carrot__Rotten\rottenCarrot (479).jpg,Carrot__Rotten,heavy,206,245,10.5,1439.28,152.01,0.15,1,0.6521,631.74,0.6452,1,0.9967,1854.77,0.0969,1,0.7712,1033.73,0.3591,fast
data\test\Orange__Rotten\rotated_by_60_Screen Shot 2018-06-12 at 11.44.24 PM.png,Orange__Rotten,heavy,342,296,145.69,617.61,155.29,0.0845,1,0.9743,691.69,0.6252,1,1.0,1173.04,0.3244,1,0.9998,1006.45,0.3682,fast
data\test\Banana__Rotten\Screen Shot 2018-06-12 at 9.05.21 PM.png,Banana__Rotten,burst,498,418,224.19,45.88,166.23,0.0234,0,0.6299,177.82,-0.2033,1,0.9997,1895.72,0.0832,1,0.9965,2648.59,0.0041,balanced
data\test\Jujube__Healthy\FreshJujube (187).jpg,Jujube__Healthy,heavy,3120,3120,1298.22,37.46,180.41,0.0004,1,0.6871,999.65,0.5224,1,0.9997,1185.78,0.3201,1,0.9994,1004.42,0.3689,fast
data\test\Cucumber__Healthy\freshCucumber (178).jpg,Cucumber__Healthy,light,4032,3024,1124.1,25.95,153.29,0.0014,1,0.9448,19.01,0.8497,1,1.0,218.36,0.643,1,0.9949,123.35,0.663,fast
data\test\Orange__Healthy\Screen Shot 2018-06-12 at 11.50.47 PM.png,Orange__Healthy,light,384,322,183.95,55.51,193.97,0.0254,1,0.9917,18.79,0.8498,1,1.0,106.81,0.6802,1,1.0,143.69,0.6562,fast
data\test\Mango__Rotten\717.jpg,Mango__Rotten,heavy,224,224,6.33,99.04,118.72,0.0239,1,0.8027,625.65,0.6472,1,1.0,1032.23,0.3714,1,1.0,1032.81,0.3595,fast
data\test\Banana__Rotten\translation_Screen Shot 2018-06-12 at 9.04.19 PM.png,Banana__Rotten,light,548,366,343.67,500.05,99.14,0.1417,1,0.896,88.54,0.8265,1,1.0,242.58,0.6349,1,0.9935,168.42,0.6479,fast
data\test\Apple__Rotten\Screen Shot 2018-06-08 at 2.48.29 PM.png,Apple__Rotten,heavy,446,428,356.74,54.88,167.95,0.0268,0,0.792,725.0,-0.3859,1,0.986,1173.62,0.3242,1,0.9961,1019.05,0.364,heavy
data\test\Mango__Healthy\freshMango (356).jpg,Mango__Healthy,heavy,224,224,2.84,7.81,143.5,0.0058,1,0.9145,607.3,0.6533,1,1.0,1076.47,0.3566,1,0.9996,889.41,0.4073,fast
data\test\Mango__Rotten\rottenMango (1).jpg,Mango__Rotten,heavy,224,224,5.43,167.94,132.03,0.0318,1,0.9449,595.83,0.6572,1,1.0,1163.75,0.3275,1,1.0,1241.04,0.29,fast
data\test\Banana__Rotten\rotated_by_45_Screen Shot 2018-06-12 at 9.23.10 PM.png,Banana__Rotten,heavy,740,518,439.17,290.45,84.69,0.0274,1,0.9995,561.87,0.6685,1,0.9999,1037.3,0.3697,1,0.9999,1114.31,0.3323,fast
data\test\Mango__Rotten\rottenMango (512).jpg,Mango__Rotten,heavy,224,224,5.06,395.09,136.05,0.0418,1,0.7381,638.23,0.643,1,1.0,849.9,0.4322,1,1.0,1023.77,0.3625,fast
data\test\Banana__Rotten\saltandpepper_Screen Shot 2018-06-12 at 9.12.45 PM.png,Banana__Rotten,light,436,276,77.47,3580.17,191.02,0.0399,1,0.814,50.22,0.8393,1,0.9984,202.49,0.6483,0,0.9825,62.92,-0.3169,fast
data\test\Apple__Rotten\saltandpepper_Screen Shot 2018-06-08 at 2.41.44 PM.png,Apple__Rotten,light,382,352,122.58,2985.84,199.34,0.0475,1,0.9889,12.77,0.8518,1,1.0,27.74,0.7066,1,0.9999,62.0,0.6834,fast
data\test\Strawberry__Rotten\rottenStrawberry (367).jpg,Strawberry__Rotten,heavy,225,225,7.12,862.47,175.68,0.1095,1,0.7094,661.34,0.6353,1,0.9975,1184.46,0.3206,1,0.9963,1112.74,0.3328,fast
data\test\Cucumber__Healthy\freshCucumber (243).jpg,Cucumber__Healthy,heavy,1024,1365,241.44,169.06,122.14,0.0307,1,0.9359,562.4,0.6683,1,1.0,1301.11,0.2816,1,1.0,1112.5,0.3329,fast
data\test\Strawberry__Healthy\freshStrawberry (442).jpg,Strawberry__Healthy,light,224,224,4.17,109.01,139.84,0.0151,1,0.9592,11.12,0.8523,1,0.9997,63.56,0.6947,1,0.9994,68.94,0.6811,fast
data\test\Orange__Rotten\rottenOrange (189).jpg,Orange__Rotten,light,2340,2355,745.73,28.57,173.87,0.0012,1,0.4327,33.61,0.8448,1,0.9998,72.64,0.6916,1,0.9662,62.97,0.6831,fast
data\test\Bellpepper__Healthy\freshPepper (48).jpg,Bellpepper__Healthy,burst,100,100,3.86,1524.27,102.45,0.2317,0,0.6034,998.11,-0.4771,1,0.9517,255.54,0.6306,1,0.6812,2456.81,0.0041,balanced
data\test\Banana__Rotten\rotated_by_60_Screen Shot 2018-06-12 at 9.02.24 PM.png,Banana__Rotten,light,496,404,217.77,450.44,147.97,0.0499,1,1.0,85.6,0.8275,1,1.0,131.57,0.672,1,1.0,121.74,0.6635,fast
data\test\Banana__Rotten\rottenBanana (296).jpg,Banana__Rotten,heavy,224,224,5.19,214.68,129.13,0.0378,1,0.8511,734.32,0.611,1,0.9997,1036.63,0.3699,1,0.9985,1040.89,0.3568,fast
data\test\Banana__Rotten\rotated_by_15_Screen Shot 2018-06-12 at 9.16.47 PM.png,Banana__Rotten,light,210,294,48.47,621.5,160.11,0.0238,1,0.9809,67.08,0.8336,1,1.0,81.48,0.6887,1,1.0,111.65,0.6669,fast
data\test\Apple__Healthy\freshApple (216).jpg,Apple__Healthy,light,100,100,4.69,916.57,131.19,0.0357,1,0.6347,20.63,0.8491,1,0.9999,63.51,0.6947,1,0.9994,148.72,0.6545,fast
data\test\Potato__Rotten\rottenPotato (313).jpg,Potato__Rotten,burst,248,203,5.28,871.41,202.28,0.0717,1,0.7139,1356.75,0.4032,1,0.9964,2017.11,0.0427,1,0.9998,7282.17,0.0041,fast
data\test\Orange__Healthy\rotated_by_15_Screen Shot 2018-06-13 at 12.05.19 AM.png,Orange__Healthy,light,268,256,75.16,589.14,177.38,0.0299,1,0.9189,125.47,0.8142,1,1.0,30.14,0.7058,1,1.0,83.28,0.6763,fast
data\test\Banana__Rotten\rotated_by_45_Screen Shot 2018-06-12 at 9.20.36 PM.png,Banana__Rotten,light,342,426,155.18,497.82,117.19,0.0401,1,1.0,137.89,0.81,1,1.0,87.48,0.6867,1,1.0,130.33,0.6606,fast
data\test\Orange__Healthy\rotated_by_45_Screen Shot 2018-06-13 at 12.02.11 AM.png,Orange__Healthy,heavy,328,296,98.54,512.14,138.12,0.0206,1,0.9777,442.09,0.7085,1,1.0,1323.41,0.2742,1,0.9998,1251.81,0.2864,fast
data\test\Carrot__Rotten\rottenCarrot (490).jpg,Carrot__Rotten,light,267,188,9.32,2503.83,187.28,0.1376,1,0.8308,128.79,0.813,1,0.9934,35.5,0.704,1,0.9995,197.04,0.6384,fast
data\test\Apple__Rotten\saltandpepper_Screen Shot 2018-06-07 at 2.24.59 PM.png,Apple__Rotten,light,328,324,117.29,2936.63,160.72,0.0561,1,0.9304,18.53,0.8498,1,1.0,203.03,0.6481,1,0.9996,73.16,0.6797,fast
data\test\Bellpepper__Healthy\freshPepper (298).jpg,Bellpepper__Healthy,light,224,224,19.13,1320.65,100.7,0.1498,1,0.8096,21.8,0.8487,1,0.9965,96.18,0.6838,1,0.9983,58.35,0.6847,fast
data\test\Orange__Rotten\rotated_by_30_Screen Shot 2018-06-12 at 11.43.26 PM.png,Orange__Rotten,burst,402,334,133.51,551.16,148.61,0.0434,1,0.9287,1429.79,0.3789,1,1.0,1430.21,0.2386,1,1.0,1387.51,0.2411,fast
data\test\Orange__Healthy\freshOrange (192).jpg,Orange__Healthy,light,3745,2661,1367.36,25.3,150.14,0.0006,1,0.6828,81.57,0.8288,1,1.0,81.77,0.6886,1,0.9981,96.17,0.672,fast
data\test\Banana__Rotten\rotated_by_45_Screen Shot 2018-06-12 at 9.02.09 PM.png,Banana__Rotten,light,532,480,259.95,419.54,147.71,0.0364,1,1.0,65.07,0.8343,1,1.0,112.28,0.6784,1,0.9999,67.8,0.6815,fast
data\test\Mango__Healthy\freshMango (268).jpg,Mango__Healthy,heavy,224,224,3.7,39.3,93.84,0.0086,1,0.9791,475.16,0.6974,1,1.0,1138.72,0.3358,1,0.9989,1265.81,0.2817,fast
data\test\Orange__Healthy\freshOrange (96).jpg,Orange__Healthy,light,2641,2449,699.3,12.21,165.34,0.001,1,0.4985,43.82,0.8414,1,0.9999,63.49,0.6947,1,0.9952,120.52,0.6639,fast
data\test\Tomato__Healthy\freshTomato (29).png,Tomato__Healthy,heavy,480,322,166.83,514.78,147.43,0.0698,1,0.9989,473.59,0.698,1,1.0,1301.11,0.2816,1,0.9999,1019.57,0.3639,fast
data\test\Apple__Rotten\translation_Screen Shot 2018-06-08 at 2.36.18 PM.png,Apple__Rotten,heavy,244,214,40.64,1039.43,151.99,0.0438,1,0.4894,505.34,0.6874,1,0.6784,1030.09,0.3721,1,0.9999,1106.14,0.335,fast
data\test\Potato__Rotten\rottenPotato (488).jpg,Potato__Rotten,light,369,280,14.13,1811.08,44.68,0.0449,1,0.2308,45.53,0.8408,1,0.9792,94.01,0.6845,1,0.9765,60.7,0.6839,fast
data\test\Apple__Healthy\saltandpepper_Screen Shot 2018-06-08 at 5.13.02 PM.png,Apple__Healthy,heavy,432,430,183.53,2893.36,138.63,0.0447,1,0.9626,491.0,0.6922,1,1.0,1194.97,0.3171,1,0.9996,1241.04,0.29,fast
data\test\Banana__Healthy\rotated_by_15_Screen Shot 2018-06-12 at 9.45.34 PM.png,Banana__Healthy,burst,564,456,127.75,284.21,213.23,0.0076,1,0.875,1311.1,0.4185,1,0.9999,1751.75,0.1313,1,0.9996,1924.07,0.062,fast
data\test\Banana__Healthy\freshBanana (363).jpg,Banana__Healthy,heavy,224,224,8.04,250.19,124.26,0.0327,1,0.9528,632.41,0.645,1,1.0,1077.58,0.3562,1,1.0,1188.78,0.3074,fast
data\test\Mango__Rotten\alternaria_056.jpg,Mango__Rotten,heavy,224,224,6.79,117.6,123.11,0.0217,1,0.8781,675.18,0.6307,1,1.0,1111.16,0.345,1,1.0,998.91,0.3708,fast
data\test\Carrot__Rotten\rottenCarrot (72).jpg,Carrot__Rotten,heavy,316,159,3.24,296.26,234.34,0.0273,1,0.6038,631.74,0.6452,1,1.0,1163.75,0.3275,1,0.9991,889.97,0.4071,fast
data\test\Apple__Healthy\translation_Screen Shot 2018-06-08 at 5.25.22 PM.png,Apple__Healthy,heavy,274,316,56.73,829.33,163.57,0.0153,1,0.8545,738.11,0.6097,1,1.0,1109.14,0.3457,1,1.0,1019.05,0.364,fast
data\test\Banana__Rotten\vertical_flip_Screen Shot 2018-06-12 at 8.49.52 PM.png,Banana__Rotten,heavy,628,374,122.4,67.24,205.4,0.0148,1,0.9962,212.0,0.7853,1,1.0,1173.04,0.3244,1,1.0,1106.66,0.3348,fast
data\test\Mango__Rotten\838.jpg,Mango__Rotten,light,224,224,6.3,117.27,99.73,0.0337,1,0.7934,59.68,0.8361,1,0.9998,44.87,0.7009,1,1.0,107.12,0.6684,fast
data\test\Banana__Rotten\saltandpepper_Screen Shot 2018-06-12 at 8.56.30 PM.png,Banana__Rotten,light,734,424,262.79,3346.08,215.74,0.0878,1,0.9995,133.97,0.8113,1,1.0,23.36,0.7081,1,1.0,83.45,0.6763,fast
data\test\Orange__Healthy\rotated_by_60_Screen Shot 2018-06-12 at 11.55.23 PM.png,Orange__Healthy,light,318,352,124.92,569.39,149.37,0.0322,1,0.9894,111.71,0.8187,1,0.9999,101.96,0.6818,1,0.9999,106.15,0.6687,fast
data\test\Grape__Rotten\RottenGrape (159).jpg,Grape__Rotten,light,1017,710,110.59,38.47,140.09,0.0098,1,0.6542,123.4,0.8148,1,0.9999,44.87,0.7009,1,1.0,172.1,0.6467,fast
data\test\Apple__Rotten\rottenApple (334).jpg,Apple__Rotten,heavy,240,242,70.55,963.54,137.66,0.0985,1,0.7512,624.21,0.6477,1,1.0,375.2,0.5907,1,0.9997,1024.34,0.3623,fast
data\test\Banana__Rotten\rotated_by_30_Screen Shot 2018-06-12 at 9.10.14 PM.png,Banana__Rotten,light,502,408,169.85,461.72,151.47,0.0379,1,0.9994,115.92,0.8173,1,1.0,104.94,0.6808,1,1.0,57.71,0.6849,fast
data\test\Cucumber__Healthy\freshCucumber (416).jpg,Cucumber__Healthy,light,224,224,23.8,64.1,189.61,0.0162,0,0.193,93.93,-0.1753,1,0.9998,118.81,0.6762,1,0.9922,133.8,0.6595,balanced
data\test\Apple__Rotten\Screen Shot 2018-06-07 at 2.15.50 PM.png,Apple__Rotten,heavy,504,484,300.53,29.07,159.16,0.0131,1,0.756,631.18,0.6454,1,0.9998,1152.47,0.3313,1,1.0,997.88,0.3711,fast
data\test\Mango__Rotten\rottenMango (130).jpg,Mango__Rotten,heavy,224,224,9.29,263.89,115.17,0.0474,1,0.9902,709.29,0.6193,1,1.0,1077.58,0.3562,1,1.0,1265.29,0.2819,fast
data\test\Orange__Healthy\Screen Shot 2018-06-13 at 12.13.58 AM.png,Orange__Healthy,light,376,314,131.96,12.54,193.4,0.0067,1,0.9833,55.62,0.8375,1,1.0,170.28,0.659,1,0.9997,100.47,0.6706,fast
data\test\Strawberry__Rotten\55.jpg,Strawberry__Rotten,light,224,224,3.02,48.04,138.38,0.0101,1,0.9646,16.26,0.8506,1,1.0,60.43,0.6957,1,1.0,215.44,0.6322,fast
data\test\Tomato__Healthy\freshTomato (149).png,Tomato__Healthy,heavy,480,322,214.24,694.06,157.0,0.0729,1,0.9989,408.07,0.7198,1,1.0,1091.32,0.3517,1,1.0,847.21,0.4214,fast
data\test\Bellpepper__Rotten\rottenPepper (486).jpg,Bellpepper__Rotten,heavy,194,259,12.47,718.1,100.44,0.1216,0,0.8127,1053.59,-0.4956,1,0.6425,1132.31,0.338,1,0.9663,1009.73,0.3672,heavy
data\test\Mango__Healthy\healthy_134.jpg,Mango__Healthy,heavy,224,224,4.06,60.45,134.77,0.0131,1,0.9633,623.22,0.648,1,1.0,1160.49,0.3286,1,1.0,1111.48,0.3332,fast
data\test\Apple__Healthy\saltandpepper_Screen Shot 2018-06-08 at 5.28.38 PM.png,Apple__Healthy,light,164,154,32.68,2905.0,176.4,0.058,1,0.9848,32.78,0.8451,1,1.0,43.13,0.7015,1,0.9999,20.54,0.6973,fast
data\test\Mango__Healthy\956.jpg,Mango__Healthy,light,224,224,5.59,55.42,104.14,0.0138,1,0.9475,68.49,0.8332,1,1.0,148.41,0.6663,1,1.0,33.45,0.693,fast
data\test\Apple__Rotten\rotated_by_30_Screen Shot 2018-06-07 at 2.52.09 PM.png,Apple__Rotten,light,422,376,171.8,420.86,124.36,0.0216,1,0.9886,18.28,0.8499,1,1.0,22.28,0.7084,1,1.0,246.9,0.6217,fast
data\test\Cucumber__Healthy\freshCucumber (111).jpg,Cucumber__Healthy,heavy,480,848,42.18,45.82,164.6,0.0071,1,0.9621,647.16,0.64,1,0.9998,1301.11,0.2816,1,0.9987,1265.81,0.2817,fast
data\test\Potato__Healthy\freshPotato (215).jpg,Potato__Healthy,light,224,224,12.05,31.75,106.92,0.006,0,0.5073,78.57,-0.1702,1,1.0,69.88,0.6925,1,1.0,36.83,0.6918,balanced
data\test\Bellpepper__Healthy\freshPepper (514).jpg,Bellpepper__Healthy,light,224,224,8.58,175.29,221.23,0.0333,1,0.5786,94.08,0.8246,1,0.9981,42.19,0.7018,1,0.965,64.55,0.6826,fast
data\test\Apple__Healthy\rotated_by_60_Screen Shot 2018-06-08 at 5.28.04 PM.png,Apple__Healthy,heavy,364,388,114.41,476.76,165.27,0.0128,1,0.9973,709.82,0.6191,1,0.9999,1196.37,0.3166,1,0.9999,1112.74,0.3328,fast
data\test\Strawberry__Rotten\476.jpg,Strawberry__Rotten,light,224,224,3.04,56.73,135.98,0.0087,1,0.9091,64.18,0.8346,1,1.0,47.38,0.7001,1,1.0,85.37,0.6756,fast
data\test\Mango__Rotten\793.jpg,Mango__Rotten,light,224,224,6.06,93.9,103.66,0.0247,1,0.7278,33.46,0.8449,1,1.0,87.66,0.6866,1,0.9999,25.54,0.6956,fast
data\test\Carrot__Healthy\freshCarrot (200).jpg,Carrot__Healthy,light,224,224,14.88,324.38,98.01,0.0836,1,0.968,78.45,0.8298,1,1.0,35.49,0.704,1,1.0,49.24,0.6877,fast
data\test\Banana__Healthy\rotated_by_45_Screen Shot 2018-06-12 at 9.49.32 PM.png,Banana__Healthy,light,618,344,82.52,412.73,172.02,0.0088,1,0.9749,134.89,0.811,1,1.0,57.28,0.6968,1,1.0,83.56,0.6762,fast
data\test\Potato__Healthy\freshPotato (220).jpg,Potato__Healthy,burst,224,224,70.61,144.61,123.43,0.0133,1,0.9347,387.11,0.7268,1,0.9998,2598.06,0.0159,1,0.9973,990.11,0.3737,fast
data\test\Tomato__Rotten\rottenTomato (511).jpg,Tomato__Rotten,light,224,224,9.46,352.32,118.63,0.0578,1,0.5342,33.55,0.8448,1,1.0,41.2,0.7021,1,1.0,484.53,0.5424,fast
data\test\Strawberry__Rotten\894.jpg,Strawberry__Rotten,light,224,224,6.57,132.93,125.74,0.0292,1,0.9005,12.77,0.8518,1,0.9998,106.81,0.6802,1,1.0,93.75,0.6728,fast
data\test\Orange__Rotten\translation_Screen Shot 2018-06-12 at 11.42.20 PM.png,Orange__Rotten,heavy,566,462,369.22,433.6,134.73,0.0639,1,0.9967,638.74,0.6429,1,0.9892,932.36,0.4047,1,0.9265,1114.31,0.3323,fast
data\test\Mango__Healthy\freshMango (36).png,Mango__Healthy,light,320,258,101.89,955.23,115.37,0.0455,0,0.4707,116.1,-0.1827,1,0.9299,19.25,0.7094,1,0.9091,42.83,0.6898,balanced
data\test\Pomegranate__Healthy\FreshPomegranate (14).jpg,Pomegranate__Healthy,heavy,1624,1686,395.86,45.62,123.93,0.0049,1,0.592,538.73,0.6762,1,0.9912,857.64,0.4296,1,0.9668,923.02,0.3961,fast
data\test\Mango__Healthy\freshMango (320).jpg,Mango__Healthy,heavy,224,224,3.25,63.42,144.59,0.0114,1,0.7828,558.71,0.6696,1,1.0,1097.19,0.3497,1,1.0,1158.25,0.3176,fast
data\test\Banana__Healthy\rotated_by_60_Screen Shot 2018-06-12 at 9.47.55 PM.png,Banana__Healthy,heavy,682,446,102.54,326.68,174.04,0.0067,1,0.9805,709.82,0.6191,1,1.0,1097.19,0.3497,1,1.0,1027.73,0.3611,fast
data\test\Apple__Rotten\rotated_by_15_Screen Shot 2018-06-07 at 2.47.01 PM.png,Apple__Rotten,light,434,406,144.55,308.81,193.93,0.0082,0,0.503,83.48,-0.1718,1,1.0,107.51,0.68,1,1.0,139.01,0.6577,balanced
data\test\Strawberry__Healthy\810.jpg,Strawberry__Healthy,heavy,224,224,7.0,175.65,121.99,0.0361,1,0.8383,581.76,0.6619,1,0.9998,1161.03,0.3284,1,0.9968,847.74,0.4212,fast
data\test\Cucumber__Healthy\freshCucumber (450).jpg,Cucumber__Healthy,heavy,224,224,26.48,3911.19,97.64,0.2772,1,0.9331,630.17,0.6457,1,1.0,1255.02,0.297,1,1.0,906.45,0.4016,fast
data\test\Banana__Healthy\rotated_by_30_Screen Shot 2018-06-12 at 9.54.50 PM.png,Banana__Healthy,light,450,440,130.31,406.63,186.27,0.0173,1,0.9957,76.77,0.8304,1,1.0,30.11,0.7058,1,1.0,149.51,0.6542,fast
data\test\Bellpepper__Rotten\rottenPepper (151).jpg,Bellpepper__Rotten,light,390,280,14.89,897.68,185.43,0.0372,0,0.3363,79.7,-0.1706,1,0.642,34.46,0.7044,0,0.4029,97.09,-0.3283,balanced
data\test\Apple__Rotten\Screen Shot 2018-06-07 at 3.05.29 PM.png,Apple__Rotten,heavy,480,418,245.97,24.9,159.48,0.0171,1,0.9703,608.85,0.6528,1,0.9999,1132.76,0.3378,1,1.0,1228.87,0.294,fast
data\test\Cucumber__Rotten\rottenCucumber (252).jpg,Cucumber__Rotten,burst,100,100,5.32,3656.77,161.08,0.1018,1,0.9979,1431.77,0.3782,1,1.0,1895.21,0.0834,1,0.9999,2650.04,0.0041,fast
data\test\Apple__Rotten\rottenApple (250).jpg,Apple__Rotten,burst,480,424,189.45,2924.6,184.27,0.0432,1,0.7955,1412.24,0.3847,1,0.9999,1722.14,0.1411,1,0.9972,660.57,0.4837,heavy
data\test\Orange__Rotten\Screen Shot 2018-06-12 at 11.31.48 PM.png,Orange__Rotten,light,450,438,317.25,16.81,183.5,0.003,1,0.9077,195.39,0.7908,1,1.0,154.43,0.6643,1,0.9977,117.67,0.6649,fast
data\test\Apple__Healthy\freshApple (215).jpg,Apple__Healthy,burst,100,100,4.67,1171.94,135.54,0.0367,1,0.673,1292.19,0.4248,1,1.0,1543.36,0.2008,1,0.9991,2776.04,0.0041,fast
data\test\Potato__Healthy\freshPotato (25).jpg,Potato__Healthy,light,270,187,2.88,62.99,228.26,0.0189,1,0.6163,20.67,0.8491,1,0.9587,139.21,0.6694,1,0.8787,187.71,0.6415,fast
data\test\Banana__Rotten\rotated_by_15_Screen Shot 2018-06-12 at 9.13.04 PM.png,Banana__Rotten,heavy,386,350,155.1,135.97,111.86,0.0232,0,0.3663,816.54,-0.4165,1,1.0,1051.71,0.3649,1,0.9993,1076.02,0.345,balanced
data\test\Orange__Rotten\vertical_flip_Screen Shot 2018-06-12 at 11.37.19 PM.png,Orange__Rotten,heavy,392,324,110.14,34.25,207.27,0.0105,1,0.9996,632.41,0.645,1,1.0,1020.03,0.3755,1,1.0,1241.04,0.29,fast
data\test\Banana__Healthy\rotated_by_45_Screen Shot 2018-06-12 at 9.46.07 PM.png,Banana__Healthy,burst,478,430,105.64,510.26,191.57,0.012,1,0.9915,1430.02,0.3788,1,1.0,1365.89,0.26,1,1.0,1924.07,0.062,fast
data\test\Mango__Healthy\freshMango (140).png,Mango__Healthy,heavy,320,258,107.41,572.01,116.6,0.0578,1,0.7775,562.4,0.6683,1,0.9745,1066.52,0.3599,1,0.9848,1111.48,0.3332,fast
data\test\Apple__Healthy\rotated_by_15_Screen Shot 2018-06-08 at 5.06.10 PM.png,Apple__Healthy,light,352,358,89.81,434.56,188.5,0.0164,1,0.9709,58.02,0.8367,1,0.9999,94.07,0.6845,1,0.9999,45.78,0.6889,fast
data\test\Carrot__Healthy\freshCarrot (130).jpg,Carrot__Healthy,light,224,224,23.75,34.59,155.99,0.0056,1,0.5153,58.3,0.8366,1,0.9999,53.3,0.6981,1,0.9969,124.75,0.6625,fast
data\test\Bellpepper__Rotten\rottenPepper (347).jpg,Bellpepper__Rotten,light,100,100,7.35,2049.78,153.69,0.1663,0,0.6217,20.69,-0.1509,1,0.9153,104.15,0.6811,1,0.9945,119.28,0.6643,balanced
data\test\Strawberry__Healthy\128.jpg,Strawberry__Healthy,light,224,224,6.33,196.01,83.73,0.022,1,0.9704,32.64,0.8451,1,1.0,25.28,0.7074,1,1.0,137.64,0.6582,fast
data\test\Apple__Rotten\vertical_flip_Screen Shot 2018-06-08 at 2.48.09 PM.png,Apple__Rotten,heavy,436,386,118.52,40.62,188.17,0.0086,1,0.8222,631.18,0.6454,1,1.0,1199.07,0.3157,1,0.9997,1047.59,0.3545,fast
data\test\Strawberry__Rotten\rottenStrawberry (173).jpg,Strawberry__Rotten,heavy,2968,2637,767.84,68.94,193.55,0.0109,1,0.7639,581.09,0.6621,1,1.0,627.51,0.5064,1,0.9997,836.45,0.425,fast
data\test\Banana__Healthy\freshBanana (175).jpg,Banana__Healthy,heavy,1218,1167,129.14,19.66,161.61,0.0066,1,0.9641,611.53,0.6519,1,1.0,849.9,0.4322,1,1.0,1144.97,0.322,fast
data\test\Tomato__Rotten\rottenTomato (404).jpg,Tomato__Rotten,burst,224,224,3.81,65.86,132.29,0.0166,1,0.9031,1599.82,0.3221,1,1.0,1365.89,0.26,1,0.9999,1450.95,0.2199,fast
data\test\Banana__Healthy\freshBanana (102).jpg,Banana__Healthy,light,1599,895,129.09,36.67,154.76,0.0072,0,0.2338,73.0,-0.1683,1,1.0,109.53,0.6793,1,0.9961,47.23,0.6884,heavy
data\test\Orange__Rotten\rottenOrange (258).jpg,Orange__Rotten,heavy,224,224,9.92,548.97,128.18,0.1274,1,0.9796,211.03,0.7856,1,1.0,1436.11,0.2366,1,1.0,1047.29,0.3546,fast
data\test\Banana__Healthy\rotated_by_15_Screen Shot 2018-06-12 at 9.57.38 PM.png,Banana__Healthy,light,518,356,69.84,326.66,208.85,0.0087,1,0.8377,34.92,0.8444,1,1.0,17.49,0.71,1,1.0,169.23,0.6477,fast
data\test\Carrot__Healthy\freshCarrot (445).jpg,Carrot__Healthy,burst,953,1300,57.14,665.96,243.17,0.0106,1,0.6449,1253.53,0.4377,1,0.9984,1499.22,0.2155,1,0.9952,2453.38,0.0041,fast
data\test\Banana__Rotten\rotated_by_30_Screen Shot 2018-06-12 at 9.27.52 PM.png,Banana__Rotten,heavy,450,310,91.21,481.1,161.63,0.0192,1,0.9834,727.23,0.6133,1,1.0,1318.74,0.2758,1,0.9999,2377.16,0.0041,fast
data\test\Potato__Healthy\freshPotato (100).jpg,Potato__Healthy,burst,100,100,4.42,1611.42,181.32,0.0472,1,0.9558,547.4,0.6733,1,0.9999,2145.48,0.0159,1,0.9949,1650.47,0.1533,fast
data\test\Orange__Healthy\freshOrange (50).png,Orange__Healthy,burst,320,258,107.85,647.09,123.13,0.0602,1,0.9026,1313.14,0.4178,1,1.0,1762.21,0.1278,1,1.0,1374.68,0.2454,fast
data\test\Carrot__Healthy\freshCarrot (481).jpg,Carrot__Healthy,heavy,720,720,98.82,419.82,117.93,0.0439,1,0.9967,732.14,0.6117,1,1.0,1076.47,0.3566,1,0.997,1004.92,0.3688,fast
data\test\Tomato__Rotten\rottenTomato (128).jpg,Tomato__Rotten,heavy,307,346,148.39,751.45,217.36,0.0834,1,0.5986,345.27,0.7408,1,0.9998,225.66,0.6406,1,0.9998,996.18,0.3717,fast
data\test\Bellpepper__Healthy\freshPepper (200).jpg,Bellpepper__Healthy,light,224,224,15.18,406.94,83.53,0.0761,1,0.9785,82.53,0.8285,1,0.9994,119.46,0.676,1,0.9995,30.6,0.6939,fast
data\test\Apple__Healthy\vertical_flip_Screen Shot 2018-06-08 at 5.12.14 PM.png,Apple__Healthy,light,470,452,192.88,16.26,174.91,0.0085,1,0.9068,43.33,0.8416,1,0.9593,56.2,0.6971,1,0.9998,28.82,0.6945,fast
data\test\Mango__Healthy\freshMango (303).jpg,Mango__Healthy,burst,224,224,4.82,83.66,129.61,0.0133,1,0.9359,1336.89,0.4099,1,1.0,1596.57,0.183,1,1.0,10783.84,0.0041,fast
data\test\Cucumber__Healthy\freshCucumber (51).jpg,Cucumber__Healthy,burst,848,480,30.19,38.59,162.83,0.0074,1,0.9973,1458.17,0.3694,1,0.9998,439.53,0.5692,1,0.9999,1215.87,0.2984,balanced
data\test\Tomato__Healthy\freshTomato (223).jpg,Tomato__Healthy,light,224,224,16.11,615.76,112.84,0.1126,1,0.5731,74.01,0.8313,1,0.9315,80.99,0.6888,1,0.774,138.51,0.6579,fast
data\test\Banana__Rotten\rotated_by_45_Screen Shot 2018-06-12 at 9.04.47 PM.png,Banana__Rotten,light,248,322,129.2,637.42,109.94,0.1221,1,0.9969,86.96,0.827,1,1.0,153.33,0.6647,1,0.9998,66.98,0.6818,fast
data\test\Mango__Rotten\84.jpg,Mango__Rotten,heavy,224,224,4.91,407.31,128.24,0.0429,1,0.9281,627.2,0.6467,1,1.0,1184.55,0.3205,1,1.0,1144.97,0.322,fast
data\test\Orange__Rotten\rottenOrange (440).jpg,Orange__Rotten,light,224,224,4.98,103.37,116.61,0.0264,1,0.748,108.29,0.8199,1,1.0,86.87,0.6869,1,1.0,209.9,0.6341,fast
data\test\Apple__Healthy\rotated_by_75_Screen Shot 2018-06-08 at 5.16.06 PM.png,Apple__Healthy,light,226,210,56.98,594.76,166.98,0.0241,1,0.9891,47.23,0.8403,1,1.0,58.6,0.6963,1,0.9978,92.99,0.6731,fast
data\test\Strawberry__Rotten\723.jpg,Strawberry__Rotten,light,224,224,11.09,705.78,109.03,0.128,1,0.9969,110.16,0.8193,1,1.0,91.99,0.6852,1,1.0,72.76,0.6798,fast
data\test\Banana__Healthy\rotated_by_45_Screen Shot 2018-06-12 at 9.42.09 PM.png,Banana__Healthy,light,572,440,275.64,103.48,124.24,0.0223,1,0.959,47.23,0.8403,1,1.0,97.69,0.6833,1,0.9995,172.67,0.6465,fast
data\test\Apple__Rotten\rotated_by_45_Screen Shot 2018-06-07 at 2.38.38 PM.png,Apple__Rotten,light,424,390,141.07,461.8,140.61,0.0173,1,0.7397,66.72,0.8338,1,1.0,76.35,0.6904,1,1.0,159.16,0.651,fast
data\test\Mango__Rotten\470.jpg,Mango__Rotten,heavy,224,224,9.88,350.01,106.31,0.0841,1,0.9847,738.11,0.6097,1,1.0,932.36,0.4047,1,1.0,847.23,0.4214,fast
data\test\Guava__Healthy\FreshGuava (98).jpg,Guava__Healthy,light,1191,1283,176.5,21.3,139.68,0.0026,1,0.9971,26.04,0.8473,1,1.0,102.1,0.6818,1,0.9999,131.7,0.6602,fast
data\test\Jujube__Healthy\FreshJujube (164).jpg,Jujube__Healthy,light,3186,2333,864.77,15.48,171.94,0.0003,1,0.7449,117.83,0.8167,1,0.9999,106.51,0.6803,1,0.9994,272.29,0.6133,fast
data\test\Orange__Healthy\rotated_by_60_Screen Shot 2018-06-13 at 12.19.08 AM.png,Orange__Healthy,burst,362,332,133.54,411.71,133.69,0.0175,1,0.9348,1315.21,0.4171,1,0.9998,1895.21,0.0834,1,0.993,1796.11,0.1047,fast
data\test\Cucumber__Rotten\rottenCucumber (92).jpg,Cucumber__Rotten,heavy,100,100,3.86,2236.37,185.62,0.0425,1,0.9835,732.51,0.6116,1,1.0,1045.97,0.3668,1,0.9999,1019.57,0.3639,fast
data\test\Apple__Rotten\rotated_by_15_Screen Shot 2018-06-07 at 2.22.00 PM.png,Apple__Rotten,light,418,408,185.4,372.34,156.31,0.0265,1,0.9624,65.82,0.8341,1,1.0,92.21,0.6851,1,1.0,123.35,0.663,fast
data\test\Banana__Rotten\rotated_by_45_Screen Shot 2018-06-12 at 8.57.04 PM.png,Banana__Rotten,burst,656,420,261.84,374.29,125.02,0.0202,1,0.9973,1429.92,0.3788,1,0.9999,1768.04,0.1258,1,1.0,1772.33,0.1126,fast
data\test\Apple__Rotten\rottenApple (565).jpg,Apple__Rotten,light,100,100,5.41,4115.23,204.97,0.0842,0,0.3667,28.31,-0.1534,1,0.9996,112.9,0.6782,1,0.9992,37.9,0.6915,heavy
data\test\Orange__Rotten\translation_Screen Shot 2018-06-12 at 11.22.21 PM.png,Orange__Rotten,light,268,238,60.71,777.3,149.08,0.0444,1,0.9659,16.96,0.8504,1,0.9999,22.98,0.7082,1,0.9999,34.91,0.6925,fast
data\test\Banana__Healthy\Banana__Healthy_augmented_338.jpg,Banana__Healthy,light,224,224,5.62,469.97,171.2,0.0326,1,0.9919,39.54,0.8428,1,1.0,31.44,0.7054,1,0.9999,150.51,0.6539,fast
data\test\Apple__Rotten\rotated_by_60_Screen Shot 2018-06-08 at 2.24.31 PM.png,Apple__Rotten,light,430,374,125.39,402.96,146.47,0.0155,1,0.931,25.28,0.8476,1,1.0,85.41,0.6874,1,1.0,118.88,0.6645,fast
data\test\Apple__Rotten\rottenApple (197).jpg,Apple__Rotten,heavy,4160,3120,2086.65,23.16,208.68,0.0015,0,0.2596,797.02,-0.41,1,0.9995,1051.71,0.3649,0,0.508,556.5,-0.4816,balanced
data\test\Banana__Healthy\rotated_by_30_Screen Shot 2018-06-12 at 9.58.07 PM.png,Banana__Healthy,heavy,492,470,179.3,388.05,183.78,0.0165,1,0.9996,726.72,0.6135,1,1.0,1139.25,0.3357,1,1.0,1278.53,0.2774,fast
data\test\Strawberry__Rotten\rottenStrawberry (213).jpg,Strawberry__Rotten,heavy,224,224,11.02,579.44,114.61,0.1259,1,0.9787,1342.85,0.4079,1,1.0,1045.97,0.3668,1,1.0,430.01,0.5606,heavy
data\test\Orange__Rotten\rotated_by_45_Screen Shot 2018-06-12 at 11.37.58 PM.png,Orange__Rotten,burst,438,424,189.39,424.96,153.07,0.0157,1,0.9998,998.11,0.5229,1,1.0,5506.74,0.0159,1,0.9999,1475.61,0.2117,fast
data\test\Orange__Rotten\saltandpepper_Screen Shot 2018-06-12 at 11.43.31 PM.png,Orange__Rotten,light,324,318,112.69,2703.15,199.26,0.043,1,0.9987,61.74,0.8354,1,1.0,204.83,0.6475,1,1.0,32.05,0.6934,fast
data\test\Carrot__Rotten\rottenCarrot (346).jpg,Carrot__Rotten,light,275,183,3.83,268.13,224.31,0.0304,1,0.3811,32.58,0.8451,1,0.9998,209.07,0.6461,1,0.9835,137.54,0.6582,fast
data\test\Strawberry__Healthy\417.jpg,Strawberry__Healthy,light,224,224,3.09,41.76,148.92,0.0099,1,0.844,38.66,0.8431,1,1.0,105.89,0.6805,1,0.9997,25.53,0.6956,fast
data\test\Potato__Rotten\rottenPotato (214).jpg,Potato__Rotten,light,259,194,11.28,2073.97,101.94,0.2274,1,0.8201,29.8,0.8461,1,0.9922,92.27,0.6851,1,0.9457,128.97,0.6611,fast
data\test\Orange__Healthy\translation_Screen Shot 2018-06-13 at 12.09.25 AM.png,Orange__Healthy,burst,328,296,89.48,525.1,131.71,0.023,1,0.9902,332.74,0.745,1,1.0,1750.74,0.1316,1,1.0,1925.08,0.0617,fast
data\test\Bellpepper__Healthy\freshPepper (253).jpg,Bellpepper__Healthy,light,224,224,15.67,493.36,101.0,0.0941,1,0.9863,78.08,0.83,1,0.9975,175.29,0.6574,1,0.9998,196.51,0.6385,fast
data\test\Apple__Healthy\translation_Screen Shot 2018-06-08 at 5.23.14 PM.png,Apple__Healthy,burst,182,188,22.91,1120.67,151.9,0.0188,1,0.7768,387.11,0.7268,1,0.996,1586.76,0.1863,1,0.9959,661.14,0.4835,fast
data\test\Orange__Healthy\Screen Shot 2018-06-13 at 12.16.45 AM.png,Orange__Healthy,light,352,312,126.51,31.08,197.54,0.0126,1,0.9478,79.8,0.8294,1,1.0,73.32,0.6914,1,1.0,50.54,0.6873,fast
data\test\Orange__Rotten\rotated_by_30_Screen Shot 2018-06-12 at 11.20.30 PM.png,Orange__Rotten,heavy,434,422,187.64,27.98,97.37,0.0103,0,0.8306,623.22,-0.352,1,0.9999,1324.45,0.2739,1,0.9988,1239.57,0.2904,heavy
data\test\Strawberry__Rotten\rottenStrawberry (93).jpg,Strawberry__Rotten,light,2642,2168,723.28,38.22,135.32,0.0032,0,0.3597,32.7,-0.1549,1,0.9999,48.84,0.6996,1,0.9945,88.91,0.6745,balanced
data\test\Mango__Rotten\486.jpg,Mango__Rotten,light,224,224,10.81,558.34,112.17,0.1361,1,0.9979,427.32,0.7134,1,1.0,82.69,0.6883,1,1.0,45.73,0.6889,fast
data\test\Cucumber__Healthy\freshCucumber (89).jpg,Cucumber__Healthy,heavy,848,480,27.04,26.78,164.37,0.0068,1,0.9975,699.74,0.6225,1,1.0,1045.45,0.367,1,0.9992,847.21,0.4214,fast
data\test\Mango__Healthy\healthy_019.jpg,Mango__Healthy,burst,224,224,7.07,1142.35,201.8,0.0707,0,0.3164,1602.48,-0.6788,1,0.8928,284.9,0.6208,1,0.7269,38.35,0.6913,heavy
data\test\Carrot__Healthy\freshCarrot (600).jpg,Carrot__Healthy,heavy,224,224,14.67,346.56,99.21,0.0635,1,0.9528,867.77,0.5664,1,1.0,1169.67,0.3255,1,1.0,1188.78,0.3074,fast
data\test\Mango__Healthy\795.jpg,Mango__Healthy,burst,224,224,5.74,63.72,124.65,0.0215,1,0.9949,1352.66,0.4046,1,1.0,1895.72,0.0832,1,1.0,7507.99,0.0041,fast
data\test\Bellpepper__Healthy\freshPepper (356).jpg,Bellpepper__Healthy,heavy,224,224,15.12,504.85,89.27,0.0778,1,0.9902,656.06,0.6371,1,0.9997,1131.47,0.3383,1,0.9997,1047.79,0.3545,fast
data\test\Strawberry__Healthy\freshStrawberry (590).jpg,Strawberry__Healthy,heavy,224,224,9.13,309.91,116.54,0.0425,1,0.8598,608.85,0.6528,1,1.0,1202.57,0.3145,1,1.0,1033.73,0.3591,fast
data\test\Cucumber__Healthy\freshCucumber (249).jpg,Cucumber__Healthy,burst,700,644,172.37,1545.89,112.59,0.1754,1,0.4733,1164.49,0.4674,1,0.965,2146.01,0.0159,1,0.9505,3134.77,0.0041,fast
data\test\Apple__Healthy\FreshApple (190).jpg,Apple__Healthy,burst,2458,2220,661.85,13.16,185.3,0.0002,1,0.8453,961.95,0.535,1,1.0,2146.01,0.0159,1,1.0,1924.58,0.0618,fast
data\test\Apple__Rotten\rotated_by_30_Screen Shot 2018-06-08 at 2.34.37 PM.png,Apple__Rotten,burst,364,316,108.7,548.04,170.64,0.0219,1,0.9592,1179.36,0.4624,1,0.9874,2256.26,0.0159,1,0.9957,1795.6,0.1049,fast
data\test\Banana__Rotten\rotated_by_45_Screen Shot 2018-06-12 at 8.55.15 PM.png,Banana__Rotten,heavy,626,388,165.74,441.04,156.35,0.0378,1,0.9928,646.79,0.6402,1,1.0,1300.58,0.2818,1,1.0,1058.9,0.3507,fast
data\test\Banana__Rotten\rotated_by_75_Screen Shot 2018-06-12 at 9.09.29 PM.png,Banana__Rotten,burst,318,252,87.48,383.82,129.92,0.034,1,0.8988,2839.14,0.156,1,0.9673,249.44,0.6326,1,0.9374,2648.59,0.0041,balanced
data\test\Apple__Healthy\translation_Screen Shot 2018-06-08 at 5.03.05 PM.png,Apple__Healthy,heavy,328,344,90.85,632.92,158.16,0.0073,1,0.9887,628.61,0.6462,1,1.0,226.18,0.6404,1,0.9999,1228.87,0.294,fast
data\test\Orange__Healthy\freshOrange (33).jpg,Orange__Healthy,light,2756,2486,774.21,12.97,185.0,0.0002,1,0.8155,134.89,0.811,1,1.0,88.31,0.6864,1,0.7738,63.43,0.683,fast
data\test\Strawberry__Healthy\813.jpg,Strawberry__Healthy,burst,224,224,7.02,216.35,114.91,0.0279,1,0.8357,638.93,0.6428,1,1.0,2553.51,0.0159,1,0.9998,1702.16,0.1361,fast
data\test\Orange__Rotten\Screen Shot 2018-06-12 at 11.37.58 PM.png,Orange__Rotten,burst,438,424,237.07,23.64,196.26,0.0114,1,0.9985,1426.68,0.3799,1,1.0,2017.38,0.0426,1,0.9963,2590.03,0.0041,fast
data\test\Apple__Rotten\rotated_by_75_Screen Shot 2018-06-08 at 2.48.15 PM.png,Apple__Rotten,heavy,414,396,203.81,441.82,139.66,0.0579,0,0.485,797.02,-0.41,1,0.9999,1300.58,0.2818,1,0.9988,1267.9,0.281,balanced
data\test\Orange__Rotten\rotated_by_15_Screen Shot 2018-06-12 at 11.33.23 PM.png,Orange__Rotten,light,456,432,266.02,370.39,173.1,0.0587,1,0.999,63.32,0.8349,1,0.9998,46.73,0.7003,1,0.9999,112.25,0.6667,fast
data\test\Bellpepper__Rotten\rottenPepper (137).jpg,Bellpepper__Rotten,light,389,280,44.81,2931.35,174.89,0.2163,1,0.6195,24.42,0.8479,1,0.9993,125.46,0.674,1,0.9922,58.35,0.6847,fast
data\test\Mango__Healthy\freshMango (289).jpg,Mango__Healthy,light,224,224,3.95,95.11,76.09,0.0109,1,0.9751,52.71,0.8384,1,1.0,23.96,0.7079,1,1.0,25.53,0.6956,fast
data\test\Mango__Rotten\lasio_010.jpg,Mango__Rotten,burst,224,224,5.76,186.84,91.97,0.0349,1,0.9909,1254.06,0.4375,1,1.0,10008.68,0.0159,1,1.0,2590.54,0.0041,fast
data\test\Banana__Healthy\rotated_by_60_Screen Shot 2018-06-12 at 9.42.41 PM.png,Banana__Healthy,heavy,530,392,101.88,395.44,182.66,0.0124,1,0.9844,635.64,0.6439,1,1.0,1125.23,0.3403,1,1.0,995.65,0.3719,fast
data\test\Strawberry__Rotten\rottenStrawberry (382).jpg,Strawberry__Rotten,heavy,274,184,8.3,3234.98,180.18,0.0956,1,0.5502,738.71,0.6095,1,1.0,1302.49,0.2812,1,1.0,993.83,0.3725,fast
data\test\Orange__Rotten\rotated_by_75_Screen Shot 2018-06-12 at 11.26.07 PM.png,Orange__Rotten,light,230,210,74.7,489.49,151.91,0.0609,1,0.9902,80.54,0.8291,1,1.0,142.98,0.6681,1,1.0,21.37,0.697,fast
data\test\Banana__Rotten\rotated_by_15_Screen Shot 2018-06-12 at 9.12.40 PM.png,Banana__Rotten,light,410,282,155.71,151.4,99.19,0.0402,1,0.9918,104.39,0.8212,1,1.0,55.66,0.6973,1,0.9993,99.1,0.6711,fast
data\test\Bellpepper__Rotten\rottenPepper (555).jpg,Bellpepper__Rotten,light,201,251,7.54,1399.59,177.41,0.0912,0,0.4674,51.86,-0.1613,1,0.9644,139.81,0.6692,1,0.9507,196.59,0.6385,balanced
data\test\Banana__Rotten\translation_Screen Shot 2018-06-12 at 9.19.28 PM.png,Banana__Rotten,burst,444,288,160.04,190.26,66.74,0.0406,1,0.9994,1355.71,0.4036,1,1.0,2598.07,0.0159,1,1.0,3136.65,0.0041,fast
data\test\Strawberry__Healthy\392.jpg,Strawberry__Healthy,light,224,224,3.99,58.64,140.07,0.0178,1,0.7049,15.2,0.8509,1,1.0,174.94,0.6575,1,1.0,174.74,0.6458,fast
data\test\Strawberry__Healthy\freshStrawberry (270).jpg,Strawberry__Healthy,light,224,224,5.74,145.4,99.27,0.0173,1,0.8198,35.63,0.8441,1,1.0,131.78,0.6719,1,1.0,104.31,0.6693,fast
data\test\Carrot__Healthy\freshCarrot (207).jpg,Carrot__Healthy,light,224,224,13.06,145.54,103.53,0.0543,1,0.9844,147.15,0.8069,1,1.0,153.33,0.6647,1,1.0,82.14,0.6767,fast
data\test\Banana__Rotten\translation_Screen Shot 2018-06-12 at 9.06.56 PM.png,Banana__Rotten,heavy,582,338,110.59,378.31,131.93,0.0121,1,0.9724,733.51,0.6112,1,1.0,1079.53,0.3556,1,1.0,923.95,0.3958,fast
data\test\Banana__Healthy\freshBanana (134).png,Banana__Healthy,heavy,480,322,168.84,435.86,110.09,0.0497,1,0.9363,641.94,0.6418,1,1.0,1201.01,0.3151,1,0.9995,1265.81,0.2817,fast
data\test\Orange__Rotten\rotated_by_15_Screen Shot 2018-06-12 at 11.26.02 PM.png,Orange__Rotten,light,198,210,64.78,644.23,168.26,0.0836,0,0.5713,81.08,-0.171,1,0.9961,109.53,0.6793,1,0.9999,140.48,0.6572,balanced
data\test\Carrot__Rotten\rottenCarrot (334).jpg,Carrot__Rotten,heavy,100,100,3.82,7005.16,101.68,0.3277,1,0.5734,588.01,0.6598,1,0.9997,1323.4,0.2742,1,0.9985,1040.37,0.3569,fast
data\test\Mango__Rotten\38.jpg,Mango__Rotten,heavy,224,224,5.27,409.1,130.06,0.0415,1,0.9981,709.29,0.6193,1,1.0,241.27,0.6353,1,1.0,1074.99,0.3454,balanced
data\test\Mango__Rotten\228.jpg,Mango__Rotten,heavy,224,224,3.17,46.72,148.88,0.0115,1,0.9272,441.57,0.7087,1,0.9995,1392.6,0.2511,1,1.0,689.27,0.4741,fast
data\test\Mango__Rotten\673.jpg,Mango__Rotten,burst,224,224,9.84,260.41,110.92,0.0498,1,0.9905,1248.27,0.4394,1,1.0,586.57,0.5201,1,1.0,9573.79,0.0041,balanced
data\test\Strawberry__Rotten\110.jpg,Strawberry__Rotten,burst,224,224,4.07,95.55,133.0,0.0182,1,0.9775,1040.17,0.5089,1,1.0,2505.54,0.0159,1,0.9999,1771.28,0.113,fast
data\test\Mango__Rotten\54.jpg,Mango__Rotten,heavy,224,224,5.04,466.97,118.11,0.0416,1,0.9386,738.71,0.6095,1,1.0,1361.81,0.2614,1,0.9999,1048.86,0.3541,fast
data\test\Strawberry__Rotten\157.jpg,Strawberry__Rotten,light,224,224,5.76,147.06,128.73,0.0443,0,0.5741,73.45,-0.1685,1,1.0,52.3,0.6984,1,1.0,168.42,0.6479,balanced
data\test\Mango__Healthy\294.jpg,Mango__Healthy,light,224,224,3.17,25.47,142.83,0.0082,1,0.9049,46.08,0.8406,1,1.0,171.92,0.6585,1,1.0,29.21,0.6944,fast
data\test\Strawberry__Healthy\761.jpg,Strawberry__Healthy,light,224,224,7.18,181.34,124.35,0.0285,1,0.8619,55.48,0.8375,1,1.0,23.71,0.708,1,1.0,62.97,0.6831,fast
data\test\Mango__Healthy\freshMango (157).png,Mango__Healthy,burst,320,258,110.47,996.22,117.11,0.0468,1,0.6805,961.95,0.535,1,0.9999,1394.73,0.2504,1,0.994,2776.57,0.0041,fast
data\test\Strawberry__Rotten\966.jpg,Strawberry__Rotten,light,224,224,7.05,183.11,127.4,0.0379,1,0.7884,67.08,0.8336,1,0.9825,44.61,0.701,1,0.9956,17.07,0.6984,fast
data\test\Banana__Rotten\rotated_by_75_Screen Shot 2018-06-12 at 9.05.02 PM.png,Banana__Rotten,heavy,272,416,152.53,302.83,91.1,0.0914,1,0.9946,736.04,0.6104,1,1.0,1109.69,0.3455,1,0.9989,1099.62,0.3372,fast
data\test\Strawberry__Rotten\345.jpg,Strawberry__Rotten,heavy,224,224,3.44,94.08,143.33,0.0177,1,0.9712,627.22,0.6467,1,1.0,1202.57,0.3145,1,0.9999,906.45,0.4016,fast
data\test\Banana__Rotten\rottenBanana (335).jpg,Banana__Rotten,heavy,224,224,5.17,194.21,111.86,0.0366,1,0.9416,627.56,0.6466,1,1.0,1131.98,0.3381,1,1.0,1074.99,0.3454,fast
data\test\Apple__Healthy\translation_Screen Shot 2018-06-08 at 5.20.26 PM.png,Apple__Healthy,heavy,462,432,217.44,582.99,142.08,0.0193,1,0.9136,739.84,0.6091,1,0.9999,1301.62,0.2815,1,0.9998,1267.55,0.2811,fast
data\test\Orange__Rotten\rottenOrange (417).jpg,Orange__Rotten,light,224,224,4.11,55.52,134.26,0.0135,1,0.6576,77.77,0.8301,1,0.987,30.67,0.7056,1,0.9996,100.47,0.6706,fast
data\test\Apple__Rotten\vertical_flip_Screen Shot 2018-06-08 at 2.39.51 PM.png,Apple__Rotten,heavy,288,254,61.08,15.07,214.39,0.0092,1,0.8512,609.05,0.6528,1,0.9997,1086.39,0.3533,1,0.9995,1158.25,0.3176,fast
data\test\Orange__Rotten\rotated_by_15_Screen Shot 2018-06-12 at 11.23.09 PM.png,Orange__Rotten,heavy,472,410,295.82,246.86,161.64,0.0295,1,1.0,647.3,0.64,1,1.0,1131.98,0.3381,1,1.0,1368.8,0.2473,fast
data\test\Banana__Rotten\saltandpepper_Screen Shot 2018-06-12 at 9.18.43 PM.png,Banana__Rotten,burst,586,420,257.55,2989.19,186.67,0.0602,1,0.9816,336.64,0.7437,1,0.9999,1365.89,0.26,1,0.9997,2088.75,0.0071,fast
data\test\Banana__Healthy\rotated_by_60_Screen Shot 2018-06-12 at 9.42.44 PM.png,Banana__Healthy,burst,392,408,96.56,441.64,191.13,0.0216,1,0.994,573.75,0.6645,1,1.0,2592.88,0.0159,1,0.9999,660.05,0.4839,fast
data\test\Guava__Rotten\RottenGuava (6).jpg,Guava__Rotten,light,3480,2763,1425.77,69.8,166.54,0.0062,0,0.4432,72.39,-0.1681,1,0.9999,239.36,0.636,1,0.9972,120.99,0.6638,heavy
data\test\Banana__Healthy\rotated_by_75_Screen Shot 2018-06-12 at 9.48.48 PM.png,Banana__Healthy,light,232,158,30.41,727.16,159.07,0.027,1,0.966,78.98,0.8297,1,1.0,93.19,0.6848,1,1.0,138.51,0.6579,fast
data\test\Carrot__Rotten\rottenCarrot (474).jpg,Carrot__Rotten,light,276,183,3.63,612.97,199.33,0.0248,1,0.6813,40.47,0.8425,1,0.998,70.68,0.6923,1,0.9995,139.83,0.6575,fast
data\test\Orange__Rotten\rottenOrange (487).jpg,Orange__Rotten,heavy,224,224,8.19,955.47,99.7,0.0689,1,0.98,623.7,0.6479,1,0.9999,849.39,0.4324,1,0.9769,1346.25,0.2548,fast
data\test\Tomato__Rotten\rottenTomato (138).jpg,Tomato__Rotten,heavy,258,275,150.27,155.74,143.3,0.0604,1,0.5481,642.15,0.6417,1,1.0,1198.55,0.3159,1,1.0,1087.72,0.3411,fast
data\test\Orange__Rotten\vertical_flip_Screen Shot 2018-06-12 at 11.22.32 PM.png,Orange__Rotten,heavy,360,344,164.81,95.12,169.76,0.0571,1,0.9982,707.3,0.62,1,0.9987,1043.49,0.3676,1,1.0,1005.67,0.3685,fast
data\test\Tomato__Healthy\freshTomato (208).jpg,Tomato__Healthy,light,224,224,5.03,305.42,105.35,0.0265,0,0.5598,32.12,-0.1547,1,1.0,115.43,0.6773,1,1.0,55.23,0.6857,heavy
data\test\Strawberry__Rotten\540.jpg,Strawberry__Rotten,light,224,224,10.56,466.22,122.71,0.1095,1,0.9981,24.44,0.8479,1,1.0,174.94,0.6575,1,0.9999,32.42,0.6933,fast
data\test\Banana__Rotten\rotated_by_45_Screen Shot 2018-06-12 at 8.47.41 PM.png,Banana__Rotten,light,682,466,166.31,381.73,160.49,0.0242,1,0.9999,17.68,0.8501,1,1.0,17.49,0.71,1,1.0,41.34,0.6903,fast
data\test\Apple__Rotten\Screen Shot 2018-06-08 at 2.39.21 PM.png,Apple__Rotten,light,430,400,214.61,55.4,176.7,0.0311,1,0.9326,12.77,0.8518,1,0.9997,192.63,0.6516,1,0.9993,168.42,0.6479,fast
data\test\Banana__Healthy\rotated_by_30_Screen Shot 2018-06-12 at 10.04.59 PM.png,Banana__Healthy,burst,738,478,251.25,304.66,183.15,0.0143,1,0.9999,998.11,0.5229,1,1.0,673.98,0.4909,1,1.0,1729.89,0.1268,fast
data\test\Apple__Rotten\translation_Screen Shot 2018-06-08 at 2.43.29 PM.png,Apple__Rotten,heavy,332,304,99.4,179.02,80.23,0.0208,1,0.392,635.64,0.6439,1,0.9999,1150.87,0.3318,1,0.9983,1228.87,0.294,fast
data\test\Mango__Healthy\freshMango (84).png,Mango__Healthy,heavy,320,258,116.94,1146.82,126.37,0.0643,1,0.7304,726.55,0.6135,1,0.9998,1067.54,0.3596,1,0.9994,454.93,0.5523,fast
data\test\Potato__Rotten\rottenPotato (96).jpg,Potato__Rotten,light,380,253,14.35,681.49,205.5,0.0726,1,0.6474,72.39,0.8319,1,0.9996,96.83,0.6836,1,0.9998,246.9,0.6217,fast
data\test\Apple__Rotten\rotated_by_45_Screen Shot 2018-06-08 at 2.38.33 PM.png,Apple__Rotten,light,368,360,122.12,538.21,154.43,0.0244,1,0.9868,61.86,0.8354,1,0.9996,99.38,0.6827,1,1.0,59.92,0.6841,fast
data\test\Strawberry__Healthy\158.jpg,Strawberry__Healthy,light,224,224,6.1,524.74,94.28,0.0302,1,0.9853,28.31,0.8466,1,1.0,81.48,0.6887,1,0.9999,19.48,0.6976,fast
data\test\Bellpepper__Rotten\rottenPepper (588).jpg,Bellpepper__Rotten,light,262,192,7.63,1310.26,86.4,0.0849,1,0.4989,74.17,0.8313,1,0.9999,230.44,0.639,1,0.9963,68.92,0.6811,fast
data\test\Apple__Rotten\rotated_by_15_Screen Shot 2018-06-08 at 2.36.55 PM.png,Apple__Rotten,heavy,372,368,125.31,405.58,173.38,0.0163,1,0.7171,638.74,0.6429,1,1.0,1042.98,0.3678,1,1.0,1265.29,0.2819,fast
data\test\Strawberry__Healthy\freshStrawberry (323).jpg,Strawberry__Healthy,heavy,100,100,5.13,2109.74,137.59,0.0912,1,0.9241,740.35,0.6089,1,1.0,1036.79,0.3699,1,1.0,1019.57,0.3639,fast
data\test\Tomato__Rotten\rottenTomato (563).jpg,Tomato__Rotten,heavy,224,224,8.65,268.94,118.93,0.0465,1,0.6362,732.66,0.6115,1,1.0,1065.28,0.3603,1,0.9999,1019.57,0.3639,fast
data\test\Orange__Healthy\vertical_flip_Screen Shot 2018-06-12 at 11.59.48 PM.png,Orange__Healthy,light,384,368,124.97,14.53,197.58,0.0075,1,0.9753,142.77,0.8084,1,1.0,80.32,0.6891,1,0.9999,52.1,0.6867,fast
data\test\Mango__Healthy\903.jpg,Mango__Healthy,heavy,224,224,5.74,55.69,107.54,0.0113,1,0.9642,806.51,0.5869,1,1.0,1323.41,0.2742,1,1.0,1028.8,0.3608,fast
data\test\Apple__Rotten\rotated_by_45_Screen Shot 2018-06-07 at 2.41.23 PM.png,Apple__Rotten,burst,396,400,141.09,453.89,141.22,0.0114,1,0.9417,213.63,0.7847,1,1.0,1223.57,0.3075,1,1.0,1120.26,0.3303,fast
data\test\Apple__Healthy\FreshApple (133).jpg,Apple__Healthy,light,2094,2035,600.68,40.79,179.03,0.0029,1,0.8968,89.9,0.826,1,0.9996,147.28,0.6667,1,0.9999,65.27,0.6823,fast
data\test\Orange__Rotten\rottenOrange (380).jpg,Orange__Rotten,light,224,224,5.14,170.53,115.3,0.0249,1,0.2926,44.39,0.8412,1,1.0,77.11,0.6901,1,0.9992,24.6,0.6959,fast
data\test\Cucumber__Healthy\freshCucumber (534).jpg,Cucumber__Healthy,burst,848,480,10.69,19.16,161.72,0.0066,1,0.997,65.59,0.8341,1,0.9999,210.06,0.6458,1,0.9985,2090.3,0.0065,fast
data\test\Apple__Healthy\FreshApple (132).jpg,Apple__Healthy,burst,2615,2064,726.28,23.09,188.65,0.0009,1,0.7773,798.85,0.5894,1,1.0,1085.58,0.3536,1,1.0,1215.87,0.2984,fast
data\test\Banana__Healthy\Banana__Healthy_augmented_345.jpg,Banana__Healthy,heavy,224,224,6.59,93.34,117.52,0.0076,1,0.709,702.74,0.6215,1,1.0,1173.04,0.3244,1,1.0,1022.72,0.3628,fast
data\test\Orange__Healthy\rotated_by_60_Screen Shot 2018-06-13 at 12.04.12 AM.png,Orange__Healthy,heavy,456,360,178.93,365.7,145.47,0.018,1,0.9976,676.79,0.6302,1,0.9999,1131.29,0.3383,1,0.9999,847.21,0.4214,fast
data\test\Orange__Rotten\saltandpepper_Screen Shot 2018-06-12 at 11.29.58 PM.png,Orange__Rotten,light,696,454,336.83,2790.67,186.35,0.0545,1,0.7109,81.1,0.829,1,0.9998,99.38,0.6827,1,0.9999,25.54,0.6956,fast
data\test\Apple__Rotten\rotated_by_30_Screen Shot 2018-06-07 at 2.57.42 PM.png,Apple__Rotten,light,372,360,108.65,524.99,181.81,0.0233,1,0.52,33.59,0.8448,1,0.9995,43.44,0.7014,1,0.9999,484.53,0.5424,fast
data\test\Apple__Healthy\rotated_by_30_Screen Shot 2018-06-08 at 5.15.01 PM.png,Apple__Healthy,light,400,464,171.34,420.39,127.74,0.018,1,0.9431,68.99,0.833,1,1.0,124.91,0.6742,1,1.0,78.02,0.6781,fast
data\test\Mango__Rotten\773.jpg,Mango__Rotten,light,224,224,6.16,86.6,99.54,0.0216,1,0.9803,57.19,0.8369,1,1.0,33.07,0.7048,1,1.0,38.98,0.6911,fast
data\test\Apple__Rotten\rottenApple (447).jpg,Apple__Rotten,heavy,238,254,63.97,752.76,151.28,0.0279,1,0.9873,611.03,0.6521,1,0.9869,1147.36,0.333,1,0.9947,1112.51,0.3329,fast
data\test\Potato__Rotten\rottenPotato (520).jpg,Potato__Rotten,heavy,390,280,40.73,2259.1,133.81,0.1545,1,0.5465,732.14,0.6117,0,0.7386,1111.16,-0.655,1,0.9177,1111.51,0.3332,fast
data\test\Banana__Healthy\Banana__Healthy_augmented_24.jpg,Banana__Healthy,light,224,224,4.89,483.6,158.82,0.0266,1,0.8514,57.47,0.8368,1,1.0,58.8,0.6962,1,1.0,158.24,0.6513,fast
data\test\Apple__Healthy\freshApple (529).png,Apple__Healthy,burst,480,322,203.91,391.23,89.93,0.0539,1,0.9778,387.11,0.7268,1,0.9975,2212.66,0.0159,1,1.0,1650.47,0.1533,fast
data\test\Orange__Rotten\rottenOrange (183).jpg,Orange__Rotten,heavy,2733,2225,810.0,21.82,152.63,0.0004,0,0.3433,441.57,-0.2913,1,0.9236,1096.68,0.3499,1,0.9906,1112.51,0.3329,balanced
data\test\Banana__Healthy\Banana__Healthy_augmented_276.jpg,Banana__Healthy,light,224,224,6.36,534.46,172.96,0.0427,1,0.9484,108.29,0.8199,1,1.0,88.31,0.6864,1,1.0,149.6,0.6542,fast
data\test\Apple__Healthy\rotated_by_30_Screen Shot 2018-06-08 at 5.00.03 PM.png,Apple__Healthy,burst,412,418,174.39,441.2,131.92,0.0183,1,0.9723,1312.13,0.4181,1,1.0,1223.05,0.3077,1,1.0,649.26,0.4875,heavy
data\test\Potato__Healthy\freshPotato (455).jpg,Potato__Healthy,light,224,224,7.93,94.97,178.72,0.0216,1,0.9285,48.53,0.8398,1,0.9987,59.74,0.6959,1,0.998,62.92,0.6831,fast
data\test\Mango__Healthy\107.jpg,Mango__Healthy,light,224,224,3.69,108.31,69.87,0.0112,1,0.9539,59.86,0.836,1,1.0,25.13,0.7075,1,1.0,68.09,0.6814,fast
data\test\Apple__Healthy\translation_Screen Shot 2018-06-08 at 5.06.33 PM.png,Apple__Healthy,heavy,212,152,20.19,1157.6,149.08,0.0128,1,0.7989,726.2,0.6137,1,0.9998,1228.01,0.306,1,0.9904,1048.56,0.3542,fast
data\test\Apple__Rotten\rotated_by_60_Screen Shot 2018-06-08 at 2.39.21 PM.png,Apple__Rotten,light,430,400,184.64,454.87,136.53,0.0338,1,0.855,44.45,0.8412,1,1.0,35.03,0.7042,1,0.9999,147.01,0.6551,fast
data\test\Banana__Rotten\rotated_by_15_Screen Shot 2018-06-12 at 8.49.52 PM.png,Banana__Rotten,heavy,628,374,129.45,341.91,174.92,0.0172,1,0.9987,815.34,0.5839,1,1.0,1202.57,0.3145,1,1.0,1099.62,0.3372,fast
data\test\Orange__Healthy\translation_Screen Shot 2018-06-13 at 12.05.46 AM.png,Orange__Healthy,heavy,320,250,77.05,526.85,134.3,0.0125,1,0.8651,874.63,0.5641,1,0.9996,820.25,0.4421,1,0.9992,1048.35,0.3543,fast
data\test\Orange__Healthy\rotated_by_15_Screen Shot 2018-06-13 at 12.15.21 AM.png,Orange__Healthy,light,418,254,101.45,472.18,175.69,0.0159,1,0.9159,47.28,0.8402,1,1.0,114.98,0.6775,1,0.9987,95.3,0.6723,fast
data\test\Mango__Healthy\488.jpg,Mango__Healthy,heavy,224,224,10.87,645.94,116.4,0.1687,1,0.9851,691.17,0.6254,1,1.0,828.6,0.4393,1,1.0,1158.25,0.3176,fast
data\test\Orange__Healthy\translation_Screen Shot 2018-06-12 at 11.55.05 PM.png,Orange__Healthy,light,504,476,198.59,520.05,169.4,0.0141,1,0.9932,162.2,0.8019,1,1.0,61.08,0.6955,1,1.0,29.34,0.6943,fast
data\test\Orange__Rotten\saltandpepper_Screen Shot 2018-06-12 at 11.20.18 PM.png,Orange__Rotten,light,400,364,155.27,2758.25,189.31,0.0516,1,0.9975,69.19,0.8329,1,0.9972,72.64,0.6916,1,0.9998,181.86,0.6434,fast
data\test\Cucumber__Healthy\freshCucumber (265).jpg,Cucumber__Healthy,heavy,1000,563,22.69,145.69,216.14,0.0249,1,0.6143,647.16,0.64,0,0.6608,820.25,-0.5579,1,0.6341,1003.91,0.3691,fast
data\test\Bellpepper__Healthy\freshPepper (437).jpg,Bellpepper__Healthy,light,224,224,15.03,284.08,104.51,0.1045,1,0.6713,70.39,0.8325,1,0.9979,104.3,0.6811,1,0.9977,83.57,0.6762,fast
data\test\Guava__Rotten\RottenGuava (30).jpg,Guava__Rotten,light,3681,2578,1405.75,104.66,147.71,0.0141,1,0.6918,71.65,0.8321,1,0.9838,139.21,0.6694,1,0.9999,27.15,0.6951,fast
data\test\Orange__Rotten\rotated_by_60_Screen Shot 2018-06-12 at 11.18.34 PM.png,Orange__Rotten,light,354,384,146.75,462.66,169.36,0.0238,1,0.9998,82.96,0.8283,1,1.0,102.1,0.6818,1,1.0,114.04,0.6661,fast
data\test\Strawberry__Rotten\rottenStrawberry (72).jpg,Strawberry__Rotten,heavy,3071,3417,1360.48,34.87,190.89,0.0038,1,0.9557,569.61,0.6659,1,1.0,1139.25,0.3357,1,1.0,998.91,0.3708,fast
data\test\Pomegranate__Healthy\FreshPomegranate (111).jpg,Pomegranate__Healthy,heavy,2273,2401,710.17,26.05,130.68,0.0034,1,0.6334,196.63,0.7904,1,1.0,1032.23,0.3714,1,0.9998,1265.81,0.2817,fast
data\test\Apple__Rotten\saltandpepper_Screen Shot 2018-06-07 at 2.43.54 PM.png,Apple__Rotten,light,474,428,210.95,2994.42,158.43,0.0468,1,0.9474,36.56,0.8438,1,1.0,106.77,0.6802,1,1.0,162.97,0.6497,fast
data\test\Tomato__Rotten\rottenTomato (163).jpg,Tomato__Rotten,light,800,533,66.94,663.26,118.13,0.0831,0,0.3848,84.54,-0.1722,1,0.8228,100.04,0.6825,1,0.7278,21.37,0.697,heavy
data\test\Banana__Healthy\rotated_by_30_Screen Shot 2018-06-12 at 10.01.41 PM.png,Banana__Healthy,light,518,428,119.81,378.29,195.93,0.0097,1,0.9983,80.23,0.8292,1,1.0,25.55,0.7073,1,0.9999,171.58,0.6469,fast
data\test\Bellpepper__Healthy\freshPepper (363).jpg,Bellpepper__Healthy,burst,224,224,14.89,503.96,84.87,0.082,1,0.9957,1248.27,0.4394,1,0.9999,1200.87,0.3151,1,0.9998,2098.27,0.0041,fast
data\test\Apple__Rotten\Screen Shot 2018-06-07 at 2.35.10 PM.png,Apple__Rotten,light,362,318,143.26,28.53,206.64,0.0202,1,0.9298,92.33,0.8252,1,1.0,87.66,0.6866,1,0.9997,60.19,0.684,fast
data\test\Apple__Rotten\rotated_by_45_Screen Shot 2018-06-07 at 2.57.13 PM.png,Apple__Rotten,light,342,348,107.53,460.64,109.59,0.0266,0,0.9831,43.83,-0.1586,1,1.0,27.41,0.7067,1,1.0,148.74,0.6545,balanced
data\test\Potato__Healthy\freshPotato (500).jpg,Potato__Healthy,burst,224,224,12.37,494.88,120.45,0.0636,1,0.8574,961.95,0.535,1,1.0,775.98,0.4569,1,0.9522,1650.47,0.1533,fast
data\test\Carrot__Rotten\rottenCarrot (340).jpg,Carrot__Rotten,light,100,100,1.91,264.42,146.07,0.0518,1,0.3587,15.51,0.8508,1,0.9999,75.19,0.6908,1,0.9852,83.75,0.6762,fast
data\test\Cucumber__Rotten\rottenCucumber (353).jpg,Cucumber__Rotten,light,195,240,8.57,3085.94,170.65,0.0429,0,0.4444,92.24,-0.1748,1,0.995,42.57,0.7017,1,0.5425,107.2,0.6684,balanced
data\test\Banana__Healthy\saltandpepper_Screen Shot 2018-06-12 at 9.39.13 PM.png,Banana__Healthy,light,764,408,123.04,3373.01,235.8,0.0261,1,0.9624,45.23,0.8409,1,1.0,152.24,0.6651,1,1.0,161.9,0.6501,fast
data\test\Strawberry__Healthy\43.jpg,Strawberry__Healthy,light,224,224,6.13,168.0,87.07,0.0149,1,0.9725,62.68,0.8351,1,1.0,54.73,0.6976,1,1.0,138.94,0.6578,fast
data\test\Tomato__Rotten\rottenTomato (199).jpg,Tomato__Rotten,heavy,283,251,34.33,272.49,176.46,0.0511,1,0.5886,690.65,0.6255,1,0.9971,1086.41,0.3533,1,0.9989,1005.67,0.3685,fast
data\test\Carrot__Rotten\rottenCarrot (163).jpg,Carrot__Rotten,light,100,100,5.24,2561.65,57.18,0.1154,1,0.4976,41.57,0.8421,1,0.9982,114.98,0.6775,1,0.9994,87.44,0.6749,fast
data\test\Potato__Healthy\freshPotato (152).jpg,Potato__Healthy,burst,224,224,42.73,102.16,142.9,0.0221,0,0.4329,289.18,-0.2405,1,0.9997,7773.35,0.0159,1,0.9367,3134.77,0.0041,balanced
data\test\Banana__Healthy\rotated_by_15_Screen Shot 2018-06-12 at 9.47.59 PM.png,Banana__Healthy,heavy,592,392,86.32,306.15,212.41,0.009,1,0.9674,628.61,0.6462,1,1.0,1277.28,0.2896,1,1.0,835.92,0.4252,fast
data\test\Strawberry__Rotten\937.jpg,Strawberry__Rotten,burst,224,224,7.63,261.39,134.1,0.0514,1,0.9644,1568.06,0.3327,1,1.0,1430.21,0.2386,1,0.9999,2758.46,0.0041,fast
data\test\Strawberry__Rotten\974.jpg,Strawberry__Rotten,light,224,224,7.83,286.95,126.98,0.0497,1,0.8991,27.19,0.8469,1,1.0,71.14,0.6921,1,0.9996,17.07,0.6984,fast
data\test\Orange__Rotten\rotated_by_75_Screen Shot 2018-06-12 at 11.23.24 PM.png,Orange__Rotten,light,228,168,43.77,730.25,134.57,0.0263,1,0.408,94.08,0.8246,1,0.9967,48.84,0.6996,1,0.9975,50.54,0.6873,fast
data\test\Banana__Healthy\saltandpepper_Screen Shot 2018-06-12 at 9.43.03 PM.png,Banana__Healthy,light,330,360,60.23,3340.49,243.39,0.0276,1,0.621,16.83,0.8504,1,1.0,36.6,0.7037,1,0.9998,159.16,0.651,fast
data\test\Tomato__Healthy\freshTomato (59).png,Tomato__Healthy,heavy,480,322,190.35,625.4,161.5,0.0689,1,0.9991,537.69,0.6766,1,1.0,1321.33,0.2749,1,1.0,994.33,0.3723,fast
data\test\Banana__Healthy\rotated_by_30_Screen Shot 2018-06-12 at 9.57.31 PM.png,Banana__Healthy,light,632,412,97.61,355.22,193.33,0.0119,1,0.9872,93.91,0.8247,1,0.8688,83.26,0.6881,1,0.9994,27.27,0.695,fast
data\test\Banana__Rotten\rotated_by_45_Screen Shot 2018-06-12 at 9.04.19 PM.png,Banana__Rotten,light,548,366,312.21,334.95,86.55,0.1173,1,0.9987,85.57,0.8275,1,0.9707,35.5,0.704,1,0.9889,78.02,0.6781,fast
data\test\Orange__Rotten\rotated_by_60_Screen Shot 2018-06-12 at 11.41.04 PM.png,Orange__Rotten,burst,340,298,100.22,475.21,143.32,0.0189,1,0.6291,1412.27,0.3847,1,0.9989,1598.24,0.1825,1,0.9409,2097.26,0.0042,fast
data\test\Apple__Rotten\rotated_by_60_Screen Shot 2018-06-07 at 2.20.34 PM.png,Apple__Rotten,heavy,512,470,189.25,364.22,156.43,0.0116,0,0.564,627.2,-0.3533,1,0.9964,1147.36,0.333,1,0.8996,1099.62,0.3372,heavy
data\test\Apple__Healthy\vertical_flip_Screen Shot 2018-06-08 at 5.25.33 PM.png,Apple__Healthy,heavy,400,408,138.68,9.74,187.01,0.0052,1,0.9157,560.85,0.6688,1,1.0,1151.96,0.3314,1,0.9991,1111.48,0.3332,fast
data\test\Apple__Healthy\rotated_by_60_Screen Shot 2018-06-08 at 5.11.35 PM.png,Apple__Healthy,burst,346,318,106.36,561.85,173.11,0.0262,1,0.9303,123.58,0.8148,1,1.0,1763.23,0.1274,1,1.0,1616.7,0.1646,fast
data\test\Carrot__Healthy\freshCarrot (64).jpg,Carrot__Healthy,heavy,224,224,14.5,485.39,118.56,0.0381,1,0.7797,608.33,0.653,1,1.0,1277.28,0.2896,1,0.9999,1058.9,0.3507,fast
data\test\Grape__Rotten\RottenGrape (163).jpg,Grape__Rotten,light,681,767,93.82,56.03,147.72,0.0127,0,0.5223,50.58,-0.1609,1,0.9999,57.08,0.6968,1,1.0,114.04,0.6661,balanced
data\test\Banana__Rotten\rotated_by_45_Screen Shot 2018-06-12 at 9.25.34 PM.png,Banana__Rotten,heavy,398,314,71.57,620.89,167.64,0.0278,1,1.0,633.44,0.6446,1,1.0,1301.62,0.2815,1,1.0,922.51,0.3963,fast
data\test\Mango__Healthy\freshMango (196).png,Mango__Healthy,heavy,320,258,127.0,2069.98,80.42,0.0912,1,0.8109,442.09,0.7085,1,0.9988,1138.84,0.3358,1,0.9985,1024.34,0.3623,fast
data\test\Tomato__Rotten\rottenTomato (141).jpg,Tomato__Rotten,light,414,372,352.27,68.01,171.35,0.0584,0,0.4837,44.39,-0.1588,1,0.9998,131.4,0.672,1,0.9998,138.23,0.658,balanced
data\test\Potato__Healthy\freshPotato (315).jpg,Potato__Healthy,light,224,224,50.78,264.25,142.52,0.0451,1,0.8253,209.38,0.7861,1,1.0,152.61,0.6649,1,0.9997,172.1,0.6467,fast
data\test\Mango__Rotten\rottenMango (486).jpg,Mango__Rotten,heavy,224,224,3.36,101.74,141.62,0.0175,1,0.829,505.34,0.6874,1,1.0,627.51,0.5064,1,1.0,1187.71,0.3078,fast
data\test\Cucumber__Rotten\rottenCucumber (419).jpg,Cucumber__Rotten,light,390,280,28.59,1582.31,142.73,0.0982,1,0.9039,40.47,0.8425,1,0.5095,415.9,0.5771,1,0.959,92.66,0.6732,fast
data\test\Orange__Rotten\rottenOrange (74).jpg,Orange__Rotten,light,2481,2402,651.97,11.02,160.17,0.0,1,0.9323,116.1,0.8173,1,0.9996,107.79,0.6799,1,1.0,59.73,0.6842,fast
data\test\Grape__Healthy\FreshGrape (196).jpg,Grape__Healthy,light,678,672,73.92,129.09,139.48,0.0136,1,0.7457,93.79,0.8247,1,0.9969,127.61,0.6733,1,0.9961,190.31,0.6406,fast
data\test\Orange__Healthy\vertical_flip_Screen Shot 2018-06-12 at 11.58.18 PM.png,Orange__Healthy,burst,220,174,43.42,47.01,176.01,0.0275,1,0.9446,798.33,0.5896,1,0.9999,1574.99,0.1902,1,0.9996,1771.81,0.1128,fast
data\test\Orange__Healthy\freshOrange (93).png,Orange__Healthy,heavy,320,258,101.65,684.93,114.06,0.0453,1,0.7435,732.5,0.6116,1,0.9999,1180.37,0.3219,1,0.9995,847.74,0.4212,fast
data\test\Mango__Healthy\652.jpg,Mango__Healthy,light,224,224,10.24,412.7,113.65,0.1297,1,0.9849,34.28,0.8446,1,1.0,116.82,0.6769,1,1.0,25.53,0.6956,fast
data\test\Apple__Rotten\rottenApple (314).jpg,Apple__Rotten,heavy,418,366,190.14,22.07,187.39,0.0112,1,0.9337,726.2,0.6137,1,0.9999,1065.28,0.3603,1,0.9931,1049.17,0.354,fast
data\test\Apple__Rotten\rotated_by_30_Screen Shot 2018-06-08 at 2.52.57 PM.png,Apple__Rotten,heavy,328,284,81.3,545.47,167.84,0.0157,1,0.9351,669.26,0.6327,1,1.0,834.97,0.4372,1,1.0,1072.37,0.3462,fast
data\test\Apple__Healthy\Screen Shot 2018-06-08 at 5.19.47 PM.png,Apple__Healthy,light,382,440,214.17,43.81,166.86,0.0275,1,0.8024,107.6,0.8201,1,1.0,187.43,0.6533,1,1.0,128.97,0.6611,fast
data\test\Bellpepper__Healthy\freshPepper (58).jpg,Bellpepper__Healthy,light,100,100,2.84,1382.23,158.54,0.1073,1,0.5913,25.99,0.8473,1,1.0,73.71,0.6913,1,0.9938,153.62,0.6529,fast
data\test\Potato__Healthy\freshPotato (328).jpg,Potato__Healthy,light,224,224,73.61,156.71,126.07,0.0275,1,0.9572,17.97,0.85,1,0.9999,76.17,0.6904,1,0.9999,168.42,0.6479,fast
data\test\Pomegranate__Healthy\FreshPomegranate (48).jpg,Pomegranate__Healthy,heavy,2605,2431,802.91,23.88,132.54,0.0029,1,0.8769,596.88,0.6568,1,1.0,1143.16,0.3344,1,1.0,1158.25,0.3176,fast
data\test\Apple__Rotten\rottenApple (33).jpg,Apple__Rotten,heavy,2666,2373,661.78,11.57,169.92,0.0001,0,0.7728,676.28,-0.3697,1,0.9995,977.06,0.3898,1,0.9946,1228.87,0.294,balanced
data\test\Strawberry__Healthy\freshStrawberry (542).jpg,Strawberry__Healthy,light,224,224,9.72,356.86,117.09,0.0555,0,0.3017,31.18,-0.1544,1,1.0,61.07,0.6955,1,1.0,74.42,0.6793,balanced
data\test\Orange__Healthy\rotated_by_15_Screen Shot 2018-06-12 at 11.52.03 PM.png,Orange__Healthy,light,400,374,170.55,364.0,167.52,0.0211,1,0.9936,160.94,0.8023,1,1.0,83.87,0.6879,1,1.0,143.07,0.6564,fast
data\test\Mango__Rotten\626.jpg,Mango__Rotten,burst,224,224,10.28,350.23,113.19,0.105,1,0.9825,527.62,0.6799,1,1.0,662.84,0.4947,1,1.0,2262.16,0.0041,fast
data\test\Mango__Rotten\907.jpg,Mango__Rotten,heavy,224,224,5.87,97.33,109.51,0.0192,0,0.6702,505.34,-0.3126,1,0.9998,1195.49,0.3169,1,0.998,1144.45,0.3222,heavy
data\test\Mango__Healthy\freshMango (211).jpg,Mango__Healthy,heavy,500,500,140.95,386.4,188.97,0.026,0,0.3549,684.89,-0.3725,0,0.8389,1067.04,-0.6402,0,0.9962,529.53,-0.4726,fast
data\test\Mango__Rotten\218.jpg,Mango__Rotten,heavy,224,224,3.35,30.61,148.04,0.0105,1,0.952,732.5,0.6116,1,0.9997,1323.41,0.2742,1,0.9995,1217.07,0.298,fast
data\test\Potato__Rotten\rottenPotato (298).jpg,Potato__Rotten,light,254,199,4.58,123.87,77.7,0.0254,0,0.9569,43.62,-0.1585,1,0.9999,87.74,0.6866,1,0.9992,81.33,0.677,balanced
data\test\Orange__Rotten\rotated_by_60_Screen Shot 2018-06-12 at 11.37.58 PM.png,Orange__Rotten,light,438,424,192.73,390.27,157.1,0.0154,1,0.9998,42.91,0.8417,1,1.0,23.96,0.7079,1,0.9999,205.06,0.6357,fast
data\test\Orange__Healthy\freshOrange (302).png,Orange__Healthy,burst,320,258,123.14,1657.78,123.85,0.0846,1,0.9289,387.11,0.7268,1,1.0,2244.98,0.0159,1,0.9998,3158.54,0.0041,fast
data\test\Banana__Healthy\rotated_by_45_Screen Shot 2018-06-12 at 9.41.43 PM.png,Banana__Healthy,light,496,356,75.03,450.21,189.8,0.0133,1,0.9917,149.63,0.8061,1,1.0,129.98,0.6725,1,0.9998,147.16,0.655,fast
data\test\Apple__Healthy\vertical_flip_Screen Shot 2018-06-08 at 5.04.05 PM.png,Apple__Healthy,light,466,464,211.28,28.18,168.12,0.0117,1,0.9782,140.97,0.809,1,1.0,123.45,0.6747,1,0.9999,89.43,0.6743,fast
data\test\Banana__Healthy\rotated_by_15_Screen Shot 2018-06-12 at 9.49.23 PM.png,Banana__Healthy,light,550,402,122.76,308.74,208.72,0.0111,1,0.9977,118.23,0.8166,1,1.0,106.73,0.6802,1,1.0,166.54,0.6486,fast
data\test\Strawberry__Rotten\319.jpg,Strawberry__Rotten,light,224,224,3.24,72.4,145.69,0.0099,1,0.9457,108.93,0.8197,1,1.0,83.16,0.6881,1,0.9995,83.16,0.6764,fast
data\test\Apple__Healthy\translation_Screen Shot 2018-06-08 at 5.21.31 PM.png,Apple__Healthy,light,346,334,98.79,742.75,153.46,0.023,1,0.9065,17.05,0.8503,1,1.0,44.51,0.701,1,0.9995,149.43,0.6543,fast
data\test\Orange__Healthy\freshOrange (298).jpg,Orange__Healthy,heavy,224,224,5.55,132.54,101.3,0.0261,0,0.7733,518.83,-0.3171,1,0.9979,1143.16,0.3344,1,0.9973,1017.76,0.3645,heavy
data\test\Tomato__Rotten\rottenTomato (477).jpg,Tomato__Rotten,heavy,224,224,10.04,374.48,109.55,0.1363,1,0.4793,621.75,0.6485,1,1.0,1076.47,0.3566,1,1.0,1158.64,0.3175,fast
data\test\Mango__Rotten\rottenMango (541).jpg,Mango__Rotten,light,224,224,3.14,19.92,138.8,0.0122,1,0.8992,82.96,0.8283,1,1.0,30.35,0.7057,1,0.9999,63.43,0.683,fast
data\test\Strawberry__Healthy\399.jpg,Strawberry__Healthy,light,224,224,3.42,64.76,144.05,0.0127,1,0.9403,46.82,0.8404,1,1.0,82.86,0.6882,1,1.0,57.68,0.6849,fast
data\test\Carrot__Rotten\rottenCarrot (247).jpg,Carrot__Rotten,light,100,100,5.64,3657.25,70.79,0.1388,1,0.6496,25.3,0.8476,1,0.9999,135.99,0.6705,1,1.0,117.97,0.6648,fast
data\test\Mango__Healthy\freshMango (44).jpg,Mango__Healthy,light,224,224,2.83,16.53,143.03,0.0069,1,0.9441,24.61,0.8478,1,1.0,96.18,0.6838,1,1.0,153.91,0.6528,fast
data\test\Banana__Rotten\rotated_by_30_Screen Shot 2018-06-12 at 8.52.42 PM.png,Banana__Rotten,burst,518,420,283.72,325.05,111.33,0.0384,1,0.4283,343.36,0.7414,1,1.0,1200.87,0.3151,1,0.9997,3140.46,0.0041,fast
data\test\Pomegranate__Healthy\FreshPomegranate (39).jpg,Pomegranate__Healthy,light,3266,2410,1107.75,54.36,117.69,0.0062,1,0.4608,164.25,0.8012,1,0.9999,76.88,0.6902,1,0.9987,119.46,0.6643,fast
data\test\Mango__Rotten\rottenMango (266).jpg,Mango__Rotten,light,275,183,3.83,513.05,232.23,0.0438,0,0.5105,60.56,-0.1642,1,0.9735,167.9,0.6598,1,0.9904,83.16,0.6764,heavy
data\test\Strawberry__Healthy\690.jpg,Strawberry__Healthy,light,224,224,9.99,378.5,112.7,0.0733,1,0.6785,24.27,0.8479,1,1.0,135.99,0.6705,1,0.9999,121.31,0.6636,fast
data\test\Orange__Healthy\saltandpepper_Screen Shot 2018-06-13 at 12.00.23 AM.png,Orange__Healthy,heavy,296,298,94.66,2741.56,186.76,0.0573,1,0.9159,198.15,0.7899,1,1.0,1192.34,0.3179,1,0.9981,455.48,0.5521,fast
data\test\Mango__Healthy\468.jpg,Mango__Healthy,light,224,224,2.61,4.12,136.46,0.006,1,0.9383,66.2,0.8339,1,1.0,81.91,0.6885,1,1.0,92.39,0.6733,fast
data\test\Banana__Rotten\rotated_by_30_Screen Shot 2018-06-12 at 8.54.48 PM.png,Banana__Rotten,light,644,366,158.64,371.52,138.78,0.0157,1,0.9967,57.19,0.8369,1,1.0,144.63,0.6676,1,1.0,69.44,0.681,fast
data\test\Orange__Rotten\rottenOrange (558).jpg,Orange__Rotten,heavy,224,224,6.64,417.73,96.79,0.0201,1,0.9335,756.15,0.6037,1,1.0,1161.65,0.3282,1,0.9999,1218.59,0.2975,fast
data\test\Mango__Rotten\alternaria_020.jpg,Mango__Rotten,light,224,224,7.11,215.77,106.62,0.0391,1,0.943,32.9,0.845,1,1.0,60.39,0.6957,1,1.0,50.17,0.6874,fast
data\test\Apple__Healthy\translation_Screen Shot 2018-06-08 at 5.28.38 PM.png,Apple__Healthy,heavy,164,154,24.23,1363.98,102.49,0.0278,1,0.9595,732.51,0.6116,1,1.0,1030.6,0.3719,1,0.9999,889.41,0.4073,fast
data\test\Strawberry__Rotten\482.jpg,Strawberry__Rotten,light,224,224,3.58,105.41,139.82,0.0118,1,0.9037,128.2,0.8132,1,1.0,108.47,0.6797,1,0.9999,123.35,0.663,fast
data\test\Bellpepper__Rotten\rottenPepper (426).jpg,Bellpepper__Rotten,heavy,183,275,5.69,1310.75,178.21,0.0783,0,0.4211,627.68,-0.3535,1,0.9895,1130.55,0.3386,1,0.8811,1112.51,0.3329,balanced
data\test\Apple__Healthy\translation_Screen Shot 2018-06-08 at 5.28.32 PM.png,Apple__Healthy,light,152,154,22.27,1407.31,117.08,0.0299,1,0.9338,64.18,0.8346,1,1.0,70.57,0.6923,1,0.9999,33.45,0.693,fast
data\test\Carrot__Rotten\rottenCarrot (437).jpg,Carrot__Rotten,heavy,299,168,8.31,645.13,130.35,0.1243,1,0.8744,799.16,0.5893,1,0.5275,1641.39,0.1681,1,0.9163,1158.25,0.3176,fast
data\test\Apple__Rotten\rotated_by_75_Screen Shot 2018-06-08 at 2.39.35 PM.png,Apple__Rotten,heavy,236,230,46.66,596.45,182.6,0.0175,1,0.7105,814.81,0.5841,1,1.0,986.52,0.3866,1,0.8873,1029.83,0.3604,fast
data\test\Apple__Rotten\rottenApple (429).jpg,Apple__Rotten,heavy,412,350,138.86,84.11,175.88,0.0455,0,0.4697,640.85,-0.3578,1,0.9999,1180.37,0.3219,1,0.998,906.45,0.4016,heavy
data\test\Pomegranate__Rotten\RottenPomegranate (123).jpg,Pomegranate__Rotten,light,4160,3120,2317.89,10.26,173.67,0.0009,0,0.4539,42.31,-0.1581,1,1.0,40.7,0.7023,1,1.0,107.99,0.6681,balanced
data\test\Strawberry__Healthy\994.jpg,Strawberry__Healthy,light,224,224,5.8,103.99,100.49,0.0179,1,0.5031,70.68,0.8324,1,1.0,116.82,0.6769,1,0.9998,43.76,0.6895,fast
data\test\Orange__Rotten\Screen Shot 2018-06-12 at 11.32.04 PM.png,Orange__Rotten,heavy,454,436,336.91,24.99,194.62,0.0051,1,0.9971,778.62,0.5962,1,1.0,1076.47,0.3566,1,1.0,1068.79,0.3474,fast
data\test\Orange__Healthy\translation_Screen Shot 2018-06-13 at 12.09.32 AM.png,Orange__Healthy,light,564,428,198.86,516.54,168.56,0.0128,1,0.9808,89.65,0.8261,1,1.0,142.53,0.6683,1,1.0,27.22,0.695,fast
data\test\Carrot__Rotten\rottenCarrot (148).jpg,Carrot__Rotten,light,275,183,9.01,1798.85,112.94,0.135,1,0.8725,46.24,0.8406,1,1.0,143.06,0.6681,1,0.9944,71.96,0.6801,fast
data\test\Apple__Healthy\rotated_by_60_Screen Shot 2018-06-08 at 5.06.47 PM.png,Apple__Healthy,heavy,472,462,241.39,409.69,129.31,0.0318,1,0.9202,631.7,0.6452,1,0.9999,338.28,0.603,1,1.0,1251.81,0.2864,fast
data\test\Grape__Healthy\FreshGrape (53).jpg,Grape__Healthy,heavy,627,700,45.34,34.8,164.58,0.0044,1,0.8479,638.74,0.6429,1,0.9997,1151.96,0.3314,1,0.9959,1278.53,0.2774,fast
data\test\Orange__Healthy\rotated_by_15_Screen Shot 2018-06-12 at 11.52.40 PM.png,Orange__Healthy,light,352,306,121.72,428.25,169.53,0.0209,1,0.986,24.65,0.8478,1,1.0,66.14,0.6938,1,1.0,92.66,0.6732,fast
data\test\Apple__Rotten\translation_Screen Shot 2018-06-08 at 2.48.52 PM.png,Apple__Rotten,light,302,356,82.21,773.35,147.32,0.0184,1,0.6321,32.1,0.8453,1,0.9961,38.23,0.7031,1,0.9991,107.3,0.6683,fast
data\test\Apple__Healthy\saltandpepper_Screen Shot 2018-06-08 at 5.04.05 PM.png,Apple__Healthy,burst,466,464,218.92,2811.19,167.85,0.0435,1,0.9812,1291.67,0.425,1,1.0,1722.14,0.1411,1,1.0,1796.11,0.1047,fast
data\test\Tomato__Rotten\rottenTomato (136).jpg,Tomato__Rotten,heavy,148,172,38.48,226.42,181.74,0.0554,0,0.3602,779.67,-0.4042,0,0.5418,1202.05,-0.6853,1,0.8689,1166.78,0.3147,heavy
data\test\Potato__Rotten\rottenPotato (301).jpg,Potato__Rotten,heavy,276,182,11.46,4223.66,88.84,0.2058,1,0.7172,709.29,0.6193,1,0.9997,210.56,0.6456,1,0.9627,454.93,0.5523,balanced
data\test\Apple__Healthy\vertical_flip_Screen Shot 2018-06-08 at 5.10.37 PM.png,Apple__Healthy,heavy,200,216,51.27,75.49,171.78,0.0268,1,0.9867,638.23,0.643,1,1.0,834.97,0.4372,1,0.999,1099.62,0.3372,fast
data\test\Orange__Healthy\vertical_flip_Screen Shot 2018-06-13 at 12.06.28 AM.png,Orange__Healthy,burst,730,418,250.85,17.76,206.86,0.0165,0,0.8561,2834.25,-0.844,1,1.0,2213.2,0.0159,1,1.0,2487.54,0.0041,balanced
data\test\Apple__Rotten\vertical_flip_Screen Shot 2018-06-07 at 2.23.51 PM.png,Apple__Rotten,heavy,386,360,144.92,57.98,190.09,0.0181,1,0.9623,607.3,0.6533,1,1.0,857.64,0.4296,1,0.9929,796.77,0.4382,fast
data\test\Cucumber__Rotten\rottenCucumber (289).jpg,Cucumber__Rotten,light,259,194,8.47,1106.14,178.2,0.1392,1,0.6087,59.54,0.8362,0,0.71,115.43,-0.3227,1,0.9042,83.38,0.6763,fast
data\test\Strawberry__Healthy\809.jpg,Strawberry__Healthy,heavy,224,224,7.1,191.87,121.53,0.0389,1,0.8287,684.38,0.6276,1,0.9998,828.6,0.4393,1,0.9994,1099.62,0.3372,fast
data\test\Banana__Rotten\rotated_by_60_Screen Shot 2018-06-12 at 9.20.07 PM.png,Banana__Rotten,light,654,424,228.86,349.77,120.18,0.0134,1,0.6031,16.44,0.8505,1,1.0,187.43,0.6533,1,0.9989,67.05,0.6818,fast
data\test\Mango__Healthy\healthy_011.jpg,Mango__Healthy,burst,224,224,4.61,97.28,144.21,0.013,1,0.9765,1040.17,0.5089,1,1.0,1201.72,0.3148,1,1.0,7282.17,0.0041,fast
data\test\Strawberry__Rotten\494.jpg,Strawberry__Rotten,light,224,224,3.73,120.4,144.93,0.0123,1,0.8694,56.05,0.8373,1,1.0,97.64,0.6833,1,0.9999,82.09,0.6767,fast
data\test\Orange__Rotten\rotated_by_30_Screen Shot 2018-06-12 at 11.36.42 PM.png,Orange__Rotten,burst,316,328,108.58,518.17,158.05,0.0143,1,0.9972,1602.41,0.3212,1,1.0,276.08,0.6237,1,0.9998,3134.77,0.0041,balanced
data\test\Strawberry__Healthy\freshStrawberry (566).jpg,Strawberry__Healthy,light,224,224,8.92,300.81,116.86,0.0324,1,0.8539,27.32,0.8469,1,1.0,193.9,0.6512,1,1.0,89.43,0.6743,fast
data\test\Strawberry__Healthy\496.jpg,Strawberry__Healthy,light,224,224,3.55,49.67,143.85,0.0119,1,0.952,47.25,0.8403,1,1.0,63.49,0.6947,1,0.9999,198.33,0.6379,fast
data\test\Banana__Healthy\freshBanana (122).png,Banana__Healthy,heavy,320,258,133.39,2126.76,114.58,0.1145,1,0.7244,641.81,0.6418,1,0.988,1553.15,0.1975,1,0.9971,889.41,0.4073,fast
data\test\Orange__Healthy\rotated_by_15_Screen Shot 2018-06-13 at 12.02.45 AM.png,Orange__Healthy,light,288,264,80.97,390.35,162.3,0.0211,1,0.9886,25.24,0.8476,1,1.0,77.27,0.6901,1,1.0,147.16,0.655,fast
data\test\Carrot__Healthy\freshCarrot (38).jpg,Carrot__Healthy,light,224,224,14.12,364.92,122.16,0.0563,1,0.6594,71.09,0.8323,1,0.9996,74.79,0.6909,1,0.9997,61.41,0.6836,fast
data\test\Orange__Rotten\rotated_by_15_Screen Shot 2018-06-12 at 11.41.44 PM.png,Orange__Rotten,light,418,374,170.27,199.99,138.62,0.0203,1,0.9995,19.38,0.8496,1,1.0,116.95,0.6768,1,1.0,90.14,0.674,fast
data\test\Strawberry__Rotten\rottenStrawberry (265).jpg,Strawberry__Rotten,light,224,224,10.95,677.39,116.57,0.1199,1,0.998,42.91,0.8417,1,1.0,91.6,0.6853,1,1.0,76.56,0.6786,fast
data\test\Orange__Rotten\rotated_by_15_Screen Shot 2018-06-12 at 11.27.46 PM.png,Orange__Rotten,heavy,562,378,195.44,336.63,188.47,0.0183,1,0.9947,698.18,0.623,1,1.0,1065.28,0.3603,1,0.9999,1099.62,0.3372,fast
data\test\Banana__Healthy\rotated_by_60_Screen Shot 2018-06-12 at 10.01.07 PM.png,Banana__Healthy,heavy,468,392,124.56,418.62,181.21,0.0131,1,0.7403,640.85,0.6422,1,1.0,1030.6,0.3719,1,1.0,1690.81,0.1399,fast
data\test\Tomato__Healthy\freshTomato (225).jpg,Tomato__Healthy,heavy,224,224,15.81,1056.72,147.1,0.089,0,0.8803,702.74,-0.3785,1,0.9993,1180.37,0.3219,1,0.9196,998.39,0.3709,heavy
data\test\Orange__Healthy\translation_Screen Shot 2018-06-12 at 11.59.38 PM.png,Orange__Healthy,heavy,750,262,131.84,639.08,177.66,0.0132,1,0.7167,621.14,0.6487,1,1.0,314.67,0.6109,1,0.9985,2377.16,0.0041,fast
data\test\Strawberry__Healthy\517.jpg,Strawberry__Healthy,burst,224,224,3.14,46.75,143.96,0.0095,1,0.5677,1092.31,0.4915,1,1.0,2212.16,0.0159,1,1.0,225.37,0.6289,heavy
data\test\Mango__Healthy\freshMango (353).jpg,Mango__Healthy,burst,224,224,2.89,8.18,145.01,0.0063,1,0.9276,1289.61,0.4256,1,1.0,1598.24,0.1825,1,1.0,1245.92,0.2883,fast
data\test\Banana__Rotten\rotated_by_30_Screen Shot 2018-06-12 at 9.22.13 PM.png,Banana__Rotten,light,460,340,198.93,204.88,95.98,0.0418,1,0.9981,38.91,0.843,1,1.0,24.26,0.7078,1,1.0,69.44,0.681,fast
data\test\Orange__Healthy\freshOrange (175).png,Orange__Healthy,light,320,258,112.43,1687.41,131.32,0.0833,0,0.6737,92.57,-0.1749,1,0.9952,120.38,0.6757,1,0.9994,86.62,0.6752,balanced
data\test\Grape__Healthy\FreshGrape (27).jpg,Grape__Healthy,light,742,658,45.15,4.77,152.55,0.001,1,0.8321,60.51,0.8358,1,0.9761,90.74,0.6856,1,0.9863,196.59,0.6385,fast
data\test\Orange__Healthy\rotated_by_75_Screen Shot 2018-06-13 at 12.08.41 AM.png,Orange__Healthy,heavy,266,452,70.08,392.06,118.49,0.0192,1,0.8416,660.83,0.6355,1,1.0,1228.01,0.306,1,0.9998,1033.73,0.3591,fast
data\test\Strawberry__Healthy\freshStrawberry (183).jpg,Strawberry__Healthy,light,1031,2165,297.33,64.65,141.48,0.0157,1,0.9757,71.41,0.8322,1,0.9847,47.38,0.7001,1,0.9958,50.32,0.6873,fast
data\test\Bellpepper__Rotten\rottenPepper (432).jpg,Bellpepper__Rotten,light,100,100,2.74,2880.43,103.97,0.1718,1,0.4478,111.71,0.8187,1,0.9961,139.85,0.6692,1,0.9748,106.15,0.6687,fast
data\test\Orange__Rotten\rotated_by_15_Screen Shot 2018-06-12 at 11.41.52 PM.png,Orange__Rotten,heavy,456,414,234.68,390.39,162.73,0.0578,1,0.9994,561.87,0.6685,1,0.9997,1198.55,0.3159,1,0.9999,1018.27,0.3643,fast
data\test\Mango__Healthy\809.jpg,Mango__Healthy,light,224,224,5.79,57.51,121.72,0.0158,1,0.66,73.39,0.8315,1,1.0,193.9,0.6512,1,0.9971,190.1,0.6407,fast
data\test\Grape__Healthy\FreshGrape (8).jpg,Grape__Healthy,light,791,540,42.47,4.3,159.72,0.0015,1,0.8017,82.7,0.8284,1,1.0,119.4,0.676,1,0.9223,52.76,0.6865,fast
data\test\Grape__Rotten\RottenGrape (101).jpg,Grape__Rotten,heavy,775,674,73.05,29.66,145.35,0.0077,1,0.9379,798.08,0.5897,1,1.0,1161.03,0.3284,1,1.0,1005.67,0.3685,fast
data\test\Apple__Rotten\rottenApple (293).jpg,Apple__Rotten,burst,464,418,237.07,24.52,178.29,0.0117,1,0.8121,998.65,0.5227,1,0.9997,1496.78,0.2163,1,0.9999,1387.51,0.2411,fast
data\test\Orange__Rotten\saltandpepper_Screen Shot 2018-06-12 at 11.19.47 PM.png,Orange__Rotten,heavy,314,308,128.68,3321.65,206.41,0.0715,1,0.9998,643.68,0.6412,1,1.0,1185.17,0.3203,1,1.0,1005.67,0.3685,fast
data\test\Carrot__Rotten\rottenCarrot (430).jpg,Carrot__Rotten,burst,278,182,5.17,437.33,110.62,0.0446,1,0.9019,1015.05,0.5173,1,0.9626,1200.87,0.3151,1,0.9934,1772.33,0.1126,fast
data\test\Tomato__Healthy\freshTomato (231).png,Tomato__Healthy,heavy,480,322,192.36,432.1,152.75,0.0753,1,0.997,518.83,0.6829,1,1.0,3512.51,0.0159,1,1.0,1203.44,0.3025,fast
data\test\Pomegranate__Rotten\RottenPomegranate (170).jpg,Pomegranate__Rotten,burst,3115,2412,764.53,10.66,175.48,0.0022,0,0.332,1335.58,-0.5897,1,0.9996,1610.15,0.1785,1,0.9944,800.56,0.437,heavy
data\test\Banana__Healthy\rotated_by_30_Screen Shot 2018-06-12 at 9.59.35 PM.png,Banana__Healthy,heavy,310,346,88.98,421.17,180.5,0.0113,1,0.9879,560.29,0.669,1,1.0,542.97,0.5347,1,1.0,1057.35,0.3513,fast
data\test\Strawberry__Rotten\745.jpg,Strawberry__Rotten,burst,224,224,10.92,610.75,113.25,0.1189,1,0.9958,1356.24,0.4034,1,1.0,1394.73,0.2504,1,1.0,1615.13,0.1651,fast
data\test\Mango__Rotten\lasio_041.jpg,Mango__Rotten,heavy,224,224,8.08,273.25,86.7,0.0442,1,0.9761,659.02,0.6361,1,0.9999,1130.55,0.3386,1,0.9999,1024.34,0.3623,fast
data\test\Guava__Healthy\FreshGuava (21).jpg,Guava__Healthy,light,1051,1479,173.47,18.42,128.65,0.0066,1,0.9336,57.47,0.8368,1,0.9997,147.28,0.6667,1,0.9975,197.04,0.6384,fast
data\test\Mango__Rotten\rottenMango (524).jpg,Mango__Rotten,burst,224,224,4.54,327.54,134.24,0.0338,1,0.8149,1426.37,0.38,1,1.0,1895.72,0.0832,1,1.0,1615.62,0.1649,fast
data\test\Strawberry__Rotten\rottenStrawberry (293).jpg,Strawberry__Rotten,heavy,224,224,10.51,560.4,117.23,0.112,1,0.9879,560.83,0.6689,1,1.0,1118.43,0.3426,1,1.0,905.95,0.4018,fast
data\test\Tomato__Rotten\rottenTomato (340).jpg,Tomato__Rotten,light,224,224,2.94,21.49,139.66,0.009,1,0.6898,25.99,0.8473,1,1.0,59.16,0.6961,1,1.0,213.33,0.6329,fast
data\test\Apple__Healthy\freshApple (774).png,Apple__Healthy,heavy,320,258,94.0,1252.56,113.43,0.0538,1,0.7483,474.62,0.6976,1,0.9972,1180.37,0.3219,1,0.9999,49.62,0.6876,fast
data\test\Orange__Rotten\rottenOrange (121).jpg,Orange__Rotten,burst,2098,1966,507.48,31.38,153.69,0.0036,1,0.5811,21.86,0.8487,1,0.9916,1768.04,0.1258,1,0.9993,1121.27,0.3299,fast
data\test\Tomato__Healthy\freshTomato (31).jpg,Tomato__Healthy,light,224,224,8.91,237.22,108.02,0.0292,0,0.5242,49.95,-0.1606,1,0.9999,81.48,0.6887,1,1.0,72.72,0.6799,balanced
data\test\Mango__Healthy\18.jpg,Mango__Healthy,light,224,224,3.16,72.07,51.76,0.0103,1,0.7999,15.88,0.8507,1,1.0,152.24,0.6651,1,1.0,78.02,0.6781,fast
data\test\Mango__Rotten\lasio_084.jpg,Mango__Rotten,heavy,224,224,8.38,444.7,98.75,0.0464,1,0.9786,632.41,0.645,1,1.0,1139.25,0.3357,1,1.0,1690.81,0.1399,fast
data\test\Apple__Rotten\translation_Screen Shot 2018-06-07 at 3.00.33 PM.png,Apple__Rotten,light,440,406,186.47,675.94,115.17,0.0463,1,0.8706,54.61,0.8378,1,0.9985,132.53,0.6716,1,0.8898,52.36,0.6867,fast
data\test\Strawberry__Healthy\138.jpg,Strawberry__Healthy,light,224,224,6.38,201.51,95.76,0.013,1,0.9844,17.97,0.85,1,1.0,153.33,0.6647,1,1.0,31.73,0.6935,fast
data\test\Orange__Healthy\freshOrange (276).png,Orange__Healthy,light,320,258,115.13,1789.32,109.11,0.0759,1,0.5577,50.98,0.839,1,0.9992,82.38,0.6884,1,0.997,122.22,0.6633,fast
data\test\Orange__Healthy\saltandpepper_Screen Shot 2018-06-13 at 12.07.17 AM.png,Orange__Healthy,burst,514,336,184.73,2975.97,189.45,0.0508,1,0.9357,1355.71,0.4036,1,1.0,11681.17,0.0159,1,0.9991,396.76,0.5717,heavy
data\test\Apple__Healthy\freshApple (604).png,Apple__Healthy,heavy,320,258,112.57,1268.93,133.5,0.0762,1,0.8756,630.66,0.6456,1,0.9997,1036.79,0.3699,1,0.999,1047.29,0.3546,fast
data\test\Orange__Healthy\translation_Screen Shot 2018-06-13 at 12.13.35 AM.png,Orange__Healthy,light,414,410,139.9,605.79,170.23,0.0136,1,0.9727,28.87,0.8464,1,1.0,86.51,0.687,1,0.9997,95.3,0.6723,fast
data\test\Banana__Rotten\translation_Screen Shot 2018-06-12 at 9.09.22 PM.png,Banana__Rotten,heavy,478,290,82.19,763.08,161.79,0.0319,1,0.9926,585.87,0.6605,1,0.9999,1228.01,0.306,1,0.9998,556.5,0.5184,fast
data\test\Bellpepper__Healthy\freshPepper (15).jpg,Bellpepper__Healthy,heavy,100,100,2.52,606.81,92.09,0.1033,1,0.9069,195.26,0.7909,1,0.9746,1207.88,0.3128,1,0.8382,1241.04,0.29,fast
data\test\Orange__Rotten\Screen Shot 2018-06-12 at 11.35.59 PM.png,Orange__Rotten,light,388,374,256.9,266.39,172.07,0.1207,1,0.9966,31.97,0.8454,1,0.9943,86.52,0.687,1,0.9981,83.75,0.6762,fast
data\test\Potato__Rotten\rottenPotato (89).jpg,Potato__Rotten,burst,112,168,8.0,4892.63,109.4,0.3234,0,0.9338,1337.89,-0.5905,1,0.8703,1610.69,0.1783,0,0.5614,1118.71,-0.6692,balanced
data\test\Potato__Rotten\rottenPotato (579).jpg,Potato__Rotten,light,450,320,37.92,2895.0,125.16,0.2188,1,0.5082,174.21,0.7979,1,0.9994,101.54,0.682,1,0.8941,68.94,0.6811,fast
data\test\Apple__Rotten\Screen Shot 2018-06-08 at 2.38.08 PM.png,Apple__Rotten,burst,416,358,190.6,66.04,152.61,0.0205,1,0.6215,1412.27,0.3847,1,0.9943,1944.94,0.0668,1,0.9975,797.31,0.438,heavy
data\test\Orange__Rotten\rotated_by_75_Screen Shot 2018-06-12 at 11.25.38 PM.png,Orange__Rotten,light,330,330,90.09,432.5,187.68,0.0165,1,0.9779,34.04,0.8447,1,1.0,193.9,0.6512,1,1.0,54.65,0.6859,fast
data\test\Orange__Rotten\rottenOrange (286).jpg,Orange__Rotten,light,224,224,9.28,738.38,117.46,0.0758,1,0.9303,16.72,0.8504,1,1.0,41.12,0.7021,1,0.9967,58.35,0.6847,fast
data\test\Apple__Rotten\saltandpepper_Screen Shot 2018-06-07 at 2.39.44 PM.png,Apple__Rotten,heavy,232,202,48.89,2817.41,181.59,0.0564,1,0.8517,631.74,0.6452,1,0.9946,1185.17,0.3203,1,0.9999,1076.54,0.3449,fast
data\test\Mango__Healthy\freshMango (26).png,Mango__Healthy,light,320,258,91.07,1043.52,128.2,0.0494,0,0.3735,23.92,-0.152,1,1.0,139.81,0.6692,1,0.9943,183.69,0.6428,balanced
data\test\Mango__Rotten\395.jpg,Mango__Rotten,heavy,224,224,4.33,84.87,138.07,0.0255,1,0.9935,622.9,0.6481,1,0.9859,241.27,0.6353,1,0.9998,1241.04,0.29,fast
data\test\Apple__Healthy\rotated_by_45_Screen Shot 2018-06-08 at 5.27.27 PM.png,Apple__Healthy,light,376,384,150.83,495.18,156.54,0.0197,1,0.9847,43.65,0.8415,1,0.9934,90.66,0.6856,1,0.9988,83.57,0.6762,fast
data\test\Cucumber__Healthy\freshCucumber (479).jpg,Cucumber__Healthy,light,100,100,1.5,557.83,220.44,0.0307,1,0.5925,35.3,0.8442,1,0.9999,57.89,0.6965,1,0.9975,95.24,0.6723,fast
data\test\Mango__Rotten\179.jpg,Mango__Rotten,heavy,224,224,3.18,50.43,132.52,0.0133,1,0.9386,706.79,0.6201,1,1.0,987.03,0.3865,1,1.0,529.01,0.5276,fast
data\test\Banana__Rotten\rottenBanana (107).jpg,Banana__Rotten,burst,3064,2079,843.06,39.12,171.94,0.0039,1,0.9664,1378.67,0.3959,1,0.9982,659.27,0.4958,1,0.9818,3140.46,0.0041,balanced
data\test\Orange__Rotten\vertical_flip_Screen Shot 2018-06-12 at 11.23.40 PM.png,Orange__Rotten,light,176,180,39.28,41.27,197.46,0.0273,1,0.5353,63.52,0.8348,1,1.0,135.99,0.6705,1,0.9999,30.26,0.694,fast
data\test\Banana__Healthy\freshBanana (42).jpg,Banana__Healthy,light,1435,908,112.11,15.34,165.92,0.0043,1,0.912,110.46,0.8192,1,1.0,86.87,0.6869,1,0.9989,47.23,0.6884,fast
data\test\Banana__Rotten\rottenBanana (239).jpg,Banana__Rotten,light,656,408,323.77,172.75,141.93,0.0211,1,0.8397,48.88,0.8397,1,1.0,135.99,0.6705,1,1.0,82.07,0.6767,fast
data\test\Mango__Rotten\466.jpg,Mango__Rotten,light,224,224,10.04,427.75,105.81,0.091,1,0.995,93.93,0.8247,1,1.0,44.94,0.7009,1,1.0,79.46,0.6776,fast
data\test\Cucumber__Rotten\rottenCucumber (451).jpg,Cucumber__Rotten,light,100,100,5.56,4395.42,183.79,0.1183,0,0.6175,32.78,-0.1549,1,0.9976,119.4,0.676,1,0.99,43.7,0.6895,heavy
data\test\Apple__Healthy\freshApple (784).png,Apple__Healthy,light,320,258,102.58,1858.21,92.51,0.0767,1,0.9381,33.95,0.8447,1,1.0,58.92,0.6962,1,0.9997,104.62,0.6692,fast
data\test\Strawberry__Rotten\348.jpg,Strawberry__Rotten,light,224,224,3.7,107.21,141.02,0.0184,1,0.9539,79.56,0.8295,1,1.0,300.59,0.6155,1,1.0,16.65,0.6986,fast
data\test\Mango__Healthy\741.jpg,Mango__Healthy,heavy,224,224,6.02,60.03,120.31,0.017,1,0.9736,620.63,0.6489,1,1.0,1152.9,0.3311,1,1.0,1114.31,0.3322,fast
data\test\Bellpepper__Healthy\freshPepper (406).jpg,Bellpepper__Healthy,heavy,224,224,10.66,447.83,193.72,0.0541,1,0.7464,1342.85,0.4079,1,0.9995,1436.11,0.2366,1,0.9977,1111.51,0.3332,fast
data\test\Strawberry__Healthy\655.jpg,Strawberry__Healthy,light,224,224,8.82,224.53,106.74,0.0222,1,0.9228,79.43,0.8295,1,0.9999,82.86,0.6882,1,1.0,53.8,0.6862,fast
data\test\Apple__Healthy\rotated_by_30_Screen Shot 2018-06-08 at 5.01.41 PM.png,Apple__Healthy,heavy,476,442,190.63,384.55,122.99,0.0179,1,0.9869,738.11,0.6097,1,1.0,1131.98,0.3381,1,0.9999,846.7,0.4216,fast
data\test\Strawberry__Rotten\rottenStrawberry (551).jpg,Strawberry__Rotten,light,224,224,5.18,190.94,140.71,0.0462,1,0.9656,81.1,0.829,1,1.0,42.66,0.7016,1,0.9999,123.06,0.6631,fast
data\test\Potato__Rotten\rottenPotato (49).jpg,Potato__Rotten,heavy,250,202,4.15,1068.85,219.33,0.0555,1,0.4205,688.89,0.6261,1,0.9999,1199.07,0.3157,1,0.9904,1239.04,0.2906,fast
data\test\Banana__Rotten\Screen Shot 2018-06-12 at 9.10.10 PM.png,Banana__Rotten,heavy,598,404,240.26,78.96,187.47,0.0315,1,1.0,691.17,0.6254,1,1.0,1392.6,0.2511,1,1.0,837.15,0.4247,fast
data\test\Orange__Rotten\rottenOrange (550).jpg,Orange__Rotten,burst,224,224,4.85,75.5,63.02,0.012,1,0.9554,2616.94,0.156,1,1.0,1609.63,0.1787,1,0.9999,2285.79,0.0041,balanced
data\test\Orange__Healthy\freshOrange (6).png,Orange__Healthy,light,320,258,112.71,875.5,131.24,0.0855,0,0.78,77.48,-0.1698,1,0.9225,96.84,0.6835,1,0.9956,85.43,0.6756,balanced
data\test\Guava__Healthy\FreshGuava (5).jpg,Guava__Healthy,heavy,1200,1600,71.46,22.05,128.53,0.0056,1,0.8711,669.26,0.6327,1,1.0,820.25,0.4421,1,1.0,1048.86,0.3541,fast
data\test\Jujube__Rotten\RottenJujube (149).jpg,Jujube__Rotten,light,773,655,54.32,9.07,171.25,0.0026,1,0.8426,93.21,0.8249,1,0.9998,46.35,0.7004,1,0.9974,51.55,0.6869,fast
data\test\Apple__Healthy\rotated_by_60_Screen Shot 2018-06-08 at 5.10.29 PM.png,Apple__Healthy,light,206,210,53.94,883.87,136.7,0.0346,1,0.9729,43.92,0.8414,1,1.0,138.9,0.6695,1,1.0,185.44,0.6422,fast
data\test\Bellpepper__Healthy\freshPepper (80).jpg,Bellpepper__Healthy,light,100,100,3.54,2904.25,130.23,0.2446,0,0.5418,92.13,-0.1747,0,0.597,193.9,-0.3488,0,0.863,66.98,-0.3182,fast
data\test\Strawberry__Rotten\972.jpg,Strawberry__Rotten,light,224,224,7.39,219.18,126.66,0.0406,1,0.8566,72.02,0.832,1,1.0,89.75,0.6859,1,0.9999,187.71,0.6415,fast
data\test\Apple__Healthy\vertical_flip_Screen Shot 2018-06-08 at 5.27.54 PM.png,Apple__Healthy,burst,534,430,233.69,31.49,180.79,0.0128,1,0.7523,1337.37,0.4097,1,0.9995,1722.14,0.1411,1,0.9997,7282.17,0.0041,fast
data\test\Banana__Rotten\translation_Screen Shot 2018-06-12 at 8.53.03 PM.png,Banana__Rotten,light,298,324,68.81,334.92,94.12,0.0148,1,0.7938,25.19,0.8476,1,0.9998,28.31,0.7064,1,1.0,172.51,0.6466,fast
data\test\Grape__Rotten\RottenGrape (118).jpg,Grape__Rotten,heavy,538,658,56.16,23.53,157.99,0.0077,1,0.5672,662.49,0.6349,1,1.0,1036.63,0.3699,1,1.0,582.41,0.5098,fast
data\test\Banana__Healthy\rotated_by_45_Screen Shot 2018-06-12 at 10.01.46 PM.png,Banana__Healthy,light,312,446,87.3,521.25,187.41,0.0142,0,0.9877,35.87,-0.1559,1,0.9913,239.36,0.636,1,0.9991,50.97,0.6871,heavy
data\test\Orange__Healthy\vertical_flip_Screen Shot 2018-06-13 at 12.07.39 AM.png,Orange__Healthy,heavy,694,448,334.78,17.01,197.32,0.0073,0,0.9862,656.58,-0.3631,1,0.9958,834.97,0.4372,1,0.5808,1239.57,0.2904,balanced
data\test\Strawberry__Healthy\freshStrawberry (349).jpg,Strawberry__Healthy,light,224,224,3.68,68.02,139.13,0.0188,1,0.6342,23.92,0.848,1,0.9999,41.2,0.7021,1,0.9998,71.1,0.6804,fast
data\test\Orange__Rotten\rottenOrange (577).jpg,Orange__Rotten,heavy,1120,739,260.06,187.1,120.37,0.0278,1,0.5462,643.88,0.6411,0,0.6533,1091.32,-0.6483,0,0.8338,1040.37,-0.6431,fast
data\test\Banana__Healthy\saltandpepper_Screen Shot 2018-06-12 at 9.57.31 PM.png,Banana__Healthy,light,632,412,92.36,3729.64,239.31,0.0317,1,0.9727,104.8,0.821,1,0.9999,82.92,0.6882,1,0.9999,60.7,0.6839,fast
data\test\Mango__Rotten\rottenMango (139).jpg,Mango__Rotten,burst,224,224,9.71,350.62,99.94,0.0814,1,0.9904,960.97,0.5353,1,1.0,1945.75,0.0665,1,0.9996,1703.21,0.1357,fast
data\test\Apple__Healthy\freshApple (496).png,Apple__Healthy,light,480,322,229.28,346.43,127.73,0.061,1,0.997,44.89,0.841,1,1.0,96.5,0.6837,1,1.0,37.9,0.6915,fast
data\test\Bellpepper__Healthy\freshPepper (26).jpg,Bellpepper__Healthy,light,100,100,2.42,760.93,190.23,0.089,1,0.8323,77.74,0.8301,1,0.9998,66.14,0.6938,1,0.9964,45.67,0.6889,fast
data\test\Orange__Rotten\translation_Screen Shot 2018-06-12 at 11.24.29 PM.png,Orange__Rotten,heavy,304,272,103.53,427.17,129.92,0.0291,1,0.9942,641.67,0.6419,1,1.0,932.36,0.4047,1,1.0,993.83,0.3725,fast
data\test\Carrot__Rotten\rottenCarrot (144).jpg,Carrot__Rotten,heavy,259,194,11.08,5414.55,130.7,0.2512,0,0.9095,638.74,-0.3571,1,1.0,1077.57,0.3562,1,0.9329,993.31,0.3726,heavy
data\test\Mango__Rotten\201.jpg,Mango__Rotten,burst,224,224,3.87,230.55,144.69,0.0272,1,0.8283,289.18,0.7595,1,1.0,1945.75,0.0665,1,0.9999,3136.65,0.0041,fast
data\test\Orange__Rotten\rottenOrange (326).jpg,Orange__Rotten,burst,224,224,10.23,560.39,140.87,0.1245,1,0.6456,347.4,0.7401,1,1.0,1365.89,0.26,1,1.0,4158.44,0.0041,fast
data\test\Apple__Rotten\vertical_flip_Screen Shot 2018-06-08 at 2.24.09 PM.png,Apple__Rotten,light,366,342,113.86,48.59,212.75,0.0306,1,0.9473,72.02,0.832,1,1.0,110.03,0.6791,1,1.0,184.41,0.6426,fast
data\test\Banana__Rotten\rottenBanana (488).jpg,Banana__Rotten,light,224,224,3.26,64.2,136.74,0.0174,1,0.6889,90.05,0.826,1,1.0,111.85,0.6785,1,0.9999,46.96,0.6885,fast
data\test\Pomegranate__Rotten\RottenPomegranate (81).jpg,Pomegranate__Rotten,light,2682,2448,686.15,12.72,168.44,0.0004,0,0.3275,73.39,-0.1685,1,0.6519,139.66,0.6693,1,0.936,38.98,0.6911,heavy
data\test\Mango__Rotten\rottenMango (554).jpg,Mango__Rotten,heavy,224,224,3.08,30.49,145.83,0.0136,1,0.8707,195.79,0.7907,1,1.0,1138.72,0.3358,1,1.0,995.65,0.3719,fast
data\test\Tomato__Rotten\rottenTomato (577).jpg,Tomato__Rotten,light,224,224,9.52,327.96,118.19,0.0639,1,0.4698,117.7,0.8167,1,1.0,31.88,0.7052,1,0.9999,158.12,0.6514,fast
data\test\Banana__Healthy\saltandpepper_Screen Shot 2018-06-12 at 9.54.50 PM.png,Banana__Healthy,light,450,440,129.07,3259.45,225.09,0.0369,1,0.9708,33.52,0.8448,1,1.0,111.14,0.6788,1,1.0,46.96,0.6885,fast
data\test\Mango__Healthy\90.jpg,Mango__Healthy,heavy,224,224,3.22,24.39,63.99,0.0061,1,0.8621,562.4,0.6683,1,1.0,1228.01,0.306,1,0.9999,923.55,0.3959,fast
data\test\Orange__Healthy\rotated_by_30_Screen Shot 2018-06-13 at 12.08.54 AM.png,Orange__Healthy,light,334,306,89.26,546.5,167.91,0.0192,1,0.9463,35.92,0.844,1,1.0,136.16,0.6704,1,0.9999,147.24,0.655,fast
data\test\Carrot__Healthy\freshCarrot (266).jpg,Carrot__Healthy,heavy,224,224,17.47,1256.2,92.14,0.1152,1,0.9149,690.65,0.6255,1,1.0,1111.16,0.345,1,1.0,454.93,0.5523,fast
data\test\Cucumber__Rotten\rottenCucumber (278).jpg,Cucumber__Rotten,light,262,192,7.41,1436.22,117.83,0.108,1,0.9488,66.68,0.8338,1,1.0,84.37,0.6877,1,0.9996,175.07,0.6457,fast
data\test\Orange__Healthy\rotated_by_60_Screen Shot 2018-06-13 at 12.17.51 AM.png,Orange__Healthy,heavy,314,276,75.39,520.45,161.91,0.0149,1,0.9923,1293.71,0.4243,1,1.0,1085.84,0.3535,1,0.9996,1099.62,0.3372,fast
data\test\Orange__Healthy\rotated_by_45_Screen Shot 2018-06-13 at 12.00.17 AM.png,Orange__Healthy,light,336,320,107.28,493.91,150.83,0.0197,1,0.9934,10.2,0.8526,1,1.0,142.53,0.6683,1,1.0,85.2,0.6757,fast
data\test\Banana__Rotten\rotated_by_75_Screen Shot 2018-06-12 at 8.57.54 PM.png,Banana__Rotten,light,550,386,202.04,293.4,123.84,0.0342,1,0.8743,110.46,0.8192,1,1.0,45.65,0.7006,1,1.0,168.75,0.6478,fast
data\test\Orange__Healthy\translation_Screen Shot 2018-06-13 at 12.00.02 AM.png,Orange__Healthy,burst,396,350,115.37,671.98,153.65,0.019,1,0.9749,960.97,0.5353,1,1.0,2086.88,0.0194,1,0.9997,3136.14,0.0041,fast
data\test\Strawberry__Rotten\360.jpg,Strawberry__Rotten,light,224,224,3.13,87.85,146.87,0.0131,1,0.9393,61.63,0.8355,1,1.0,147.28,0.6667,1,1.0,71.69,0.6802,fast
data\test\Banana__Rotten\rotated_by_30_Screen Shot 2018-06-12 at 8.59.51 PM.png,Banana__Rotten,heavy,356,358,157.84,218.83,89.17,0.0342,1,0.8861,683.65,0.6279,1,1.0,1111.16,0.345,1,0.9999,1006.45,0.3682,fast
data\test\Banana__Rotten\rotated_by_75_Screen Shot 2018-06-12 at 9.07.19 PM.png,Banana__Rotten,light,616,330,116.04,136.07,76.82,0.008,1,0.6528,92.24,0.8252,1,1.0,43.44,0.7014,1,1.0,141.69,0.6568,fast
data\test\Apple__Healthy\rotated_by_30_Screen Shot 2018-06-08 at 5.09.54 PM.png,Apple__Healthy,light,198,208,51.42,915.56,126.63,0.0411,1,0.9916,108.93,0.8197,1,1.0,30.14,0.7058,1,1.0,82.07,0.6767,fast
data\test\Mango__Rotten\alternaria_001.jpg,Mango__Rotten,heavy,224,224,5.53,94.62,129.52,0.0149,1,0.6508,924.66,0.5474,1,0.9993,1202.57,0.3145,1,0.9998,1019.05,0.364,fast
data\test\Potato__Healthy\freshPotato (512).jpg,Potato__Healthy,burst,224,224,16.31,857.19,123.48,0.1035,1,0.8973,1249.8,0.4389,1,1.0,1757.35,0.1294,1,0.9994,3136.65,0.0041,fast
data\test\Banana__Healthy\freshBanana (136).png,Banana__Healthy,light,320,258,120.49,1119.14,134.7,0.1058,1,0.7946,73.71,0.8314,1,0.9988,85.46,0.6873,1,0.9865,63.65,0.6829,fast
data\test\Strawberry__Healthy\freshStrawberry (448).jpg,Strawberry__Healthy,light,224,224,2.89,29.72,144.27,0.008,1,0.8698,12.77,0.8518,1,1.0,115.43,0.6773,1,1.0,82.58,0.6766,fast
data\test\Orange__Rotten\rotated_by_30_Screen Shot 2018-06-12 at 11.42.38 PM.png,Orange__Rotten,heavy,328,278,108.62,641.68,147.74,0.0402,1,0.8616,583.09,0.6614,1,1.0,977.59,0.3896,1,0.9999,1019.57,0.3639,fast
data\test\Cucumber__Rotten\rottenCucumber (186).jpg,Cucumber__Rotten,heavy,100,100,6.29,3314.96,135.31,0.1155,1,0.9961,780.7,0.5955,1,1.0,1151.38,0.3316,1,0.9998,1111.51,0.3332,fast
data\test\Banana__Rotten\rotated_by_75_Screen Shot 2018-06-12 at 9.14.43 PM.png,Banana__Rotten,heavy,548,356,142.26,404.67,120.4,0.0388,1,0.9976,472.47,0.6983,1,0.9927,1194.97,0.3171,1,0.996,1068.28,0.3476,fast
data\test\Strawberry__Rotten\rottenStrawberry (132).jpg,Strawberry__Rotten,light,3373,3120,1865.53,152.61,163.34,0.0126,1,0.9829,68.99,0.833,1,1.0,72.64,0.6916,1,1.0,122.16,0.6634,fast
data\test\Strawberry__Rotten\440.jpg,Strawberry__Rotten,heavy,224,224,4.1,153.87,144.69,0.0199,1,0.9624,640.85,0.6422,1,1.0,1109.69,0.3455,1,1.0,923.42,0.396,fast
data\test\Strawberry__Healthy\202.jpg,Strawberry__Healthy,heavy,224,224,6.5,220.7,83.02,0.0134,1,0.9942,663.0,0.6348,1,1.0,1255.02,0.297,1,1.0,1049.17,0.354,fast
data\test\Banana__Healthy\rotated_by_75_Screen Shot 2018-06-12 at 10.00.00 PM.png,Banana__Healthy,light,446,336,109.04,358.92,168.49,0.012,1,0.9873,25.19,0.8476,1,1.0,87.66,0.6866,1,1.0,166.54,0.6486,fast
data\test\Apple__Healthy\rotated_by_30_Screen Shot 2018-06-08 at 5.14.56 PM.png,Apple__Healthy,light,438,376,159.85,477.83,145.8,0.0319,1,0.7082,99.95,0.8227,1,1.0,24.32,0.7078,1,1.0,47.34,0.6883,fast
data\test\Bellpepper__Healthy\freshPepper (462).jpg,Bellpepper__Healthy,light,224,224,33.45,91.84,204.6,0.0278,1,0.8158,30.94,0.8457,1,0.9997,147.0,0.6668,1,0.9928,163.84,0.6495,fast
data\test\Mango__Healthy\healthy_145.jpg,Mango__Healthy,burst,224,224,4.44,43.03,120.69,0.0167,0,0.8835,1420.09,-0.6179,0,0.5968,1577.18,-0.8105,0,0.4423,2090.3,-0.9935,fast
data\test\Strawberry__Healthy\293.jpg,Strawberry__Healthy,light,224,224,6.59,183.48,86.02,0.0221,1,0.9531,117.7,0.8167,1,1.0,54.19,0.6978,1,1.0,164.48,0.6492,fast
data\test\Carrot__Rotten\rottenCarrot (47).jpg,Carrot__Rotten,light,262,192,6.31,1057.99,197.54,0.0371,0,0.4324,140.15,-0.1907,1,0.9955,37.75,0.7033,1,0.6017,80.07,0.6774,balanced
data\test\Carrot__Rotten\rottenCarrot (504).jpg,Carrot__Rotten,light,225,225,12.49,2779.97,102.57,0.2456,1,0.791,44.91,0.841,1,0.8863,70.0,0.6925,1,0.9497,73.16,0.6797,fast
data\test\Orange__Rotten\translation_Screen Shot 2018-06-12 at 11.21.10 PM.png,Orange__Rotten,light,312,310,75.56,822.1,184.82,0.0351,1,0.9918,31.88,0.8454,1,1.0,52.3,0.6984,1,0.9994,259.28,0.6176,fast
data\test\Strawberry__Rotten\rottenStrawberry (79).jpg,Strawberry__Rotten,heavy,3120,4160,2773.18,57.24,206.14,0.0065,1,0.9456,669.26,0.6327,1,1.0,1192.34,0.3179,1,1.0,1019.05,0.364,fast
data\test\Banana__Rotten\rotated_by_60_Screen Shot 2018-06-12 at 9.21.10 PM.png,Banana__Rotten,light,286,356,105.31,498.79,149.66,0.0293,1,0.9893,40.98,0.8423,1,1.0,105.89,0.6805,1,0.9864,32.42,0.6933,fast
data\test\Apple__Rotten\saltandpepper_Screen Shot 2018-06-07 at 3.04.35 PM.png,Apple__Rotten,heavy,286,274,79.92,2906.5,198.49,0.0589,1,0.9812,624.43,0.6476,1,0.9978,1086.41,0.3533,1,0.9427,1047.29,0.3546,fast
data\test\Cucumber__Rotten\rottenCucumber (287).jpg,Cucumber__Rotten,light,262,192,6.85,1495.91,168.74,0.1128,1,0.9131,81.1,0.829,1,0.9997,28.4,0.7064,1,1.0,132.31,0.66,fast
data\test\Apple__Healthy\rotated_by_60_Screen Shot 2018-06-08 at 5.08.46 PM.png,Apple__Healthy,light,406,400,174.12,424.07,160.25,0.016,1,0.9776,44.39,0.8412,1,1.0,16.18,0.7105,1,1.0,112.41,0.6666,fast
data\test\Potato__Rotten\rottenPotato (534).jpg,Potato__Rotten,heavy,368,280,19.42,1389.28,189.73,0.0411,0,0.5064,732.51,-0.3884,1,0.6484,966.26,0.3934,1,0.7608,1017.76,0.3645,balanced
data\test\Potato__Healthy\freshPotato (572).jpg,Potato__Healthy,heavy,2000,1125,410.93,486.79,94.48,0.0535,1,0.4708,739.31,0.6093,0,0.8198,857.64,-0.5704,0,0.888,1204.0,-0.6977,fast
data\test\Mango__Rotten\265.jpg,Mango__Rotten,light,224,224,3.21,27.51,140.85,0.0112,1,0.6123,44.39,0.8412,1,1.0,62.64,0.695,1,0.9999,71.11,0.6804,fast
data\test\Jujube__Healthy\FreshJujube (186).jpg,Jujube__Healthy,light,4160,3120,2586.33,22.72,183.38,0.0004,1,0.7662,16.49,0.8505,1,0.9997,139.81,0.6692,1,0.9939,86.06,0.6754,fast
data\test\Cucumber__Rotten\rottenCucumber (342).jpg,Cucumber__Rotten,heavy,269,187,10.97,6003.96,131.85,0.1721,1,0.7319,732.51,0.6116,1,0.9797,1079.68,0.3555,1,0.7239,1048.14,0.3543,fast
data\test\Orange__Rotten\saltandpepper_Screen Shot 2018-06-12 at 11.37.13 PM.png,Orange__Rotten,light,392,374,198.89,2746.2,184.34,0.1078,1,0.9996,67.08,0.8336,1,1.0,38.93,0.7029,1,1.0,66.98,0.6818,fast
data\test\Banana__Healthy\rotated_by_30_Screen Shot 2018-06-12 at 10.05.41 PM.png,Banana__Healthy,heavy,548,330,99.86,426.17,180.25,0.0115,1,0.9795,683.65,0.6279,1,1.0,1067.04,0.3598,1,1.0,1346.76,0.2547,fast
data\test\Mango__Healthy\freshMango (306).jpg,Mango__Healthy,heavy,224,224,3.49,82.64,142.21,0.0135,1,0.9449,520.06,0.6825,1,1.0,1553.15,0.1975,1,0.9999,889.41,0.4073,fast
data\test\Apple__Rotten\vertical_flip_Screen Shot 2018-06-07 at 3.01.21 PM.png,Apple__Rotten,heavy,248,228,65.3,42.86,192.01,0.0267,1,0.8011,634.51,0.6443,1,0.9997,1185.27,0.3203,1,0.9998,1114.31,0.3323,fast
data\test\Apple__Healthy\rotated_by_15_Screen Shot 2018-06-08 at 5.29.18 PM.png,Apple__Healthy,heavy,210,174,27.64,742.54,198.54,0.0143,1,0.9779,608.02,0.6531,1,0.9996,1301.11,0.2816,1,0.9999,1110.37,0.3336,fast
data\test\Apple__Rotten\rotated_by_15_Screen Shot 2018-06-08 at 2.51.43 PM.png,Apple__Rotten,heavy,444,374,225.98,263.79,144.27,0.027,1,0.7616,344.25,0.7411,1,0.9991,1143.67,0.3342,1,0.9829,1108.18,0.3343,fast
data\test\Apple__Rotten\Screen Shot 2018-06-07 at 2.44.05 PM.png,Apple__Rotten,heavy,256,250,129.74,77.99,152.91,0.0291,1,0.903,608.35,0.653,1,1.0,1030.09,0.3721,1,0.9984,1024.85,0.3621,fast
data\test\Mango__Rotten\anthracnose_107.jpg,Mango__Rotten,light,985,641,79.92,11.95,94.98,0.0015,0,0.8543,74.01,-0.1687,1,0.999,36.48,0.7037,1,0.999,208.26,0.6346,balanced
data\test\Strawberry__Healthy\529.jpg,Strawberry__Healthy,light,224,224,3.27,46.42,139.9,0.0096,1,0.7401,14.66,0.8511,1,1.0,109.61,0.6793,1,0.9999,82.94,0.6765,fast
data\test\Strawberry__Rotten\193.jpg,Strawberry__Rotten,burst,224,224,2.73,34.91,139.09,0.0091,1,0.8996,1078.53,0.4961,1,1.0,864.47,0.4274,1,0.9999,424.08,0.5626,heavy
data\test\Strawberry__Rotten\430.jpg,Strawberry__Rotten,light,224,224,3.41,61.4,144.23,0.0097,1,0.9662,27.19,0.8469,1,1.0,45.66,0.7006,1,1.0,52.32,0.6867,fast
data\test\Banana__Rotten\rotated_by_15_Screen Shot 2018-06-12 at 9.12.06 PM.png,Banana__Rotten,burst,574,406,193.76,320.56,154.33,0.0255,1,0.9957,960.17,0.5356,1,1.0,1895.72,0.0832,1,1.0,2649.22,0.0041,fast
data\test\Jujube__Rotten\RottenJujube (174).jpg,Jujube__Rotten,light,622,543,48.75,9.35,163.0,0.0029,0,0.6921,79.7,-0.1706,1,0.9963,65.93,0.6939,1,0.6029,68.05,0.6814,balanced
data\test\Orange__Healthy\freshOrange (25).jpg,Orange__Healthy,heavy,3120,4160,3038.1,34.43,158.86,0.0006,1,0.531,797.56,0.5899,1,0.9697,1201.53,0.3149,1,0.9921,1046.78,0.3548,fast
data\test\Mango__Healthy\freshMango (21).jpg,Mango__Healthy,burst,224,224,2.64,13.62,143.27,0.0053,1,0.9456,1601.96,0.3214,1,1.0,10505.55,0.0159,1,1.0,528.26,0.5278,heavy
data\test\Strawberry__Rotten\680.jpg,Strawberry__Rotten,heavy,224,224,10.52,565.41,112.14,0.106,1,0.9937,641.81,0.6418,1,1.0,1192.34,0.3179,1,1.0,1024.85,0.3621,fast
data\test\Tomato__Rotten\rottenTomato (471).jpg,Tomato__Rotten,light,224,224,10.29,673.17,113.84,0.1154,0,0.7421,59.27,-0.1638,1,1.0,99.47,0.6827,1,1.0,36.83,0.6918,heavy
data\test\Strawberry__Healthy\freshStrawberry (346).jpg,Strawberry__Healthy,light,224,224,4.02,124.23,138.56,0.0186,1,0.8671,78.32,0.8299,1,1.0,131.57,0.672,1,0.999,63.37,0.683,fast
data\test\Strawberry__Healthy\37.jpg,Strawberry__Healthy,light,224,224,6.41,171.71,79.57,0.0226,1,0.9875,52.93,0.8384,1,1.0,61.07,0.6955,1,0.9998,107.99,0.6681,fast
data\test\Banana__Rotten\rotated_by_30_Screen Shot 2018-06-12 at 9.13.44 PM.png,Banana__Rotten,light,518,354,125.44,441.03,174.98,0.0213,1,0.9977,46.08,0.8406,1,1.0,93.23,0.6848,1,0.9999,129.45,0.6609,fast
data\test\Apple__Rotten\rotated_by_15_Screen Shot 2018-06-08 at 2.48.52 PM.png,Apple__Rotten,heavy,302,356,86.82,473.49,164.17,0.0177,1,0.7183,647.16,0.64,1,0.999,1320.81,0.2751,1,0.9936,1006.19,0.3683,fast
data\test\Banana__Rotten\rotated_by_15_Screen Shot 2018-06-12 at 9.11.05 PM.png,Banana__Rotten,heavy,580,404,340.26,241.71,131.89,0.0281,1,0.9996,740.26,0.609,1,1.0,1185.78,0.3201,1,1.0,1144.45,0.3222,fast
data\test\Carrot__Healthy\freshCarrot (89).jpg,Carrot__Healthy,light,224,224,16.66,571.3,105.41,0.0898,1,0.8187,18.53,0.8498,1,1.0,25.45,0.7074,1,0.9996,30.6,0.6939,fast
data\test\Banana__Rotten\rottenBanana (460).jpg,Banana__Rotten,burst,224,224,3.57,74.21,134.95,0.0151,1,0.9217,1337.37,0.4097,1,0.9977,391.87,0.5851,1,0.9999,3134.26,0.0041,balanced
data\test\Strawberry__Rotten\435.jpg,Strawberry__Rotten,burst,224,224,3.07,67.71,141.94,0.0081,1,0.9546,1414.33,0.384,1,1.0,1722.64,0.141,1,1.0,1605.56,0.1683,fast
data\test\Apple__Rotten\rotated_by_60_Screen Shot 2018-06-07 at 3.04.58 PM.png,Apple__Rotten,heavy,236,208,41.57,815.11,169.96,0.029,1,0.9592,874.63,0.5641,1,0.9997,1173.04,0.3244,1,0.9961,1415.33,0.2318,fast
data\test\Apple__Rotten\rottenApple (473).jpg,Apple__Rotten,light,100,100,6.11,2725.71,113.58,0.121,0,0.9759,76.33,-0.1695,0,0.7975,40.64,-0.2977,0,0.9858,59.37,-0.3157,fast
data\test\Orange__Healthy\saltandpepper_Screen Shot 2018-06-13 at 12.02.33 AM.png,Orange__Healthy,light,292,244,86.28,2642.93,174.05,0.0521,1,0.9902,59.68,0.8361,1,1.0,87.75,0.6866,1,1.0,168.42,0.6479,fast
data\test\Tomato__Healthy\freshTomato (247).jpg,Tomato__Healthy,burst,224,224,19.01,1668.74,136.71,0.1417,1,0.8896,452.72,0.7049,1,0.9997,2212.69,0.0159,1,0.9998,1755.8,0.1182,fast
data\test\Orange__Rotten\rottenOrange (575).jpg,Orange__Rotten,light,800,706,116.61,1256.89,211.79,0.0763,1,0.3314,52.55,0.8385,1,0.996,168.9,0.6595,1,0.993,268.91,0.6144,fast
data\test\Orange__Healthy\rotated_by_30_Screen Shot 2018-06-13 at 12.02.20 AM.png,Orange__Healthy,light,392,360,151.27,344.39,151.15,0.0143,1,0.6877,23.24,0.8483,1,0.9996,96.18,0.6838,1,0.9998,147.57,0.6549,fast
data\test\Mango__Healthy\94.jpg,Mango__Healthy,heavy,224,224,3.17,18.68,72.43,0.0053,1,0.9354,668.08,0.6331,1,1.0,1137.79,0.3362,1,1.0,1112.51,0.3329,fast
data\test\Apple__Rotten\saltandpepper_Screen Shot 2018-06-07 at 2.47.01 PM.png,Apple__Rotten,heavy,434,406,148.84,2824.11,217.62,0.0282,0,0.5105,688.77,-0.3738,1,1.0,1087.44,0.353,1,1.0,766.43,0.4483,heavy
data\test\Carrot__Rotten\rottenCarrot (81).jpg,Carrot__Rotten,heavy,275,183,4.29,1058.36,221.94,0.0476,1,0.4036,632.92,0.6448,1,0.9948,1143.16,0.3344,1,0.9915,1076.54,0.3449,fast
data\test\Banana__Rotten\rottenBanana (273).jpg,Banana__Rotten,heavy,1300,930,92.53,441.42,211.32,0.0234,1,0.9994,595.83,0.6572,1,1.0,328.86,0.6061,1,1.0,1058.38,0.3509,fast
data\test\Orange__Rotten\saltandpepper_Screen Shot 2018-06-12 at 11.37.07 PM.png,Orange__Rotten,light,326,354,91.91,3172.09,212.21,0.0434,1,0.9878,31.97,0.8454,1,1.0,97.14,0.6834,1,1.0,60.19,0.684,fast
data\test\Guava__Healthy\FreshGuava (144).jpg,Guava__Healthy,light,1200,1600,95.19,25.56,157.89,0.0077,1,0.9939,23.05,0.8483,1,1.0,34.7,0.7043,1,1.0,152.79,0.6531,fast
data\test\Apple__Healthy\rotated_by_45_Screen Shot 2018-06-08 at 5.28.10 PM.png,Apple__Healthy,burst,474,416,192.12,358.22,118.77,0.0156,1,0.9321,1017.27,0.5165,1,1.0,1597.73,0.1827,1,0.9999,2776.04,0.0041,fast
data\test\Carrot__Healthy\freshCarrot (283).jpg,Carrot__Healthy,light,224,224,15.04,305.09,94.9,0.1105,1,0.9722,35.92,0.844,1,1.0,26.71,0.707,1,0.9992,157.0,0.6517,fast
data\test\Apple__Healthy\freshApple (566).png,Apple__Healthy,burst,320,258,113.92,1171.57,137.46,0.0696,1,0.926,1163.45,0.4677,1,0.9971,662.84,0.4947,1,0.9999,1475.61,0.2117,balanced
data\test\Apple__Healthy\translation_Screen Shot 2018-06-08 at 5.16.16 PM.png,Apple__Healthy,light,322,326,103.61,820.7,144.75,0.0316,1,0.7039,50.58,0.8391,1,1.0,39.1,0.7028,1,0.9999,134.29,0.6593,fast
data\test\Apple__Rotten\rotated_by_30_Screen Shot 2018-06-08 at 2.41.44 PM.png,Apple__Rotten,light,382,352,122.78,504.76,160.0,0.0242,1,0.9835,163.47,0.8015,1,1.0,45.8,0.7006,1,1.0,190.1,0.6407,fast
data\test\Banana__Healthy\rotated_by_45_Screen Shot 2018-06-12 at 9.46.24 PM.png,Banana__Healthy,heavy,766,414,106.92,328.44,169.81,0.0064,1,0.9768,1053.07,0.5046,1,0.9999,4520.91,0.0159,1,0.9999,1019.05,0.364,fast
data\test\Banana__Rotten\rotated_by_45_Screen Shot 2018-06-12 at 9.19.12 PM.png,Banana__Rotten,heavy,378,322,168.88,154.16,56.06,0.0471,1,0.9975,646.79,0.6402,1,1.0,1138.84,0.3358,1,1.0,847.21,0.4214,fast
data\test\Apple__Rotten\rotated_by_30_Screen Shot 2018-06-08 at 2.24.15 PM.png,Apple__Rotten,heavy,400,382,138.97,477.81,169.35,0.0288,1,0.9478,595.83,0.6572,1,1.0,1086.93,0.3531,1,1.0,1114.82,0.3321,fast
data\test\Cucumber__Rotten\rottenCucumber (519).jpg,Cucumber__Rotten,light,259,194,5.08,218.47,131.05,0.0354,0,0.1895,44.85,-0.1589,0,0.8524,35.5,-0.296,0,0.5574,92.39,-0.3267,fast
data\test\Orange__Healthy\rotated_by_45_Screen Shot 2018-06-12 at 11.53.17 PM.png,Orange__Healthy,light,160,154,28.24,1165.96,151.39,0.0312,1,0.8598,58.46,0.8365,1,1.0,73.28,0.6914,1,0.9995,55.23,0.6857,fast
data\test\Mango__Rotten\456.jpg,Mango__Rotten,heavy,224,224,9.85,365.12,108.26,0.0512,1,0.8889,726.2,0.6137,1,1.0,1210.48,0.3119,1,1.0,2868.43,0.0041,fast
data\test\Mango__Healthy\freshMango (280).jpg,Mango__Healthy,light,224,224,3.52,28.54,83.32,0.0077,1,0.984,36.7,0.8438,1,1.0,41.33,0.7021,1,0.9998,111.04,0.6671,fast
data\test\Carrot__Healthy\freshCarrot (92).jpg,Carrot__Healthy,light,224,224,10.68,66.38,94.84,0.031,1,0.9129,62.5,0.8352,1,0.9997,135.72,0.6706,1,0.9999,92.16,0.6734,fast
data\test\Banana__Rotten\rottenBanana (388).jpg,Banana__Rotten,heavy,224,224,5.09,104.63,127.88,0.0191,1,0.9014,558.71,0.6696,1,1.0,977.59,0.3896,1,0.995,1267.9,0.281,fast
data\test\Mango__Rotten\34.jpg,Mango__Rotten,light,224,224,4.59,275.34,119.58,0.0331,1,0.8452,34.04,0.8447,1,1.0,77.9,0.6899,1,1.0,121.27,0.6637,fast
data\test\Strawberry__Healthy\348.jpg,Strawberry__Healthy,heavy,224,224,2.93,55.79,142.91,0.0098,1,0.9371,607.81,0.6532,1,0.9999,1228.01,0.306,1,1.0,581.89,0.5099,fast
data\test\Banana__Healthy\rotated_by_45_Screen Shot 2018-06-12 at 10.00.37 PM.png,Banana__Healthy,light,518,332,61.83,462.12,185.07,0.0088,1,0.9866,105.25,0.8209,1,1.0,107.59,0.68,1,0.9999,147.23,0.655,fast
data\test\Banana__Rotten\vertical_flip_Screen Shot 2018-06-12 at 8.52.01 PM.png,Banana__Rotten,light,600,372,120.97,83.36,206.61,0.0282,1,0.9041,33.55,0.8448,1,1.0,88.48,0.6863,1,1.0,120.99,0.6638,fast
data\test\Apple__Rotten\rotated_by_60_Screen Shot 2018-06-07 at 2.42.18 PM.png,Apple__Rotten,heavy,448,400,149.75,356.0,149.56,0.0104,1,0.927,596.35,0.657,1,1.0,1162.08,0.328,1,1.0,1220.16,0.2969,fast
data\test\Orange__Rotten\vertical_flip_Screen Shot 2018-06-12 at 11.19.56 PM.png,Orange__Rotten,burst,444,404,213.18,81.98,203.07,0.0503,1,1.0,1424.75,0.3805,1,1.0,1498.81,0.2157,1,0.9999,2064.59,0.0151,fast
data\test\Bellpepper__Rotten\rottenPepper (339).jpg,Bellpepper__Rotten,heavy,100,100,5.84,2381.64,111.52,0.1152,0,0.241,560.85,-0.3312,1,0.9888,1080.27,0.3553,1,0.9948,1058.38,0.3509,balanced
data\test\Grape__Healthy\FreshGrape (112).jpg,Grape__Healthy,heavy,702,923,108.74,165.99,132.89,0.0225,1,0.7414,584.65,0.6609,1,0.9997,1161.65,0.3282,1,0.9847,1112.74,0.3328,fast
data\test\Orange__Rotten\rotated_by_45_Screen Shot 2018-06-12 at 11.29.03 PM.png,Orange__Rotten,burst,438,408,202.21,57.24,116.51,0.0102,1,0.9924,639.46,0.6426,1,1.0,426.73,0.5735,1,0.9999,1771.28,0.113,fast
data\test\Banana__Healthy\rotated_by_15_Screen Shot 2018-06-12 at 9.54.50 PM.png,Banana__Healthy,light,450,440,129.54,332.97,199.93,0.0154,1,0.9941,42.55,0.8418,1,1.0,202.14,0.6484,1,1.0,177.27,0.645,fast
data\test\Pomegranate__Healthy\FreshPomegranate (34).jpg,Pomegranate__Healthy,heavy,2089,1657,500.54,56.12,96.98,0.0062,1,0.6584,583.09,0.6614,1,0.9997,1301.11,0.2816,1,0.9997,995.65,0.3719,fast
data\test\Strawberry__Healthy\194.jpg,Strawberry__Healthy,light,224,224,4.61,63.05,89.31,0.0062,1,0.9703,61.75,0.8354,1,1.0,99.71,0.6826,1,0.9999,117.9,0.6648,fast
data\test\Carrot__Rotten\rottenCarrot (460).jpg,Carrot__Rotten,light,310,163,11.41,1862.88,123.83,0.202,1,0.775,15.51,0.8508,1,0.8909,41.65,0.702,1,0.9991,55.93,0.6855,fast
data\test\Banana__Rotten\rottenBanana (169).jpg,Banana__Rotten,heavy,2354,2794,885.82,37.99,152.01,0.0015,1,0.9776,561.36,0.6687,1,1.0,1201.01,0.3151,1,1.0,1158.64,0.3175,fast
data\test\Strawberry__Rotten\956.jpg,Strawberry__Rotten,burst,224,224,6.82,136.32,120.71,0.0318,1,0.8301,1696.2,0.2899,1,0.9909,1201.44,0.3149,1,0.9989,2042.34,0.0225,balanced
data\test\Banana__Rotten\rottenBanana (409).jpg,Banana__Rotten,light,224,224,4.8,200.81,135.18,0.0339,1,0.952,84.02,0.828,1,0.9999,112.72,0.6782,1,0.9967,63.43,0.683,fast
data\test\Grape__Healthy\FreshGrape (106).jpg,Grape__Healthy,burst,772,752,83.68,114.46,142.32,0.0198,1,0.6194,929.8,0.5457,1,1.0,1945.46,0.0666,1,0.9866,2488.73,0.0041,fast
data\test\Tomato__Rotten\rottenTomato (504).jpg,Tomato__Rotten,light,224,224,8.78,236.5,119.46,0.0271,1,0.4813,21.11,0.849,1,1.0,85.41,0.6874,1,1.0,107.99,0.6681,fast
data\test\Mango__Healthy\172.jpg,Mango__Healthy,light,224,224,3.56,35.52,92.44,0.0072,1,0.9698,40.91,0.8424,1,1.0,48.18,0.6998,1,1.0,58.35,0.6847,fast
data\test\Banana__Rotten\vertical_flip_Screen Shot 2018-06-12 at 9.12.06 PM.png,Banana__Rotten,burst,574,406,191.32,57.66,181.25,0.0256,1,0.9985,1170.79,0.4653,1,1.0,865.48,0.427,1,0.9999,2041.8,0.0227,fast
data\test\Apple__Rotten\saltandpepper_Screen Shot 2018-06-08 at 2.31.45 PM.png,Apple__Rotten,light,408,354,143.54,3030.19,198.97,0.0532,1,0.9638,152.84,0.805,1,1.0,185.64,0.6539,1,0.9999,136.23,0.6587,fast
data\test\Orange__Healthy\freshOrange (307).jpg,Orange__Healthy,burst,224,224,4.96,114.68,71.95,0.022,0,0.492,1248.27,-0.5606,1,0.9999,2212.69,0.0159,1,0.9996,795.38,0.4387,heavy
data\test\Orange__Rotten\translation_Screen Shot 2018-06-12 at 11.23.54 PM.png,Orange__Rotten,heavy,492,422,229.72,581.75,131.1,0.0246,0,0.548,408.59,-0.2803,1,0.9821,1078.1,0.3561,1,0.9984,1017.24,0.3646,heavy
data\test\Banana__Rotten\rotated_by_60_Screen Shot 2018-06-12 at 8.58.01 PM.png,Banana__Rotten,light,478,408,213.73,381.96,146.08,0.0469,1,0.9248,17.27,0.8503,1,1.0,85.16,0.6874,1,1.0,150.51,0.6539,fast
data\test\Mango__Rotten\258.jpg,Mango__Rotten,light,224,224,3.0,25.46,140.11,0.0123,1,0.9221,29.77,0.8461,1,1.0,118.81,0.6762,1,0.9999,137.54,0.6582,fast
data\test\Mango__Rotten\anthracnose_117.jpg,Mango__Rotten,light,733,557,83.59,104.4,102.95,0.018,0,0.5128,115.13,-0.1824,1,1.0,67.3,0.6934,1,0.982,59.73,0.6842,balanced
data\test\Mango__Healthy\426.jpg,Mango__Healthy,light,224,224,3.33,13.24,147.63,0.0078,1,0.9663,75.7,0.8308,1,1.0,111.14,0.6788,1,1.0,47.78,0.6882,fast
data\test\Apple__Rotten\Screen Shot 2018-06-08 at 2.28.42 PM.png,Apple__Rotten,heavy,232,202,48.22,63.91,211.14,0.0301,1,0.8369,684.38,0.6276,1,0.9999,470.86,0.5587,1,1.0,1158.64,0.3175,fast
data\test\Orange__Healthy\rotated_by_45_Screen Shot 2018-06-13 at 12.19.36 AM.png,Orange__Healthy,light,404,364,151.64,166.05,115.28,0.0118,1,0.9725,57.45,0.8368,1,0.9967,115.29,0.6774,1,0.9976,31.71,0.6935,fast
data\test\Apple__Rotten\rottenApple (171).jpg,Apple__Rotten,light,2929,2847,823.56,10.85,180.06,0.0002,0,0.249,128.16,-0.1867,1,1.0,190.38,0.6523,1,0.991,69.44,0.681,heavy
data\test\Orange__Rotten\vertical_flip_Screen Shot 2018-06-12 at 11.20.18 PM.png,Orange__Rotten,light,400,364,148.08,32.07,189.69,0.0154,1,0.9987,25.53,0.8475,1,0.9997,176.52,0.657,1,0.9998,132.83,0.6598,fast
data\test\Apple__Rotten\saltandpepper_Screen Shot 2018-06-07 at 2.24.35 PM.png,Apple__Rotten,burst,424,404,158.87,2796.99,167.67,0.0397,0,0.833,1600.39,-0.6781,1,0.9998,1946.26,0.0663,1,0.9897,2648.59,0.0041,balanced
data\test\Banana__Rotten\rotated_by_15_Screen Shot 2018-06-12 at 8.59.02 PM.png,Banana__Rotten,heavy,362,306,89.98,477.25,185.27,0.0336,1,0.923,199.17,0.7896,1,1.0,1023.29,0.3744,1,0.9996,1017.76,0.3645,fast
data\test\Potato__Rotten\rottenPotato (273).jpg,Potato__Rotten,heavy,266,189,4.58,268.69,154.55,0.0443,0,0.692,474.11,-0.3022,1,0.983,1208.94,0.3124,1,0.9998,1048.86,0.3541,heavy
data\test\Carrot__Rotten\rottenCarrot (520).jpg,Carrot__Rotten,burst,284,178,4.54,1147.98,228.16,0.0567,1,0.442,961.95,0.535,1,0.9759,2593.92,0.0159,1,0.9749,2261.64,0.0041,fast
data\test\Banana__Rotten\rotated_by_30_Screen Shot 2018-06-12 at 9.13.34 PM.png,Banana__Rotten,heavy,448,350,107.31,515.01,156.11,0.0302,1,0.9996,691.69,0.6252,1,1.0,1228.01,0.306,1,1.0,1019.57,0.3639,fast
data\test\Banana__Healthy\rotated_by_15_Screen Shot 2018-06-12 at 9.39.58 PM.png,Banana__Healthy,light,336,304,110.45,424.21,196.87,0.0174,1,0.9927,39.54,0.8428,1,1.0,45.8,0.7006,1,0.9996,61.98,0.6834,fast
data\test\Cucumber__Rotten\rottenCucumber (461).jpg,Cucumber__Rotten,heavy,100,100,4.69,3480.86,214.87,0.1009,0,0.4431,642.82,-0.3585,0,0.8279,1301.49,-0.7185,0,0.6864,1251.3,-0.7135,fast
data\test\Banana__Rotten\vertical_flip_Screen Shot 2018-06-12 at 8.52.42 PM.png,Banana__Rotten,light,518,420,338.77,110.26,140.7,0.0548,1,0.51,16.9,0.8504,1,1.0,41.2,0.7021,1,0.9999,50.97,0.6871,fast
data\test\Banana__Healthy\freshBanana (149).jpg,Banana__Healthy,light,742,1059,104.91,52.06,161.38,0.0084,0,0.3381,69.17,-0.1671,1,0.9998,135.05,0.6708,1,0.9997,149.43,0.6543,balanced
data\test\Banana__Healthy\freshBanana (149).png,Banana__Healthy,heavy,320,258,134.73,1040.72,147.76,0.0954,1,0.7752,709.82,0.6191,1,0.9997,1142.65,0.3345,1,0.807,1202.99,0.3027,fast
data\test\Orange__Rotten\rotated_by_60_Screen Shot 2018-06-12 at 11.20.40 PM.png,Orange__Rotten,heavy,486,414,194.86,402.42,154.44,0.0116,0,0.9706,627.68,-0.3535,1,0.9898,1076.47,0.3566,1,0.9894,49.62,0.6876,heavy
data\test\Potato__Healthy\freshPotato (483).jpg,Potato__Healthy,burst,224,224,11.77,62.08,111.28,0.0108,1,0.8667,1419.72,0.3822,1,1.0,426.73,0.5735,1,1.0,1757.01,0.1178,balanced
data\test\Banana__Rotten\rotated_by_30_Screen Shot 2018-06-12 at 9.25.28 PM.png,Banana__Rotten,heavy,504,364,114.56,330.39,133.1,0.0159,0,0.5125,658.49,-0.3637,1,0.9976,820.25,0.4421,1,0.9978,1251.3,0.2865,balanced
data\test\Apple__Healthy\rotated_by_15_Screen Shot 2018-06-08 at 5.18.26 PM.png,Apple__Healthy,light,364,402,123.55,389.8,154.11,0.0206,1,0.9837,73.17,0.8316,1,1.0,34.58,0.7043,1,1.0,83.16,0.6764,fast
data\test\Orange__Rotten\vertical_flip_Screen Shot 2018-06-12 at 11.21.29 PM.png,Orange__Rotten,light,490,410,193.59,36.54,167.32,0.0225,0,0.6579,70.66,-0.1676,1,0.9937,39.46,0.7027,1,0.9829,36.83,0.6918,balanced
data\test\Cucumber__Healthy\freshCucumber (189).jpg,Cucumber__Healthy,heavy,4032,3024,1448.91,38.44,149.31,0.0018,1,0.9626,684.38,0.6276,1,1.0,1109.69,0.3455,1,0.9998,1058.9,0.3507,fast
data\test\Apple__Healthy\rotated_by_15_Screen Shot 2018-06-08 at 5.15.09 PM.png,Apple__Healthy,heavy,312,302,90.09,500.58,162.37,0.0293,1,0.8552,595.83,0.6572,1,1.0,1152.47,0.3313,1,1.0,1241.04,0.29,fast
data\test\Grape__Rotten\RottenGrape (162).jpg,Grape__Rotten,heavy,765,794,99.32,47.57,150.84,0.0114,1,0.6309,779.67,0.5958,1,1.0,1051.71,0.3649,1,1.0,836.45,0.425,fast
data\test\Apple__Rotten\rotated_by_30_Screen Shot 2018-06-08 at 2.42.38 PM.png,Apple__Rotten,heavy,450,400,178.45,430.84,142.93,0.0166,1,0.9838,621.75,0.6485,1,1.0,1051.71,0.3649,1,1.0,1049.17,0.354,fast
data\test\Banana__Rotten\translation_Screen Shot 2018-06-12 at 9.05.08 PM.png,Banana__Rotten,light,718,398,172.51,572.51,178.38,0.0383,1,0.9995,16.44,0.8505,1,0.9992,27.41,0.7067,1,0.9999,96.93,0.6718,fast
data\test\Strawberry__Rotten\rottenStrawberry (514).jpg,Strawberry__Rotten,light,224,224,5.53,159.76,127.46,0.0339,1,0.9528,33.47,0.8449,1,1.0,239.36,0.636,1,1.0,147.24,0.655,fast
data\test\Grape__Healthy\FreshGrape (44).jpg,Grape__Healthy,burst,632,696,43.44,18.46,178.33,0.0041,0,0.3496,1458.17,-0.6306,1,0.9996,662.84,0.4947,1,0.9989,2041.8,0.0227,balanced
data\test\Orange__Rotten\rotated_by_60_Screen Shot 2018-06-12 at 11.19.47 PM.png,Orange__Rotten,heavy,314,308,123.33,543.34,170.12,0.0381,1,0.9999,627.17,0.6467,1,1.0,966.77,0.3932,1,0.9998,922.51,0.3963,fast
data\test\Banana__Rotten\saltandpepper_Screen Shot 2018-06-12 at 8.53.15 PM.png,Banana__Rotten,heavy,294,246,74.65,2401.07,122.28,0.047,0,0.624,819.11,-0.4173,1,0.9983,1185.78,0.3201,1,0.9883,1049.17,0.354,heavy
data\test\Jujube__Rotten\RottenJujube (197).jpg,Jujube__Rotten,light,2987,2431,970.59,30.35,176.86,0.001,1,0.3594,32.58,0.8451,0,0.9714,45.55,-0.2993,1,0.7471,181.86,0.6434,fast
data\test\Banana__Rotten\vertical_flip_Screen Shot 2018-06-12 at 9.13.54 PM.png,Banana__Rotten,heavy,404,282,218.28,177.5,153.52,0.0704,1,0.9737,506.33,0.687,1,1.0,1118.95,0.3424,1,0.9998,1217.58,0.2978,fast
data\test\Apple__Healthy\freshApple (619).png,Apple__Healthy,light,320,258,119.7,1554.18,94.55,0.077,1,0.9055,67.5,0.8335,1,1.0,163.37,0.6613,1,0.9999,25.54,0.6956,fast
data\test\Mango__Healthy\freshMango (173).jpg,Mango__Healthy,light,224,224,9.03,254.44,122.72,0.0123,1,0.9681,116.41,0.8172,1,1.0,109.44,0.6793,1,0.9999,152.13,0.6534,fast
data\test\Orange__Rotten\rotated_by_45_Screen Shot 2018-06-12 at 11.24.37 PM.png,Orange__Rotten,light,450,424,274.14,334.46,149.68,0.0383,1,0.9999,73.0,0.8317,1,1.0,62.22,0.6951,1,1.0,85.43,0.6756,fast
data\test\Apple__Rotten\rotated_by_30_Screen Shot 2018-06-08 at 2.24.37 PM.png,Apple__Rotten,light,406,380,131.7,438.79,147.08,0.0171,1,0.9761,73.39,0.8315,1,0.9999,97.19,0.6834,1,1.0,121.31,0.6636,fast
data\test\Bellpepper__Rotten\rottenPepper (139).jpg,Bellpepper__Rotten,light,389,280,41.87,2683.53,184.45,0.2231,1,0.7246,105.55,0.8208,1,0.7354,152.88,0.6648,1,0.9634,27.15,0.6951,fast
data\test\Orange__Healthy\rotated_by_60_Screen Shot 2018-06-13 at 12.06.15 AM.png,Orange__Healthy,light,272,258,79.09,538.18,142.31,0.0275,1,0.9955,14.51,0.8512,1,1.0,54.73,0.6976,1,1.0,67.07,0.6817,fast
data\test\Banana__Rotten\saltandpepper_Screen Shot 2018-06-12 at 8.59.44 PM.png,Banana__Rotten,burst,338,500,186.91,3389.76,187.51,0.0748,1,1.0,1458.7,0.3692,1,1.0,924.16,0.4074,1,1.0,1702.69,0.1359,balanced
data\test\Strawberry__Rotten\639.jpg,Strawberry__Rotten,light,224,224,10.71,608.42,114.62,0.1124,1,0.9969,18.17,0.85,1,1.0,94.01,0.6845,1,1.0,53.32,0.6863,fast
data\test\Banana__Rotten\rottenBanana (215).jpg,Banana__Rotten,light,680,390,187.51,56.81,213.05,0.0387,1,0.9995,42.31,0.8419,1,1.0,77.94,0.6899,1,1.0,125.32,0.6623,fast
data\test\Mango__Rotten\rottenMango (245).jpg,Mango__Rotten,light,800,534,42.15,71.12,225.87,0.0085,0,0.4128,128.16,-0.1867,1,0.6957,63.66,0.6946,1,0.6505,25.88,0.6955,heavy
data\test\Bellpepper__Rotten\rottenPepper (615).jpg,Bellpepper__Rotten,burst,259,194,5.95,729.35,165.58,0.0469,0,0.4793,473.25,-0.3019,0,0.8949,991.19,-0.6149,0,0.6527,796.42,-0.5617,fast
data\test\Mango__Rotten\963.jpg,Mango__Rotten,heavy,224,224,5.72,67.19,97.93,0.016,1,0.9749,498.56,0.6896,1,1.0,1201.53,0.3149,1,1.0,1040.89,0.3568,fast
data\test\Potato__Healthy\freshPotato (419).jpg,Potato__Healthy,light,224,224,13.5,61.73,123.69,0.0139,1,0.8075,111.52,0.8188,1,0.9987,43.44,0.7014,1,0.9993,181.86,0.6434,fast
data\test\Carrot__Rotten\rottenCarrot (557).jpg,Carrot__Rotten,heavy,242,208,4.43,104.87,89.15,0.0193,0,0.1909,211.55,-0.2146,1,0.9996,462.39,0.5616,1,0.9992,1267.55,0.2811,balanced
data\test\Strawberry__Healthy\freshStrawberry (408).jpg,Strawberry__Healthy,light,224,224,3.88,73.91,141.7,0.0188,1,0.9374,70.4,0.8325,1,1.0,209.07,0.6461,1,1.0,68.92,0.6811,fast
data\test\Apple__Rotten\vertical_flip_Screen Shot 2018-06-08 at 2.34.42 PM.png,Apple__Rotten,heavy,386,372,119.93,16.83,212.02,0.0119,1,0.7725,808.06,0.5863,1,1.0,1032.23,0.3714,1,1.0,1005.93,0.3684,fast
data\test\Apple__Healthy\freshApple (534).png,Apple__Healthy,light,480,322,220.57,307.84,119.74,0.0545,1,0.9944,73.17,0.8316,1,1.0,118.81,0.6762,1,1.0,28.82,0.6945,fast
data\test\Grape__Rotten\RottenGrape (87).jpg,Grape__Rotten,light,1040,780,64.71,40.0,126.2,0.0132,1,0.863,66.2,0.8339,1,1.0,41.12,0.7021,1,1.0,205.06,0.6357,fast
data\test\Orange__Rotten\translation_Screen Shot 2018-06-12 at 11.37.31 PM.png,Orange__Rotten,heavy,406,378,185.68,747.32,154.86,0.0807,1,0.9991,608.02,0.6531,1,1.0,1138.72,0.3358,1,0.9997,1114.31,0.3323,fast
data\test\Apple__Healthy\rotated_by_75_Screen Shot 2018-06-08 at 5.27.49 PM.png,Apple__Healthy,burst,438,472,188.92,329.69,144.09,0.0121,1,0.9805,1092.31,0.4915,1,1.0,1944.94,0.0668,1,1.0,1121.27,0.3299,fast
data\test\Cucumber__Rotten\rottenCucumber (539).jpg,Cucumber__Rotten,light,100,100,4.58,3086.48,175.18,0.0979,1,0.9975,31.28,0.8456,1,1.0,169.22,0.6594,1,1.0,60.29,0.684,fast
data\test\Apple__Rotten\rotated_by_75_Screen Shot 2018-06-07 at 3.03.31 PM.png,Apple__Rotten,light,418,422,170.28,354.22,182.44,0.0144,1,0.8689,43.62,0.8415,1,1.0,190.38,0.6523,1,0.9942,185.44,0.6422,fast
data\test\Tomato__Healthy\freshTomato (147).png,Tomato__Healthy,light,320,258,100.96,596.62,118.06,0.0625,1,0.9887,117.7,0.8167,1,0.9999,25.06,0.7075,1,0.9997,86.78,0.6752,fast
data\test\Banana__Healthy\rotated_by_60_Screen Shot 2018-06-12 at 9.40.22 PM.png,Banana__Healthy,heavy,408,248,41.22,441.63,155.22,0.0114,1,0.8852,581.09,0.6621,1,1.0,1078.1,0.3561,1,0.9995,1076.54,0.3449,fast
data\test\Strawberry__Healthy\freshStrawberry (4).jpg,Strawberry__Healthy,light,1714,2486,671.0,59.15,144.62,0.0146,1,0.8184,61.54,0.8355,1,0.9999,131.41,0.672,1,0.9981,31.45,0.6936,fast
data\test\Strawberry__Healthy\35.jpg,Strawberry__Healthy,light,224,224,6.82,211.18,75.79,0.0269,1,0.9829,93.27,0.8249,1,1.0,80.71,0.6889,1,0.9999,140.23,0.6573,fast
data\test\Cucumber__Rotten\rottenCucumber (563).jpg,Cucumber__Rotten,light,100,100,5.32,2748.01,149.86,0.1124,1,0.9986,93.91,0.8247,1,0.9996,97.14,0.6834,1,1.0,52.76,0.6865,fast
data\test\Carrot__Healthy\freshCarrot (223).jpg,Carrot__Healthy,burst,224,224,18.91,1891.34,85.31,0.1474,1,0.9795,1040.17,0.5089,1,1.0,1760.48,0.1283,1,0.9986,2775.54,0.0041,fast
data\test\Mango__Rotten\940.jpg,Mango__Rotten,light,224,224,5.75,75.4,99.81,0.0163,1,0.9879,14.82,0.8511,1,1.0,189.66,0.6526,1,1.0,146.08,0.6554,fast
data\test\Strawberry__Healthy\787.jpg,Strawberry__Healthy,light,224,224,6.36,115.41,120.52,0.0236,1,0.6328,43.33,0.8416,1,1.0,142.33,0.6684,1,0.9999,60.19,0.684,fast
data\test\Apple__Rotten\rotated_by_30_Screen Shot 2018-06-07 at 2.44.26 PM.png,Apple__Rotten,heavy,340,352,125.39,307.38,145.98,0.0159,1,0.9766,199.17,0.7896,1,0.9998,828.6,0.4393,1,0.9984,3525.91,0.0041,fast
data\test\Carrot__Healthy\freshCarrot (500).jpg,Carrot__Healthy,heavy,600,450,50.5,1125.34,138.22,0.1652,1,0.4696,663.0,0.6348,1,0.9961,1201.53,0.3149,1,0.997,906.45,0.4016,fast
data\test\Apple__Healthy\freshApple (767).png,Apple__Healthy,burst,320,258,92.96,930.88,145.57,0.0578,1,0.3946,639.46,0.6426,1,0.995,1212.39,0.3113,1,0.9994,649.26,0.4875,fast
data\test\Tomato__Rotten\rottenTomato (61).jpg,Tomato__Rotten,light,280,180,8.19,1096.73,178.65,0.109,0,0.4632,89.08,-0.1737,1,0.9522,147.28,0.6667,1,0.9768,60.7,0.6839,heavy
data\test\Orange__Rotten\rottenOrange (327).jpg,Orange__Rotten,heavy,224,224,11.34,838.74,138.11,0.1717,1,0.9259,631.74,0.6452,1,1.0,1209.76,0.3121,1,1.0,1106.14,0.335,fast
data\test\Orange__Healthy\translation_Screen Shot 2018-06-12 at 11.58.24 PM.png,Orange__Healthy,light,454,398,181.6,445.39,158.44,0.0202,1,0.9842,25.99,0.8473,1,1.0,113.08,0.6781,1,1.0,68.19,0.6814,fast
data\test\Orange__Healthy\freshOrange (41).png,Orange__Healthy,heavy,320,258,96.49,1479.49,114.27,0.0577,1,0.8605,708.34,0.6196,1,1.0,1436.11,0.2366,1,0.9998,1278.53,0.2774,fast
data\test\Orange__Rotten\rottenOrange (357).jpg,Orange__Rotten,burst,224,224,7.32,279.7,129.89,0.0772,1,0.9738,1355.17,0.4038,1,1.0,311.27,0.612,1,0.9999,2064.06,0.0153,balanced
data\test\Orange__Rotten\Screen Shot 2018-06-12 at 11.40.18 PM.png,Orange__Rotten,light,452,406,280.71,60.23,159.29,0.0306,1,0.949,43.66,0.8415,1,0.9998,35.03,0.7042,1,0.9999,81.41,0.677,fast
data\test\Mango__Rotten\539.jpg,Mango__Rotten,light,224,224,9.95,308.56,118.04,0.069,1,0.9661,76.86,0.8304,1,1.0,143.06,0.6681,1,1.0,53.38,0.6863,fast
data\test\Strawberry__Healthy\598.jpg,Strawberry__Healthy,light,224,224,8.74,247.89,112.56,0.0227,1,0.7713,19.38,0.8496,1,1.0,158.76,0.6629,1,0.9997,105.29,0.669,fast
data\test\Orange__Healthy\Screen Shot 2018-06-13 at 12.02.20 AM.png,Orange__Healthy,burst,392,360,205.23,25.35,185.27,0.0121,1,0.6203,1696.24,0.2899,1,0.9953,7773.35,0.0159,1,0.9997,2584.27,0.0041,fast
data\test\Apple__Healthy\rotated_by_30_Screen Shot 2018-06-08 at 5.13.02 PM.png,Apple__Healthy,light,432,430,176.49,366.73,102.35,0.022,1,0.9656,128.16,0.8133,1,0.9999,140.28,0.6691,1,0.9995,122.22,0.6633,fast
data\test\Orange__Rotten\translation_Screen Shot 2018-06-12 at 11.33.23 PM.png,Orange__Rotten,heavy,456,432,252.32,640.52,168.32,0.0678,1,0.9991,807.03,0.5867,1,0.9997,1045.45,0.367,1,1.0,1111.51,0.3332,fast
data\test\Bellpepper__Rotten\rottenPepper (532).jpg,Bellpepper__Rotten,light,281,179,6.64,1104.59,180.6,0.101,0,0.4207,18.66,-0.1502,0,0.4756,77.94,-0.3101,0,0.8533,241.41,-0.3764,fast
data\test\Banana__Healthy\rotated_by_75_Screen Shot 2018-06-12 at 9.52.26 PM.png,Banana__Healthy,light,586,402,164.15,280.58,149.54,0.0129,1,0.9914,27.42,0.8469,1,1.0,153.39,0.6647,1,0.9999,106.15,0.6687,fast
data\test\Carrot__Healthy\freshCarrot (135).jpg,Carrot__Healthy,light,224,224,15.03,304.5,90.54,0.1139,1,0.9765,81.1,0.829,1,1.0,85.46,0.6873,1,0.9991,55.23,0.6857,fast
data\test\Banana__Rotten\Screen Shot 2018-06-12 at 8.55.15 PM.png,Banana__Rotten,heavy,626,388,199.2,49.84,215.33,0.0379,1,0.9884,732.51,0.6116,1,1.0,1191.83,0.3181,1,1.0,1113.79,0.3324,fast
data\test\Banana__Healthy\rotated_by_60_Screen Shot 2018-06-12 at 9.42.35 PM.png,Banana__Healthy,light,390,416,136.08,456.84,179.32,0.0235,1,0.9995,69.19,0.8329,1,1.0,82.29,0.6884,1,0.9999,131.08,0.6604,fast
data\test\Orange__Rotten\saltandpepper_Screen Shot 2018-06-12 at 11.21.22 PM.png,Orange__Rotten,light,452,416,269.0,2342.69,153.48,0.0967,1,0.9978,108.93,0.8197,1,1.0,169.22,0.6594,1,0.9997,50.32,0.6873,fast
data\test\Apple__Healthy\saltandpepper_Screen Shot 2018-06-08 at 5.10.53 PM.png,Apple__Healthy,light,196,208,51.95,3035.6,166.19,0.0596,1,0.9602,10.55,0.8525,1,1.0,107.79,0.6799,1,1.0,238.81,0.6244,fast
data\test\Apple__Rotten\rotated_by_15_Screen Shot 2018-06-07 at 2.56.34 PM.png,Apple__Rotten,light,380,374,172.67,430.85,133.89,0.0335,1,0.9204,15.24,0.8509,1,1.0,119.4,0.676,1,1.0,67.12,0.6817,fast
data\test\Mango__Healthy\392.jpg,Mango__Healthy,heavy,224,224,3.43,17.52,141.07,0.0047,1,0.8334,570.67,0.6656,1,0.9176,1208.94,0.3124,1,0.9981,1099.62,0.3372,fast
data\test\Banana__Healthy\freshBanana (91).jpg,Banana__Healthy,heavy,994,1590,127.0,21.38,166.17,0.0054,1,0.7956,473.59,0.698,1,0.9999,1138.84,0.3358,1,0.994,1111.48,0.3332,fast
data\test\Banana__Healthy\rotated_by_60_Screen Shot 2018-06-12 at 9.40.56 PM.png,Banana__Healthy,light,338,394,84.58,369.4,162.01,0.0113,1,0.9741,25.24,0.8476,1,1.0,69.81,0.6926,1,1.0,113.52,0.6662,fast
data\test\Jujube__Healthy\FreshJujube (22).jpg,Jujube__Healthy,burst,3046,2253,794.91,17.34,165.36,0.0005,1,0.656,1012.86,0.518,1,0.9028,1610.15,0.1785,1,0.9573,1795.6,0.1049,fast
data\test\Potato__Rotten\rottenPotato (456).jpg,Potato__Rotten,heavy,265,190,5.35,937.41,199.36,0.0731,1,0.7263,562.4,0.6683,1,0.9999,1173.04,0.3244,1,1.0,2377.16,0.0041,fast
data\test\Banana__Rotten\rottenBanana (453).jpg,Banana__Rotten,light,224,224,3.5,78.43,140.36,0.0164,0,0.3308,17.17,-0.1497,1,1.0,32.69,0.705,1,0.9997,71.69,0.6802,balanced
data\test\Cucumber__Healthy\freshCucumber (583).jpg,Cucumber__Healthy,heavy,848,480,16.6,19.3,164.83,0.006,1,0.9975,658.49,0.6363,1,1.0,2887.92,0.0159,1,0.9942,1187.71,0.3078,fast
data\test\Strawberry__Rotten\rottenStrawberry (195).jpg,Strawberry__Rotten,heavy,3000,4000,2650.7,34.1,195.36,0.0035,1,0.6912,668.74,0.6328,1,0.9996,1109.14,0.3457,1,1.0,1005.93,0.3684,fast
data\test\Apple__Rotten\rotated_by_75_Screen Shot 2018-06-07 at 2.46.32 PM.png,Apple__Rotten,light,408,390,160.55,376.95,167.52,0.0142,1,0.7678,48.57,0.8398,1,0.919,43.73,0.7013,1,0.9986,227.51,0.6282,fast
data\test\Banana__Rotten\rotated_by_30_Screen Shot 2018-06-12 at 9.28.09 PM.png,Banana__Rotten,light,510,372,234.0,165.8,93.08,0.031,1,0.6489,76.94,0.8303,1,0.9996,142.98,0.6681,1,0.9996,205.06,0.6357,fast
data\test\Strawberry__Healthy\531.jpg,Strawberry__Healthy,heavy,224,224,3.45,51.63,139.87,0.01,1,0.7829,779.67,0.5958,1,1.0,1084.52,0.3539,1,1.0,1057.35,0.3513,fast
data\test\Apple__Rotten\vertical_flip_Screen Shot 2018-06-07 at 3.04.10 PM.png,Apple__Rotten,light,392,366,117.87,22.89,203.25,0.0113,1,0.8618,428.83,0.7129,1,1.0,26.17,0.7071,1,1.0,143.24,0.6563,fast
data\test\Orange__Rotten\rottenOrange (411).jpg,Orange__Rotten,light,224,224,6.48,246.14,130.48,0.0395,1,0.9017,102.88,0.8217,1,1.0,76.35,0.6904,1,1.0,117.67,0.6649,fast
data\test\Bellpepper__Healthy\freshPepper (524).jpg,Bellpepper__Healthy,light,224,224,14.82,407.48,88.18,0.0664,0,0.5314,19.81,-0.1506,1,0.9965,41.33,0.7021,1,0.9947,111.65,0.6669,balanced
data\test\Pomegranate__Healthy\FreshPomegranate (38).jpg,Pomegranate__Healthy,heavy,2899,2148,917.95,57.26,121.78,0.0054,1,0.3812,642.82,0.6415,1,0.9998,1158.19,0.3293,1,0.9977,1017.76,0.3645,fast
data\test\Apple__Rotten\Screen Shot 2018-06-07 at 2.42.18 PM.png,Apple__Rotten,burst,448,400,196.65,8.67,188.89,0.0056,1,0.8953,189.56,0.7928,1,1.0,1768.04,0.1258,1,1.0,2042.34,0.0225,fast
data\test\Strawberry__Healthy\16.jpg,Strawberry__Healthy,heavy,224,224,6.12,177.68,86.24,0.0167,1,0.9916,815.34,0.5839,1,1.0,328.86,0.6061,1,1.0,1112.74,0.3328,balanced
data\test\Orange__Healthy\freshOrange (41).jpg,Orange__Healthy,burst,2996,2637,913.79,16.16,173.05,0.001,1,0.7483,1257.13,0.4365,1,0.9995,1578.26,0.1892,1,0.9361,1011.68,0.3665,fast
data\test\Bellpepper__Rotten\rottenPepper (242).jpg,Bellpepper__Rotten,light,262,192,5.83,1016.37,208.42,0.0351,0,0.397,61.98,-0.1647,1,0.8571,94.01,0.6845,1,0.9511,53.38,0.6863,heavy
data\test\Banana__Rotten\Screen Shot 2018-06-12 at 9.06.40 PM.png,Banana__Rotten,heavy,790,402,212.63,46.41,224.38,0.0227,1,0.8345,726.03,0.6137,1,1.0,1097.19,0.3497,1,1.0,1017.76,0.3645,fast
data\test\Strawberry__Healthy\930.jpg,Strawberry__Healthy,heavy,224,224,6.43,131.56,126.16,0.0217,1,0.6206,295.98,0.7572,1,1.0,1079.68,0.3555,1,0.9994,1166.78,0.3147,fast
data\test\Apple__Rotten\rotated_by_45_Screen Shot 2018-06-08 at 2.29.10 PM.png,Apple__Rotten,light,232,250,50.09,818.38,168.7,0.0236,1,0.6073,81.08,0.829,1,1.0,139.21,0.6694,1,0.9941,112.41,0.6666,fast
data\test\Mango__Rotten\rottenMango (457).jpg,Mango__Rotten,light,224,224,4.27,53.6,110.86,0.0174,1,0.9969,23.92,0.848,1,1.0,212.01,0.6451,1,0.9849,267.89,0.6147,fast
data\test\Banana__Healthy\rotated_by_15_Screen Shot 2018-06-12 at 9.42.49 PM.png,Banana__Healthy,light,584,432,150.17,302.31,187.45,0.0179,1,0.9639,12.55,0.8518,1,1.0,80.32,0.6891,1,0.9991,271.73,0.6134,fast
data\test\Strawberry__Healthy\587.jpg,Strawberry__Healthy,light,224,224,8.92,302.79,113.48,0.0408,1,0.9192,73.55,0.8315,1,1.0,90.07,0.6858,1,1.0,86.62,0.6752,fast
data\test\Potato__Rotten\rottenPotato (233).jpg,Potato__Rotten,light,100,100,2.74,1733.62,148.44,0.1961,1,0.7487,89.89,0.826,1,0.9944,167.38,0.66,1,0.9994,221.33,0.6303,fast
data\test\Mango__Healthy\338.jpg,Mango__Healthy,burst,224,224,2.76,6.41,145.69,0.0065,1,0.8923,1413.28,0.3844,1,1.0,1610.15,0.1785,1,1.0,660.05,0.4839,heavy
data\test\Orange__Healthy\freshOrange (11).jpg,Orange__Healthy,light,2270,2094,538.3,9.9,146.91,0.0002,1,0.9809,16.96,0.8504,1,0.9994,107.02,0.6802,1,0.9966,484.53,0.5424,fast
data\test\Apple__Rotten\rotated_by_75_Screen Shot 2018-06-07 at 2.15.50 PM.png,Apple__Rotten,burst,504,484,235.0,307.19,133.06,0.0156,1,0.8018,289.18,0.7595,1,1.0,1725.47,0.14,1,1.0,1476.13,0.2115,fast
data\test\Banana__Rotten\rottenBanana (254).jpg,Banana__Rotten,light,262,193,5.42,2342.44,213.33,0.0651,1,0.5195,93.93,0.8247,1,1.0,139.81,0.6692,1,0.7098,108.12,0.668,fast
data\test\Banana__Rotten\rottenBanana (236).jpg,Banana__Rotten,heavy,510,372,259.36,44.9,120.57,0.0272,0,0.4161,756.68,-0.3965,1,0.9981,1162.08,0.328,1,0.9994,1267.9,0.281,balanced
data\test\Banana__Healthy\freshBanana (310).jpg,Banana__Healthy,heavy,224,224,6.81,180.44,125.07,0.0215,1,0.9802,585.36,0.6607,1,1.0,1023.29,0.3744,1,1.0,1099.62,0.3372,fast
data\test\Potato__Healthy\freshPotato (73).jpg,Potato__Healthy,heavy,290,174,3.82,131.01,218.84,0.0257,1,0.5877,408.59,0.7197,1,0.9687,4153.89,0.0159,1,0.9584,1346.76,0.2547,fast
data\test\Banana__Rotten\rotated_by_30_Screen Shot 2018-06-12 at 9.04.47 PM.png,Banana__Rotten,light,248,322,133.61,567.54,113.48,0.1284,1,0.9976,12.05,0.852,1,1.0,65.53,0.694,1,0.9999,70.93,0.6805,fast
data\test\Tomato__Healthy\freshTomato (195).jpg,Tomato__Healthy,burst,224,224,4.75,208.88,67.46,0.0158,0,0.4744,1251.94,-0.5618,1,1.0,341.95,0.6017,1,1.0,893.13,0.4061,balanced
data\test\Banana__Rotten\rotated_by_30_Screen Shot 2018-06-12 at 8.47.41 PM.png,Banana__Rotten,burst,682,466,179.58,368.09,166.48,0.0271,1,0.9999,1049.43,0.5058,1,1.0,1211.84,0.3114,1,1.0,10134.62,0.0041,fast
data\test\Mango__Rotten\4.jpg,Mango__Rotten,light,224,224,4.02,60.02,76.05,0.022,1,0.9926,79.64,0.8294,1,1.0,131.41,0.672,1,0.9998,18.45,0.698,fast
data\test\Strawberry__Rotten\830.jpg,Strawberry__Rotten,light,224,224,6.98,179.21,124.07,0.0335,1,0.8554,61.63,0.8355,1,0.9993,71.14,0.6921,1,0.9905,68.94,0.6811,fast
data\test\Cucumber__Rotten\rottenCucumber (568).jpg,Cucumber__Rotten,light,100,100,4.49,3070.97,180.75,0.0714,1,0.9898,89.68,0.8261,1,0.9991,70.37,0.6924,1,0.9995,118.5,0.6646,fast
data\test\Mango__Healthy\healthy_156.jpg,Mango__Healthy,light,224,224,6.8,255.11,128.21,0.015,1,0.9219,107.09,0.8203,1,0.998,57.75,0.6966,1,0.9993,94.72,0.6725,fast
data\test\Banana__Rotten\rotated_by_30_Screen Shot 2018-06-12 at 9.02.03 PM.png,Banana__Rotten,light,562,478,252.07,326.97,147.32,0.0277,1,1.0,116.1,0.8173,1,1.0,48.76,0.6996,1,1.0,137.64,0.6582,fast
data\test\Banana__Rotten\rottenBanana (305).jpg,Banana__Rotten,heavy,224,224,6.47,404.45,124.71,0.0476,1,0.9461,560.83,0.6689,1,1.0,820.25,0.4421,1,0.9997,998.4,0.3709,fast
data\test\Banana__Rotten\rottenBanana (297).jpg,Banana__Rotten,heavy,224,224,6.02,263.4,128.89,0.0409,1,0.9734,582.42,0.6617,1,1.0,1198.55,0.3159,1,0.9999,890.48,0.4069,fast
data\test\Banana__Rotten\rotated_by_15_Screen Shot 2018-06-12 at 9.10.10 PM.png,Banana__Rotten,heavy,598,404,200.25,349.15,159.01,0.0316,1,1.0,656.06,0.6371,1,1.0,1324.45,0.2739,1,1.0,1239.57,0.2904,fast
data\test\Apple__Healthy\freshApple (758).png,Apple__Healthy,light,320,258,129.51,1112.42,138.25,0.0908,1,0.9709,56.88,0.837,1,1.0,51.24,0.6988,1,1.0,21.37,0.697,fast
data\test\Strawberry__Rotten\378.jpg,Strawberry__Rotten,light,224,224,3.32,123.42,141.27,0.0171,1,0.9204,70.68,0.8324,1,1.0,42.19,0.7018,1,1.0,65.7,0.6822,fast
data\test\Cucumber__Healthy\freshCucumber (570).jpg,Cucumber__Healthy,burst,480,848,7.92,32.68,158.33,0.0066,1,0.8731,783.27,0.5946,1,0.9999,2595.48,0.0159,1,0.9992,2089.78,0.0067,fast
data\test\Apple__Rotten\rotated_by_60_Screen Shot 2018-06-07 at 3.04.41 PM.png,Apple__Rotten,light,330,318,103.21,583.35,156.34,0.0261,1,0.9534,40.5,0.8425,1,1.0,60.39,0.6957,1,0.9999,51.55,0.6869,fast
data\test\Strawberry__Rotten\364.jpg,Strawberry__Rotten,burst,224,224,3.35,95.68,144.88,0.0149,1,0.9609,573.75,0.6645,1,1.0,2466.66,0.0159,1,1.0,989.59,0.3739,fast
data\test\Carrot__Healthy\freshCarrot (75).jpg,Carrot__Healthy,heavy,224,224,17.14,702.27,98.33,0.1323,1,0.9662,475.16,0.6974,1,1.0,1050.77,0.3652,1,0.9997,994.83,0.3721,fast
data\test\Orange__Healthy\Screen Shot 2018-06-13 at 12.18.52 AM.png,Orange__Healthy,light,428,330,190.58,29.68,182.92,0.0147,1,0.9921,48.33,0.8399,1,1.0,25.35,0.7074,1,0.9998,158.45,0.6512,fast
data\test\Strawberry__Rotten\73.jpg,Strawberry__Rotten,light,224,224,4.08,95.67,130.3,0.0201,1,0.9881,71.65,0.8321,1,1.0,126.03,0.6738,1,1.0,58.04,0.6848,fast
data\test\Apple__Healthy\rotated_by_30_Screen Shot 2018-06-08 at 5.03.47 PM.png,Apple__Healthy,light,370,350,114.23,508.77,164.57,0.0152,1,0.9967,69.02,0.833,1,1.0,164.23,0.6611,1,1.0,108.72,0.6678,fast
data\test\Banana__Healthy\freshBanana (57).png,Banana__Healthy,light,320,258,108.7,815.62,93.01,0.0657,1,0.6691,23.05,0.8483,1,1.0,40.7,0.7023,1,1.0,135.2,0.659,fast
data\test\Mango__Healthy\healthy_053.jpg,Mango__Healthy,burst,224,224,6.01,57.21,133.29,0.0258,1,0.8587,1356.24,0.4034,1,0.9995,1200.87,0.3151,1,0.8746,1755.8,0.1182,fast
data\test\Grape__Healthy\FreshGrape (146).jpg,Grape__Healthy,heavy,919,566,70.94,87.76,146.62,0.0113,1,0.897,520.55,0.6823,1,0.9999,1065.28,0.3603,1,0.9965,1032.15,0.3597,fast
data\test\Guava__Rotten\RottenGuava (147).jpg,Guava__Rotten,heavy,607,626,106.78,240.11,139.17,0.0693,1,0.5986,1053.07,0.5046,1,0.9999,1137.79,0.3362,1,0.9939,1239.57,0.2904,fast
data\test\Mango__Rotten\lasio_035.jpg,Mango__Rotten,light,224,224,10.58,1670.91,70.7,0.1204,0,0.4336,27.19,-0.1531,0,0.9823,109.53,-0.3207,1,0.9482,126.6,0.6619,heavy
data\test\Banana__Rotten\saltandpepper_Screen Shot 2018-06-12 at 9.25.23 PM.png,Banana__Rotten,light,576,386,135.95,3611.33,221.68,0.0574,1,0.9698,108.75,0.8197,1,1.0,190.38,0.6523,1,0.9995,92.66,0.6732,fast
data\test\Orange__Rotten\saltandpepper_Screen Shot 2018-06-12 at 11.35.55 PM.png,Orange__Rotten,light,430,408,210.26,3003.32,192.8,0.0896,1,0.9991,14.14,0.8513,1,1.0,82.92,0.6882,1,1.0,60.29,0.684,fast
data\test\Carrot__Healthy\freshCarrot (153).jpg,Carrot__Healthy,heavy,224,224,13.53,303.67,91.99,0.0628,1,0.6297,639.29,0.6427,1,1.0,908.07,0.4128,1,1.0,1238.02,0.291,fast
data\test\Banana__Healthy\rotated_by_15_Screen Shot 2018-06-12 at 9.42.18 PM.png,Banana__Healthy,light,494,350,87.86,359.62,205.85,0.0136,1,0.7908,108.55,0.8198,1,1.0,152.88,0.6648,1,0.9885,59.11,0.6844,fast
data\test\Orange__Rotten\rotated_by_45_Screen Shot 2018-06-12 at 11.32.50 PM.png,Orange__Rotten,burst,466,416,253.83,454.82,153.56,0.0625,1,0.999,1016.74,0.5167,1,0.9998,1122.87,0.3411,1,0.9933,1702.16,0.1361,fast
data\test\Guava__Healthy\FreshGuava (126).jpg,Guava__Healthy,heavy,1600,1200,149.11,27.89,162.1,0.0049,1,0.9958,442.09,0.7085,1,1.0,1162.82,0.3278,1,1.0,797.29,0.438,fast
data\test\Apple__Rotten\rotated_by_75_Screen Shot 2018-06-08 at 2.30.31 PM.png,Apple__Rotten,light,432,386,159.68,351.82,152.16,0.0156,1,0.8226,76.86,0.8304,1,0.9967,37.75,0.7033,1,1.0,256.95,0.6184,fast
data\test\Carrot__Healthy\freshCarrot (571).jpg,Carrot__Healthy,burst,224,224,16.42,739.39,104.61,0.1017,1,0.9891,443.91,0.7079,1,1.0,1610.69,0.1783,1,0.9998,1450.96,0.2199,fast
data\test\Mango__Healthy\freshMango (18).png,Mango__Healthy,light,320,258,107.68,1587.68,126.19,0.0803,1,0.8446,47.53,0.8402,1,0.9914,37.53,0.7033,1,0.9532,118.8,0.6645,fast
data\test\Apple__Rotten\rottenApple (72).jpg,Apple__Rotten,light,3112,3774,1204.71,45.77,193.15,0.0012,0,0.9581,51.19,-0.1611,1,0.9791,118.25,0.6764,1,0.9734,111.98,0.6668,balanced
data\test\Orange__Healthy\vertical_flip_Screen Shot 2018-06-12 at 11.50.33 PM.png,Orange__Healthy,burst,218,210,50.17,45.33,203.43,0.0176,1,0.9588,1427.71,0.3795,1,0.9477,810.58,0.4454,1,0.9994,2262.16,0.0041,balanced
data\test\Orange__Healthy\rotated_by_30_Screen Shot 2018-06-13 at 12.08.02 AM.png,Orange__Healthy,light,522,354,176.22,401.02,157.0,0.0131,1,0.9085,111.05,0.819,1,0.9999,82.92,0.6882,1,0.9971,110.82,0.6671,fast
data\test\Strawberry__Healthy\freshStrawberry (477).jpg,Strawberry__Healthy,light,224,224,3.55,69.97,141.95,0.0151,1,0.943,174.73,0.7977,1,1.0,415.92,0.5771,1,1.0,147.46,0.6549,fast
data\test\Apple__Rotten\rotated_by_15_Screen Shot 2018-06-08 at 2.29.10 PM.png,Apple__Rotten,burst,232,250,49.73,605.31,186.93,0.0203,1,0.5379,273.12,0.7649,1,0.9998,2086.88,0.0194,1,0.9967,2064.59,0.0151,fast
data\test\Carrot__Rotten\rottenCarrot (30).jpg,Carrot__Rotten,light,262,192,4.84,937.08,192.96,0.0385,1,0.4962,37.44,0.8435,1,0.9976,148.59,0.6663,1,0.9975,17.07,0.6984,fast
data\test\Orange__Rotten\rotated_by_45_Screen Shot 2018-06-12 at 11.24.29 PM.png,Orange__Rotten,heavy,304,272,108.06,460.23,136.42,0.0297,1,0.997,475.16,0.6974,1,1.0,1202.57,0.3145,1,0.9999,1108.71,0.3341,fast
data\test\Orange__Rotten\rotated_by_30_Screen Shot 2018-06-12 at 11.42.45 PM.png,Orange__Rotten,light,390,326,163.1,558.47,167.35,0.0594,1,1.0,29.23,0.8463,1,1.0,142.53,0.6683,1,1.0,61.23,0.6837,fast
data\test\Apple__Rotten\vertical_flip_Screen Shot 2018-06-08 at 2.30.31 PM.png,Apple__Rotten,heavy,432,386,152.09,42.52,182.15,0.0119,1,0.8301,675.18,0.6307,1,1.0,1185.17,0.3203,1,1.0,578.55,0.5111,fast
data\test\Banana__Rotten\rotated_by_45_Screen Shot 2018-06-12 at 9.28.04 PM.png,Banana__Rotten,light,566,374,183.91,472.22,138.83,0.0247,1,0.9996,63.77,0.8347,1,0.9997,97.75,0.6832,1,1.0,119.27,0.6643,fast
data\test\Banana__Rotten\vertical_flip_Screen Shot 2018-06-12 at 8.50.26 PM.png,Banana__Rotten,light,632,432,166.21,37.92,199.98,0.0195,1,0.9377,102.88,0.8217,1,1.0,175.2,0.6574,1,0.9996,109.75,0.6675,fast
data\test\Apple__Healthy\freshApple (551).png,Apple__Healthy,light,320,258,117.2,1539.37,130.22,0.0823,1,0.9444,16.13,0.8506,1,1.0,300.59,0.6155,1,0.9967,111.8,0.6668,fast
data\test\Orange__Healthy\rotated_by_45_Screen Shot 2018-06-13 at 12.01.32 AM.png,Orange__Healthy,heavy,266,212,49.24,719.33,159.71,0.0154,1,0.8468,641.81,0.6418,1,0.8731,1085.53,0.3536,1,0.9954,1111.51,0.3332,fast
data\test\Mango__Healthy\960.jpg,Mango__Healthy,light,224,224,5.85,57.42,102.54,0.0094,1,0.9198,56.53,0.8372,1,1.0,105.2,0.6808,1,1.0,120.36,0.664,fast
data\test\Apple__Healthy\rotated_by_15_Screen Shot 2018-06-08 at 5.33.55 PM.png,Apple__Healthy,light,376,342,121.45,396.85,175.68,0.0119,1,0.9898,41.57,0.8421,1,1.0,66.14,0.6938,1,1.0,97.09,0.6717,fast
data\test\Orange__Rotten\rotated_by_60_Screen Shot 2018-06-12 at 11.21.35 PM.png,Orange__Rotten,heavy,392,360,154.17,381.4,159.82,0.012,1,0.9991,735.34,0.6106,1,1.0,1036.79,0.3699,1,1.0,994.83,0.3721,fast
data\test\Bellpepper__Rotten\rottenPepper (275).jpg,Bellpepper__Rotten,light,262,192,5.54,1255.4,207.1,0.0667,0,0.4326,123.46,-0.1852,1,0.9979,127.03,0.6735,1,0.508,52.32,0.6867,heavy
data\test\Strawberry__Rotten\rottenStrawberry (326).jpg,Strawberry__Rotten,light,224,224,10.71,612.69,109.49,0.1141,1,0.9959,79.56,0.8295,1,1.0,144.39,0.6677,1,1.0,99.34,0.671,fast
data\test\Potato__Healthy\freshPotato (442).jpg,Potato__Healthy,heavy,224,224,11.42,33.39,111.36,0.0095,1,0.8107,627.68,0.6465,1,1.0,1163.75,0.3275,1,1.0,1112.74,0.3328,fast
data\test\Mango__Healthy\724.jpg,Mango__Healthy,light,224,224,5.63,37.51,112.41,0.0164,0,0.5409,44.75,-0.1589,1,1.0,22.14,0.7085,1,0.9995,78.9,0.6778,balanced
data\test\Banana__Rotten\rotated_by_45_Screen Shot 2018-06-12 at 9.16.28 PM.png,Banana__Rotten,light,474,288,173.47,401.35,115.39,0.0514,1,1.0,38.91,0.843,1,1.0,167.81,0.6599,1,0.9999,159.16,0.651,fast
data\test\Apple__Healthy\freshApple (555).png,Apple__Healthy,heavy,320,258,112.89,1495.95,97.46,0.0669,1,0.9193,621.75,0.6485,1,0.9999,1228.01,0.306,1,0.9996,923.42,0.396,fast
data\test\Apple__Healthy\rotated_by_75_Screen Shot 2018-06-08 at 5.24.26 PM.png,Apple__Healthy,light,366,400,161.89,367.78,142.33,0.0189,0,0.674,183.94,-0.2054,1,0.9993,25.45,0.7074,1,0.9997,50.97,0.6871,balanced
data\test\Apple__Healthy\freshApple (658).png,Apple__Healthy,heavy,320,258,126.63,1408.41,97.23,0.0886,1,0.8691,551.41,0.672,1,0.9998,1202.57,0.3145,1,0.9999,582.41,0.5098,fast
data\test\Pomegranate__Rotten\RottenPomegranate (79).jpg,Pomegranate__Rotten,heavy,3383,2856,1407.09,48.83,136.9,0.002,0,0.591,646.16,-0.3596,0,0.9303,1301.49,-0.7185,0,0.6553,994.33,-0.6277,fast
data\test\Cucumber__Healthy\freshCucumber (504).jpg,Cucumber__Healthy,burst,100,100,3.53,1456.62,140.0,0.2071,1,0.7852,1004.77,0.5207,1,0.9884,999.87,0.3822,1,0.9419,424.08,0.5626,heavy
data\test\Mango__Rotten\rottenMango (16).jpg,Mango__Rotten,heavy,224,224,4.96,134.45,137.54,0.0335,1,0.9937,631.74,0.6452,1,0.9974,967.27,0.3931,1,0.9995,430.01,0.5606,fast
data\test\Mango__Healthy\freshMango (361).jpg,Mango__Healthy,light,224,224,3.25,10.68,142.66,0.0048,1,0.7372,95.93,0.824,1,0.9999,129.62,0.6726,1,0.9981,168.42,0.6479,fast
data\test\Mango__Rotten\251.jpg,Mango__Rotten,light,224,224,3.22,75.53,140.44,0.0149,1,0.9258,22.01,0.8487,1,1.0,142.53,0.6683,1,1.0,132.83,0.6598,fast
data\test\Strawberry__Healthy\781.jpg,Strawberry__Healthy,burst,224,224,7.0,181.12,117.66,0.0412,1,0.7291,999.18,0.5226,1,1.0,2016.6,0.0429,1,1.0,2145.33,0.0041,fast
data\test\Orange__Healthy\rotated_by_45_Screen Shot 2018-06-12 at 11.54.55 PM.png,Orange__Healthy,heavy,192,144,24.04,1186.53,171.34,0.0331,1,0.8607,648.19,0.6397,1,0.9986,976.55,0.39,1,0.9317,1158.25,0.3176,fast
data\test\Orange__Healthy\rotated_by_30_Screen Shot 2018-06-13 at 12.18.02 AM.png,Orange__Healthy,heavy,338,334,100.76,483.46,172.16,0.016,1,0.6987,638.74,0.6429,1,0.9999,1228.01,0.306,1,0.9935,993.83,0.3725,fast
data\test\Orange__Healthy\freshOrange (193).jpg,Orange__Healthy,light,4160,3120,3269.75,35.04,136.83,0.0014,1,0.7737,124.87,0.8143,1,0.9598,134.35,0.671,1,0.9975,140.23,0.6573,fast
data\test\Tomato__Rotten\rottenTomato (496).jpg,Tomato__Rotten,burst,224,224,9.31,337.84,122.96,0.053,1,0.6061,1356.75,0.4032,1,1.0,5026.96,0.0159,1,1.0,3157.5,0.0041,fast
data\test\Banana__Rotten\rottenBanana (7).jpg,Banana__Rotten,light,3825,2882,1601.23,108.66,172.1,0.0136,1,0.9504,18.53,0.8498,1,0.9976,80.7,0.6889,1,0.8275,47.82,0.6882,fast
data\test\Apple__Healthy\freshApple (847).png,Apple__Healthy,light,320,258,100.52,1294.04,120.41,0.0598,1,0.7745,61.17,0.8356,1,0.9963,158.76,0.6629,1,0.9974,17.07,0.6984,fast
data\test\Strawberry__Healthy\freshStrawberry (515).jpg,Strawberry__Healthy,light,224,224,3.41,50.16,142.9,0.0112,1,0.8834,18.79,0.8498,1,1.0,114.98,0.6775,1,1.0,103.19,0.6697,fast
data\test\Orange__Rotten\rottenOrange (541).jpg,Orange__Rotten,heavy,224,224,6.16,350.62,93.3,0.0227,1,0.9677,642.95,0.6414,1,1.0,1118.95,0.3424,1,0.9994,905.25,0.402,fast
data\test\Apple__Rotten\rotated_by_15_Screen Shot 2018-06-08 at 2.40.13 PM.png,Apple__Rotten,burst,344,338,116.41,448.62,149.33,0.0244,1,0.9708,852.05,0.5717,1,1.0,1756.34,0.1297,1,1.0,1728.88,0.1271,fast
data\test\Guava__Healthy\FreshGuava (159).jpg,Guava__Healthy,light,1191,1169,137.19,33.0,149.93,0.0065,1,0.9945,32.01,0.8453,1,1.0,77.05,0.6902,1,1.0,83.75,0.6762,fast
data\test\Carrot__Healthy\freshCarrot (243).jpg,Carrot__Healthy,heavy,224,224,33.4,129.65,139.53,0.019,1,0.6238,639.5,0.6426,1,0.9983,820.25,0.4421,1,0.9981,1228.87,0.294,fast
data\test\Apple__Healthy\vertical_flip_Screen Shot 2018-06-08 at 5.34.21 PM.png,Apple__Healthy,light,374,402,96.61,19.04,197.23,0.0107,1,0.9794,25.99,0.8473,1,1.0,75.18,0.6908,1,0.9999,136.58,0.6585,fast
data\test\Apple__Rotten\rotated_by_60_Screen Shot 2018-06-08 at 2.31.45 PM.png,Apple__Rotten,light,408,354,146.32,489.25,157.0,0.0207,1,0.9831,65.88,0.834,1,0.9986,161.32,0.662,1,0.9998,22.06,0.6968,fast
data\test\Tomato__Healthy\freshTomato (181).png,Tomato__Healthy,burst,480,322,192.49,482.77,118.54,0.0703,1,0.9968,1004.26,0.5209,1,1.0,1243.71,0.3008,1,0.9999,3152.88,0.0041,fast
data\test\Apple__Healthy\rotated_by_15_Screen Shot 2018-06-08 at 5.20.08 PM.png,Apple__Healthy,light,336,402,115.74,388.02,130.71,0.0204,1,0.8278,70.4,0.8325,1,1.0,73.32,0.6914,1,0.9999,89.43,0.6743,fast
data\test\Apple__Rotten\Screen Shot 2018-06-07 at 2.15.20 PM.png,Apple__Rotten,heavy,368,396,211.4,75.15,179.21,0.0445,1,0.6989,655.57,0.6372,1,0.999,1185.78,0.3201,1,0.9928,1017.24,0.3646,fast
data\test\Orange__Healthy\rotated_by_45_Screen Shot 2018-06-13 at 12.08.02 AM.png,Orange__Healthy,heavy,522,354,171.53,434.6,148.42,0.0133,1,0.9245,582.42,0.6617,1,1.0,1201.01,0.3151,1,0.9997,906.45,0.4016,fast
data\test\Strawberry__Rotten\rottenStrawberry (371).jpg,Strawberry__Rotten,light,194,259,4.45,782.23,176.81,0.056,1,0.7549,80.0,0.8293,1,0.9773,102.97,0.6815,1,0.9104,180.28,0.644,fast
data\test\Banana__Healthy\freshBanana (25).jpg,Banana__Healthy,heavy,1600,1200,157.83,55.28,143.72,0.0178,1,0.9996,641.81,0.6418,1,1.0,1151.38,0.3316,1,0.9994,1029.31,0.3606,fast
data\test\Cucumber__Rotten\rottenCucumber (59).jpg,Cucumber__Rotten,heavy,100,100,4.46,2980.59,177.64,0.0908,1,0.9959,560.3,0.669,1,1.0,1080.27,0.3553,1,1.0,1368.8,0.2473,fast
data\test\Mango__Rotten\670.jpg,Mango__Rotten,light,224,224,9.86,330.08,118.6,0.0676,1,0.9694,71.55,0.8321,1,1.0,40.7,0.7023,1,0.9999,183.69,0.6428,fast
data\test\Orange__Healthy\rotated_by_45_Screen Shot 2018-06-12 at 11.50.19 PM.png,Orange__Healthy,burst,218,210,52.47,960.54,155.25,0.0275,1,0.9641,929.8,0.5457,1,0.9998,1790.77,0.1182,1,0.9985,661.69,0.4833,fast
data\test\Orange__Rotten\saltandpepper_Screen Shot 2018-06-12 at 11.26.28 PM.png,Orange__Rotten,burst,270,220,90.74,2671.5,163.66,0.085,1,0.9895,1014.52,0.5174,1,0.9967,1578.26,0.1892,1,1.0,1649.44,0.1537,fast
data\test\Banana__Rotten\saltandpepper_Screen Shot 2018-06-12 at 9.11.27 PM.png,Banana__Rotten,heavy,554,386,288.35,2829.55,53.13,0.0764,1,0.8922,639.5,0.6426,1,1.0,464.97,0.5607,1,0.9999,922.51,0.3963,fast
data\test\Banana__Rotten\rotated_by_60_Screen Shot 2018-06-12 at 9.08.26 PM.png,Banana__Rotten,burst,600,390,110.65,392.13,149.27,0.0147,1,0.9998,998.11,0.5229,1,1.0,1722.14,0.1411,1,1.0,2757.94,0.0041,fast
data\test\Pomegranate__Healthy\FreshPomegranate (138).jpg,Pomegranate__Healthy,heavy,2028,1741,469.88,52.55,130.53,0.0068,0,0.5129,316.77,-0.2497,1,1.0,1209.76,0.3121,1,0.9962,1109.35,0.3339,heavy
data\test\Banana__Healthy\freshBanana (131).png,Banana__Healthy,light,480,322,189.07,561.6,127.01,0.055,1,0.9955,47.28,0.8402,1,1.0,145.56,0.6673,1,1.0,108.72,0.6678,fast
data\test\Banana__Rotten\saltandpepper_Screen Shot 2018-06-12 at 9.16.34 PM.png,Banana__Rotten,light,548,430,212.35,3398.34,199.67,0.0825,1,1.0,42.31,0.8419,1,1.0,73.28,0.6914,1,1.0,100.47,0.6706,fast
data\test\Cucumber__Healthy\freshCucumber (407).jpg,Cucumber__Healthy,light,224,224,26.0,3641.14,100.16,0.2743,1,0.9461,71.57,0.8321,1,1.0,151.21,0.6654,1,1.0,190.1,0.6407,fast
data\test\Bellpepper__Rotten\rottenPepper (269).jpg,Bellpepper__Rotten,heavy,245,205,7.35,1483.78,139.29,0.0973,0,0.4527,408.59,-0.2803,0,0.6652,857.64,-0.5704,1,0.7612,996.18,0.3717,heavy
data\test\Banana__Healthy\freshBanana (264).jpg,Banana__Healthy,light,224,224,4.77,273.69,143.57,0.0388,1,0.973,91.7,0.8254,1,1.0,84.85,0.6875,1,0.9999,203.76,0.6361,fast
data\test\Mango__Rotten\rottenMango (576).jpg,Mango__Rotten,light,224,224,4.18,86.68,143.61,0.0258,1,0.9705,78.0,0.83,1,0.9998,106.73,0.6802,1,0.9996,105.67,0.6689,fast
data\test\Mango__Rotten\910.jpg,Mango__Rotten,heavy,224,224,5.83,83.46,109.21,0.0206,1,0.6342,638.97,0.6428,1,1.0,1151.96,0.3314,1,1.0,1024.86,0.3621,fast
data\test\Banana__Rotten\rotated_by_15_Screen Shot 2018-06-12 at 9.27.56 PM.png,Banana__Rotten,light,568,406,237.41,373.11,146.98,0.0457,1,1.0,66.68,0.8338,1,1.0,112.72,0.6782,1,1.0,122.24,0.6633,fast
data\test\Carrot__Rotten\rottenCarrot (369).jpg,Carrot__Rotten,light,275,183,3.92,119.26,235.2,0.0173,1,0.5157,42.91,0.8417,1,0.9999,82.92,0.6882,1,0.9958,197.45,0.6382,fast
data\test\Mango__Rotten\950.jpg,Mango__Rotten,light,224,224,6.01,89.67,108.71,0.0146,1,0.7064,28.92,0.8464,1,1.0,97.64,0.6833,1,1.0,115.51,0.6656,fast
data\test\Banana__Rotten\rotated_by_15_Screen Shot 2018-06-12 at 9.14.01 PM.png,Banana__Rotten,light,584,386,204.03,486.01,151.81,0.0512,1,0.9956,83.37,0.8282,1,1.0,25.89,0.7072,1,1.0,29.67,0.6942,fast
data\test\Banana__Healthy\Banana__Healthy_augmented_74.jpg,Banana__Healthy,heavy,224,224,7.74,141.83,154.56,0.0453,1,0.9259,595.83,0.6572,1,1.0,1086.41,0.3533,1,0.9999,994.83,0.3721,fast
data\test\Bellpepper__Healthy\freshPepper (512).jpg,Bellpepper__Healthy,light,224,224,10.96,246.88,122.13,0.0607,1,0.9805,55.92,0.8374,1,0.9999,77.72,0.6899,1,1.0,27.15,0.6951,fast
data\test\Apple__Rotten\rotated_by_30_Screen Shot 2018-06-07 at 2.37.20 PM.png,Apple__Rotten,light,300,266,93.56,684.93,136.71,0.0528,1,0.6884,35.15,0.8443,1,0.9947,72.3,0.6917,1,1.0,119.06,0.6644,fast
data\test\Orange__Healthy\freshOrange (129).jpg,Orange__Healthy,light,3049,2529,707.35,10.49,170.68,0.0001,1,0.6443,33.98,0.8447,1,1.0,155.63,0.6639,1,0.9957,65.43,0.6823,fast
data\test\Apple__Healthy\vertical_flip_Screen Shot 2018-06-08 at 5.07.52 PM.png,Apple__Healthy,burst,262,298,106.26,110.7,166.52,0.0329,1,0.8238,1169.76,0.4656,1,0.9999,1479.54,0.2221,1,1.0,990.11,0.3737,fast
data\test\Apple__Rotten\saltandpepper_Screen Shot 2018-06-07 at 3.00.25 PM.png,Apple__Rotten,light,406,370,152.83,3770.84,154.55,0.0771,1,0.5057,43.31,0.8416,1,1.0,62.29,0.6951,1,0.9997,116.64,0.6652,fast
data\test\Apple__Rotten\rotated_by_45_Screen Shot 2018-06-07 at 2.31.43 PM.png,Apple__Rotten,light,342,334,99.34,561.61,166.55,0.0225,1,0.981,44.45,0.8412,1,1.0,24.26,0.7078,1,0.9999,19.75,0.6975,fast
data\test\Banana__Rotten\rottenBanana (542).jpg,Banana__Rotten,heavy,224,224,7.69,181.37,119.6,0.0246,1,0.801,582.42,0.6617,1,1.0,1277.28,0.2896,1,1.0,2377.16,0.0041,fast
data\test\Orange__Rotten\rotated_by_75_Screen Shot 2018-06-12 at 11.20.18 PM.png,Orange__Rotten,light,400,364,155.22,347.17,161.59,0.0164,1,0.9979,67.7,0.8334,1,1.0,88.31,0.6864,1,1.0,134.29,0.6593,fast
data\test\Mango__Healthy\healthy_066.jpg,Mango__Healthy,heavy,224,224,6.64,150.52,180.34,0.0217,1,0.679,567.15,0.6667,1,0.9999,626.13,0.5069,1,1.0,1024.85,0.3621,fast
data\test\Tomato__Rotten\rottenTomato (440).jpg,Tomato__Rotten,heavy,224,224,3.78,51.43,135.87,0.0162,1,0.9045,740.29,0.609,1,1.0,1118.95,0.3424,1,1.0,1022.72,0.3628,fast
data\test\Bellpepper__Healthy\freshPepper (41).jpg,Bellpepper__Healthy,light,100,100,2.15,646.55,200.03,0.0871,1,0.6751,51.75,0.8388,1,0.9989,33.5,0.7047,1,0.9304,143.24,0.6563,fast
data\test\Strawberry__Rotten\512.jpg,Strawberry__Rotten,burst,224,224,3.04,73.01,145.72,0.0072,1,0.8717,1007.39,0.5198,1,1.0,41.74,0.7019,1,1.0,2758.46,0.0041,balanced
data\test\Apple__Healthy\rotated_by_75_Screen Shot 2018-06-08 at 5.04.05 PM.png,Apple__Healthy,heavy,466,464,211.83,308.83,142.6,0.0138,1,0.9601,581.76,0.6619,1,1.0,1032.23,0.3714,1,0.9999,1228.87,0.294,fast
data\test\Orange__Rotten\translation_Screen Shot 2018-06-12 at 11.36.19 PM.png,Orange__Rotten,heavy,318,308,131.35,856.17,132.92,0.0845,1,0.8066,608.34,0.653,1,1.0,375.2,0.5907,1,1.0,1074.99,0.3454,fast
data\test\Orange__Rotten\rotated_by_75_Screen Shot 2018-06-12 at 11.24.43 PM.png,Orange__Rotten,burst,442,422,246.36,76.27,80.79,0.0395,1,0.7471,1015.56,0.5171,1,0.9999,249.44,0.6326,1,1.0,1729.89,0.1268,balanced
data\test\Cucumber__Healthy\freshCucumber (443).jpg,Cucumber__Healthy,light,224,224,23.62,2743.17,98.06,0.2376,1,0.9878,55.18,0.8376,1,1.0,77.32,0.6901,1,0.9997,88.91,0.6745,fast
data\test\Strawberry__Rotten\44.jpg,Strawberry__Rotten,heavy,224,224,3.56,63.61,120.04,0.0158,1,0.9605,623.22,0.648,1,1.0,1179.85,0.3221,1,0.9993,1112.51,0.3329,fast
data\test\Apple__Rotten\vertical_flip_Screen Shot 2018-06-07 at 3.01.54 PM.png,Apple__Rotten,heavy,252,252,91.88,334.36,163.32,0.1305,0,0.6869,641.94,-0.3582,1,0.9917,1169.34,0.3256,1,0.9839,1068.28,0.3476,heavy
data\test\Mango__Rotten\291.jpg,Mango__Rotten,light,224,224,4.17,266.75,142.12,0.0292,1,0.6117,148.99,0.8063,1,1.0,76.35,0.6904,1,1.0,23.67,0.6962,fast
data\test\Strawberry__Healthy\freshStrawberry (411).jpg,Strawberry__Healthy,heavy,224,224,4.71,117.28,142.86,0.025,1,0.9384,195.26,0.7909,1,0.9986,1050.22,0.3654,1,0.9997,1278.53,0.2774,fast
data\test\Banana__Healthy\rotated_by_75_Screen Shot 2018-06-12 at 9.42.44 PM.png,Banana__Healthy,light,392,408,95.03,367.86,204.35,0.0195,1,0.9585,33.66,0.8448,1,1.0,163.37,0.6613,1,1.0,112.66,0.6665,fast
data\test\Banana__Rotten\vertical_flip_Screen Shot 2018-06-12 at 8.56.37 PM.png,Banana__Rotten,light,512,412,248.71,87.52,77.94,0.0514,1,0.9992,82.53,0.8285,1,0.9999,83.26,0.6881,1,1.0,17.07,0.6984,fast
data\test\Pomegranate__Rotten\RottenPomegranate (135).jpg,Pomegranate__Rotten,light,4160,3120,2465.87,14.92,157.7,0.0036,0,0.4138,39.11,-0.157,1,0.9298,148.77,0.6662,0,0.8327,47.34,-0.3117,balanced
data\test\Strawberry__Healthy\222.jpg,Strawberry__Healthy,light,224,224,5.78,111.55,90.93,0.0092,1,0.9884,34.04,0.8447,1,1.0,48.84,0.6996,1,1.0,171.58,0.6469,fast
data\test\Cucumber__Rotten\rottenCucumber (407).jpg,Cucumber__Rotten,light,390,280,19.84,1267.29,194.83,0.0426,0,0.4677,115.92,-0.1827,0,0.882,120.51,-0.3244,0,0.4375,94.2,-0.3273,fast
data\test\Tomato__Healthy\freshTomato (156).png,Tomato__Healthy,light,480,322,162.09,357.34,166.21,0.0707,1,0.9991,40.91,0.8424,1,1.0,62.34,0.6951,1,1.0,55.93,0.6855,fast
data\test\Orange__Rotten\rotated_by_60_Screen Shot 2018-06-12 at 11.19.08 PM.png,Orange__Rotten,light,468,414,226.69,365.76,133.1,0.0256,1,0.8063,43.13,0.8416,1,0.9994,106.51,0.6803,1,0.9997,138.23,0.658,fast
data\test\Apple__Rotten\rotated_by_45_Screen Shot 2018-06-08 at 2.24.31 PM.png,Apple__Rotten,heavy,430,374,124.12,478.09,143.83,0.0158,1,0.9537,630.69,0.6455,1,1.0,1035.63,0.3702,1,1.0,1040.37,0.3569,fast
data\test\Potato__Rotten\rottenPotato (565).jpg,Potato__Rotten,burst,600,400,85.68,440.33,114.93,0.0525,1,0.4425,783.78,0.5945,1,0.9289,775.98,0.4569,1,0.9999,2261.12,0.0041,fast
data\test\Apple__Rotten\vertical_flip_Screen Shot 2018-06-07 at 3.03.46 PM.png,Apple__Rotten,burst,360,302,130.96,197.32,177.96,0.0913,1,0.8304,962.46,0.5348,1,0.9056,775.98,0.4569,1,0.9934,1925.08,0.0617,fast
data\test\Guava__Rotten\RottenGuava (196).jpg,Guava__Rotten,heavy,2352,2670,857.7,28.59,106.55,0.0021,1,0.7678,739.22,0.6093,1,1.0,1131.47,0.3383,1,1.0,1200.94,0.3033,fast
data\test\Banana__Rotten\rotated_by_45_Screen Shot 2018-06-12 at 8.53.29 PM.png,Banana__Rotten,light,306,316,98.78,353.32,116.43,0.0229,1,0.9868,23.38,0.8482,1,1.0,107.51,0.68,1,1.0,152.79,0.6531,fast
data\test\Apple__Rotten\rotated_by_30_Screen Shot 2018-06-07 at 3.03.12 PM.png,Apple__Rotten,light,356,356,121.96,520.11,157.71,0.034,1,0.9673,117.7,0.8167,1,1.0,41.82,0.7019,1,1.0,107.77,0.6682,fast
data\test\Apple__Healthy\freshApple (267).jpg,Apple__Healthy,light,468,430,219.08,16.03,214.48,0.0069,0,0.3282,54.61,-0.1622,1,0.9999,130.07,0.6725,1,0.9988,41.87,0.6902,heavy
data\test\Carrot__Rotten\rottenCarrot (229).jpg,Carrot__Rotten,light,100,100,2.73,1122.22,141.02,0.1804,1,0.6627,39.02,0.843,1,1.0,144.63,0.6676,1,0.9966,177.27,0.645,fast
data\test\Apple__Healthy\vertical_flip_Screen Shot 2018-06-08 at 5.12.41 PM.png,Apple__Healthy,heavy,478,432,189.3,20.25,197.59,0.0087,1,0.9882,739.31,0.6093,1,1.0,627.51,0.5064,1,0.9999,998.4,0.3709,fast
data\test\Mango__Rotten\436.jpg,Mango__Rotten,heavy,224,224,10.0,314.85,114.19,0.07,1,0.992,638.97,0.6428,1,1.0,967.8,0.3929,1,1.0,890.48,0.4069,fast
data\test\Orange__Rotten\rotated_by_60_Screen Shot 2018-06-12 at 11.40.11 PM.png,Orange__Rotten,light,352,344,151.28,564.38,143.09,0.0513,1,0.9965,56.52,0.8372,1,1.0,63.49,0.6947,1,1.0,43.84,0.6895,fast
data\test\Mango__Rotten\anthracnose_020.jpg,Mango__Rotten,light,224,224,6.77,153.85,104.5,0.0337,1,0.6756,76.77,0.8304,1,0.9999,148.33,0.6664,1,0.9987,157.0,0.6517,fast
data\test\Potato__Healthy\freshPotato (184).jpg,Potato__Healthy,heavy,100,100,4.31,1206.07,182.45,0.0405,1,0.949,551.92,0.6718,1,1.0,328.86,0.6061,1,0.9999,1027.73,0.3611,fast
data\test\Banana__Healthy\freshBanana (369).jpg,Banana__Healthy,burst,224,224,7.36,175.04,125.49,0.0296,1,0.5951,1431.77,0.3782,1,1.0,893.51,0.4177,1,0.9999,1605.56,0.1683,balanced
data\test\Mango__Healthy\112.jpg,Mango__Healthy,heavy,224,224,4.17,105.01,83.12,0.0123,1,0.9784,442.09,0.7085,1,1.0,1133.27,0.3377,1,1.0,837.15,0.4247,fast
data\test\Tomato__Rotten\rottenTomato (121).jpg,Tomato__Rotten,heavy,129,134,40.67,280.51,185.44,0.084,1,0.4048,627.17,0.6467,1,0.8777,1030.03,0.3721,1,0.9448,1023.24,0.3626,fast
data\test\Apple__Healthy\translation_Screen Shot 2018-06-08 at 5.25.33 PM.png,Apple__Healthy,heavy,400,408,131.95,605.8,153.58,0.0081,1,0.9191,608.02,0.6531,1,1.0,1096.68,0.3499,1,0.9903,2377.16,0.0041,fast
data\test\Orange__Healthy\rotated_by_60_Screen Shot 2018-06-13 at 12.09.37 AM.png,Orange__Healthy,light,390,382,132.43,442.18,158.7,0.015,1,0.9798,62.75,0.8351,1,1.0,125.46,0.674,1,0.9991,172.82,0.6465,fast
data\test\Mango__Healthy\freshMango (160).png,Mango__Healthy,heavy,320,258,103.85,1135.56,148.7,0.0825,1,0.7598,738.11,0.6097,1,1.0,1227.49,0.3062,1,0.9997,1108.71,0.3341,fast
data\test\Banana__Rotten\rotated_by_15_Screen Shot 2018-06-12 at 9.16.53 PM.png,Banana__Rotten,heavy,638,402,151.49,309.27,169.13,0.0192,1,0.8767,625.45,0.6473,1,1.0,1086.41,0.3533,1,1.0,1166.26,0.3149,fast
data\test\Orange__Rotten\rotated_by_45_Screen Shot 2018-06-12 at 11.33.16 PM.png,Orange__Rotten,light,406,306,148.27,627.29,163.03,0.0283,1,0.9917,40.47,0.8425,1,0.9993,108.6,0.6796,1,0.9949,154.18,0.6527,fast
data\test\Jujube__Healthy\FreshJujube (33).jpg,Jujube__Healthy,heavy,3505,2803,1288.88,33.39,172.47,0.0003,1,0.9278,661.34,0.6353,1,0.9999,1173.04,0.3244,1,0.9876,1005.67,0.3685,fast
data\test\Apple__Rotten\Screen Shot 2018-06-07 at 3.03.46 PM.png,Apple__Rotten,heavy,360,302,151.75,197.32,177.96,0.0914,1,0.8374,819.64,0.5825,1,0.9035,1132.76,0.3378,1,0.9704,1720.13,0.1301,fast
data\test\Orange__Healthy\rotated_by_30_Screen Shot 2018-06-13 at 12.02.53 AM.png,Orange__Healthy,light,404,418,190.58,376.14,153.24,0.0295,1,0.9884,8.98,0.853,1,1.0,253.65,0.6312,1,0.9999,140.23,0.6573,fast
data\test\Banana__Rotten\vertical_flip_Screen Shot 2018-06-12 at 9.06.33 PM.png,Banana__Rotten,heavy,572,430,273.09,83.41,140.53,0.0338,1,0.9372,702.42,0.6216,1,1.0,376.23,0.5903,1,1.0,1108.71,0.3341,fast
data\test\Carrot__Healthy\freshCarrot (309).jpg,Carrot__Healthy,light,224,224,15.11,306.91,93.81,0.1124,1,0.9711,61.63,0.8355,1,1.0,186.52,0.6536,1,0.9995,97.82,0.6715,fast
data\test\Apple__Healthy\vertical_flip_Screen Shot 2018-06-08 at 5.26.05 PM.png,Apple__Healthy,heavy,462,466,216.08,24.12,162.2,0.0111,1,0.9809,442.09,0.7085,1,1.0,1139.25,0.3357,1,1.0,1187.71,0.3078,fast
data\test\Banana__Rotten\rottenBanana (72).jpg,Banana__Rotten,burst,2118,3142,859.0,33.47,175.91,0.0013,0,0.2897,474.29,-0.3023,1,1.0,2212.69,0.0159,1,0.9997,1924.07,0.062,heavy
data\test\Apple__Healthy\rotated_by_30_Screen Shot 2018-06-08 at 5.22.58 PM.png,Apple__Healthy,heavy,432,408,170.14,436.1,116.3,0.0203,1,0.9562,924.66,0.5474,1,1.0,1185.17,0.3203,1,1.0,529.53,0.5274,fast
data\test\Orange__Healthy\rotated_by_15_Screen Shot 2018-06-13 at 12.00.54 AM.png,Orange__Healthy,heavy,338,266,88.33,290.39,161.98,0.0079,1,0.9416,408.07,0.7198,1,0.9998,1361.81,0.2614,1,0.9996,997.25,0.3713,fast
data\test\Potato__Rotten\rottenPotato (464).jpg,Potato__Rotten,heavy,275,183,6.24,1188.42,53.37,0.0931,0,0.2994,645.24,-0.3593,0,0.6146,1210.48,-0.6881,0,0.3789,1047.59,-0.6455,fast
data\test\Mango__Healthy\246.jpg,Mango__Healthy,heavy,224,224,4.65,79.0,126.26,0.0108,1,0.9371,627.17,0.6467,1,1.0,1141.65,0.3349,1,1.0,1108.71,0.3341,fast
data\test\Cucumber__Healthy\freshCucumber (258).jpg,Cucumber__Healthy,heavy,1200,1600,1163.73,134.69,100.73,0.0377,1,0.4648,628.09,0.6464,1,0.9999,1111.16,0.345,1,0.9953,922.84,0.3961,fast
data\test\Banana__Rotten\rotated_by_60_Screen Shot 2018-06-12 at 9.12.17 PM.png,Banana__Rotten,heavy,528,362,200.12,413.44,122.36,0.0376,1,0.9588,730.75,0.6121,1,0.9999,1200.11,0.3154,1,0.9996,836.45,0.425,fast
data\test\Cucumber__Rotten\rottenCucumber (350).jpg,Cucumber__Rotten,burst,275,183,8.22,1589.01,88.54,0.099,1,0.5056,347.91,0.7399,1,0.9126,1243.19,0.301,1,0.9746,1475.61,0.2117,fast
data\test\Orange__Healthy\freshOrange (235).png,Orange__Healthy,heavy,320,258,101.2,1014.11,140.58,0.0751,1,0.8739,732.84,0.6114,1,1.0,1209.46,0.3122,1,0.9997,581.89,0.5099,fast
data\test\Strawberry__Rotten\rottenStrawberry (315).jpg,Strawberry__Rotten,light,224,224,9.97,456.0,118.76,0.1115,1,0.9038,18.02,0.85,1,1.0,118.25,0.6764,1,1.0,109.97,0.6674,fast
data\test\Apple__Healthy\rotated_by_75_Screen Shot 2018-06-08 at 5.33.33 PM.png,Apple__Healthy,light,246,248,70.92,464.29,145.6,0.0193,1,0.8509,108.75,0.8197,1,0.9994,60.2,0.6958,1,0.999,173.78,0.6461,fast
data\test\Apple__Healthy\rotated_by_15_Screen Shot 2018-06-08 at 5.26.05 PM.png,Apple__Healthy,light,462,466,216.21,310.21,136.96,0.0135,1,0.9838,148.99,0.8063,1,0.9999,30.35,0.7057,1,1.0,58.35,0.6847,fast
data\test\Orange__Rotten\rottenOrange (369).jpg,Orange__Rotten,light,224,224,7.66,322.45,136.88,0.0604,1,0.6094,38.35,0.8432,1,1.0,61.16,0.6955,1,0.9995,29.34,0.6943,fast
data\test\Mango__Rotten\457.jpg,Mango__Rotten,light,224,224,9.74,330.36,108.66,0.0495,1,0.9549,68.99,0.833,1,1.0,222.9,0.6415,1,1.0,128.44,0.6613,fast
data\test\Banana__Rotten\rottenBanana (389).jpg,Banana__Rotten,light,224,224,4.35,119.75,140.16,0.0267,1,0.9576,105.25,0.8209,1,1.0,82.69,0.6883,1,0.9985,132.31,0.66,fast
data\test\Strawberry__Healthy\998.jpg,Strawberry__Healthy,light,224,224,6.44,148.18,113.35,0.025,1,0.7465,78.98,0.8297,1,0.9991,68.82,0.6929,1,0.9998,50.57,0.6873,fast
data\test\Orange__Rotten\rottenOrange (168).jpg,Orange__Rotten,light,2742,2792,1103.53,52.1,105.58,0.0043,1,0.6115,32.64,0.8451,1,0.9984,18.52,0.7097,1,1.0,148.74,0.6545,fast
data\test\Mango__Rotten\rottenMango (97).jpg,Mango__Rotten,light,224,224,10.2,368.19,107.04,0.0878,1,0.9978,85.6,0.8275,1,1.0,82.34,0.6884,1,1.0,107.17,0.6684,fast
data\test\Strawberry__Rotten\rottenStrawberry (327).jpg,Strawberry__Rotten,light,224,224,10.58,623.12,108.26,0.1084,1,0.9966,56.88,0.837,1,1.0,135.24,0.6707,1,1.0,205.06,0.6357,fast
data\test\Orange__Rotten\translation_Screen Shot 2018-06-12 at 11.31.39 PM.png,Orange__Rotten,heavy,250,238,65.84,949.58,154.46,0.0291,1,0.9967,212.0,0.7853,1,1.0,1080.79,0.3552,1,1.0,1278.02,0.2776,fast
data\test\Potato__Rotten\rottenPotato (432).jpg,Potato__Rotten,light,275,183,14.01,6224.19,136.69,0.2348,1,0.7178,20.89,0.849,1,0.9997,115.29,0.6774,1,0.9396,57.68,0.6849,fast
data\test\Tomato__Rotten\rottenTomato (242).jpg,Tomato__Rotten,light,224,224,4.87,303.81,69.46,0.0309,0,0.3984,123.4,-0.1852,1,1.0,73.32,0.6914,1,0.9999,86.06,0.6754,balanced
data\test\Cucumber__Healthy\freshCucumber (172).jpg,Cucumber__Healthy,heavy,4032,3024,1287.05,34.29,151.62,0.0028,1,0.9444,624.28,0.6477,1,1.0,1139.37,0.3356,1,0.9973,1111.51,0.3332,fast
data\test\Bellpepper__Rotten\rottenPepper (381).jpg,Bellpepper__Rotten,light,100,100,5.26,2257.46,188.43,0.0893,0,0.3508,34.28,-0.1554,1,0.9996,36.97,0.7035,1,0.998,59.64,0.6842,balanced
data\test\Potato__Healthy\freshPotato (392).jpg,Potato__Healthy,burst,224,224,11.98,39.11,111.7,0.0125,1,0.8242,959.9,0.5357,1,1.0,1895.21,0.0834,1,0.9999,1756.49,0.1179,fast
data\test\Mango__Rotten\aspergillus_139.jpg,Mango__Rotten,heavy,224,224,6.46,179.19,120.52,0.024,1,0.8359,663.51,0.6346,1,0.9999,1037.14,0.3697,1,0.9998,837.15,0.4247,fast
data\test\Mango__Healthy\967.jpg,Mango__Healthy,heavy,224,224,6.21,71.73,109.22,0.0184,1,0.6611,627.17,0.6467,1,1.0,1184.46,0.3206,1,1.0,1058.9,0.3507,fast
data\test\Tomato__Rotten\rottenTomato (43).jpg,Tomato__Rotten,burst,233,217,7.07,688.07,107.88,0.0722,1,0.2355,1352.15,0.4048,1,0.5533,1379.35,0.2555,1,0.9465,1450.96,0.2199,fast
data\test\Strawberry__Healthy\476.jpg,Strawberry__Healthy,burst,224,224,2.97,29.88,142.43,0.0081,1,0.87,1335.08,0.4105,1,1.0,1751.75,0.1313,1,1.0,3136.14,0.0041,fast
data\test\Strawberry__Healthy\freshStrawberry (563).jpg,Strawberry__Healthy,light,224,224,8.91,275.28,120.97,0.027,1,0.7547,33.59,0.8448,1,1.0,134.35,0.671,1,1.0,70.3,0.6807,fast
data\test\Apple__Rotten\vertical_flip_Screen Shot 2018-06-07 at 2.56.16 PM.png,Apple__Rotten,heavy,546,474,271.0,43.22,196.04,0.0317,1,0.8409,519.36,0.6827,1,0.9999,1030.6,0.3719,1,0.9989,1049.17,0.354,fast
data\test\Strawberry__Rotten\495.jpg,Strawberry__Rotten,light,224,224,3.62,139.41,148.03,0.0138,1,0.8279,96.8,0.8237,1,1.0,154.43,0.6643,1,1.0,172.16,0.6467,fast
data\test\Apple__Rotten\rotated_by_75_Screen Shot 2018-06-08 at 2.41.39 PM.png,Apple__Rotten,light,386,358,138.31,404.49,175.88,0.0194,1,0.9398,20.54,0.8492,1,1.0,65.12,0.6941,1,0.9999,153.69,0.6528,fast
data\test\Mango__Healthy\freshMango (327).jpg,Mango__Healthy,heavy,224,224,2.91,13.41,146.99,0.0065,1,0.9193,733.51,0.6112,1,1.0,1023.29,0.3744,1,1.0,1144.97,0.322,fast
data\test\Apple__Rotten\rotated_by_75_Screen Shot 2018-06-08 at 2.32.42 PM.png,Apple__Rotten,light,254,260,77.99,534.91,156.71,0.0271,1,0.8658,45.23,0.8409,1,1.0,81.77,0.6886,1,0.9998,147.01,0.6551,fast
data\test\Orange__Healthy\vertical_flip_Screen Shot 2018-06-12 at 11.54.44 PM.png,Orange__Healthy,burst,364,348,127.61,22.9,190.86,0.0108,1,0.9957,1602.48,0.3212,1,1.0,1223.04,0.3077,1,1.0,2144.32,0.0041,fast
data\test\Banana__Rotten\vertical_flip_Screen Shot 2018-06-12 at 9.00.49 PM.png,Banana__Rotten,heavy,414,400,75.83,40.34,218.12,0.0118,1,0.9973,819.64,0.5825,1,1.0,1138.84,0.3358,1,1.0,1106.14,0.335,fast
data\test\Potato__Healthy\freshPotato (235).jpg,Potato__Healthy,light,100,100,4.32,1486.59,188.04,0.0466,1,0.9428,85.6,0.8275,1,1.0,143.06,0.6681,1,0.9998,40.51,0.6906,fast
data\test\Pomegranate__Healthy\FreshPomegranate (24).jpg,Pomegranate__Healthy,light,1585,1381,298.81,24.54,120.56,0.0011,1,0.7828,128.79,0.813,1,0.9997,58.62,0.6963,1,0.9996,89.56,0.6742,fast
data\test\Strawberry__Rotten\116.jpg,Strawberry__Rotten,burst,224,224,4.03,93.72,133.2,0.0205,1,0.958,1166.12,0.4669,1,1.0,1894.68,0.0836,1,0.9998,1212.13,0.2996,fast
data\test\Potato__Rotten\rottenPotato (177).jpg,Potato__Rotten,light,100,100,1.98,619.83,150.54,0.0933,0,0.584,78.45,-0.1702,1,0.9967,147.28,0.6667,1,0.9941,30.6,0.6939,heavy
data\test\Bellpepper__Rotten\rottenPepper (548).jpg,Bellpepper__Rotten,burst,274,184,5.83,471.02,97.44,0.046,0,0.6323,273.12,-0.2351,1,0.8216,1542.84,0.201,1,0.9998,2776.58,0.0041,balanced
data\test\Orange__Healthy\saltandpepper_Screen Shot 2018-06-12 at 11.51.13 PM.png,Orange__Healthy,heavy,454,406,164.94,2850.81,191.95,0.0404,1,0.8926,631.74,0.6452,1,0.9855,987.03,0.3865,1,0.9962,1239.57,0.2904,fast
data\test\Apple__Healthy\Screen Shot 2018-06-08 at 5.10.53 PM.png,Apple__Healthy,light,196,208,64.71,72.43,166.47,0.0257,1,0.9747,67.01,0.8337,1,1.0,139.66,0.6693,1,1.0,130.33,0.6606,fast
data\test\Pomegranate__Rotten\RottenPomegranate (105).jpg,Pomegranate__Rotten,light,4160,3120,2505.31,13.31,155.9,0.0015,0,0.6099,79.43,-0.1705,1,0.8291,148.41,0.6663,1,0.6693,124.34,0.6626,balanced
data\test\Banana__Rotten\saltandpepper_Screen Shot 2018-06-12 at 8.53.37 PM.png,Banana__Rotten,heavy,464,394,203.47,2598.84,153.26,0.0592,1,0.9998,623.91,0.6478,1,1.0,1320.81,0.2751,1,1.0,1144.45,0.3222,fast
data\test\Apple__Healthy\freshApple (245).jpg,Apple__Healthy,light,100,100,4.76,915.17,138.86,0.0391,1,0.5193,24.06,0.848,1,0.9999,174.81,0.6575,1,0.9809,55.23,0.6857,fast
data\test\Banana__Healthy\rotated_by_15_Screen Shot 2018-06-12 at 9.53.57 PM.png,Banana__Healthy,heavy,566,376,186.45,348.06,197.74,0.0275,1,0.9985,621.75,0.6485,1,1.0,1137.79,0.3362,1,0.9986,1112.74,0.3328,fast
data\test\Apple__Healthy\rotated_by_30_Screen Shot 2018-06-08 at 5.10.43 PM.png,Apple__Healthy,burst,214,198,54.86,914.42,134.45,0.0359,1,0.9518,213.63,0.7847,1,1.0,1598.24,0.1825,1,1.0,1133.55,0.3258,fast
data\test\Carrot__Rotten\rottenCarrot (160).jpg,Carrot__Rotten,light,100,100,6.64,2559.17,130.33,0.1396,1,0.8553,29.71,0.8461,1,0.9999,135.99,0.6705,1,0.9995,143.16,0.6564,fast
data\test\Apple__Rotten\translation_Screen Shot 2018-06-07 at 3.00.56 PM.png,Apple__Rotten,heavy,378,354,131.83,687.28,166.7,0.0134,1,0.9327,755.64,0.6038,1,0.9991,976.55,0.39,1,0.9999,1024.3,0.3623,fast
data\test\Orange__Healthy\rotated_by_75_Screen Shot 2018-06-13 at 12.08.54 AM.png,Orange__Healthy,heavy,334,306,94.8,450.84,178.92,0.0181,1,0.9299,739.84,0.6091,1,1.0,1109.14,0.3457,1,0.9997,1048.35,0.3543,fast
data\test\Banana__Rotten\rottenBanana (501).jpg,Banana__Rotten,heavy,224,224,3.16,50.49,142.78,0.0151,1,0.5952,538.2,0.6764,1,1.0,202.09,0.6484,1,0.9999,1047.59,0.3545,fast
data\test\Cucumber__Healthy\freshCucumber (400).jpg,Cucumber__Healthy,heavy,224,224,72.94,472.89,130.58,0.0383,1,0.8382,924.66,0.5474,1,0.9986,1255.02,0.297,1,0.972,1048.66,0.3542,fast
data\test\Banana__Healthy\rotated_by_15_Screen Shot 2018-06-12 at 9.41.38 PM.png,Banana__Healthy,light,418,232,58.81,276.99,160.81,0.0082,1,0.6364,70.64,0.8324,1,0.9986,153.79,0.6645,1,0.9989,36.61,0.6919,fast
data\test\Banana__Rotten\saltandpepper_Screen Shot 2018-06-12 at 9.20.56 PM.png,Banana__Rotten,light,402,444,187.78,3132.92,172.62,0.0542,1,0.9972,88.59,0.8265,1,1.0,47.96,0.6999,1,0.9997,119.06,0.6644,fast
data\test\Potato__Rotten\rottenPotato (210).jpg,Potato__Rotten,light,290,174,6.92,561.22,132.3,0.0639,0,0.9137,17.18,-0.1497,1,0.9724,91.49,0.6853,1,0.9311,57.71,0.6849,balanced
data\test\Orange__Healthy\freshOrange (94).jpg,Orange__Healthy,heavy,4000,3000,3398.35,23.94,175.0,0.0013,0,0.5999,620.63,-0.3511,1,0.9963,1194.97,0.3171,1,0.9874,1076.69,0.3448,heavy
data\test\Mango__Rotten\462.jpg,Mango__Rotten,light,224,224,10.49,507.82,116.63,0.1106,1,0.9983,24.07,0.848,1,1.0,40.09,0.7025,1,0.9998,113.52,0.6662,fast
data\test\Mango__Healthy\freshMango (8).png,Mango__Healthy,heavy,320,258,89.94,710.16,121.77,0.053,1,0.911,631.74,0.6452,1,0.9396,5305.17,0.0159,1,0.9997,1018.27,0.3643,fast
data\test\Orange__Rotten\rotated_by_60_Screen Shot 2018-06-12 at 11.28.28 PM.png,Orange__Rotten,light,292,310,90.84,625.74,148.83,0.0295,0,0.5112,85.88,-0.1726,1,1.0,137.25,0.6701,1,0.9988,157.19,0.6517,balanced
data\test\Banana__Healthy\freshBanana (213).jpg,Banana__Healthy,light,224,224,4.4,224.14,143.14,0.0331,1,0.9467,20.02,0.8493,1,1.0,42.57,0.7017,1,1.0,83.16,0.6764,fast
data\test\Strawberry__Healthy\941.jpg,Strawberry__Healthy,light,224,224,6.27,114.61,113.99,0.0143,1,0.6148,51.19,0.8389,1,1.0,204.83,0.6475,1,0.9999,143.07,0.6564,fast
data\test\Mango__Rotten\693.jpg,Mango__Rotten,burst,224,224,6.27,95.05,118.98,0.0283,1,0.9844,273.64,0.7647,1,1.0,2014.06,0.0437,1,0.9996,637.27,0.4915,fast
data\test\Orange__Healthy\freshOrange (146).png,Orange__Healthy,heavy,320,258,119.71,1371.0,97.48,0.0785,1,0.516,442.09,0.7085,1,0.9999,1132.31,0.338,1,0.9998,1112.74,0.3328,fast
data\test\Mango__Healthy\944.jpg,Mango__Healthy,light,224,224,5.95,76.49,103.63,0.012,1,0.8435,117.83,0.8167,1,1.0,70.37,0.6924,1,1.0,45.21,0.689,fast
data\test\Tomato__Rotten\rottenTomato (561).jpg,Tomato__Rotten,light,224,224,8.62,294.2,121.35,0.0492,1,0.7442,82.32,0.8285,1,1.0,36.48,0.7037,1,0.9988,25.98,0.6955,fast
data\test\Orange__Rotten\saltandpepper_Screen Shot 2018-06-12 at 11.45.47 PM.png,Orange__Rotten,heavy,218,242,83.17,2353.77,159.53,0.0887,0,0.4413,639.5,-0.3574,1,1.0,661.13,0.4952,1,0.9998,788.44,0.441,balanced
data\test\Orange__Healthy\freshOrange (246).jpg,Orange__Healthy,burst,530,356,188.14,2789.66,186.28,0.0465,1,0.916,1257.13,0.4365,1,1.0,214.69,0.6442,1,0.9997,947.68,0.3879,balanced
data\test\Carrot__Rotten\rottenCarrot (375).jpg,Carrot__Rotten,heavy,275,183,9.91,1869.59,97.44,0.1951,1,0.5112,727.21,0.6133,1,0.9992,1118.95,0.3424,1,0.9844,905.95,0.4018,fast
data\test\Orange__Healthy\Screen Shot 2018-06-13 at 12.13.35 AM.png,Orange__Healthy,heavy,414,410,205.93,21.74,200.81,0.0095,1,0.9871,756.16,0.6037,1,1.0,1051.71,0.3649,1,0.9986,835.92,0.4252,fast
data\test\Apple__Rotten\translation_Screen Shot 2018-06-07 at 2.47.01 PM.png,Apple__Rotten,burst,434,406,133.97,538.9,186.0,0.0086,0,0.4577,926.08,-0.453,1,1.0,2593.92,0.0159,1,0.9999,2262.16,0.0041,balanced
data\test\Orange__Healthy\freshOrange (251).png,Orange__Healthy,light,480,322,189.48,819.99,103.86,0.062,1,0.5453,32.04,0.8453,1,0.9989,34.46,0.7044,1,0.9816,156.97,0.6517,fast
data\test\Apple__Healthy\freshApple (509).png,Apple__Healthy,heavy,320,258,110.86,1379.26,139.95,0.0703,1,0.8215,609.05,0.6528,1,0.9946,1051.71,0.3649,1,0.9847,847.21,0.4214,fast
data\test\Apple__Rotten\rottenApple (387).jpg,Apple__Rotten,burst,416,358,147.96,687.29,116.37,0.0232,1,0.3623,1078.07,0.4962,1,0.995,2018.42,0.0423,1,0.9994,424.08,0.5626,heavy
data\test\Orange__Healthy\freshOrange (240).png,Orange__Healthy,burst,480,322,185.64,478.36,97.81,0.0423,1,0.53,1413.28,0.3844,1,0.9994,1430.78,0.2384,1,0.9814,2491.55,0.0041,fast
data\test\Pomegranate__Rotten\RottenPomegranate (43).jpg,Pomegranate__Rotten,light,430,514,52.18,555.86,192.59,0.028,0,0.3863,20.73,-0.1509,1,0.9999,21.06,0.7088,1,0.9873,73.07,0.6797,balanced
data\test\Mango__Healthy\freshMango (169).jpg,Mango__Healthy,burst,224,224,10.12,412.71,113.02,0.1063,1,0.9735,347.91,0.7399,1,1.0,1693.44,0.1507,1,0.9999,659.53,0.484,fast
data\test\Apple__Rotten\rotated_by_45_Screen Shot 2018-06-07 at 2.22.39 PM.png,Apple__Rotten,heavy,438,404,184.31,470.25,157.99,0.0232,1,0.9775,701.65,0.6219,1,1.0,1139.37,0.3356,1,1.0,923.95,0.3958,fast
data\test\Jujube__Rotten\RottenJujube (138).jpg,Jujube__Rotten,light,3287,2422,940.95,17.64,187.51,0.0008,1,0.682,55.62,0.8375,1,0.9967,139.85,0.6692,1,0.9726,23.67,0.6962,fast
data\test\Apple__Healthy\rotated_by_45_Screen Shot 2018-06-08 at 5.13.54 PM.png,Apple__Healthy,light,460,464,195.92,442.66,144.81,0.0158,1,0.9586,24.42,0.8479,1,1.0,101.96,0.6818,1,1.0,36.83,0.6918,fast
data\test\Banana__Healthy\freshBanana (161).png,Banana__Healthy,heavy,320,258,122.9,1723.56,138.39,0.0875,0,0.6617,706.73,-0.3798,1,1.0,1194.97,0.3171,1,0.9999,1265.81,0.2817,balanced
data\test\Orange__Healthy\translation_Screen Shot 2018-06-13 at 12.13.19 AM.png,Orange__Healthy,light,468,354,138.42,537.36,161.68,0.013,1,0.9728,79.64,0.8294,1,1.0,127.88,0.6732,1,0.9986,86.78,0.6752,fast
data\test\Orange__Healthy\rotated_by_30_Screen Shot 2018-06-12 at 11.59.33 PM.png,Orange__Healthy,burst,188,202,36.21,895.9,168.93,0.0233,1,0.933,798.33,0.5896,1,1.0,253.72,0.6312,1,0.9999,3139.96,0.0041,balanced
data\test\Strawberry__Rotten\rottenStrawberry (460).jpg,Strawberry__Rotten,light,224,224,3.61,66.0,137.81,0.0182,1,0.9298,31.46,0.8455,1,1.0,73.42,0.6914,1,1.0,238.5,0.6245,fast
data\test\Orange__Healthy\rotated_by_75_Screen Shot 2018-06-12 at 11.55.42 PM.png,Orange__Healthy,light,328,332,99.46,378.96,172.03,0.014,1,0.9893,104.55,0.8211,1,1.0,58.92,0.6962,1,1.0,98.09,0.6714,fast
data\test\Apple__Healthy\rotated_by_75_Screen Shot 2018-06-08 at 5.01.15 PM.png,Apple__Healthy,light,382,422,121.4,374.45,183.79,0.0118,1,0.9784,48.6,0.8398,1,1.0,81.48,0.6887,1,1.0,164.63,0.6492,fast
data\test\Apple__Rotten\rotated_by_60_Screen Shot 2018-06-07 at 3.01.38 PM.png,Apple__Rotten,light,226,266,63.18,791.42,139.4,0.0695,0,0.7632,110.46,-0.1808,1,0.9999,32.69,0.705,1,0.9999,112.41,0.6666,balanced
data\test\Apple__Rotten\rotated_by_15_Screen Shot 2018-06-07 at 2.24.47 PM.png,Apple__Rotten,heavy,334,300,96.95,499.13,172.27,0.0226,1,0.9907,735.33,0.6106,1,1.0,1392.6,0.2511,1,1.0,1024.8,0.3621,fast
data\test\Mango__Rotten\934.jpg,Mango__Rotten,light,224,224,5.8,64.62,98.66,0.0188,1,0.9917,87.94,0.8267,1,1.0,86.51,0.687,1,0.9999,55.93,0.6855,fast
data\test\Carrot__Healthy\freshCarrot (97).jpg,Carrot__Healthy,burst,224,224,12.96,146.7,104.34,0.0529,1,0.9839,1600.87,0.3218,1,1.0,542.83,0.5347,1,1.0,2446.66,0.0041,balanced
data\test\Mango__Healthy\948.jpg,Mango__Healthy,heavy,224,224,5.29,41.36,98.93,0.006,1,0.9587,663.0,0.6348,1,1.0,1168.32,0.326,1,0.999,1200.94,0.3033,fast
data\test\Apple__Rotten\rottenApple (324).jpg,Apple__Rotten,heavy,432,382,85.88,364.48,153.52,0.0138,1,0.8001,345.27,0.7408,1,0.9998,226.18,0.6404,1,0.9997,1111.48,0.3332,fast
data\test\Jujube__Healthy\FreshJujube (104).jpg,Jujube__Healthy,burst,2815,3189,1025.42,14.79,187.2,0.0002,1,0.5795,311.63,0.752,1,1.0,1498.81,0.2157,1,0.9999,1771.81,0.1128,fast
data\test\Bellpepper__Rotten\rottenPepper (392).jpg,Bellpepper__Rotten,light,100,100,5.12,2964.42,192.63,0.0874,0,0.2882,71.09,-0.1677,0,0.4309,72.7,-0.3084,0,0.754,29.34,-0.3057,fast
data\test\Banana__Rotten\rotated_by_30_Screen Shot 2018-06-12 at 9.09.05 PM.png,Banana__Rotten,heavy,376,226,47.84,654.39,169.25,0.023,1,0.9939,635.64,0.6439,1,1.0,375.2,0.5907,1,1.0,1047.29,0.3546,fast
data\test\Banana__Rotten\vertical_flip_Screen Shot 2018-06-12 at 9.08.26 PM.png,Banana__Rotten,light,600,390,93.61,44.27,213.96,0.0115,1,0.9801,101.0,0.8223,1,1.0,25.89,0.7072,1,1.0,38.98,0.6911,fast
data\test\Grape__Rotten\RottenGrape (46).jpg,Grape__Rotten,burst,787,617,52.81,11.6,113.51,0.0039,0,0.6053,1257.13,-0.5635,1,1.0,915.62,0.4103,1,0.9996,1475.61,0.2117,balanced
data\test\Bellpepper__Rotten\rottenPepper (191).jpg,Bellpepper__Rotten,heavy,248,203,4.95,402.03,157.58,0.0632,1,0.4257,627.17,0.6467,1,0.9924,1133.27,0.3377,1,0.9907,1346.25,0.2548,fast
data\test\Strawberry__Healthy\freshStrawberry (391).jpg,Strawberry__Healthy,light,224,224,3.1,41.29,150.18,0.0091,1,0.8265,19.81,0.8494,1,1.0,111.14,0.6788,1,0.999,161.9,0.6501,fast
data\test\Apple__Rotten\rottenApple (144).jpg,Apple__Rotten,light,4160,3120,2163.6,14.42,196.68,0.0003,0,0.3808,39.27,-0.1571,1,0.9999,62.34,0.6951,1,0.9907,192.5,0.6399,balanced
data\test\Strawberry__Healthy\340.jpg,Strawberry__Healthy,heavy,224,224,3.17,43.43,143.79,0.0078,1,0.9402,586.9,0.6602,1,1.0,1042.98,0.3678,1,0.9945,890.48,0.4069,fast
data\test\Pomegranate__Rotten\RottenPomegranate (100).jpg,Pomegranate__Rotten,heavy,4160,3120,2448.36,11.74,160.58,0.0013,0,0.644,628.09,-0.3536,1,0.9945,1184.46,0.3206,1,0.9902,1278.53,0.2774,balanced
data\test\Apple__Rotten\rotated_by_15_Screen Shot 2018-06-08 at 2.52.05 PM.png,Apple__Rotten,burst,420,388,120.75,432.67,165.76,0.0214,1,0.9466,1096.88,0.49,1,1.0,1725.99,0.1399,1,1.0,1795.6,0.1049,fast
data\test\Strawberry__Rotten\817.jpg,Strawberry__Rotten,heavy,224,224,6.95,171.48,124.66,0.0346,1,0.7581,198.15,0.7899,1,1.0,1044.98,0.3671,1,0.9999,1048.31,0.3543,fast
data\test\Tomato__Rotten\rottenTomato (524).jpg,Tomato__Rotten,light,224,224,9.57,363.35,122.45,0.0697,1,0.475,23.29,0.8483,1,1.0,300.59,0.6155,1,1.0,69.35,0.681,fast
data\test\Banana__Healthy\freshBanana (438).jpg,Banana__Healthy,burst,1600,1227,117.18,235.87,213.21,0.0073,0,0.2249,1695.69,-0.7099,0,0.8792,1502.01,-0.7854,1,0.3858,10134.62,0.0041,heavy
data\test\Grape__Rotten\RottenGrape (62).jpg,Grape__Rotten,light,1147,1284,110.4,7.34,145.14,0.0029,1,0.9284,52.97,0.8383,1,1.0,131.78,0.6719,1,1.0,161.9,0.6501,fast
data\test\Mango__Rotten\rottenMango (324).jpg,Mango__Rotten,heavy,3200,2400,1157.29,24.87,172.48,0.0043,0,0.4959,639.5,-0.3574,1,0.3275,1194.45,0.3172,1,0.3576,1265.81,0.2817,balanced
data\test\Banana__Healthy\freshBanana (116).jpg,Banana__Healthy,light,842,1178,90.19,10.44,173.07,0.0031,0,0.6037,10.87,-0.1476,1,1.0,155.63,0.6639,1,0.9986,47.34,0.6883,heavy
data\test\Cucumber__Healthy\freshCucumber (187).jpg,Cucumber__Healthy,heavy,4032,3024,1187.6,26.53,151.1,0.0015,1,0.972,663.51,0.6346,1,1.0,328.34,0.6063,1,0.9994,1076.69,0.3448,fast
data\test\Apple__Healthy\freshApple (776).png,Apple__Healthy,heavy,320,258,101.81,1965.17,93.37,0.0631,0,0.5636,799.16,-0.4107,1,0.8996,1165.14,0.327,1,0.8396,2417.64,0.0041,balanced
data\test\Banana__Rotten\rotated_by_60_Screen Shot 2018-06-12 at 8.50.47 PM.png,Banana__Rotten,heavy,696,388,127.41,343.98,128.06,0.0143,1,0.9998,474.63,0.6976,1,1.0,1090.26,0.352,1,1.0,1048.86,0.3541,fast
data\test\Mango__Rotten\rottenMango (513).jpg,Mango__Rotten,heavy,224,224,3.22,75.53,140.44,0.0149,1,0.9258,731.5,0.6119,1,1.0,1085.53,0.3536,1,1.0,1111.51,0.3332,fast
data\test\Cucumber__Rotten\rottenCucumber (360).JPG,Cucumber__Rotten,burst,4032,3024,3062.58,98.93,163.45,0.0011,1,0.8553,1313.14,0.4178,1,0.9998,2147.04,0.0159,1,1.0,1755.8,0.1182,fast
data\test\Mango__Rotten\lasio_106.jpg,Mango__Rotten,heavy,224,224,8.51,507.38,87.12,0.0635,0,0.3596,608.34,-0.347,1,0.9999,1080.27,0.3553,1,1.0,1005.95,0.3684,heavy
data\test\Orange__Rotten\rottenOrange (261).jpg,Orange__Rotten,heavy,224,224,8.72,434.49,129.14,0.0405,0,0.5218,624.29,-0.3523,1,1.0,1042.98,0.3678,1,0.9999,1005.95,0.3684,heavy
data\test\Banana__Healthy\saltandpepper_Screen Shot 2018-06-12 at 9.42.29 PM.png,Banana__Healthy,heavy,298,484,87.56,3722.9,232.98,0.0314,1,0.6718,702.22,0.6217,1,1.0,1150.87,0.3318,1,1.0,1069.83,0.3471,fast
data\test\Bellpepper__Healthy\freshPepper (190).jpg,Bellpepper__Healthy,heavy,224,224,5.04,98.25,209.4,0.0195,0,0.5193,733.51,-0.3888,1,0.9954,1111.16,0.345,1,0.717,1227.86,0.2944,balanced
data\test\Potato__Healthy\freshPotato (501).jpg,Potato__Healthy,light,224,224,6.05,76.28,197.35,0.0158,1,0.4084,21.97,0.8487,1,0.9999,65.12,0.6941,1,0.9944,174.54,0.6459,fast
data\test\Cucumber__Healthy\freshCucumber (293).jpg,Cucumber__Healthy,heavy,224,224,19.65,937.01,99.73,0.1984,1,0.9757,505.34,0.6874,1,1.0,1084.52,0.3539,1,0.9999,1046.78,0.3548,fast
data\test\Orange__Healthy\rotated_by_75_Screen Shot 2018-06-13 at 12.02.20 AM.png,Orange__Healthy,heavy,392,360,154.44,310.22,160.48,0.0137,1,0.5946,474.11,0.6978,1,0.9982,1202.05,0.3147,1,0.9996,994.35,0.3723,fast
data\test\Strawberry__Healthy\15.jpg,Strawberry__Healthy,light,224,224,5.63,115.66,85.09,0.0161,1,0.988,24.8,0.8477,1,1.0,97.49,0.6833,1,0.9997,112.41,0.6666,fast
data\test\Bellpepper__Rotten\rottenPepper (105).jpg,Bellpepper__Rotten,heavy,276,183,6.83,1245.94,67.36,0.0853,0,0.4669,471.96,-0.3015,0,0.9418,1361.81,-0.7386,0,0.9067,1004.92,-0.6312,fast
data\test\Mango__Healthy\freshMango (2).jpg,Mango__Healthy,heavy,224,224,2.91,102.81,145.89,0.0108,1,0.9437,638.23,0.643,1,1.0,1138.72,0.3358,1,1.0,1114.31,0.3323,fast
data\test\Banana__Rotten\rotated_by_15_Screen Shot 2018-06-12 at 8.58.01 PM.png,Banana__Rotten,burst,478,408,210.98,318.82,161.54,0.0463,1,0.8609,404.0,0.7212,1,1.0,1542.33,0.2011,1,1.0,1615.13,0.1651,fast
data\test\Banana__Rotten\rotated_by_45_Screen Shot 2018-06-12 at 9.20.47 PM.png,Banana__Rotten,light,376,416,137.53,421.32,155.1,0.0202,1,0.9966,39.63,0.8428,1,1.0,197.44,0.65,1,1.0,124.75,0.6625,fast
data\test\Apple__Rotten\Screen Shot 2018-06-07 at 2.53.33 PM.png,Apple__Rotten,heavy,334,408,179.22,31.45,155.82,0.0179,1,0.5793,582.42,0.6617,0,0.7935,627.51,-0.4936,1,0.902,1265.81,0.2817,fast
data\test\Mango__Rotten\rottenMango (534).jpg,Mango__Rotten,heavy,224,224,3.23,94.43,145.3,0.014,1,0.6695,223.61,0.7814,1,1.0,1037.14,0.3697,1,1.0,1267.55,0.2811,fast
data\test\Apple__Healthy\rotated_by_75_Screen Shot 2018-06-08 at 5.34.14 PM.png,Apple__Healthy,light,458,434,227.68,351.4,131.01,0.0237,0,0.8555,112.8,-0.1816,1,1.0,138.3,0.6697,1,1.0,140.54,0.6572,balanced
data\test\Banana__Rotten\rotated_by_30_Screen Shot 2018-06-12 at 9.20.07 PM.png,Banana__Rotten,heavy,654,424,252.87,354.54,132.02,0.0157,1,0.467,474.1,0.6978,1,0.9859,376.23,0.5903,1,0.9993,1158.25,0.3176,fast
data\test\Bellpepper__Healthy\freshPepper (64).jpg,Bellpepper__Healthy,light,100,100,3.34,1951.0,110.52,0.1787,0,0.8888,70.64,-0.1676,0,0.6377,189.66,-0.3474,1,0.8685,59.73,0.6842,heavy
data\test\Orange__Rotten\rotated_by_75_Screen Shot 2018-06-12 at 11.23.46 PM.png,Orange__Rotten,burst,164,128,28.85,972.36,139.9,0.0379,0,0.4874,1254.05,-0.5625,1,0.9984,1596.57,0.183,1,0.9991,2446.66,0.0041,balanced
data\test\Apple__Healthy\saltandpepper_Screen Shot 2018-06-08 at 5.29.24 PM.png,Apple__Healthy,heavy,210,158,29.59,3197.03,215.92,0.0371,1,0.9942,726.03,0.6137,1,0.9999,1023.29,0.3744,1,0.9997,1239.57,0.2904,fast
data\test\Orange__Healthy\freshOrange (199).jpg,Orange__Healthy,heavy,4160,3120,3138.79,30.79,136.37,0.0012,0,0.9905,626.68,-0.3531,1,0.9952,1184.26,0.3206,1,0.9992,992.26,0.373,heavy
data\test\Banana__Healthy\rotated_by_15_Screen Shot 2018-06-12 at 9.56.03 PM.png,Banana__Healthy,heavy,614,286,100.6,351.11,187.52,0.009,1,0.4353,475.16,0.6974,1,1.0,404.89,0.5807,1,0.9999,1048.1,0.3543,fast
data\test\Apple__Healthy\rotated_by_30_Screen Shot 2018-06-08 at 5.11.08 PM.png,Apple__Healthy,heavy,388,378,148.28,469.13,133.75,0.0155,1,0.9943,472.47,0.6983,1,1.0,1036.79,0.3699,1,1.0,1265.81,0.2817,fast
data\test\Apple__Healthy\rotated_by_15_Screen Shot 2018-06-08 at 5.34.21 PM.png,Apple__Healthy,burst,374,402,106.01,360.25,172.09,0.0146,1,0.9804,445.26,0.7074,1,1.0,1201.72,0.3148,1,1.0,73.32,0.6797,fast
data\test\Banana__Healthy\Banana__Healthy_augmented_317.jpg,Banana__Healthy,heavy,224,224,5.22,783.95,222.86,0.0284,1,0.9488,537.69,0.6766,1,1.0,375.2,0.5907,1,0.9943,1018.27,0.3643,fast
data\test\Cucumber__Healthy\freshCucumber (271).jpg,Cucumber__Healthy,heavy,500,500,54.6,359.12,126.15,0.0672,1,0.5205,659.02,0.6361,1,0.9998,1201.01,0.3151,1,0.9991,1220.16,0.2969,fast
data\test\Cucumber__Healthy\freshCucumber (20).jpg,Cucumber__Healthy,heavy,4032,3024,1701.7,40.26,151.22,0.0037,1,0.95,408.6,0.7197,1,0.9964,1066.52,0.3599,1,0.9984,994.35,0.3723,fast
data\test\Mango__Rotten\aspergillus_183.jpg,Mango__Rotten,light,224,224,7.49,815.48,116.45,0.0437,1,0.9815,81.17,0.8289,1,1.0,17.32,0.7101,1,1.0,161.9,0.6501,fast
data\test\Apple__Rotten\rotated_by_45_Screen Shot 2018-06-07 at 3.02.24 PM.png,Apple__Rotten,light,360,346,121.72,547.25,116.98,0.0164,1,0.9654,140.15,0.8093,1,0.9999,42.02,0.7018,1,0.9998,46.96,0.6885,fast
data\test\Carrot__Healthy\freshCarrot (84).jpg,Carrot__Healthy,heavy,224,224,14.38,347.35,96.24,0.069,1,0.9552,683.65,0.6279,1,1.0,1185.78,0.3201,1,1.0,429.5,0.5608,fast
data\test\Apple__Rotten\rotated_by_75_Screen Shot 2018-06-07 at 2.52.44 PM.png,Apple__Rotten,heavy,516,456,239.91,317.42,154.7,0.0183,1,0.88,621.75,0.6485,1,1.0,1080.71,0.3552,1,1.0,1076.54,0.3449,fast
data\test\Mango__Rotten\450.jpg,Mango__Rotten,heavy,224,224,10.56,456.18,118.45,0.1114,1,0.998,647.72,0.6399,1,1.0,1201.01,0.3151,1,1.0,1111.51,0.3332,fast
data\test\Mango__Healthy\freshMango (328).jpg,Mango__Healthy,heavy,224,224,3.11,90.66,138.58,0.0141,1,0.9288,659.77,0.6358,1,1.0,1085.53,0.3536,1,1.0,1024.28,0.3623,fast
data\test\Mango__Rotten\437.jpg,Mango__Rotten,burst,224,224,9.96,342.47,107.95,0.0714,1,0.9904,1601.96,0.3214,1,0.9999,1034.09,0.3708,1,0.9997,1633.9,0.1588,balanced
data\test\Orange__Rotten\saltandpepper_Screen Shot 2018-06-12 at 11.30.06 PM.png,Orange__Rotten,heavy,522,404,267.83,3150.82,72.64,0.1238,1,0.9755,699.68,0.6225,1,0.883,1030.6,0.3719,1,0.9924,1218.59,0.2975,fast
data\test\Orange__Rotten\Screen Shot 2018-06-12 at 11.47.08 PM.png,Orange__Rotten,heavy,466,388,227.76,94.36,212.08,0.0592,1,0.9991,551.92,0.6718,1,0.9998,1091.32,0.3517,1,0.9982,1144.97,0.322,fast
data\test\Apple__Healthy\vertical_flip_Screen Shot 2018-06-08 at 5.09.03 PM.png,Apple__Healthy,heavy,400,380,129.84,17.55,174.99,0.0163,1,0.9865,641.81,0.6418,1,1.0,1184.55,0.3205,1,1.0,582.41,0.5098,fast
data\test\Apple__Rotten\rotated_by_45_Screen Shot 2018-06-07 at 2.59.09 PM.png,Apple__Rotten,burst,438,356,174.94,585.74,149.43,0.0503,1,0.8456,1098.46,0.4894,1,0.9996,1394.73,0.2504,1,0.9998,3134.26,0.0041,fast
data\test\Strawberry__Healthy\644.jpg,Strawberry__Healthy,heavy,224,224,8.82,239.91,117.58,0.0182,1,0.7614,316.77,0.7503,1,1.0,626.13,0.5069,1,1.0,1029.31,0.3606,fast
data\test\Orange__Rotten\Screen Shot 2018-06-12 at 11.18.41 PM.png,Orange__Rotten,light,274,240,85.06,43.6,211.97,0.0144,1,0.9853,32.1,0.8453,1,1.0,70.37,0.6924,1,0.9997,17.96,0.6981,fast
data\test\Orange__Healthy\rotated_by_60_Screen Shot 2018-06-13 at 12.08.41 AM.png,Orange__Healthy,burst,266,452,82.62,571.18,129.25,0.0228,1,0.9211,444.53,0.7077,1,1.0,1894.68,0.0836,1,0.9994,3140.46,0.0041,fast
data\test\Mango__Rotten\469.jpg,Mango__Rotten,light,224,224,10.01,367.94,105.06,0.0713,1,0.9864,57.19,0.8369,1,1.0,113.08,0.6781,1,1.0,97.09,0.6717,fast
data\test\Mango__Rotten\620.jpg,Mango__Rotten,heavy,224,224,9.74,324.68,116.49,0.0547,1,0.99,727.21,0.6133,1,1.0,470.86,0.5587,1,1.0,766.43,0.4483,fast
data\test\Tomato__Rotten\rottenTomato (324).jpg,Tomato__Rotten,burst,224,224,5.0,82.0,69.91,0.0087,0,0.911,1337.37,-0.5903,1,0.9799,1578.79,0.189,1,0.9991,833.95,0.4258,heavy
data\test\Orange__Rotten\Screen Shot 2018-06-12 at 11.43.03 PM.png,Orange__Rotten,heavy,336,286,143.86,134.16,203.14,0.0797,1,0.9715,732.51,0.6116,1,0.9993,828.6,0.4393,1,0.9616,1049.77,0.3538,fast
data\test\Banana__Rotten\rotated_by_75_Screen Shot 2018-06-12 at 8.53.47 PM.png,Banana__Rotten,heavy,510,386,201.26,272.42,108.15,0.0224,1,0.9999,2612.16,0.156,1,0.9998,1324.45,0.2739,1,0.9999,797.29,0.438,heavy
data\test\Banana__Healthy\Banana__Healthy_augmented_295.jpg,Banana__Healthy,light,224,224,4.4,170.64,169.83,0.0254,1,0.8921,43.47,0.8415,1,1.0,53.48,0.698,1,0.9998,134.05,0.6594,fast
data\test\Strawberry__Healthy\freshStrawberry (267).jpg,Strawberry__Healthy,heavy,100,100,4.84,1846.47,146.3,0.0744,1,0.8486,702.74,0.6215,1,1.0,1090.26,0.352,1,0.9999,1158.25,0.3176,fast
data\test\Mango__Rotten\rottenMango (411).jpg,Mango__Rotten,heavy,224,224,4.01,114.47,118.11,0.0262,1,0.9902,624.29,0.6477,1,1.0,1206.29,0.3133,1,1.0,797.29,0.438,fast
data\test\Apple__Rotten\rottenApple (384).jpg,Apple__Rotten,heavy,210,194,36.31,1102.28,131.87,0.0252,1,0.9592,738.11,0.6097,1,1.0,1228.01,0.306,1,0.9997,1099.62,0.3372,fast
data\test\Apple__Healthy\rotated_by_30_Screen Shot 2018-06-08 at 5.28.04 PM.png,Apple__Healthy,light,364,388,115.5,462.12,164.45,0.014,1,0.9984,83.8,0.8281,1,1.0,41.52,0.702,1,0.9997,130.0,0.6607,fast
data\test\Carrot__Rotten\rottenCarrot (183).jpg,Carrot__Rotten,light,275,183,5.52,690.65,214.22,0.0651,1,0.878,45.69,0.8408,1,1.0,75.19,0.6908,1,1.0,79.46,0.6776,fast
data\test\Mango__Healthy\737.jpg,Mango__Healthy,light,224,224,5.67,50.91,115.2,0.0079,1,0.8917,133.97,0.8113,1,1.0,129.98,0.6725,1,1.0,162.97,0.6497,fast
data\test\Apple__Rotten\saltandpepper_Screen Shot 2018-06-07 at 2.15.20 PM.png,Apple__Rotten,heavy,368,396,177.46,2789.16,178.92,0.0767,1,0.7332,583.09,0.6614,1,0.9995,986.52,0.3866,1,0.9988,994.33,0.3723,fast
data\test\Orange__Rotten\Screen Shot 2018-06-12 at 11.46.17 PM.png,Orange__Rotten,heavy,438,408,246.91,93.62,190.0,0.0501,1,0.9995,539.27,0.676,1,0.9994,458.07,0.563,1,0.9511,889.41,0.4073,fast
data\test\Apple__Healthy\vertical_flip_Screen Shot 2018-06-08 at 5.07.32 PM.png,Apple__Healthy,heavy,432,472,159.46,17.28,179.99,0.0117,1,0.9722,559.79,0.6692,1,1.0,1200.11,0.3154,1,0.9999,1187.71,0.3078,fast
data\test\Tomato__Healthy\freshTomato (271).jpg,Tomato__Healthy,burst,224,224,13.7,285.04,109.14,0.0612,0,0.5301,1083.43,-0.5056,1,0.9865,667.07,0.4932,1,0.9231,1215.35,0.2985,balanced
data\test\Mango__Rotten\rottenMango (530).jpg,Mango__Rotten,heavy,224,224,4.38,296.55,144.3,0.0314,1,0.7214,684.17,0.6277,1,1.0,1111.16,0.345,1,1.0,1048.86,0.3541,fast
data\test\Strawberry__Healthy\951.jpg,Strawberry__Healthy,heavy,224,224,6.33,144.88,109.23,0.0295,1,0.4232,627.17,0.6467,1,0.995,1553.15,0.1975,1,0.9991,1218.59,0.2975,fast
data\test\Banana__Healthy\Banana__Healthy_augmented_283.jpg,Banana__Healthy,burst,224,224,5.16,875.81,237.59,0.0241,1,0.8167,1415.33,0.3837,1,1.0,1578.26,0.1892,1,1.0,7282.17,0.0041,fast
data\test\Orange__Rotten\Screen Shot 2018-06-12 at 11.37.31 PM.png,Orange__Rotten,light,406,378,227.42,135.64,186.27,0.076,1,0.9998,53.83,0.8381,1,1.0,67.44,0.6934,1,0.9999,122.84,0.6631,fast
data\test\Apple__Healthy\rotated_by_45_Screen Shot 2018-06-08 at 5.26.58 PM.png,Apple__Healthy,light,440,448,169.03,428.64,165.09,0.0126,0,0.6407,23.83,-0.1519,1,1.0,42.66,0.7016,1,0.993,51.04,0.6871,balanced
data\test\Bellpepper__Healthy\freshPepper (315).jpg,Bellpepper__Healthy,light,224,224,12.75,207.89,96.48,0.0685,1,0.9455,58.46,0.8365,1,0.9986,113.59,0.678,1,0.9927,103.56,0.6696,fast
data\test\Apple__Rotten\rotated_by_45_Screen Shot 2018-06-07 at 2.41.07 PM.png,Apple__Rotten,burst,444,368,138.61,398.73,132.17,0.0124,1,0.9351,1457.65,0.3696,1,1.0,865.48,0.427,1,1.0,3129.01,0.0041,balanced
data\test\Bellpepper__Healthy\freshPepper (5).jpg,Bellpepper__Healthy,heavy,100,100,3.3,2572.99,128.98,0.1561,1,0.9181,441.57,0.7087,1,0.9874,1109.14,0.3457,1,0.9842,788.44,0.441,fast
data\test\Banana__Rotten\saltandpepper_Screen Shot 2018-06-12 at 9.05.08 PM.png,Banana__Rotten,light,718,398,182.44,3486.83,206.75,0.057,1,0.9998,84.54,0.8278,1,1.0,77.94,0.6899,1,0.9999,137.87,0.6581,fast
data\test\Potato__Rotten\rottenPotato (362).jpg,Potato__Rotten,light,275,183,8.85,1520.11,154.57,0.1396,1,0.8753,31.24,0.8456,1,0.9798,70.42,0.6924,1,0.9937,147.23,0.655,fast
data\test\Mango__Healthy\55.jpg,Mango__Healthy,light,224,224,3.53,102.43,65.87,0.0088,1,0.9195,54.46,0.8378,1,1.0,48.7,0.6996,1,0.9999,65.21,0.6824,fast
data\test\Mango__Rotten\anthracnose_090.jpg,Mango__Rotten,heavy,2445,2252,793.69,43.38,100.49,0.0138,1,0.9976,780.7,0.5955,1,1.0,1323.92,0.274,1,1.0,994.85,0.3721,fast
data\test\Orange__Rotten\saltandpepper_Screen Shot 2018-06-12 at 11.20.52 PM.png,Orange__Rotten,light,548,462,259.19,2732.77,184.85,0.0527,1,0.7888,54.35,0.8379,1,0.9995,72.76,0.6916,1,0.9938,103.56,0.6696,fast
data\test\Potato__Rotten\rottenPotato (421).jpg,Potato__Rotten,light,190,265,14.01,6333.77,118.69,0.2997,1,0.918,62.68,0.8351,1,1.0,77.72,0.6899,1,0.9646,168.42,0.6479,fast
data\test\Banana__Rotten\rotated_by_30_Screen Shot 2018-06-12 at 9.11.43 PM.png,Banana__Rotten,light,746,406,242.7,346.94,137.87,0.015,1,0.9899,18.9,0.8497,1,1.0,120.38,0.6757,1,0.9999,68.09,0.6814,fast
data\test\Apple__Healthy\FreshApple (196).jpg,Apple__Healthy,light,2266,2278,790.93,59.32,178.5,0.008,1,0.912,26.9,0.847,1,1.0,40.0,0.7025,1,0.9999,149.82,0.6541,fast
data\test\Banana__Healthy\rotated_by_15_Screen Shot 2018-06-12 at 10.00.49 PM.png,Banana__Healthy,burst,840,440,153.22,247.89,198.05,0.007,1,0.9153,998.11,0.5229,1,1.0,667.07,0.4932,1,0.9999,1402.58,0.236,fast
data\test\Orange__Rotten\rotated_by_30_Screen Shot 2018-06-12 at 11.27.38 PM.png,Orange__Rotten,burst,634,436,275.33,374.95,169.0,0.0277,1,0.942,1078.53,0.4961,1,0.9999,1496.78,0.2163,1,1.0,1105.77,0.3351,fast
data\test\Apple__Healthy\saltandpepper_Screen Shot 2018-06-08 at 5.20.51 PM.png,Apple__Healthy,burst,378,388,155.12,2634.82,177.94,0.0475,1,0.6715,476.59,0.697,1,1.0,2018.42,0.0423,1,0.9994,1728.38,0.1273,fast
data\test\Potato__Rotten\rottenPotato (181).jpg,Potato__Rotten,light,275,183,6.01,302.5,100.0,0.0565,1,0.8042,155.16,0.8042,1,0.9534,77.11,0.6901,1,0.9989,83.57,0.6762,fast
data\test\Potato__Healthy\freshPotato (178).jpg,Potato__Healthy,light,224,224,8.13,82.79,160.72,0.0195,1,0.953,44.45,0.8412,1,0.9999,48.12,0.6998,1,0.9988,104.04,0.6694,fast
data\test\Banana__Rotten\rotated_by_30_Screen Shot 2018-06-12 at 8.48.40 PM.png,Banana__Rotten,light,598,406,132.7,359.93,177.45,0.02,1,0.9117,37.44,0.8435,1,1.0,124.66,0.6743,1,0.9997,58.83,0.6845,fast
data\test\Banana__Rotten\rotated_by_45_Screen Shot 2018-06-12 at 9.01.26 PM.png,Banana__Rotten,heavy,576,368,298.33,434.93,106.61,0.1055,1,0.9924,732.66,0.6115,1,0.999,1023.29,0.3744,1,0.9998,1028.8,0.3608,fast
data\test\Mango__Rotten\438.jpg,Mango__Rotten,light,224,224,9.68,352.12,99.26,0.069,1,0.9884,44.85,0.8411,1,1.0,49.05,0.6995,1,0.9945,137.27,0.6583,fast
data\test\Banana__Rotten\Screen Shot 2018-06-12 at 9.03.51 PM.png,Banana__Rotten,heavy,590,352,408.69,208.22,143.3,0.109,1,0.973,735.33,0.6106,1,1.0,4153.89,0.0159,1,1.0,1024.85,0.3621,fast
data\test\Apple__Healthy\rotated_by_45_Screen Shot 2018-06-08 at 4.59.57 PM.png,Apple__Healthy,burst,436,452,187.02,409.79,111.58,0.0169,1,0.9897,1012.34,0.5182,1,1.0,1574.99,0.1902,1,1.0,1476.13,0.2115,fast
data\test\Banana__Rotten\rotated_by_30_Screen Shot 2018-06-12 at 8.49.15 PM.png,Banana__Rotten,light,708,436,182.65,346.48,176.9,0.0267,1,0.9968,29.77,0.8461,1,0.9999,30.35,0.7057,1,1.0,109.37,0.6676,fast
data\test\Mango__Healthy\healthy_105.jpg,Mango__Healthy,burst,224,224,9.91,1376.55,103.23,0.0931,0,0.3401,1426.64,-0.6201,1,0.9967,1393.99,0.2506,1,0.9983,1450.96,0.2199,balanced
data\test\Mango__Rotten\aspergillus_113.jpg,Mango__Rotten,light,224,224,7.71,874.12,131.88,0.0431,1,0.9698,76.7,0.8304,1,1.0,81.91,0.6885,1,1.0,112.66,0.6665,fast
data\test\Orange__Rotten\Screen Shot 2018-06-12 at 11.21.40 PM.png,Orange__Rotten,heavy,242,216,75.77,84.55,188.12,0.0469,1,0.9943,551.41,0.672,1,1.0,1080.71,0.3552,1,1.0,997.88,0.3711,fast
data\test\Strawberry__Rotten\280.jpg,Strawberry__Rotten,burst,224,224,3.78,104.52,140.77,0.0198,1,0.9557,1424.53,0.3806,1,1.0,5026.96,0.0159,1,1.0,1133.55,0.3258,fast
data\test\Cucumber__Rotten\rottenCucumber (261).jpg,Cucumber__Rotten,heavy,100,100,4.76,3170.74,177.48,0.0837,1,0.9938,646.79,0.6402,1,1.0,1161.56,0.3282,1,0.9997,1240.53,0.2901,fast
data\test\Potato__Healthy\freshPotato (378).jpg,Potato__Healthy,light,224,224,12.52,187.64,117.02,0.0667,1,0.8332,135.56,0.8108,1,0.9994,58.37,0.6964,1,0.9369,135.37,0.659,fast
data\test\Banana__Healthy\rotated_by_60_Screen Shot 2018-06-12 at 9.57.58 PM.png,Banana__Healthy,heavy,762,342,141.85,90.27,85.39,0.0081,1,0.5269,570.15,0.6657,1,1.0,1553.15,0.1975,1,0.9997,1024.86,0.3621,fast
data\test\Bellpepper__Healthy\freshPepper (73).jpg,Bellpepper__Healthy,heavy,100,100,2.37,846.66,165.18,0.0746,0,0.5454,705.7,-0.3795,1,0.9841,1066.52,0.3599,0,0.7565,1202.47,-0.6972,balanced
data\test\Orange__Healthy\freshOrange (184).png,Orange__Healthy,light,320,258,112.63,1133.53,136.64,0.0555,1,0.403,37.6,0.8435,1,0.9955,59.16,0.6961,1,0.9988,38.48,0.6913,fast
data\test\Apple__Healthy\rotated_by_45_Screen Shot 2018-06-08 at 5.25.22 PM.png,Apple__Healthy,heavy,274,316,66.63,648.63,166.17,0.0183,1,0.972,519.38,0.6827,1,1.0,1199.07,0.3157,1,1.0,998.91,0.3708,fast
data\test\Apple__Healthy\freshApple (447).png,Apple__Healthy,burst,480,322,215.12,280.73,145.51,0.0674,1,0.5699,1333.93,0.4109,1,0.9993,1212.39,0.3113,1,0.9999,461.69,0.55,heavy
data\test\Strawberry__Rotten\rottenStrawberry (264).jpg,Strawberry__Rotten,light,224,224,10.64,618.59,113.93,0.1201,1,0.9981,427.32,0.7134,1,1.0,130.07,0.6725,1,1.0,234.02,0.626,fast
data\test\Mango__Healthy\564.jpg,Mango__Healthy,light,224,224,10.66,643.19,115.44,0.167,1,0.9173,95.86,0.824,1,1.0,148.77,0.6662,1,1.0,35.19,0.6924,fast
data\test\Bellpepper__Healthy\freshPepper (532).jpg,Bellpepper__Healthy,light,224,224,15.15,393.82,62.34,0.086,1,0.9603,152.84,0.805,1,0.9984,181.29,0.6554,1,0.9888,58.44,0.6846,fast
data\test\Bellpepper__Rotten\rottenPepper (389).jpg,Bellpepper__Rotten,light,100,100,4.79,2046.92,220.93,0.0752,0,0.506,19.2,-0.1504,1,0.9981,170.28,0.659,1,0.9854,187.71,0.6415,balanced
data\test\Mango__Healthy\825.jpg,Mango__Healthy,light,224,224,5.89,66.5,104.14,0.0084,1,0.8149,43.65,0.8415,1,1.0,230.44,0.639,1,1.0,201.01,0.637,fast
data\test\Apple__Rotten\rotated_by_75_Screen Shot 2018-06-07 at 2.47.50 PM.png,Apple__Rotten,burst,438,406,187.12,343.15,163.89,0.0327,1,0.8646,574.71,0.6642,1,0.9999,865.48,0.427,1,0.9999,1757.01,0.1178,fast
data\test\Cucumber__Rotten\rottenCucumber (10).jpg,Cucumber__Rotten,light,100,100,4.36,2845.44,177.07,0.0587,1,0.9978,78.98,0.8297,1,1.0,112.88,0.6782,1,1.0,47.38,0.6883,fast
data\test\Carrot__Rotten\rottenCarrot (554).jpg,Carrot__Rotten,heavy,275,183,6.14,268.28,101.93,0.0487,0,0.7113,698.18,-0.377,1,0.8211,1098.23,0.3494,1,0.9745,4085.7,0.0041,balanced
data\test\Banana__Healthy\Banana__Healthy_augmented_108.jpg,Banana__Healthy,burst,224,224,3.61,240.28,210.21,0.0165,1,0.8153,852.56,0.5715,1,1.0,1820.03,0.1085,1,1.0,2489.24,0.0041,fast
data\test\Cucumber__Healthy\freshCucumber (495).jpg,Cucumber__Healthy,burst,100,100,1.61,223.63,218.63,0.0323,1,0.6759,1601.96,0.3214,1,0.9953,775.98,0.4569,1,0.8994,874.31,0.4123,balanced
data\test\Mango__Rotten\rottenMango (445).jpg,Mango__Rotten,heavy,224,224,5.07,291.79,108.66,0.0397,1,0.9992,643.68,0.6412,1,1.0,1030.6,0.3719,1,0.9993,998.39,0.3709,fast
data\test\Bellpepper__Rotten\rottenPepper (169).jpg,Bellpepper__Rotten,light,216,233,5.05,117.69,172.03,0.0221,0,0.7123,9.72,-0.1472,1,0.9928,88.31,0.6864,1,0.737,30.28,0.694,heavy
data\test\Orange__Healthy\freshOrange (1).png,Orange__Healthy,heavy,860,697,151.47,154.4,221.54,0.0153,1,0.8769,700.15,0.6224,1,0.964,440.82,0.5688,1,0.9836,922.6,0.3962,fast
data\test\Potato__Rotten\rottenPotato (209).jpg,Potato__Rotten,light,262,192,5.81,1582.92,183.21,0.0837,1,0.7502,106.82,0.8204,1,1.0,27.9,0.7066,1,1.0,126.46,0.6619,fast
data\test\Mango__Rotten\rottenMango (473).jpg,Mango__Rotten,burst,224,224,3.18,50.43,132.52,0.0133,1,0.9386,1413.28,0.3844,1,1.0,4978.67,0.0159,1,1.0,1450.95,0.2199,fast
data\test\Tomato__Healthy\freshTomato (76).jpg,Tomato__Healthy,light,1800,1200,1039.43,72.09,137.53,0.0088,1,0.5511,39.8,0.8427,1,0.9999,24.26,0.7078,1,0.9968,141.69,0.6568,fast
data\test\Apple__Healthy\vertical_flip_Screen Shot 2018-06-08 at 5.24.35 PM.png,Apple__Healthy,light,372,406,163.0,41.19,202.05,0.0186,1,0.7269,31.28,0.8456,1,1.0,142.53,0.6683,1,0.9975,140.48,0.6572,fast
data\test\Banana__Rotten\translation_Screen Shot 2018-06-12 at 8.58.01 PM.png,Banana__Rotten,light,478,408,197.23,519.75,155.03,0.0491,1,0.8661,117.7,0.8167,1,1.0,139.81,0.6692,1,1.0,92.16,0.6734,fast
data\test\Apple__Healthy\freshApple (589).png,Apple__Healthy,heavy,320,258,113.12,1257.32,130.62,0.0724,1,0.9859,736.04,0.6104,1,0.9996,820.25,0.4421,1,0.9999,1108.71,0.3341,fast
data\test\Apple__Rotten\rotated_by_60_Screen Shot 2018-06-07 at 2.38.28 PM.png,Apple__Rotten,light,200,208,39.6,906.37,167.91,0.029,1,0.7839,93.93,0.8247,1,0.9961,97.69,0.6833,1,0.9829,70.93,0.6805,fast
data\test\Orange__Rotten\saltandpepper_Screen Shot 2018-06-12 at 11.33.23 PM.png,Orange__Rotten,heavy,456,432,276.84,2774.81,197.11,0.0918,1,0.9994,621.14,0.6487,1,1.0,241.27,0.6353,1,1.0,1158.25,0.3176,fast
data\test\Cucumber__Rotten\rottenCucumber (470).jpg,Cucumber__Rotten,light,100,100,3.24,1415.17,238.32,0.0676,1,0.446,58.22,0.8366,1,0.993,94.01,0.6845,1,0.9961,36.34,0.692,fast
data\test\Bellpepper__Rotten\rottenPepper (611).jpg,Bellpepper__Rotten,light,285,177,8.0,661.88,139.82,0.1143,0,0.8237,199.53,-0.2106,1,0.9903,96.5,0.6837,1,0.4867,47.03,0.6884,heavy
data\test\Cucumber__Rotten\rottenCucumber (101).jpg,Cucumber__Rotten,heavy,100,100,3.57,2192.02,190.07,0.0384,1,0.9484,815.34,0.5839,1,0.9998,1180.37,0.3219,1,0.9999,529.53,0.5274,fast
data\test\Orange__Healthy\rotated_by_75_Screen Shot 2018-06-13 at 12.15.21 AM.png,Orange__Healthy,burst,418,254,80.66,396.88,121.17,0.0119,1,0.8403,1421.16,0.3817,1,1.0,1818.73,0.1089,1,0.999,2487.85,0.0041,fast
data\test\Banana__Rotten\rotated_by_75_Screen Shot 2018-06-12 at 8.50.40 PM.png,Banana__Rotten,heavy,620,372,98.33,267.04,122.98,0.0071,1,0.4005,608.35,0.653,1,1.0,819.73,0.4423,1,0.9999,1229.39,0.2938,fast
data\test\Apple__Rotten\rottenApple (553).jpg,Apple__Rotten,light,100,100,3.88,1337.63,207.05,0.0386,0,0.315,62.49,-0.1648,1,0.9847,81.91,0.6885,1,0.9819,188.35,0.6413,balanced
data\test\Banana__Rotten\saltandpepper_Screen Shot 2018-06-12 at 9.13.04 PM.png,Banana__Rotten,heavy,386,350,163.53,2444.47,126.4,0.0524,0,0.2835,638.23,-0.357,1,1.0,1184.46,0.3206,1,0.9999,923.95,0.3958,heavy
data\test\Grape__Rotten\RottenGrape (2).jpg,Grape__Rotten,burst,635,595,35.44,2.23,179.64,0.002,0,0.846,1334.53,-0.5894,1,0.9997,1768.04,0.1258,0,0.7544,1215.35,-0.7015,balanced
data\test\Cucumber__Rotten\rottenCucumber (55).jpg,Cucumber__Rotten,heavy,100,100,5.78,2593.71,143.97,0.0974,1,0.9957,740.35,0.6089,1,1.0,1324.45,0.2739,1,0.9999,1029.31,0.3606,fast
data\test\Mango__Healthy\834.jpg,Mango__Healthy,heavy,224,224,5.76,51.47,105.91,0.0144,1,0.6498,732.66,0.6115,1,1.0,202.6,0.6483,1,1.0,1040.37,0.3569,balanced
data\test\Apple__Healthy\freshApple (797).png,Apple__Healthy,light,320,258,105.34,1543.85,120.64,0.0713,1,0.8476,24.28,0.8479,1,0.9994,36.18,0.7038,1,0.9989,112.25,0.6667,fast
data\test\Apple__Rotten\rotated_by_60_Screen Shot 2018-06-07 at 2.44.26 PM.png,Apple__Rotten,heavy,340,352,124.96,304.98,146.16,0.016,1,0.9636,647.68,0.6399,1,0.9994,1184.46,0.3206,1,0.9934,1047.79,0.3545,fast
data\test\Apple__Rotten\rotated_by_60_Screen Shot 2018-06-07 at 2.33.47 PM.png,Apple__Rotten,light,400,338,161.66,586.03,155.54,0.0637,1,0.5559,66.72,0.8338,1,0.9582,68.82,0.6929,1,0.9844,86.15,0.6754,fast
data\test\Banana__Rotten\Screen Shot 2018-06-12 at 9.07.04 PM.png,Banana__Rotten,heavy,628,404,225.29,21.68,161.99,0.0082,1,0.7342,700.15,0.6224,1,1.0,1031.71,0.3716,1,0.9995,1047.29,0.3546,fast
data\test\Apple__Rotten\translation_Screen Shot 2018-06-07 at 2.45.35 PM.png,Apple__Rotten,light,244,240,67.8,1104.67,134.63,0.0954,1,0.7952,72.99,0.8317,1,1.0,119.4,0.676,1,1.0,52.08,0.6868,fast
data\test\Strawberry__Healthy\223.jpg,Strawberry__Healthy,light,224,224,6.91,245.86,85.38,0.0164,1,0.9932,80.06,0.8293,1,1.0,59.83,0.6959,1,1.0,34.98,0.6925,fast
data\test\Cucumber__Healthy\freshCucumber (572).jpg,Cucumber__Healthy,light,480,848,22.29,58.42,163.24,0.0078,1,0.9721,24.06,0.848,1,1.0,88.31,0.6864,1,0.988,112.84,0.6665,fast
data\test\Strawberry__Rotten\282.jpg,Strawberry__Rotten,heavy,224,224,3.83,102.8,137.81,0.0226,1,0.9811,539.27,0.676,1,1.0,1321.33,0.2749,1,0.9999,1019.05,0.364,fast
data\test\Apple__Rotten\rottenApple (280).jpg,Apple__Rotten,light,380,404,223.34,23.05,188.44,0.0108,1,0.8227,24.28,0.8479,1,1.0,70.57,0.6923,1,1.0,31.71,0.6935,fast
data\test\Pomegranate__Healthy\FreshPomegranate (10).jpg,Pomegranate__Healthy,heavy,1525,1801,398.56,30.49,135.88,0.0025,1,0.6303,639.38,0.6426,1,1.0,1194.45,0.3172,1,0.9793,1346.76,0.2547,fast
data\test\Mango__Rotten\367.jpg,Mango__Rotten,heavy,224,224,5.08,126.19,128.3,0.0334,1,0.998,610.37,0.6523,1,0.9997,1255.02,0.297,1,0.9971,1111.51,0.3332,fast
data\test\Banana__Rotten\rottenBanana (357).jpg,Banana__Rotten,heavy,224,224,4.9,149.46,132.17,0.0345,1,0.9751,735.33,0.6106,1,1.0,1169.34,0.3256,1,1.0,1041.4,0.3566,fast
data\test\Bellpepper__Rotten\rottenPepper (285).jpg,Bellpepper__Rotten,heavy,390,280,27.52,1452.33,103.32,0.0626,1,0.4794,819.64,0.5825,1,0.987,1030.09,0.3721,1,0.8962,1047.29,0.3546,fast
data\test\Apple__Rotten\rotated_by_45_Screen Shot 2018-06-08 at 2.49.40 PM.png,Apple__Rotten,heavy,286,224,52.73,812.61,161.43,0.0398,1,0.9836,739.04,0.6094,1,1.0,1138.72,0.3358,1,0.9999,1017.76,0.3645,fast
data\test\Apple__Rotten\rotated_by_30_Screen Shot 2018-06-08 at 2.40.46 PM.png,Apple__Rotten,burst,314,306,80.19,589.35,167.35,0.0205,1,0.9439,1083.43,0.4944,1,0.9999,1365.89,0.26,1,0.9995,1120.76,0.3301,fast
data\test\Banana__Rotten\vertical_flip_Screen Shot 2018-06-12 at 9.07.26 PM.png,Banana__Rotten,light,518,332,141.65,53.69,161.67,0.0244,1,0.9983,111.93,0.8187,1,1.0,25.06,0.7075,1,1.0,80.53,0.6773,fast
data\test\Apple__Healthy\freshApple (703).png,Apple__Healthy,heavy,320,258,129.86,1682.16,127.77,0.1136,1,0.9705,807.03,0.5867,1,1.0,1152.47,0.3313,1,0.9999,1111.51,0.3332,fast
data\test\Orange__Rotten\rottenOrange (199).jpg,Orange__Rotten,heavy,2222,2542,752.48,28.21,174.0,0.0025,1,0.7413,536.17,0.6771,1,0.9996,1209.76,0.3121,1,1.0,1113.79,0.3324,fast
data\test\Orange__Healthy\rotated_by_60_Screen Shot 2018-06-12 at 11.52.26 PM.png,Orange__Healthy,burst,340,316,108.68,459.46,162.94,0.0211,1,0.9926,998.65,0.5227,1,1.0,1895.21,0.0834,1,0.9999,4232.23,0.0041,fast
data\test\Apple__Rotten\Screen Shot 2018-06-07 at 3.05.58 PM.png,Apple__Rotten,burst,446,392,234.16,32.78,180.27,0.0087,1,0.9598,1049.96,0.5056,1,1.0,2016.09,0.043,1,0.9997,1616.16,0.1648,fast
data\test\Potato__Healthy\freshPotato (518).jpg,Potato__Healthy,burst,224,224,12.29,36.65,73.02,0.01,1,0.8677,1257.16,0.4365,1,0.9996,2552.4,0.0159,1,1.0,1924.07,0.062,fast
data\test\Mango__Healthy\792.jpg,Mango__Healthy,heavy,224,224,5.87,60.23,119.5,0.0214,1,0.9973,647.72,0.6399,1,1.0,1085.84,0.3535,1,0.9999,1076.69,0.3448,fast
data\test\Strawberry__Rotten\596.jpg,Strawberry__Rotten,light,224,224,11.44,721.72,112.8,0.1427,1,0.9855,42.17,0.8419,1,1.0,52.93,0.6982,1,0.9999,44.99,0.6891,fast
data\test\Orange__Healthy\rotated_by_45_Screen Shot 2018-06-13 at 12.02.33 AM.png,Orange__Healthy,heavy,292,244,77.89,570.52,133.61,0.0222,1,0.9847,505.34,0.6874,1,1.0,1087.44,0.353,1,0.9999,529.53,0.5274,fast
data\test\Orange__Rotten\rottenOrange (584).jpg,Orange__Rotten,burst,448,420,200.68,306.93,157.22,0.007,1,0.9886,1292.19,0.4248,1,1.0,1498.31,0.2158,1,0.9999,7282.17,0.0041,fast
data\test\Strawberry__Healthy\freshStrawberry (322).jpg,Strawberry__Healthy,burst,224,224,5.13,76.56,90.3,0.009,1,0.9575,336.64,0.7437,1,1.0,1722.64,0.141,1,1.0,2260.59,0.0041,fast
data\test\Banana__Healthy\rotated_by_30_Screen Shot 2018-06-12 at 9.45.40 PM.png,Banana__Healthy,light,564,450,143.1,362.22,186.17,0.0122,1,0.9878,16.75,0.8504,1,1.0,54.73,0.6976,1,0.9995,67.12,0.6817,fast
data\test\Mango__Healthy\720.jpg,Mango__Healthy,light,224,224,5.31,33.84,113.23,0.006,1,0.7758,85.07,0.8276,1,1.0,75.18,0.6908,1,1.0,92.39,0.6733,fast
data\test\Mango__Rotten\rottenMango (374).jpg,Mango__Rotten,light,224,224,5.04,337.92,122.13,0.0365,1,0.9968,57.45,0.8369,1,1.0,55.66,0.6973,1,1.0,33.45,0.693,fast
data\test\Banana__Healthy\Banana__Healthy_augmented_107.jpg,Banana__Healthy,burst,224,224,6.49,239.33,171.15,0.0271,1,0.5644,1169.45,0.4657,1,1.0,1497.79,0.216,1,1.0,649.26,0.4875,heavy
data\test\Apple__Rotten\rotated_by_60_Screen Shot 2018-06-07 at 2.58.57 PM.png,Apple__Rotten,burst,398,354,148.48,507.36,132.6,0.0304,1,0.9663,405.05,0.7208,1,1.0,1945.75,0.0665,1,1.0,3157.5,0.0041,fast
data\test\Orange__Rotten\saltandpepper_Screen Shot 2018-06-12 at 11.43.10 PM.png,Orange__Rotten,light,256,214,45.33,3378.34,228.13,0.045,1,0.7937,85.88,0.8274,1,0.9994,102.97,0.6815,1,1.0,76.21,0.6787,fast
data\test\Cucumber__Rotten\rottenCucumber (212).jpg,Cucumber__Rotten,heavy,100,100,5.76,4971.1,149.22,0.1462,1,0.9976,641.81,0.6418,1,1.0,202.09,0.6484,1,1.0,1108.18,0.3343,balanced
data\test\Orange__Healthy\saltandpepper_Screen Shot 2018-06-12 at 11.50.33 PM.png,Orange__Healthy,heavy,218,210,51.54,2637.51,202.99,0.0469,1,0.9723,740.26,0.609,1,0.9973,1301.49,0.2815,1,0.9926,1144.97,0.322,fast
data\test\Pomegranate__Healthy\FreshPomegranate (148).jpg,Pomegranate__Healthy,light,1906,2020,402.04,13.97,121.25,0.0017,1,0.7965,21.36,0.8489,1,1.0,59.16,0.6961,1,0.9989,174.93,0.6458,fast
data\test\Apple__Healthy\rotated_by_75_Screen Shot 2018-06-08 at 5.07.52 PM.png,Apple__Healthy,light,262,298,96.28,523.94,138.93,0.034,1,0.8107,117.83,0.8167,1,1.0,113.59,0.678,1,1.0,147.46,0.6549,fast
data\test\Mango__Healthy\356.jpg,Mango__Healthy,light,224,224,3.1,19.42,145.21,0.0087,1,0.9373,51.78,0.8387,1,1.0,236.88,0.6368,1,1.0,95.3,0.6723,fast
data\test\Orange__Rotten\rotated_by_30_Screen Shot 2018-06-12 at 11.23.54 PM.png,Orange__Rotten,burst,492,422,241.66,406.55,120.67,0.0217,1,0.6359,1097.41,0.4898,1,0.9875,2018.42,0.0423,1,0.9881,3134.77,0.0041,fast
data\test\Apple__Healthy\freshApple (562).png,Apple__Healthy,heavy,320,258,114.82,1608.35,119.17,0.0827,1,0.8997,624.21,0.6477,1,1.0,1185.28,0.3203,1,1.0,1074.99,0.3454,fast
data\test\Apple__Rotten\saltandpepper_Screen Shot 2018-06-07 at 2.47.50 PM.png,Apple__Rotten,light,438,406,193.86,2828.95,190.63,0.0639,1,0.8701,73.55,0.8315,1,0.9996,94.07,0.6845,1,0.9999,42.45,0.69,fast
data\test\Banana__Rotten\rotated_by_30_Screen Shot 2018-06-12 at 8.58.33 PM.png,Banana__Rotten,light,286,400,136.21,571.26,142.68,0.0562,1,1.0,116.1,0.8173,1,0.9995,206.42,0.647,1,1.0,87.28,0.675,fast
data\test\Orange__Rotten\vertical_flip_Screen Shot 2018-06-12 at 11.35.55 PM.png,Orange__Rotten,heavy,430,408,203.87,91.26,193.15,0.0614,1,0.9994,733.51,0.6112,1,1.0,966.77,0.3932,1,0.9999,1048.1,0.3543,fast
data\test\Apple__Healthy\FreshApple (127).jpg,Apple__Healthy,burst,1933,1939,489.87,20.51,162.68,0.0015,1,0.9226,1566.04,0.3334,1,1.0,990.67,0.3853,1,0.9998,637.79,0.4913,heavy
data\test\Apple__Healthy\FreshApple (64).jpg,Apple__Healthy,heavy,2872,2503,990.25,19.59,135.13,0.0004,0,0.4789,646.79,-0.3598,1,1.0,1173.04,0.3244,1,0.999,995.65,0.3719,heavy
data\test\Banana__Rotten\saltandpepper_Screen Shot 2018-06-12 at 9.21.25 PM.png,Banana__Rotten,heavy,228,348,100.21,2912.68,162.48,0.0489,1,0.9433,624.21,0.6477,1,1.0,1049.3,0.3657,1,0.9998,835.92,0.4252,fast
data\test\Orange__Rotten\rotated_by_75_Screen Shot 2018-06-12 at 11.19.01 PM.png,Orange__Rotten,light,542,438,280.97,281.07,147.93,0.0277,1,0.9883,34.82,0.8444,1,0.9999,45.65,0.7006,1,0.988,178.82,0.6445,fast
data\test\Strawberry__Rotten\783.jpg,Strawberry__Rotten,heavy,224,224,6.24,119.53,91.47,0.0309,1,0.6645,409.76,0.7193,1,1.0,975.51,0.3903,1,1.0,1347.28,0.2545,fast
data\test\Apple__Rotten\Screen Shot 2018-06-07 at 2.41.23 PM.png,Apple__Rotten,light,396,400,190.12,9.75,182.05,0.0063,1,0.9087,122.37,0.8152,1,1.0,43.38,0.7014,1,0.9999,96.1,0.6721,fast
data\test\Potato__Rotten\rottenPotato (575).jpg,Potato__Rotten,heavy,194,259,7.1,790.35,118.59,0.1026,1,0.4485,635.66,0.6439,1,0.9932,1037.3,0.3697,1,0.989,1220.16,0.2969,fast
data\test\Banana__Rotten\translation_Screen Shot 2018-06-12 at 9.05.37 PM.png,Banana__Rotten,light,668,398,153.77,539.63,173.93,0.0167,1,0.9992,82.7,0.8284,1,1.0,27.9,0.7066,1,1.0,77.89,0.6781,fast
data\test\Banana__Rotten\rottenBanana (8).jpg,Banana__Rotten,heavy,4160,3120,2943.78,71.17,185.42,0.0079,1,0.9699,621.75,0.6485,1,0.9998,1079.68,0.3555,1,0.9843,1265.29,0.2819,fast
data\test\Apple__Healthy\vertical_flip_Screen Shot 2018-06-08 at 5.26.19 PM.png,Apple__Healthy,light,388,440,139.4,17.17,213.89,0.0077,1,0.9913,89.96,0.826,1,1.0,52.3,0.6984,1,0.9995,137.54,0.6582,fast
data\test\Mango__Healthy\healthy_149.jpg,Mango__Healthy,light,224,224,7.36,207.69,106.62,0.0154,1,0.637,27.92,0.8467,1,0.9983,76.35,0.6904,1,0.9975,133.8,0.6595,fast
data\test\Strawberry__Rotten\654.jpg,Strawberry__Rotten,light,224,224,10.53,489.7,109.62,0.094,1,0.9937,157.52,0.8035,1,1.0,106.51,0.6803,1,0.9999,185.44,0.6422,fast
data\test\Mango__Rotten\669.jpg,Mango__Rotten,light,224,224,8.97,199.99,111.98,0.04,1,0.8525,92.24,0.8252,1,1.0,55.41,0.6974,1,0.9999,166.54,0.6486,fast
data\test\Strawberry__Healthy\519.jpg,Strawberry__Healthy,burst,224,224,3.67,75.24,141.47,0.0151,1,0.8412,1169.76,0.4656,1,1.0,1821.35,0.108,1,1.0,1451.47,0.2197,fast
data\test\Carrot__Rotten\rottenCarrot (432).jpg,Carrot__Rotten,heavy,246,204,9.44,2402.29,135.18,0.1299,1,0.4887,623.22,0.648,0,0.4011,1091.84,-0.6485,0,0.7252,1204.0,-0.6977,fast
data\test\Banana__Healthy\freshBanana (7).png,Banana__Healthy,burst,853,853,403.44,67.62,220.13,0.0088,1,0.9967,1569.57,0.3322,1,1.0,1762.21,0.1278,1,1.0,1796.11,0.1047,fast
data\test\Apple__Rotten\saltandpepper_Screen Shot 2018-06-07 at 2.45.35 PM.png,Apple__Rotten,light,244,240,71.78,2900.73,191.64,0.1184,1,0.9746,51.03,0.839,1,1.0,130.29,0.6724,1,1.0,103.55,0.6696,fast
data\test\Orange__Rotten\rottenOrange (387).jpg,Orange__Rotten,burst,224,224,6.44,209.7,122.31,0.0376,1,0.7717,123.58,0.8148,1,1.0,991.19,0.3851,1,1.0,2757.94,0.0041,fast
data\test\Apple__Rotten\rotated_by_75_Screen Shot 2018-06-08 at 2.53.14 PM.png,Apple__Rotten,burst,450,430,168.92,339.22,167.09,0.0128,1,0.7561,109.9,0.8193,1,1.0,1223.04,0.3077,1,1.0,322.44,0.5965,fast
data\test\Bellpepper__Healthy\freshPepper (434).jpg,Bellpepper__Healthy,burst,224,224,15.44,478.12,79.05,0.0757,0,0.572,273.12,-0.2351,1,0.9991,1243.19,0.301,1,0.995,2042.34,0.0225,balanced
data\test\Apple__Rotten\Screen Shot 2018-06-08 at 2.38.47 PM.png,Apple__Rotten,light,390,366,155.94,30.15,208.87,0.0157,1,0.7726,11.82,0.8521,1,1.0,176.52,0.657,1,0.9999,23.66,0.6962,fast
data\test\Pomegranate__Rotten\RottenPomegranate (35).jpg,Pomegranate__Rotten,burst,432,417,44.02,267.29,199.23,0.0166,1,0.3927,347.4,0.7401,1,1.0,1598.24,0.1825,1,0.9995,1439.12,0.2238,fast
data\test\Strawberry__Healthy\957.jpg,Strawberry__Healthy,heavy,224,224,6.1,92.53,119.62,0.0171,1,0.6302,609.05,0.6528,1,1.0,1044.98,0.3671,1,0.9999,1239.98,0.2903,fast
data\test\Strawberry__Healthy\282.jpg,Strawberry__Healthy,burst,224,224,7.46,549.38,99.83,0.0466,1,0.9815,243.02,0.7749,1,0.9999,1479.54,0.2221,1,1.0,533.19,0.5262,fast
data\test\Orange__Healthy\saltandpepper_Screen Shot 2018-06-13 at 12.06.01 AM.png,Orange__Healthy,light,380,340,135.66,2350.69,171.17,0.0423,1,0.9731,16.14,0.8506,1,1.0,126.03,0.6738,1,0.996,51.26,0.687,fast
data\test\Carrot__Rotten\rottenCarrot (274).jpg,Carrot__Rotten,light,100,100,2.92,274.1,238.46,0.0438,1,0.3418,40.47,0.8425,1,0.9999,30.47,0.7057,1,0.9967,67.8,0.6815,fast
data\test\Apple__Rotten\rottenApple (136).jpg,Apple__Rotten,heavy,2955,3568,942.05,19.54,190.05,0.0012,1,0.5891,647.68,0.6399,1,1.0,908.07,0.4128,1,1.0,1048.1,0.3543,fast
data\test\Bellpepper__Healthy\freshPepper (160).jpg,Bellpepper__Healthy,light,224,224,7.05,35.84,138.07,0.0102,1,0.7638,59.1,0.8363,1,0.9997,50.6,0.699,1,0.974,60.29,0.684,fast
data\test\Bellpepper__Healthy\freshPepper (23).jpg,Bellpepper__Healthy,heavy,100,100,2.53,1360.55,195.34,0.0926,0,0.2837,656.58,-0.3631,1,0.9959,1091.84,0.3515,1,0.9835,1024.34,0.3623,heavy
data\test\Carrot__Healthy\freshCarrot (221).jpg,Carrot__Healthy,light,224,224,15.74,550.32,90.41,0.0938,1,0.9573,62.75,0.8351,1,1.0,131.41,0.672,1,1.0,227.0,0.6284,fast
data\test\Carrot__Healthy\freshCarrot (210).jpg,Carrot__Healthy,light,224,224,14.48,325.62,99.04,0.0616,1,0.9465,84.54,0.8278,1,1.0,48.76,0.6996,1,1.0,130.0,0.6607,fast
data\test\Mango__Rotten\lasio_057.jpg,Mango__Rotten,heavy,224,224,7.37,299.18,67.1,0.0365,1,0.9681,735.34,0.6106,1,1.0,1227.49,0.3062,1,1.0,1265.81,0.2817,fast
data\test\Strawberry__Healthy\freshStrawberry (503).jpg,Strawberry__Healthy,light,224,224,3.16,31.44,141.48,0.0089,1,0.7166,16.26,0.8506,1,1.0,130.04,0.6725,1,1.0,68.92,0.6811,fast
data\test\Orange__Healthy\freshOrange (301).jpg,Orange__Healthy,heavy,224,224,5.76,224.57,75.44,0.0246,0,0.7159,570.15,-0.3343,1,0.9999,1161.14,0.3284,1,0.9994,1239.57,0.2904,balanced
data\test\Apple__Healthy\rotated_by_15_Screen Shot 2018-06-08 at 5.25.37 PM.png,Apple__Healthy,light,390,396,126.68,348.79,196.03,0.011,0,0.4879,134.78,-0.189,1,0.9999,43.87,0.7012,1,0.9999,47.78,0.6882,balanced
data\test\Banana__Healthy\freshBanana (170).png,Banana__Healthy,heavy,320,258,110.37,1855.21,75.66,0.0893,1,0.7351,646.79,0.6402,1,1.0,1161.56,0.3282,1,0.9999,905.95,0.4018,fast
data\test\Tomato__Rotten\rottenTomato (85).jpg,Tomato__Rotten,heavy,277,311,148.85,358.1,166.74,0.0597,1,0.6567,611.03,0.6521,1,0.9966,2887.92,0.0159,1,0.9994,994.33,0.3723,fast
data\test\Orange__Rotten\rotated_by_60_Screen Shot 2018-06-12 at 11.18.41 PM.png,Orange__Rotten,light,274,240,64.93,665.64,173.07,0.0219,1,0.9976,78.76,0.8297,1,1.0,155.63,0.6639,1,1.0,92.39,0.6733,fast
data\test\Orange__Healthy\rotated_by_30_Screen Shot 2018-06-13 at 12.09.54 AM.png,Orange__Healthy,heavy,320,316,103.4,375.18,148.23,0.011,1,0.9411,625.45,0.6473,1,1.0,4153.89,0.0159,1,1.0,3525.91,0.0041,fast
data\test\Banana__Healthy\saltandpepper_Screen Shot 2018-06-12 at 9.40.10 PM.png,Banana__Healthy,light,600,468,183.76,3411.92,224.98,0.0344,1,0.7393,39.65,0.8428,1,1.0,142.63,0.6683,1,0.9999,123.9,0.6628,fast
data\test\Banana__Rotten\rotated_by_15_Screen Shot 2018-06-12 at 8.54.43 PM.png,Banana__Rotten,light,644,390,275.26,269.02,154.21,0.0319,1,0.5606,63.59,0.8348,1,1.0,88.48,0.6863,1,1.0,62.97,0.6831,fast
data\test\Apple__Healthy\Screen Shot 2018-06-08 at 5.02.38 PM.png,Apple__Healthy,light,410,358,155.34,21.27,205.57,0.0098,1,0.9132,48.33,0.8399,1,0.9982,158.76,0.6629,1,0.9979,103.56,0.6696,fast
data\test\Banana__Healthy\freshBanana (141).jpg,Banana__Healthy,light,1140,1358,134.14,33.83,162.91,0.0073,1,0.9938,73.17,0.8316,1,1.0,121.57,0.6753,1,0.9995,124.75,0.6625,fast
data\test\Orange__Rotten\Screen Shot 2018-06-12 at 11.46.56 PM.png,Orange__Rotten,heavy,444,418,273.71,59.9,188.09,0.0295,1,0.9813,2859.98,0.156,1,1.0,1023.29,0.3744,1,1.0,1228.87,0.294,balanced
data\test\Banana__Rotten\rotated_by_15_Screen Shot 2018-06-12 at 9.20.52 PM.png,Banana__Rotten,light,248,366,102.47,407.38,133.48,0.0272,1,0.8037,61.63,0.8355,1,1.0,158.38,0.663,1,0.9988,45.58,0.6889,fast
data\test\Apple__Healthy\freshApple (664).png,Apple__Healthy,light,320,258,121.98,1080.14,142.14,0.0844,1,0.9154,64.18,0.8346,1,0.9997,125.32,0.674,1,0.9998,59.73,0.6842,fast
data\test\Strawberry__Rotten\475.jpg,Strawberry__Rotten,heavy,224,224,3.46,87.46,142.37,0.0115,1,0.9076,586.39,0.6603,1,1.0,1194.97,0.3171,1,0.9997,997.25,0.3713,fast
data\test\Orange__Healthy\translation_Screen Shot 2018-06-12 at 11.58.56 PM.png,Orange__Healthy,light,378,342,115.39,587.34,155.41,0.0206,1,0.9965,70.68,0.8324,1,1.0,126.03,0.6738,1,1.0,271.35,0.6136,fast
data\test\Banana__Rotten\vertical_flip_Screen Shot 2018-06-12 at 8.56.21 PM.png,Banana__Rotten,light,452,410,141.61,135.74,191.05,0.0255,1,0.9994,20.63,0.8491,1,1.0,54.8,0.6976,1,0.9999,119.46,0.6643,fast
data\test\Grape__Healthy\FreshGrape (7).jpg,Grape__Healthy,heavy,824,574,43.01,4.99,159.48,0.0014,1,0.8202,683.81,0.6278,1,1.0,1148.78,0.3325,1,0.998,889.97,0.4071,fast
data\test\Strawberry__Healthy\905.jpg,Strawberry__Healthy,light,224,224,6.3,132.83,120.91,0.0208,1,0.6157,24.8,0.8477,1,0.9997,44.21,0.7011,1,0.9999,215.44,0.6322,fast
data\test\Tomato__Rotten\rottenTomato (403).jpg,Tomato__Rotten,heavy,224,224,3.46,32.8,134.82,0.0131,1,0.8878,647.3,0.64,1,1.0,1086.41,0.3533,1,1.0,847.74,0.4212,fast
data\test\Apple__Healthy\rotated_by_45_Screen Shot 2018-06-08 at 5.09.31 PM.png,Apple__Healthy,heavy,202,208,49.29,951.78,133.72,0.0361,1,0.9463,646.79,0.6402,1,1.0,2887.92,0.0159,1,0.9996,1228.87,0.294,fast
data\test\Strawberry__Healthy\997.jpg,Strawberry__Healthy,heavy,224,224,7.26,215.54,107.78,0.0408,1,0.6915,638.88,0.6428,1,0.9999,1086.41,0.3533,1,0.9979,1251.81,0.2864,fast
data\test\Orange__Healthy\rotated_by_15_Screen Shot 2018-06-12 at 11.53.53 PM.png,Orange__Healthy,burst,368,344,131.9,406.94,166.63,0.0155,1,0.9849,1355.17,0.4038,1,1.0,925.17,0.4071,1,1.0,1650.47,0.1533,balanced
data\test\Orange__Rotten\rottenOrange (187).jpg,Orange__Rotten,burst,2474,2324,762.52,22.08,153.97,0.0001,0,0.3774,782.75,-0.4052,1,0.9998,276.08,0.6237,1,0.9999,2261.12,0.0041,balanced
data\test\Orange__Rotten\rottenOrange (263).jpg,Orange__Rotten,light,224,224,10.27,562.76,136.64,0.1213,1,0.93,33.95,0.8447,1,1.0,91.6,0.6853,1,1.0,71.11,0.6804,fast
data\test\Banana__Rotten\translation_Screen Shot 2018-06-12 at 9.16.57 PM.png,Banana__Rotten,burst,264,366,75.46,817.33,172.56,0.0365,1,0.9985,1257.64,0.4363,1,1.0,2017.11,0.0427,1,1.0,1356.21,0.2515,fast
data\test\Cucumber__Healthy\freshCucumber (494).jpg,Cucumber__Healthy,burst,100,100,3.21,933.71,134.96,0.1611,1,0.9561,1254.06,0.4375,1,0.9895,2017.38,0.0426,1,0.9972,2262.16,0.0041,fast
data\test\Tomato__Healthy\freshTomato (42).jpg,Tomato__Healthy,heavy,224,224,9.99,450.26,116.28,0.0891,0,0.3915,704.6,-0.3791,1,0.9998,828.6,0.4393,1,0.9992,1068.79,0.3474,balanced
data\test\Tomato__Healthy\freshTomato (199).jpg,Tomato__Healthy,light,224,224,4.95,193.44,122.59,0.0223,0,0.4116,31.88,-0.1546,1,0.9995,109.43,0.6793,1,1.0,65.74,0.6822,heavy
data\test\Bellpepper__Rotten\rottenPepper (574).jpg,Bellpepper__Rotten,burst,225,225,9.21,745.47,96.75,0.1606,1,0.842,999.18,0.5226,0,0.7439,10008.68,-0.9841,0,0.4788,1633.38,-0.841,fast
data\test\Tomato__Healthy\freshTomato (144).png,Tomato__Healthy,heavy,480,322,171.06,328.88,93.76,0.0483,1,0.9927,638.23,0.643,1,0.9999,1156.5,0.3299,1,0.9999,1110.37,0.3336,fast
data\test\Grape__Rotten\RottenGrape (136).jpg,Grape__Rotten,light,712,702,66.84,12.16,141.75,0.0049,1,0.53,27.19,0.8469,1,1.0,124.71,0.6742,1,1.0,149.43,0.6543,fast
data\test\Apple__Rotten\rottenApple (102).jpg,Apple__Rotten,light,2490,2520,589.67,9.71,166.8,0.0002,1,0.5783,30.21,0.8459,1,0.7814,155.63,0.6639,1,0.9007,58.83,0.6845,fast
data\test\Tomato__Healthy\freshTomato (120).png,Tomato__Healthy,heavy,480,322,206.57,631.35,154.52,0.0726,1,0.9961,709.82,0.6191,1,1.0,1199.59,0.3155,1,1.0,1251.3,0.2865,fast
data\test\Strawberry__Healthy\freshStrawberry (195).jpg,Strawberry__Healthy,light,1901,2495,721.24,82.94,151.68,0.0147,1,0.9869,19.2,0.8496,1,0.9998,167.9,0.6598,1,0.9974,134.36,0.6593,fast
data\test\Potato__Healthy\freshPotato (267).jpg,Potato__Healthy,burst,100,100,4.63,1686.44,180.67,0.0543,1,0.9417,1015.56,0.5171,1,1.0,1821.15,0.1081,1,0.9998,7134.17,0.0041,fast
data\test\Apple__Rotten\vertical_flip_Screen Shot 2018-06-07 at 2.56.57 PM.png,Apple__Rotten,burst,440,356,104.7,8.47,215.82,0.0047,1,0.7358,1014.52,0.5174,1,0.9949,1768.04,0.1258,1,0.9992,1134.07,0.3257,fast
data\test\Banana__Rotten\rotated_by_75_Screen Shot 2018-06-12 at 9.16.47 PM.png,Banana__Rotten,light,210,294,42.31,485.74,121.74,0.022,1,0.9943,39.88,0.8427,1,1.0,38.93,0.7029,1,1.0,42.14,0.6901,fast
data\test\Apple__Rotten\Screen Shot 2018-06-07 at 2.58.17 PM.png,Apple__Rotten,light,342,316,114.67,36.62,207.92,0.0143,1,0.8895,44.85,0.8411,1,1.0,36.97,0.7035,1,1.0,109.69,0.6675,fast
data\test\Mango__Healthy\837.jpg,Mango__Healthy,light,224,224,5.55,44.37,106.65,0.0072,1,0.9567,92.13,0.8253,1,1.0,30.18,0.7058,1,0.9999,73.26,0.6797,fast
data\test\Carrot__Healthy\freshCarrot (51).jpg,Carrot__Healthy,light,224,224,14.59,390.24,110.05,0.067,1,0.9777,14.92,0.851,1,1.0,35.49,0.704,1,1.0,96.1,0.6721,fast
data\test\Banana__Rotten\vertical_flip_Screen Shot 2018-06-12 at 8.55.28 PM.png,Banana__Rotten,burst,382,280,75.96,84.3,206.74,0.0265,1,0.9691,1252.88,0.4379,1,1.0,999.87,0.3822,1,0.9998,1702.69,0.1359,fast
data\test\Carrot__Rotten\rottenCarrot (264).jpg,Carrot__Rotten,light,100,100,2.48,260.32,237.46,0.0378,1,0.5717,61.18,0.8356,1,0.9999,245.23,0.634,1,0.9986,185.44,0.6422,fast
data\test\Orange__Healthy\Screen Shot 2018-06-12 at 11.59.33 PM.png,Orange__Healthy,heavy,188,202,45.85,13.2,207.96,0.0115,1,0.9412,474.63,0.6976,1,1.0,1185.28,0.3203,1,0.9998,1049.17,0.354,fast
data\test\Potato__Rotten\rottenPotato (27).jpg,Potato__Rotten,light,275,183,7.7,1752.07,97.95,0.1106,1,0.4383,97.92,0.8233,1,0.9943,61.08,0.6955,1,0.9935,103.11,0.6697,fast
data\test\Banana__Rotten\rotated_by_15_Screen Shot 2018-06-12 at 8.55.21 PM.png,Banana__Rotten,light,626,406,360.0,84.05,105.63,0.0663,1,0.9489,112.34,0.8185,1,0.9764,93.32,0.6847,1,0.5412,215.44,0.6322,fast
data\test\Apple__Healthy\freshApple (681).png,Apple__Healthy,heavy,320,258,117.07,1216.59,159.89,0.1033,0,0.7732,646.79,-0.3598,1,0.9983,202.09,0.6484,1,0.9954,2377.16,0.0041,balanced
data\test\Apple__Healthy\freshApple (782).png,Apple__Healthy,light,320,258,99.29,1013.7,132.54,0.0531,1,0.8653,23.29,0.8483,1,0.9929,102.1,0.6818,1,0.9986,138.94,0.6578,fast
data\test\Apple__Healthy\freshApple (449).png,Apple__Healthy,heavy,480,322,207.81,323.39,121.79,0.0567,1,0.7863,647.72,0.6399,1,0.9609,1109.14,0.3457,1,0.9998,835.92,0.4252,fast
data\test\Mango__Rotten\391.jpg,Mango__Rotten,heavy,224,224,3.92,51.39,137.78,0.0235,1,0.9959,698.55,0.6229,1,0.9986,1045.97,0.3668,1,0.9998,1106.66,0.3348,fast
data\test\Apple__Rotten\rotated_by_75_Screen Shot 2018-06-07 at 2.19.15 PM.png,Apple__Rotten,light,484,478,223.02,323.2,131.99,0.0154,1,0.908,31.15,0.8456,1,1.0,77.27,0.6901,1,1.0,50.32,0.6873,fast
data\test\Apple__Healthy\Screen Shot 2018-06-08 at 5.33.11 PM.png,Apple__Healthy,heavy,344,338,186.42,58.51,157.04,0.0191,1,0.9856,408.59,0.7197,1,1.0,1180.37,0.3219,1,0.9999,1000.47,0.3702,fast
data\test\Strawberry__Rotten\365.jpg,Strawberry__Rotten,heavy,224,224,3.57,106.45,139.7,0.0172,1,0.9455,518.83,0.6829,1,1.0,817.7,0.443,1,1.0,582.41,0.5098,fast
data\test\Banana__Healthy\rotated_by_45_Screen Shot 2018-06-12 at 9.47.59 PM.png,Banana__Healthy,light,592,392,86.67,407.68,184.92,0.009,1,0.9921,58.36,0.8365,1,1.0,140.23,0.6691,1,1.0,29.63,0.6942,fast
data\test\Banana__Rotten\rotated_by_75_Screen Shot 2018-06-12 at 8.58.49 PM.png,Banana__Rotten,burst,374,292,85.87,436.94,151.65,0.0256,1,0.9249,1352.66,0.4046,1,1.0,991.19,0.3851,1,1.0,2098.8,0.0041,fast
data\test\Mango__Healthy\freshMango (336).jpg,Mango__Healthy,light,224,224,3.51,85.46,141.12,0.012,1,0.886,125.85,0.814,1,1.0,38.34,0.7031,1,1.0,79.46,0.6776,fast
data\test\Mango__Healthy\600.jpg,Mango__Healthy,burst,224,224,9.77,415.72,128.1,0.0752,0,0.3603,1251.87,-0.5618,1,1.0,1365.89,0.26,1,1.0,990.11,0.3737,heavy
data\test\Pomegranate__Rotten\RottenPomegranate (189).jpg,Pomegranate__Rotten,light,4160,3120,2155.53,11.78,186.03,0.0017,1,0.523,78.98,0.8297,1,0.997,155.63,0.6639,1,0.9988,143.92,0.6561,fast
data\test\Mango__Rotten\alternaria_062.jpg,Mango__Rotten,light,224,224,8.67,1794.79,157.56,0.054,1,0.8351,32.39,0.8452,1,0.9101,176.52,0.657,1,0.6782,205.48,0.6356,fast
data\test\Cucumber__Healthy\freshCucumber (412).jpg,Cucumber__Healthy,heavy,224,224,17.29,572.92,106.79,0.1245,1,0.9582,633.44,0.6446,1,0.9998,1436.11,0.2366,1,0.9994,1112.0,0.333,fast
data\test\Orange__Rotten\Screen Shot 2018-06-12 at 11.30.35 PM.png,Orange__Rotten,light,264,272,120.32,68.21,174.03,0.0252,1,0.9859,28.81,0.8464,1,0.9997,116.82,0.6769,1,1.0,50.57,0.6873,fast
data\test\Orange__Healthy\rotated_by_45_Screen Shot 2018-06-13 at 12.14.53 AM.png,Orange__Healthy,light,180,152,33.15,205.85,134.33,0.0306,1,0.9014,34.11,0.8446,1,1.0,45.8,0.7006,1,0.9994,255.02,0.619,fast
data\test\Mango__Healthy\310.jpg,Mango__Healthy,heavy,224,224,2.91,13.41,146.99,0.0065,1,0.9193,623.91,0.6478,1,1.0,851.55,0.4317,1,1.0,1278.53,0.2774,fast
data\test\Orange__Rotten\rotated_by_75_Screen Shot 2018-06-12 at 11.43.31 PM.png,Orange__Rotten,heavy,324,318,113.42,420.6,175.43,0.0124,1,0.9993,732.66,0.6115,1,1.0,857.64,0.4296,1,1.0,847.23,0.4214,fast
data\test\Apple__Healthy\rotated_by_75_Screen Shot 2018-06-08 at 5.03.47 PM.png,Apple__Healthy,light,370,350,122.37,419.42,176.42,0.0153,1,0.9886,42.85,0.8417,1,0.9998,87.66,0.6866,1,1.0,86.76,0.6752,fast
data\test\Mango__Rotten\200.jpg,Mango__Rotten,heavy,224,224,3.88,216.24,143.56,0.0277,1,0.7836,662.49,0.6349,1,1.0,1076.47,0.3566,1,1.0,923.55,0.3959,fast
data\test\Grape__Healthy\FreshGrape (83).jpg,Grape__Healthy,light,756,868,85.28,23.43,157.5,0.008,1,0.8785,68.99,0.833,1,1.0,86.52,0.687,1,1.0,31.71,0.6935,fast
data\test\Orange__Healthy\rotated_by_15_Screen Shot 2018-06-12 at 11.56.16 PM.png,Orange__Healthy,light,328,326,97.13,409.38,162.84,0.0196,1,0.9911,71.5,0.8322,1,1.0,62.64,0.695,1,1.0,163.58,0.6495,fast
data\test\Strawberry__Rotten\rottenStrawberry (272).jpg,Strawberry__Rotten,light,224,224,10.67,522.15,110.35,0.1149,1,0.9945,117.7,0.8167,1,1.0,140.28,0.6691,1,1.0,34.98,0.6925,fast
data\test\Apple__Healthy\freshApple (777).png,Apple__Healthy,light,320,258,116.18,1957.01,111.73,0.0785,1,0.4696,27.32,0.8469,1,0.9988,53.58,0.698,1,0.9767,162.97,0.6497,fast
data\test\Banana__Rotten\rottenBanana (124).jpg,Banana__Rotten,light,2748,2113,742.4,35.42,183.32,0.0024,1,0.8737,61.63,0.8355,1,1.0,108.95,0.6795,1,0.9995,82.09,0.6767,fast
data\test\Mango__Rotten\aspergillus_058.jpg,Mango__Rotten,heavy,224,224,6.11,274.35,127.33,0.0306,1,0.3442,195.26,0.7909,1,0.9939,1132.51,0.3379,1,0.9998,994.83,0.3721,fast
data\test\Potato__Rotten\rottenPotato (414).jpg,Potato__Rotten,heavy,266,190,14.26,4388.75,131.62,0.3018,1,0.831,814.29,0.5843,1,0.9998,1138.84,0.3358,1,0.9685,1106.66,0.3348,fast
data\test\Pomegranate__Rotten\RottenPomegranate (176).jpg,Pomegranate__Rotten,burst,3205,3000,705.9,3.78,171.16,0.0,1,0.5462,969.67,0.5324,1,0.9998,1430.78,0.2384,1,0.9987,637.79,0.4913,fast
data\test\Banana__Rotten\saltandpepper_Screen Shot 2018-06-12 at 9.16.47 PM.png,Banana__Rotten,light,210,294,49.07,3555.85,185.98,0.0427,1,0.9352,29.61,0.8461,1,1.0,173.78,0.6579,1,1.0,93.76,0.6728,fast
data\test\Tomato__Rotten\rottenTomato (24).jpg,Tomato__Rotten,light,221,228,6.23,1077.04,219.14,0.0906,0,0.4877,32.9,-0.155,1,0.9742,81.78,0.6886,1,0.9997,136.01,0.6587,balanced
data\test\Strawberry__Healthy\242.jpg,Strawberry__Healthy,light,224,224,6.19,152.15,84.31,0.0108,1,0.9871,44.01,0.8413,1,1.0,46.73,0.7003,1,0.9999,213.9,0.6327,fast
data\test\Potato__Rotten\rottenPotato (139).jpg,Potato__Rotten,heavy,256,197,7.33,1391.23,128.37,0.1003,1,0.4497,675.18,0.6307,1,0.9977,1201.53,0.3149,1,0.9716,1099.62,0.3372,fast
data\test\Orange__Rotten\saltandpepper_Screen Shot 2018-06-12 at 11.28.21 PM.png,Orange__Rotten,light,396,342,118.53,3174.49,217.86,0.0318,0,0.6133,20.63,-0.1509,1,0.8684,190.38,0.6523,1,0.9927,124.34,0.6626,heavy
data\test\Grape__Healthy\FreshGrape (107).jpg,Grape__Healthy,heavy,884,630,83.09,102.52,133.81,0.0164,1,0.718,647.16,0.64,1,0.9996,1301.49,0.2815,1,0.9998,837.15,0.4247,fast
data\test\Strawberry__Healthy\332.jpg,Strawberry__Healthy,light,224,224,3.01,51.83,143.35,0.0089,1,0.9617,92.24,0.8252,1,1.0,60.39,0.6957,1,0.9865,107.17,0.6684,fast
data\test\Banana__Rotten\translation_Screen Shot 2018-06-12 at 9.28.04 PM.png,Banana__Rotten,heavy,566,374,178.1,590.06,159.9,0.0267,1,0.9732,739.84,0.6091,1,0.9987,1201.53,0.3149,1,0.9994,1048.1,0.3543,fast
data\test\Apple__Rotten\rotated_by_45_Screen Shot 2018-06-07 at 3.04.04 PM.png,Apple__Rotten,light,330,306,102.95,594.02,148.33,0.0225,1,0.9529,45.91,0.8407,1,1.0,43.73,0.7013,1,1.0,194.93,0.6391,fast
data\test\Banana__Healthy\Banana__Healthy_augmented_91.jpg,Banana__Healthy,heavy,224,224,5.3,389.84,179.3,0.0278,1,0.9972,505.34,0.6874,1,1.0,1037.3,0.3697,1,1.0,996.18,0.3717,fast
data\test\Cucumber__Healthy\freshCucumber (71).jpg,Cucumber__Healthy,heavy,848,480,7.37,20.77,161.36,0.0065,1,0.9927,1049.48,0.5058,1,0.9999,1151.38,0.3316,1,0.9991,313.12,0.5996,heavy
data\test\Mango__Rotten\rottenMango (19).jpg,Mango__Rotten,heavy,224,224,4.2,72.01,135.2,0.028,1,0.9925,740.26,0.609,1,0.9653,1023.29,0.3744,1,0.9982,1003.91,0.3691,fast
data\test\Carrot__Healthy\freshCarrot (171).jpg,Carrot__Healthy,heavy,224,224,14.22,287.44,89.91,0.0686,1,0.9847,740.87,0.6088,1,1.0,1091.32,0.3517,1,1.0,1112.74,0.3328,fast
data\test\Banana__Rotten\rottenBanana (216).jpg,Banana__Rotten,heavy,518,318,166.04,83.63,48.47,0.025,1,0.9946,699.68,0.6225,1,1.0,857.64,0.4296,1,1.0,998.91,0.3708,fast
data\test\Orange__Rotten\rotated_by_30_Screen Shot 2018-06-12 at 11.46.04 PM.png,Orange__Rotten,burst,144,122,24.01,1444.3,121.41,0.0523,0,0.6659,445.26,-0.2926,1,0.9982,1201.72,0.3148,1,1.0,1728.38,0.1273,balanced
data\test\Mango__Rotten\alternaria_058.jpg,Mango__Rotten,light,224,224,6.29,300.7,128.93,0.0461,1,0.957,58.85,0.8364,1,1.0,24.56,0.7077,1,0.9999,168.75,0.6478,fast
data\test\Mango__Healthy\282.jpg,Mango__Healthy,heavy,224,224,3.43,108.48,133.63,0.0144,1,0.9201,656.06,0.6371,1,1.0,1361.81,0.2614,1,1.0,994.33,0.3723,fast
data\test\Banana__Healthy\Banana__Healthy_augmented_352.jpg,Banana__Healthy,light,224,224,5.82,405.61,174.51,0.0388,1,0.9969,73.04,0.8316,1,1.0,24.03,0.7078,1,1.0,58.04,0.6848,fast
data\test\Banana__Healthy\freshBanana (38).jpg,Banana__Healthy,burst,1593,978,113.56,9.32,163.07,0.0031,1,0.8051,1696.78,0.2898,1,1.0,1243.19,0.301,1,0.9999,488.2,0.5412,heavy
data\test\Strawberry__Healthy\412.jpg,Strawberry__Healthy,light,224,224,3.02,27.94,137.64,0.0086,1,0.8763,29.62,0.8461,1,1.0,16.18,0.7105,1,1.0,122.22,0.6633,fast
data\test\Cucumber__Healthy\freshCucumber (356).jpg,Cucumber__Healthy,light,224,224,51.95,290.83,79.59,0.1332,1,0.5358,31.58,0.8455,1,1.0,122.08,0.6751,1,0.9999,37.9,0.6915,fast
data\test\Orange__Healthy\rotated_by_15_Screen Shot 2018-06-13 at 12.06.43 AM.png,Orange__Healthy,light,364,286,89.02,374.39,166.31,0.0111,1,0.8253,68.49,0.8332,1,1.0,169.69,0.6592,1,1.0,76.33,0.6787,fast
data\test\Mango__Rotten\rottenMango (163).jpg,Mango__Rotten,light,224,224,9.77,356.38,109.1,0.0682,1,0.99,72.99,0.8317,1,1.0,58.42,0.6964,1,1.0,126.01,0.6621,fast
data\test\Apple__Rotten\rotated_by_60_Screen Shot 2018-06-07 at 2.23.02 PM.png,Apple__Rotten,heavy,238,254,61.14,752.53,150.89,0.0256,1,0.9843,441.57,0.7087,1,0.9994,1079.16,0.3557,1,0.9969,1200.94,0.3033,fast
data\test\Guava__Healthy\FreshGuava (58).jpg,Guava__Healthy,burst,1200,1455,190.7,16.48,124.92,0.0057,1,0.9905,133.64,0.8114,1,1.0,2017.11,0.0427,1,1.0,1616.18,0.1648,fast
data\test\Strawberry__Healthy\523.jpg,Strawberry__Healthy,light,224,224,3.7,96.15,136.78,0.0146,1,0.809,12.94,0.8517,1,1.0,84.35,0.6877,1,0.9992,128.44,0.6613,fast
data\test\Potato__Rotten\rottenPotato (178).jpg,Potato__Rotten,heavy,100,100,1.93,263.49,130.33,0.0728,0,0.3854,627.2,-0.3533,1,0.9821,966.77,0.3932,1,0.9325,1033.07,0.3594,balanced
data\test\Orange__Healthy\rotated_by_60_Screen Shot 2018-06-13 at 12.16.08 AM.png,Orange__Healthy,light,326,316,95.9,418.0,152.08,0.0146,1,0.9718,65.88,0.834,1,0.9999,116.4,0.677,1,0.9999,169.23,0.6477,fast
data\test\Banana__Healthy\Banana__Healthy_augmented_299.jpg,Banana__Healthy,heavy,224,224,4.65,278.24,180.92,0.0229,1,0.788,458.25,0.7031,1,1.0,1185.78,0.3201,1,0.9999,1048.56,0.3542,fast
data\test\Orange__Rotten\rotated_by_30_Screen Shot 2018-06-12 at 11.35.51 PM.png,Orange__Rotten,light,458,424,176.26,427.42,158.73,0.0173,1,0.9639,20.67,0.8491,1,0.9998,24.45,0.7077,1,0.9978,65.7,0.6822,fast
data\test\Mango__Healthy\healthy_171.jpg,Mango__Healthy,heavy,224,224,6.67,91.48,147.67,0.0244,0,0.6564,627.73,-0.3535,1,0.9997,1080.28,0.3553,1,0.9947,1112.74,0.3328,balanced
data\test\Mango__Rotten\300.jpg,Mango__Rotten,heavy,224,224,3.61,27.29,145.55,0.0151,1,0.9737,636.17,0.6437,1,1.0,1228.01,0.306,1,0.9997,1228.87,0.294,fast
data\test\Tomato__Healthy\freshTomato (178).jpg,Tomato__Healthy,light,224,224,5.14,492.28,77.05,0.025,0,0.4554,43.5,-0.1585,1,0.9999,119.32,0.676,1,1.0,202.67,0.6365,balanced
data\test\Apple__Healthy\rotated_by_30_Screen Shot 2018-06-08 at 5.21.35 PM.png,Apple__Healthy,light,326,388,104.98,530.08,131.05,0.0208,1,0.9775,15.2,0.8509,1,1.0,30.11,0.7058,1,1.0,120.99,0.6638,fast
data\test\Guava__Healthy\FreshGuava (35).jpg,Guava__Healthy,heavy,1138,1495,217.49,36.58,142.7,0.0113,1,0.9448,407.53,0.72,1,1.0,1320.8,0.2751,1,1.0,1048.1,0.3543,fast
data\test\Pomegranate__Rotten\RottenPomegranate (64).jpg,Pomegranate__Rotten,light,577,433,38.52,210.61,218.23,0.0152,1,0.4671,77.74,0.8301,1,0.9999,35.5,0.704,1,0.9936,164.98,0.6491,fast
data\test\Orange__Healthy\vertical_flip_Screen Shot 2018-06-12 at 11.51.47 PM.png,Orange__Healthy,light,436,356,133.54,31.74,193.92,0.0117,1,0.991,18.39,0.8499,1,1.0,82.92,0.6882,1,1.0,164.98,0.6491,fast
data\test\Apple__Healthy\vertical_flip_Screen Shot 2018-06-08 at 5.27.27 PM.png,Apple__Healthy,light,376,384,146.27,40.27,200.21,0.015,1,0.9665,427.32,0.7134,1,0.9999,93.19,0.6848,1,0.9997,76.56,0.6786,fast
data\test\Strawberry__Healthy\579.jpg,Strawberry__Healthy,heavy,224,224,9.2,320.73,110.11,0.039,1,0.8891,699.74,0.6225,1,1.0,1050.77,0.3652,1,1.0,1029.31,0.3606,fast
data\test\Mango__Healthy\freshMango (369).jpg,Mango__Healthy,light,224,224,3.43,17.52,141.07,0.0047,1,0.8334,21.33,0.8489,1,0.9176,253.65,0.6312,1,0.9981,99.1,0.6711,fast
data\test\Strawberry__Healthy\freshStrawberry (546).jpg,Strawberry__Healthy,heavy,224,224,8.41,166.58,111.24,0.0116,1,0.5544,632.93,0.6448,1,0.9998,1131.47,0.3383,1,0.9994,1218.59,0.2975,fast
data\test\Strawberry__Healthy\906.jpg,Strawberry__Healthy,light,224,224,6.46,125.4,116.26,0.0269,1,0.753,20.63,0.8491,1,1.0,102.1,0.6818,1,0.9999,54.14,0.6861,fast
data\test\Carrot__Healthy\freshCarrot (56).jpg,Carrot__Healthy,light,224,224,14.3,297.11,99.48,0.058,1,0.9647,24.61,0.8478,1,1.0,120.38,0.6757,1,1.0,137.27,0.6583,fast
data\test\Mango__Healthy\985.jpg,Mango__Healthy,heavy,224,224,6.3,81.95,110.75,0.0157,1,0.7024,621.75,0.6485,1,1.0,1023.29,0.3744,1,0.9997,1239.04,0.2906,fast
data\test\Apple__Healthy\rotated_by_45_Screen Shot 2018-06-08 at 5.06.23 PM.png,Apple__Healthy,light,194,156,27.47,988.26,173.39,0.0221,1,0.9612,15.24,0.8509,1,1.0,25.13,0.7075,1,0.9999,139.01,0.6577,fast
data\test\Strawberry__Rotten\406.jpg,Strawberry__Rotten,burst,224,224,2.95,83.62,148.65,0.007,1,0.9518,404.0,0.7212,1,1.0,2553.51,0.0159,1,1.0,738.96,0.4575,fast
data\test\Orange__Healthy\freshOrange (231).jpg,Orange__Healthy,light,224,224,9.35,268.17,117.43,0.1004,0,0.8944,91.7,-0.1746,1,0.9997,125.22,0.6741,1,0.992,112.41,0.6666,balanced
data\test\Orange__Rotten\rottenOrange (143).jpg,Orange__Rotten,light,2201,2213,716.95,47.22,125.89,0.0036,1,0.7822,24.8,0.8477,1,1.0,35.5,0.704,1,1.0,215.44,0.6322,fast
data\test\Apple__Rotten\translation_Screen Shot 2018-06-08 at 2.44.54 PM.png,Apple__Rotten,light,406,350,143.95,698.69,144.72,0.0346,1,0.9339,16.96,0.8504,1,0.9998,119.4,0.676,1,1.0,80.53,0.6773,fast
data\test\Tomato__Rotten\rottenTomato (228).jpg,Tomato__Rotten,burst,224,224,4.42,47.82,101.47,0.0145,0,0.7071,1569.57,-0.6678,1,0.9967,1759.97,0.1285,1,0.9998,2064.59,0.0151,balanced
data\test\Strawberry__Healthy\389.jpg,Strawberry__Healthy,burst,224,224,2.96,30.68,145.9,0.0106,1,0.9203,343.35,0.7414,1,0.9999,1819.27,0.1087,1,0.9996,3159.07,0.0041,fast
data\test\Tomato__Rotten\rottenTomato (143).jpg,Tomato__Rotten,light,179,175,57.55,364.41,207.54,0.0929,1,0.445,44.39,0.8412,1,0.9996,47.38,0.7001,1,0.9951,108.15,0.668,fast
data\test\Cucumber__Healthy\freshCucumber (336).jpg,Cucumber__Healthy,light,224,224,16.97,543.33,96.6,0.1588,0,0.551,72.02,-0.168,1,0.9948,154.73,0.6642,1,0.9977,65.7,0.6822,heavy
data\test\Apple__Rotten\rotated_by_75_Screen Shot 2018-06-08 at 2.32.10 PM.png,Apple__Rotten,heavy,374,408,132.69,381.83,184.76,0.0146,1,0.7057,647.3,0.64,1,0.9999,1036.78,0.3699,1,0.9984,1040.37,0.3569,fast
data\test\Orange__Healthy\freshOrange (49).png,Orange__Healthy,burst,320,258,119.17,2110.61,125.93,0.0842,1,0.9625,1411.75,0.3849,1,0.9996,2553.52,0.0159,1,1.0,2652.06,0.0041,fast
data\test\Strawberry__Healthy\825.jpg,Strawberry__Healthy,light,224,224,6.09,95.04,125.82,0.0186,1,0.6268,47.04,0.8403,1,0.9996,26.32,0.7071,1,1.0,180.28,0.644,fast
data\test\Mango__Rotten\anthracnose_007.jpg,Mango__Rotten,light,224,224,9.85,539.63,152.51,0.1355,1,0.9211,31.51,0.8455,1,0.9905,132.53,0.6716,1,0.9998,78.58,0.6779,fast
data\test\Strawberry__Rotten\60.jpg,Strawberry__Rotten,light,224,224,3.38,69.77,130.47,0.0136,1,0.9801,85.88,0.8274,1,1.0,80.32,0.6891,1,1.0,85.37,0.6756,fast
data\test\Orange__Rotten\rottenOrange (330).jpg,Orange__Rotten,heavy,224,224,11.62,994.45,133.5,0.1727,1,0.9487,521.07,0.6821,1,1.0,1086.41,0.3533,1,1.0,1057.35,0.3513,fast
data\test\Banana__Rotten\rotated_by_75_Screen Shot 2018-06-12 at 8.49.52 PM.png,Banana__Rotten,heavy,628,374,112.96,277.22,121.19,0.0128,1,0.9784,473.59,0.698,1,1.0,1301.49,0.2815,1,1.0,1106.14,0.335,fast
data\test\Tomato__Rotten\rottenTomato (1).jpg,Tomato__Rotten,heavy,224,224,8.72,258.39,113.46,0.0599,0,0.5113,442.09,-0.2915,1,1.0,1032.23,0.3714,1,1.0,923.42,0.396,heavy
data\test\Tomato__Rotten\rottenTomato (111).jpg,Tomato__Rotten,light,99,111,22.5,680.17,187.49,0.1139,1,0.742,43.33,0.8416,1,1.0,69.88,0.6925,1,0.9996,91.23,0.6737,fast
data\test\Bellpepper__Healthy\freshPepper (256).jpg,Bellpepper__Healthy,burst,224,224,15.12,500.17,88.34,0.0771,1,0.9906,189.56,0.7928,1,0.9996,311.27,0.612,1,0.9997,832.85,0.4262,fast
data\test\Strawberry__Healthy\117.jpg,Strawberry__Healthy,burst,224,224,6.35,233.87,81.09,0.0222,1,0.9747,1458.71,0.3692,1,1.0,2022.07,0.041,1,1.0,12678.91,0.0041,fast
data\test\Banana__Healthy\rotated_by_30_Screen Shot 2018-06-12 at 9.41.38 PM.png,Banana__Healthy,light,418,232,60.21,337.18,144.81,0.0093,1,0.7121,77.95,0.83,1,0.9982,97.69,0.6833,1,0.9993,71.69,0.6802,fast
data\test\Mango__Rotten\lasio_085.jpg,Mango__Rotten,light,224,224,7.29,209.64,77.24,0.0432,1,0.9966,149.63,0.8061,1,1.0,119.46,0.676,1,1.0,116.62,0.6652,fast
data\test\Banana__Rotten\rotated_by_30_Screen Shot 2018-06-12 at 8.51.56 PM.png,Banana__Rotten,light,550,390,127.39,444.43,171.55,0.0358,1,0.9897,14.41,0.8512,1,1.0,98.75,0.6829,1,1.0,115.51,0.6656,fast
data\test\Orange__Healthy\freshOrange (280).jpg,Orange__Healthy,light,100,100,5.34,1293.87,132.53,0.0378,1,0.4982,32.12,0.8453,1,0.9926,22.98,0.7082,1,0.9961,107.77,0.6682,fast
data\test\Pomegranate__Rotten\RottenPomegranate (106).jpg,Pomegranate__Rotten,heavy,4160,3120,2697.69,20.76,156.27,0.0063,0,0.3954,627.68,-0.3535,1,0.9425,1091.32,0.3517,1,0.83,998.91,0.3708,heavy
data\test\Guava__Rotten\RottenGuava (95).jpg,Guava__Rotten,heavy,2588,2719,1022.99,47.78,163.61,0.0038,0,0.4242,582.92,-0.3385,1,0.9999,1067.04,0.3598,1,1.0,1048.86,0.3541,balanced
data\test\Apple__Healthy\freshApple (286).jpg,Apple__Healthy,heavy,100,100,4.95,1237.04,111.33,0.0664,1,0.5818,474.63,0.6976,1,0.9777,1185.17,0.3203,1,0.9986,1020.1,0.3637,fast
data\test\Banana__Healthy\freshBanana (419).jpg,Banana__Healthy,heavy,1300,866,174.92,240.07,154.25,0.0472,1,0.8566,661.87,0.6351,1,0.6373,1202.57,0.3145,1,0.7375,1048.86,0.3541,fast
data\test\Strawberry__Healthy\freshStrawberry (567).jpg,Strawberry__Healthy,light,224,224,8.35,192.02,121.74,0.027,1,0.9115,77.74,0.8301,1,1.0,139.66,0.6693,1,1.0,97.72,0.6715,fast
data\test\Banana__Healthy\rotated_by_30_Screen Shot 2018-06-12 at 9.44.55 PM.png,Banana__Healthy,heavy,490,328,79.73,453.36,194.82,0.0139,1,0.9956,726.72,0.6135,1,1.0,202.09,0.6484,1,0.9999,1069.83,0.3471,balanced
data\test\Mango__Healthy\779.jpg,Mango__Healthy,heavy,224,224,5.45,52.22,126.79,0.0154,1,0.9702,667.05,0.6334,1,1.0,1199.07,0.3157,1,0.9974,1216.92,0.298,fast
data\test\Banana__Rotten\Screen Shot 2018-06-12 at 9.13.28 PM.png,Banana__Rotten,heavy,424,334,104.49,145.42,202.6,0.0331,1,0.9974,639.5,0.6426,1,1.0,1199.59,0.3155,1,1.0,1251.81,0.2864,fast
data\test\Pomegranate__Rotten\RottenPomegranate (146).jpg,Pomegranate__Rotten,heavy,590,717,77.46,73.41,160.22,0.013,0,0.5959,638.88,-0.3572,0,0.8828,1109.14,-0.6543,1,0.6399,1106.66,0.3348,heavy
data\test\Potato__Healthy\freshPotato (82).jpg,Potato__Healthy,heavy,100,100,4.43,1668.37,178.94,0.0541,1,0.8781,621.75,0.6485,1,0.9998,1118.95,0.3424,1,0.9991,996.18,0.3717,fast
data\test\Guava__Healthy\FreshGuava (178).jpg,Guava__Healthy,heavy,1200,1600,80.79,27.9,135.78,0.0076,1,0.9786,560.83,0.6689,1,1.0,1255.02,0.297,1,1.0,1076.69,0.3448,fast
data\test\Bellpepper__Healthy\freshPepper (483).jpg,Bellpepper__Healthy,light,224,224,10.66,278.41,126.56,0.0528,1,0.9676,67.55,0.8335,1,0.9995,40.2,0.7025,1,0.9997,60.19,0.684,fast
data\test\Bellpepper__Rotten\rottenPepper (30).jpg,Bellpepper__Rotten,light,265,190,6.45,934.41,166.23,0.0815,1,0.5438,99.97,0.8227,1,1.0,40.0,0.7025,1,0.9997,190.31,0.6406,fast
data\test\Strawberry__Healthy\185.jpg,Strawberry__Healthy,light,224,224,5.93,135.2,89.93,0.0095,1,0.9944,81.17,0.8289,1,1.0,25.45,0.7074,1,1.0,153.91,0.6528,fast
data\test\Mango__Rotten\rottenMango (540).jpg,Mango__Rotten,heavy,224,224,3.0,16.58,141.23,0.0116,1,0.8776,634.51,0.6443,1,1.0,1322.89,0.2744,1,0.9998,1106.14,0.335,fast
data\test\Tomato__Healthy\freshTomato (190).jpg,Tomato__Healthy,light,224,224,5.32,487.15,77.23,0.0286,1,0.6287,38.05,0.8433,1,1.0,131.41,0.672,1,1.0,47.44,0.6883,fast
data\test\Mango__Healthy\freshMango (5).png,Mango__Healthy,heavy,320,258,106.98,1612.73,137.14,0.0677,1,0.5335,669.64,0.6325,1,0.7671,1254.46,0.2972,1,0.9623,923.42,0.396,fast
data\test\Orange__Rotten\rotated_by_30_Screen Shot 2018-06-12 at 11.28.33 PM.png,Orange__Rotten,heavy,318,290,86.02,615.65,141.95,0.0249,0,0.5954,663.0,-0.3652,1,0.9995,1131.29,0.3383,1,0.9999,1158.25,0.3176,balanced
data\test\Carrot__Rotten\rottenCarrot (203).jpg,Carrot__Rotten,heavy,259,194,11.3,1680.99,114.22,0.1932,1,0.7576,1053.07,0.5046,1,0.9911,1030.6,0.3719,1,0.9845,1004.66,0.3688,fast
data\test\Apple__Rotten\saltandpepper_Screen Shot 2018-06-07 at 2.35.10 PM.png,Apple__Rotten,burst,362,318,113.31,3170.14,206.15,0.0496,1,0.9597,960.17,0.5356,1,0.9998,1200.87,0.3151,1,0.9968,488.2,0.5412,heavy
data\test\Mango__Healthy\712.jpg,Mango__Healthy,light,224,224,5.42,47.52,115.97,0.0043,1,0.9549,121.6,0.8154,1,1.0,33.57,0.7047,1,0.9999,31.71,0.6935,fast
data\test\Strawberry__Healthy\297.jpg,Strawberry__Healthy,heavy,224,224,7.03,261.56,98.47,0.0331,1,0.68,643.68,0.6412,1,1.0,1097.71,0.3495,1,1.0,905.95,0.4018,fast
data\test\Orange__Healthy\vertical_flip_Screen Shot 2018-06-12 at 11.57.37 PM.png,Orange__Healthy,light,354,330,120.43,24.61,195.11,0.0151,1,0.8209,22.05,0.8487,1,1.0,116.4,0.677,1,0.9972,136.01,0.6587,fast
data\test\Apple__Rotten\rottenApple (109).jpg,Apple__Rotten,heavy,3085,2951,712.96,8.46,192.63,0.0,1,0.8432,195.79,0.7907,1,0.9999,1185.17,0.3203,1,0.9971,1058.9,0.3507,fast
data\test\Banana__Rotten\rotated_by_30_Screen Shot 2018-06-12 at 8.48.18 PM.png,Banana__Rotten,light,594,394,111.52,399.24,166.98,0.0148,1,0.9978,78.84,0.8297,1,1.0,21.72,0.7086,1,1.0,89.43,0.6743,fast
data\test\Strawberry__Rotten\rottenStrawberry (222).jpg,Strawberry__Rotten,light,224,224,11.57,784.77,110.41,0.1449,1,0.9903,36.62,0.8438,1,1.0,169.22,0.6594,1,0.9999,135.37,0.659,fast
data\test\Banana__Healthy\Banana__Healthy_augmented_139.jpg,Banana__Healthy,heavy,224,224,7.6,914.6,153.84,0.0643,1,0.9926,726.2,0.6137,1,1.0,1091.84,0.3515,1,0.9996,1158.64,0.3175,fast
data\test\Apple__Healthy\FreshApple (35).jpg,Apple__Healthy,burst,3120,4160,2795.33,25.3,170.36,0.0003,1,0.485,1170.79,0.4653,1,1.0,1586.76,0.1863,1,1.0,796.42,0.4383,fast
data\test\Cucumber__Rotten\rottenCucumber (505).jpg,Cucumber__Rotten,burst,177,284,6.25,1149.15,202.39,0.0793,1,0.6288,423.54,0.7147,1,0.9976,310.3,0.6123,1,0.9951,1925.08,0.0617,fast
data\test\Apple__Healthy\freshApple (541).png,Apple__Healthy,heavy,480,322,205.06,220.4,124.28,0.0499,1,0.9891,708.34,0.6196,1,0.9989,1254.46,0.2972,1,0.9879,1027.73,0.3611,fast
data\test\Strawberry__Healthy\freshStrawberry (248).jpg,Strawberry__Healthy,light,224,224,5.05,70.57,84.54,0.006,1,0.9863,102.37,0.8219,1,1.0,49.17,0.6995,1,1.0,71.45,0.6803,fast
data\test\Banana__Healthy\Banana__Healthy_augmented_224.jpg,Banana__Healthy,burst,224,224,5.1,300.59,186.93,0.0293,1,0.9876,1169.45,0.4657,1,1.0,1751.75,0.1313,1,1.0,2041.8,0.0227,fast
data\test\Cucumber__Rotten\rottenCucumber (27).jpg,Cucumber__Rotten,heavy,100,100,3.76,2456.91,189.74,0.0435,1,0.965,607.3,0.6533,1,1.0,1050.22,0.3654,1,1.0,1228.87,0.294,fast
data\test\Apple__Rotten\vertical_flip_Screen Shot 2018-06-08 at 2.31.23 PM.png,Apple__Rotten,burst,432,380,148.76,19.11,171.0,0.0074,1,0.5274,1253.95,0.4375,1,0.9998,2504.44,0.0159,1,0.9782,2447.19,0.0041,fast
data\test\Orange__Healthy\freshOrange (208).jpg,Orange__Healthy,heavy,224,224,8.31,188.91,117.29,0.0304,0,0.7142,684.17,-0.3723,1,0.9987,1162.82,0.3278,1,0.9999,1004.92,0.3688,heavy
data\test\Tomato__Rotten\rottenTomato (58).jpg,Tomato__Rotten,burst,267,189,6.88,2195.9,212.83,0.0967,0,0.5118,140.09,-0.1907,1,0.6902,1497.79,0.216,1,0.9403,2144.32,0.0041,balanced
data\test\Tomato__Healthy\freshTomato (58).png,Tomato__Healthy,light,480,322,204.28,404.38,151.11,0.0754,1,0.9999,8.98,0.853,1,1.0,114.37,0.6777,1,1.0,104.31,0.6693,fast
data\test\Strawberry__Rotten\rottenStrawberry (233).jpg,Strawberry__Rotten,light,224,224,11.01,653.6,117.82,0.1179,1,0.9972,108.75,0.8197,1,1.0,24.03,0.7078,1,1.0,234.02,0.626,fast
data\test\Banana__Rotten\rottenBanana (358).jpg,Banana__Rotten,light,224,224,5.54,207.02,106.87,0.0323,1,0.5083,78.57,0.8298,1,1.0,127.61,0.6733,1,1.0,83.75,0.6762,fast
data\test\Pomegranate__Rotten\RottenPomegranate (25).jpg,Pomegranate__Rotten,heavy,3081,2904,1081.11,28.81,188.38,0.0027,1,0.5268,756.15,0.6037,1,0.9967,1180.37,0.3219,1,0.9929,1111.51,0.3332,fast
data\test\Apple__Rotten\rottenApple (577).jpg,Apple__Rotten,light,100,100,8.81,5785.64,127.56,0.297,0,0.4999,78.18,-0.1701,1,0.7898,163.37,0.6613,1,0.5623,158.68,0.6512,balanced
data\test\Mango__Healthy\healthy_095.jpg,Mango__Healthy,light,224,224,6.95,168.54,102.82,0.0166,1,0.8606,115.92,0.8173,1,1.0,142.53,0.6683,1,0.9996,138.51,0.6579,fast
data\test\Grape__Rotten\RottenGrape (111).jpg,Grape__Rotten,light,716,666,80.0,68.28,131.64,0.0127,1,0.9039,72.74,0.8317,1,0.9953,54.8,0.6976,1,0.9999,211.33,0.6336,fast
data\test\Tomato__Rotten\rottenTomato (500).jpg,Tomato__Rotten,heavy,224,224,8.48,264.42,116.33,0.0366,1,0.4941,707.3,0.62,1,0.9999,1030.09,0.3721,1,0.9998,1004.66,0.3688,fast
data\test\Carrot__Healthy\freshCarrot (113).jpg,Carrot__Healthy,heavy,224,224,13.41,144.99,94.56,0.0733,1,0.9643,669.26,0.6327,1,1.0,1036.63,0.3699,1,0.9996,1112.74,0.3328,fast
data\test\Banana__Healthy\rotated_by_15_Screen Shot 2018-06-12 at 9.41.57 PM.png,Banana__Healthy,light,486,478,131.45,306.23,203.41,0.0103,1,0.9811,20.21,0.8493,1,1.0,44.21,0.7011,1,1.0,52.32,0.6867,fast
data\test\Strawberry__Rotten\734.jpg,Strawberry__Rotten,burst,224,224,10.27,470.47,109.89,0.1075,1,0.9977,1415.33,0.3837,1,1.0,2088.95,0.0187,1,1.0,854.83,0.4188,heavy
data\test\Jujube__Healthy\FreshJujube (80).jpg,Jujube__Healthy,light,577,433,36.83,260.94,220.43,0.0111,0,0.7694,174.73,-0.2023,1,0.9999,42.19,0.7018,1,0.9973,143.24,0.6563,balanced
data\test\Mango__Healthy\979.jpg,Mango__Healthy,heavy,224,224,5.38,41.3,101.1,0.009,0,0.7099,627.17,-0.3533,1,0.9999,849.39,0.4324,1,0.9999,923.42,0.396,balanced
data\test\Banana__Rotten\rotated_by_45_Screen Shot 2018-06-12 at 8.59.44 PM.png,Banana__Rotten,light,338,500,169.32,675.13,135.42,0.0544,1,1.0,123.4,0.8148,1,0.9864,62.01,0.6952,1,1.0,76.56,0.6786,fast
data\test\Apple__Rotten\saltandpepper_Screen Shot 2018-06-08 at 2.33.49 PM.png,Apple__Rotten,light,360,314,97.91,2958.45,191.42,0.0443,1,0.9452,47.53,0.8402,1,0.9998,94.2,0.6844,1,1.0,141.38,0.6569,fast
data\test\Apple__Rotten\rottenApple (540).jpg,Apple__Rotten,light,100,100,5.79,811.69,88.27,0.0745,0,0.2987,68.77,-0.1669,1,0.5212,61.08,0.6955,0,0.8281,155.46,-0.3478,balanced
data\test\Carrot__Rotten\rottenCarrot (34).jpg,Carrot__Rotten,heavy,263,192,3.4,291.66,233.06,0.0264,1,0.3838,738.11,0.6097,1,0.9999,1151.96,0.3314,1,0.9996,997.25,0.3713,fast
data\test\Apple__Rotten\Screen Shot 2018-06-07 at 3.01.21 PM.png,Apple__Rotten,light,248,228,82.57,42.86,192.01,0.0267,1,0.8331,75.74,0.8307,1,1.0,25.1,0.7075,1,1.0,76.36,0.6786,fast
data\test\Orange__Healthy\rotated_by_30_Screen Shot 2018-06-12 at 11.59.54 PM.png,Orange__Healthy,heavy,426,384,146.56,451.18,164.82,0.0167,1,0.9758,620.61,0.6489,1,0.9999,1151.38,0.3316,1,1.0,1218.59,0.2975,fast
data\test\Orange__Healthy\freshOrange (237).png,Orange__Healthy,light,480,322,165.16,448.92,96.65,0.0449,0,0.6217,112.8,-0.1816,1,0.9997,109.23,0.6794,1,0.9952,123.06,0.6631,balanced
data\test\Apple__Healthy\translation_Screen Shot 2018-06-08 at 5.01.34 PM.png,Apple__Healthy,burst,382,402,135.83,645.47,156.08,0.0158,1,0.9394,1310.58,0.4186,1,1.0,6427.56,0.0159,1,0.9999,2145.33,0.0041,fast
data\test\Banana__Rotten\vertical_flip_Screen Shot 2018-06-12 at 9.07.31 PM.png,Banana__Rotten,light,452,380,130.71,52.23,172.71,0.0197,1,0.9997,88.54,0.8265,1,1.0,77.77,0.6899,1,1.0,156.97,0.6517,fast
data\test\Mango__Rotten\lasio_028.jpg,Mango__Rotten,burst,224,224,10.51,1556.28,95.49,0.1285,0,0.7846,1427.2,-0.6203,1,0.915,290.07,0.6191,1,0.9839,1755.82,0.1182,balanced
data\test\Orange__Healthy\Screen Shot 2018-06-13 at 12.09.37 AM.png,Orange__Healthy,light,390,382,170.56,18.44,197.27,0.0102,1,0.9883,69.02,0.833,1,1.0,64.42,0.6944,1,1.0,65.27,0.6823,fast
data\test\Strawberry__Rotten\763.jpg,Strawberry__Rotten,light,224,224,6.68,157.66,105.25,0.0183,1,0.6923,32.58,0.8451,1,0.9999,25.28,0.7074,1,0.9916,166.54,0.6486,fast
data\test\Banana__Rotten\rotated_by_60_Screen Shot 2018-06-12 at 9.19.42 PM.png,Banana__Rotten,light,590,382,269.48,280.34,111.68,0.0253,1,0.9663,84.02,0.828,1,1.0,108.47,0.6797,1,0.9999,26.04,0.6954,fast
data\test\Mango__Healthy\269.jpg,Mango__Healthy,heavy,224,224,3.55,99.26,133.92,0.0141,1,0.9653,579.3,0.6627,1,1.0,1185.17,0.3203,1,1.0,1265.29,0.2819,fast
data\test\Potato__Rotten\rottenPotato (564).jpg,Potato__Rotten,light,390,280,37.88,2457.31,114.53,0.1065,1,0.5541,54.35,0.8379,1,0.9739,74.08,0.6911,1,0.9972,147.23,0.655,fast
data\test\Apple__Rotten\rotated_by_75_Screen Shot 2018-06-07 at 2.20.34 PM.png,Apple__Rotten,heavy,512,470,190.93,297.84,168.37,0.0098,0,0.6599,558.71,-0.3304,1,0.9875,1185.78,0.3201,1,0.9884,1019.05,0.364,heavy
data\test\Banana__Healthy\rotated_by_15_Screen Shot 2018-06-12 at 9.47.46 PM.png,Banana__Healthy,heavy,862,386,137.68,269.48,196.94,0.0088,1,0.8624,638.97,0.6428,1,0.9998,1209.46,0.3122,1,1.0,998.91,0.3708,fast
data\test\Orange__Rotten\vertical_flip_Screen Shot 2018-06-12 at 11.20.40 PM.png,Orange__Rotten,heavy,486,414,193.84,18.6,197.27,0.0083,0,0.9599,709.29,-0.3807,1,0.9947,1086.41,0.3533,1,0.9962,992.8,0.3728,heavy
data\test\Guava__Rotten\RottenGuava (33).jpg,Guava__Rotten,burst,3293,2079,981.92,71.11,148.08,0.0094,1,0.8526,1458.18,0.3694,1,1.0,1945.75,0.0665,1,1.0,1387.51,0.2411,fast
data\test\Banana__Healthy\rotated_by_75_Screen Shot 2018-06-12 at 9.45.02 PM.png,Banana__Healthy,burst,426,374,102.72,375.85,204.56,0.0125,1,0.9462,1601.96,0.3214,1,1.0,1577.7,0.1893,1,0.9998,2650.55,0.0041,fast
data\test\Banana__Rotten\saltandpepper_Screen Shot 2018-06-12 at 8.57.46 PM.png,Banana__Rotten,heavy,428,376,185.0,2786.31,167.16,0.0615,0,0.6252,1052.55,-0.4952,1,0.9936,1079.16,0.3557,1,1.0,1415.33,0.2318,balanced
data\test\Mango__Healthy\freshMango (331).jpg,Mango__Healthy,heavy,224,224,3.45,70.78,137.12,0.0127,1,0.928,924.66,0.5474,1,1.0,849.9,0.4322,1,1.0,1068.28,0.3476,fast
data\test\Strawberry__Rotten\801.jpg,Strawberry__Rotten,light,224,224,7.61,204.67,126.37,0.0499,1,0.8887,76.7,0.8304,1,1.0,84.11,0.6878,1,0.9995,100.47,0.6706,fast
data\test\Potato__Healthy\freshPotato (202).jpg,Potato__Healthy,burst,100,100,4.23,1279.89,186.31,0.0391,1,0.9393,1251.94,0.4382,1,1.0,1751.75,0.1313,1,0.9998,2063.55,0.0155,fast
data\test\Orange__Rotten\translation_Screen Shot 2018-06-12 at 11.29.44 PM.png,Orange__Rotten,heavy,488,444,254.65,567.18,147.77,0.0324,1,0.7536,668.6,0.6329,1,0.9996,1228.01,0.306,1,1.0,1005.67,0.3685,fast
data\test\Mango__Healthy\352.jpg,Mango__Healthy,burst,224,224,3.76,42.55,140.54,0.0117,1,0.8929,1248.27,0.4394,1,1.0,1479.02,0.2223,1,1.0,2776.04,0.0041,fast
data\test\Mango__Rotten\anthracnose_093.jpg,Mango__Rotten,light,170,181,7.6,84.21,91.93,0.0239,1,0.7076,52.8,0.8384,1,0.9837,78.51,0.6897,1,0.9969,48.51,0.6879,fast
data\test\Cucumber__Healthy\freshCucumber (465).jpg,Cucumber__Healthy,burst,100,100,1.95,480.2,212.43,0.0669,1,0.385,998.11,0.5229,1,0.9997,1542.84,0.201,1,0.9972,1633.39,0.159,fast
data\test\Apple__Rotten\translation_Screen Shot 2018-06-08 at 2.28.07 PM.png,Apple__Rotten,light,350,304,75.83,770.33,152.29,0.0204,1,0.8735,18.2,0.8499,1,1.0,70.68,0.6923,1,0.9998,67.8,0.6815,fast
data\test\Apple__Rotten\Screen Shot 2018-06-07 at 3.04.41 PM.png,Apple__Rotten,heavy,330,318,117.62,55.12,195.99,0.0239,1,0.9382,519.89,0.6825,1,1.0,1151.96,0.3314,1,0.9994,1415.33,0.2318,fast
data\test\Strawberry__Rotten\25.jpg,Strawberry__Rotten,burst,224,224,4.38,107.02,128.35,0.0255,1,0.9104,1083.35,0.4945,1,1.0,1819.27,0.1087,1,0.9996,2042.34,0.0225,fast
data\test\Banana__Healthy\freshBanana (300).jpg,Banana__Healthy,light,224,224,6.59,191.7,126.48,0.0187,1,0.9072,63.59,0.8348,1,1.0,24.45,0.7077,1,1.0,22.92,0.6965,fast
data\test\Bellpepper__Rotten\rottenPepper (606).jpg,Bellpepper__Rotten,light,193,262,5.24,166.28,116.73,0.0392,0,0.422,66.87,-0.1663,1,0.6885,142.53,0.6683,0,0.5704,180.65,-0.3562,balanced
data\test\Apple__Healthy\freshApple (464).png,Apple__Healthy,burst,480,322,227.73,282.69,125.96,0.0632,1,0.8115,1314.73,0.4173,1,0.9997,1758.95,0.1289,1,0.9997,1729.89,0.1268,fast
data\test\Mango__Healthy\97.jpg,Mango__Healthy,light,224,224,3.85,147.46,79.69,0.0148,1,0.9318,45.69,0.8408,1,1.0,58.6,0.6963,1,0.9999,162.97,0.6497,fast
data\test\Strawberry__Healthy\344.jpg,Strawberry__Healthy,heavy,224,224,3.09,61.48,146.65,0.0112,1,0.9214,623.91,0.6478,1,1.0,1209.76,0.3121,1,1.0,1048.86,0.3541,fast
data\test\Apple__Healthy\vertical_flip_Screen Shot 2018-06-08 at 5.06.54 PM.png,Apple__Healthy,heavy,250,224,53.94,4.63,208.37,0.0029,1,0.9855,739.31,0.6093,1,1.0,1197.94,0.3161,1,0.9991,1040.89,0.3568,fast
data\test\Mango__Healthy\4.jpg,Mango__Healthy,heavy,224,224,4.3,234.29,64.06,0.0257,1,0.9402,644.71,0.6409,1,1.0,1185.17,0.3203,1,0.9968,556.5,0.5184,fast
data\test\Strawberry__Healthy\freshStrawberry (419).jpg,Strawberry__Healthy,heavy,224,224,2.78,36.83,134.79,0.0071,1,0.4563,627.73,0.6465,1,1.0,462.39,0.5616,1,0.9997,1218.59,0.2975,fast
data\test\Apple__Healthy\translation_Screen Shot 2018-06-08 at 5.22.15 PM.png,Apple__Healthy,light,198,182,28.0,1178.43,132.17,0.0251,1,0.6771,26.67,0.8471,1,0.9984,76.68,0.6903,1,0.9992,87.46,0.6749,fast
data\test\Banana__Healthy\rotated_by_45_Screen Shot 2018-06-12 at 9.45.46 PM.png,Banana__Healthy,light,512,326,140.14,338.48,155.53,0.0157,1,0.995,15.2,0.8509,1,1.0,39.86,0.7026,1,1.0,92.99,0.6731,fast
data\test\Banana__Healthy\saltandpepper_Screen Shot 2018-06-12 at 9.49.15 PM.png,Banana__Healthy,heavy,536,432,138.46,3306.39,223.27,0.0333,1,0.8489,675.18,0.6307,1,1.0,1162.29,0.328,1,0.9999,1241.04,0.29,fast
data\test\Mango__Healthy\freshMango (7).png,Mango__Healthy,heavy,320,258,124.49,2242.42,120.56,0.0992,1,0.6673,807.03,0.5867,1,0.9939,1301.49,0.2815,1,0.9919,996.73,0.3715,fast
data\test\Pomegranate__Rotten\RottenPomegranate (122).jpg,Pomegranate__Rotten,burst,4160,3120,2206.44,8.96,166.39,0.0005,0,0.5402,1431.77,-0.6218,1,1.0,2017.38,0.0426,1,1.0,1924.07,0.062,heavy
data\test\Mango__Healthy\freshMango (91).png,Mango__Healthy,heavy,320,258,108.49,2241.28,75.23,0.0626,1,0.8759,807.03,0.5867,1,1.0,1202.05,0.3147,1,0.9999,923.42,0.396,fast
data\test\Cucumber__Rotten\rottenCucumber (106).jpg,Cucumber__Rotten,light,100,100,3.57,2224.34,190.34,0.042,1,0.9666,67.08,0.8336,1,1.0,24.56,0.7077,1,0.9998,130.46,0.6606,fast
data\test\Orange__Healthy\rotated_by_60_Screen Shot 2018-06-13 at 12.01.49 AM.png,Orange__Healthy,light,310,330,130.56,173.13,120.51,0.0246,1,0.8671,66.15,0.8339,1,0.9999,65.79,0.6939,1,0.9994,71.11,0.6804,fast
data\test\Banana__Rotten\rotated_by_15_Screen Shot 2018-06-12 at 9.21.14 PM.png,Banana__Rotten,light,292,334,111.6,284.64,155.3,0.0276,1,0.8974,47.19,0.8403,1,1.0,142.63,0.6683,1,0.9999,92.66,0.6732,fast
data\test\Potato__Healthy\freshPotato (515).jpg,Potato__Healthy,light,224,224,17.91,997.23,123.89,0.1631,1,0.9685,85.07,0.8276,1,1.0,73.94,0.6912,1,0.9981,187.71,0.6415,fast
data\test\Apple__Healthy\FreshApple (49).jpg,Apple__Healthy,light,4160,3120,4153.94,184.37,117.82,0.0165,1,0.9383,22.3,0.8486,1,1.0,115.29,0.6774,1,1.0,43.84,0.6895,fast
data\test\Cucumber__Rotten\rottenCucumber (16).jpg,Cucumber__Rotten,heavy,100,100,3.75,2092.72,188.59,0.0447,1,0.9743,647.16,0.64,1,1.0,1180.37,0.3219,1,0.9995,1048.35,0.3543,fast
data\test\Bellpepper__Healthy\freshPepper (117).jpg,Bellpepper__Healthy,heavy,1200,1012,178.05,750.59,85.42,0.0903,0,0.458,699.68,-0.3775,1,0.4278,1146.85,0.3331,1,0.8625,1347.28,0.2545,balanced
data\test\Orange__Healthy\rotated_by_60_Screen Shot 2018-06-13 at 12.01.10 AM.png,Orange__Healthy,light,422,398,166.77,430.39,153.17,0.0114,1,0.9661,67.55,0.8335,1,0.9999,81.48,0.6887,1,0.9999,76.56,0.6786,fast
data\test\Mango__Rotten\alternaria_158.jpg,Mango__Rotten,light,224,224,6.67,355.11,134.58,0.0368,1,0.9286,103.09,0.8216,1,1.0,24.45,0.7077,1,0.9998,153.62,0.6529,fast
data\test\Cucumber__Healthy\freshCucumber (485).jpg,Cucumber__Healthy,light,100,100,1.7,231.56,200.83,0.0432,1,0.1742,63.58,0.8348,1,0.9853,172.16,0.6584,1,0.9773,63.43,0.683,fast
data\test\Mango__Rotten\rottenMango (267).jpg,Mango__Rotten,heavy,275,183,3.28,176.82,228.99,0.0248,1,0.5292,643.68,0.6412,1,0.7384,1035.63,0.3702,1,0.5945,1216.92,0.298,fast
data\test\Banana__Rotten\rotated_by_60_Screen Shot 2018-06-12 at 9.03.12 PM.png,Banana__Rotten,light,612,426,209.86,440.78,125.63,0.0412,1,1.0,73.0,0.8317,1,1.0,25.45,0.7074,1,1.0,64.33,0.6827,fast
data\test\Banana__Healthy\freshBanana (124).png,Banana__Healthy,burst,480,322,174.91,306.1,119.04,0.0469,1,0.9849,1352.63,0.4046,1,1.0,1222.52,0.3079,1,0.9999,1120.23,0.3303,fast
data\test\Strawberry__Rotten\760.jpg,Strawberry__Rotten,heavy,224,224,9.66,280.84,112.16,0.0704,1,0.9869,625.65,0.6472,1,1.0,1152.47,0.3313,1,1.0,997.25,0.3713,fast
data\test\Strawberry__Healthy\774.jpg,Strawberry__Healthy,heavy,224,224,7.0,157.22,126.28,0.0287,1,0.9413,684.89,0.6275,1,1.0,1210.31,0.3119,1,0.9999,275.91,0.6121,fast
data\test\Bellpepper__Rotten\rottenPepper (335).jpg,Bellpepper__Rotten,light,100,100,6.49,2275.56,59.69,0.1785,1,0.4704,39.53,0.8428,1,0.9945,28.31,0.7064,1,0.9981,109.65,0.6675,fast
data\test\Orange__Rotten\rottenOrange (47).jpg,Orange__Rotten,heavy,2846,2396,770.66,12.83,159.33,0.0,0,0.5326,620.63,-0.3511,0,0.6549,1194.45,-0.6828,1,0.5784,1072.37,0.3462,heavy
data\test\Cucumber__Rotten\rottenCucumber (300).jpg,Cucumber__Rotten,heavy,275,183,3.31,413.64,233.13,0.0341,1,0.6475,560.82,0.6689,1,0.9998,1202.57,0.3145,1,1.0,1114.82,0.3321,fast
data\test\Cucumber__Rotten\rottenCucumber (406).jpg,Cucumber__Rotten,light,407,280,14.1,909.74,235.04,0.0211,1,0.5766,140.15,0.8093,0,0.661,130.07,-0.3275,1,0.9746,111.8,0.6668,fast
data\test\Bellpepper__Healthy\freshPepper (306).jpg,Bellpepper__Healthy,burst,224,224,7.87,73.8,133.83,0.0206,1,0.9413,1695.69,0.2901,1,0.9998,1722.14,0.1411,1,0.9965,2648.59,0.0041,fast
data\test\Carrot__Rotten\rottenCarrot (3).jpg,Carrot__Rotten,light,262,193,7.3,532.11,221.84,0.0531,1,0.6622,35.3,0.8442,1,0.9991,60.23,0.6958,1,0.9999,168.75,0.6478,fast
data\test\Apple__Rotten\translation_Screen Shot 2018-06-08 at 2.52.05 PM.png,Apple__Rotten,heavy,420,388,122.97,760.49,155.1,0.0252,1,0.8547,627.68,0.6465,1,1.0,1160.49,0.3286,1,1.0,430.01,0.5606,fast
data\test\Apple__Healthy\translation_Screen Shot 2018-06-08 at 5.23.31 PM.png,Apple__Healthy,heavy,196,170,20.12,1196.56,150.29,0.0181,1,0.3605,684.17,0.6277,1,0.9999,1361.81,0.2614,1,0.9997,1144.45,0.3222,fast
data\test\Cucumber__Rotten\rottenCucumber (204).jpg,Cucumber__Rotten,light,100,100,6.25,4164.59,147.19,0.1531,1,0.999,135.95,0.8106,1,1.0,88.48,0.6863,1,1.0,126.01,0.6621,fast
data\test\Bellpepper__Rotten\rottenPepper (177).jpg,Bellpepper__Rotten,light,275,183,4.41,362.08,209.92,0.0542,1,0.3726,47.19,0.8403,1,0.9627,106.81,0.6802,1,0.9916,66.98,0.6818,fast
data\test\Mango__Healthy\753.jpg,Mango__Healthy,light,224,224,5.41,46.57,114.71,0.0119,1,0.9887,27.19,0.8469,1,1.0,104.3,0.6811,1,0.9997,208.26,0.6346,fast
data\test\Mango__Healthy\385.jpg,Mango__Healthy,light,224,224,3.11,11.26,147.4,0.006,1,0.8198,66.15,0.8339,1,0.9999,48.49,0.6997,1,0.9981,73.62,0.6796,fast
data\test\Strawberry__Rotten\242.jpg,Strawberry__Rotten,light,224,224,3.91,201.69,149.87,0.0298,1,0.7834,81.57,0.8288,1,1.0,18.52,0.7097,1,0.9996,267.89,0.6147,fast
data\test\Pomegranate__Rotten\RottenPomegranate (87).jpg,Pomegranate__Rotten,heavy,3841,2863,1359.31,35.42,180.23,0.0039,0,0.3595,709.29,-0.3807,1,1.0,1301.62,0.2815,1,0.9984,994.33,0.3723,heavy
data\test\Mango__Rotten\186.jpg,Mango__Rotten,burst,224,224,3.68,74.47,115.66,0.0166,1,0.9126,1017.27,0.5165,1,1.0,2017.89,0.0424,1,0.9999,2089.27,0.0069,fast
data\test\Apple__Healthy\freshApple (557).png,Apple__Healthy,heavy,320,258,111.01,1528.36,123.29,0.0758,1,0.8954,1461.87,0.3682,1,0.9963,966.77,0.3932,1,0.9954,1218.59,0.2975,balanced
data\test\Strawberry__Rotten\713.jpg,Strawberry__Rotten,heavy,224,224,10.39,437.42,114.41,0.0937,1,0.9941,667.56,0.6332,1,1.0,1131.8,0.3381,1,1.0,1033.73,0.3591,fast
data\test\Strawberry__Rotten\rottenStrawberry (186).jpg,Strawberry__Rotten,light,2198,2114,630.65,62.31,186.77,0.0087,1,0.6311,155.16,0.8042,1,0.9999,82.29,0.6884,1,0.9997,198.33,0.6379,fast
data\test\Apple__Healthy\rotated_by_75_Screen Shot 2018-06-08 at 5.08.46 PM.png,Apple__Healthy,burst,406,400,174.84,353.89,173.84,0.0148,1,0.9707,1425.11,0.3804,1,1.0,1243.71,0.3008,1,1.0,1650.47,0.1533,fast
data\test\Apple__Rotten\rotated_by_75_Screen Shot 2018-06-07 at 3.04.47 PM.png,Apple__Rotten,light,322,264,90.65,543.38,161.39,0.0265,1,0.8258,118.3,0.8165,1,1.0,97.49,0.6833,1,0.9995,20.54,0.6973,fast
data\test\Tomato__Rotten\rottenTomato (230).jpg,Tomato__Rotten,burst,224,224,4.07,350.22,54.68,0.0249,1,0.5084,1566.55,0.3332,1,1.0,2146.52,0.0159,1,0.9983,2757.94,0.0041,fast
data\test\Grape__Rotten\RottenGrape (198).jpg,Grape__Rotten,burst,251,577,33.74,18.69,96.53,0.0066,0,0.2635,1286.63,-0.5734,0,0.9681,2088.43,-0.9811,0,0.5904,2098.27,-0.9959,fast
data\test\Potato__Healthy\freshPotato (244).jpg,Potato__Healthy,light,100,100,4.36,1507.12,186.22,0.0441,1,0.939,115.92,0.8173,1,0.9998,149.84,0.6659,1,0.9996,96.17,0.672,fast
data\test\Tomato__Healthy\freshTomato (243).png,Tomato__Healthy,light,480,322,186.8,528.04,155.47,0.0701,1,0.9994,97.92,0.8233,1,1.0,87.48,0.6867,1,1.0,153.62,0.6529,fast
data\test\Banana__Healthy\saltandpepper_Screen Shot 2018-06-12 at 9.53.36 PM.png,Banana__Healthy,light,652,362,89.66,3398.21,231.92,0.0297,1,0.9441,11.32,0.8522,1,1.0,40.38,0.7024,1,1.0,98.09,0.6714,fast
data\test\Banana__Rotten\rottenBanana (410).jpg,Banana__Rotten,light,224,224,5.48,226.0,123.38,0.042,1,0.7001,93.27,0.8249,1,0.9976,104.17,0.6811,1,0.9988,164.98,0.6491,fast
data\test\Apple__Healthy\freshApple (311).jpg,Apple__Healthy,heavy,194,192,45.74,3018.5,204.92,0.0503,0,0.4965,593.65,-0.3421,1,1.0,1228.01,0.306,1,0.9997,1047.29,0.3546,heavy
data\test\Orange__Rotten\saltandpepper_Screen Shot 2018-06-12 at 11.37.00 PM.png,Orange__Rotten,burst,336,306,109.87,2527.82,193.63,0.0414,1,0.6258,321.35,0.7488,1,0.9909,1574.99,0.1902,1,0.9999,461.69,0.55,fast
data\test\Bellpepper__Rotten\rottenPepper (90).jpg,Bellpepper__Rotten,light,194,259,9.28,1471.66,127.7,0.1614,0,0.5876,174.73,-0.2023,0,0.51,64.76,-0.3057,1,0.9802,57.71,0.6849,heavy
data\test\Strawberry__Rotten\109.jpg,Strawberry__Rotten,light,224,224,4.22,96.31,130.64,0.0225,1,0.9375,68.49,0.8332,1,1.0,23.36,0.7081,1,0.9998,158.12,0.6514,fast
data\test\Apple__Rotten\translation_Screen Shot 2018-06-07 at 2.40.28 PM.png,Apple__Rotten,light,424,366,158.69,710.85,141.06,0.0441,1,0.8962,57.19,0.8369,1,0.9978,166.36,0.6603,1,0.9959,143.92,0.6561,fast
data\test\Orange__Rotten\Screen Shot 2018-06-12 at 11.28.12 PM.png,Orange__Rotten,heavy,388,392,124.17,50.55,223.07,0.0168,0,0.2939,582.92,-0.3385,1,0.9997,1032.23,0.3714,1,0.9917,1158.25,0.3176,balanced
data\test\Bellpepper__Rotten\rottenPepper (164).jpg,Bellpepper__Rotten,burst,194,259,8.15,647.51,122.29,0.1242,0,0.6584,1170.79,-0.5347,1,0.9998,210.06,0.6458,1,0.9869,1729.89,0.1268,balanced
data\test\Carrot__Healthy\freshCarrot (465).jpg,Carrot__Healthy,light,1024,683,189.62,284.55,228.61,0.019,1,0.5259,33.59,0.8448,1,0.9337,20.3,0.7091,1,0.6264,51.03,0.6871,fast
data\test\Tomato__Healthy\freshTomato (195).png,Tomato__Healthy,burst,480,322,200.97,606.48,124.17,0.0547,1,0.9913,1164.49,0.4674,1,1.0,2017.38,0.0426,1,0.9944,649.26,0.4875,heavy
data\test\Strawberry__Rotten\rottenStrawberry (92).jpg,Strawberry__Rotten,light,2436,1945,557.57,28.99,162.68,0.0034,1,0.5264,69.81,0.8327,1,1.0,77.94,0.6899,1,1.0,215.44,0.6322,fast
data\test\Banana__Healthy\freshBanana (148).png,Banana__Healthy,light,320,258,116.74,1234.99,150.67,0.1057,1,0.9937,26.51,0.8472,1,1.0,58.37,0.6964,1,1.0,37.9,0.6915,fast
data\test\Orange__Rotten\vertical_flip_Screen Shot 2018-06-12 at 11.25.16 PM.png,Orange__Rotten,light,320,306,144.21,170.04,191.0,0.0994,1,0.9977,19.81,0.8494,1,1.0,21.06,0.7088,1,1.0,172.16,0.6467,fast
data\test\Banana__Rotten\rotated_by_75_Screen Shot 2018-06-12 at 9.06.05 PM.png,Banana__Rotten,heavy,652,442,104.01,272.35,144.27,0.0084,1,0.9899,656.58,0.6369,1,1.0,1138.84,0.3358,1,1.0,766.43,0.4483,fast
data\test\Apple__Rotten\rottenApple (92).jpg,Apple__Rotten,light,2895,2880,1057.19,27.3,176.98,0.0004,0,0.1833,152.84,-0.195,1,0.9998,76.88,0.6902,1,0.9988,149.82,0.6541,balanced
data\test\Orange__Healthy\freshOrange (133).jpg,Orange__Healthy,light,2611,2235,605.75,16.2,171.63,0.0027,1,0.677,81.17,0.8289,1,1.0,43.38,0.7014,1,0.9971,108.15,0.668,fast
data\test\Carrot__Rotten\rottenCarrot (76).jpg,Carrot__Rotten,light,612,408,42.56,243.86,150.7,0.0523,1,0.7986,15.54,0.8508,1,0.9938,80.32,0.6891,1,0.9878,77.89,0.6781,fast
data\test\Grape__Rotten\RottenGrape (189).jpg,Grape__Rotten,heavy,1081,1361,169.37,33.79,122.91,0.0067,1,0.9924,551.41,0.672,1,1.0,1212.55,0.3112,1,1.0,1241.04,0.29,fast
data\test\Tomato__Healthy\freshTomato (266).jpg,Tomato__Healthy,burst,224,224,14.67,435.07,108.4,0.1094,0,0.8214,1083.35,-0.5055,1,0.7042,1726.76,0.1396,0,0.4166,1245.92,-0.7117,balanced
data\test\Mango__Rotten\168.jpg,Mango__Rotten,light,224,224,3.75,43.24,117.33,0.0159,1,0.9939,47.04,0.8403,1,1.0,70.0,0.6925,1,0.9999,113.23,0.6663,fast
data\test\Banana__Rotten\saltandpepper_Screen Shot 2018-06-12 at 8.59.32 PM.png,Banana__Rotten,heavy,188,378,50.91,4083.78,199.01,0.0488,1,0.9966,731.5,0.6119,1,1.0,1163.24,0.3277,1,1.0,1267.9,0.281,fast
data\test\Orange__Rotten\rotated_by_15_Screen Shot 2018-06-12 at 11.40.36 PM.png,Orange__Rotten,light,516,476,267.68,301.77,154.55,0.0194,1,0.6181,45.28,0.8409,1,1.0,45.8,0.7006,1,0.9991,142.73,0.6565,fast
data\test\Banana__Rotten\translation_Screen Shot 2018-06-12 at 9.03.06 PM.png,Banana__Rotten,light,436,406,134.31,670.16,157.18,0.0478,1,0.9999,29.77,0.8461,1,1.0,97.19,0.6834,1,1.0,168.42,0.6479,fast
data\test\Orange__Rotten\rotated_by_45_Screen Shot 2018-06-12 at 11.21.22 PM.png,Orange__Rotten,light,452,416,247.49,315.34,121.65,0.0524,1,1.0,34.92,0.8444,1,1.0,169.22,0.6594,1,1.0,67.07,0.6817,fast
data\test\Banana__Rotten\rotated_by_60_Screen Shot 2018-06-12 at 8.59.15 PM.png,Banana__Rotten,heavy,396,424,100.17,465.45,180.84,0.0233,1,0.9455,624.29,0.6477,1,1.0,848.86,0.4326,1,0.9999,1158.64,0.3175,fast
data\test\Potato__Rotten\rottenPotato (79).jpg,Potato__Rotten,light,275,183,5.71,1354.6,205.88,0.0894,1,0.6639,43.47,0.8415,1,0.9999,36.81,0.7036,1,0.9938,52.36,0.6867,fast
data\test\Banana__Rotten\rotated_by_30_Screen Shot 2018-06-12 at 9.10.27 PM.png,Banana__Rotten,light,582,344,125.82,471.8,134.28,0.0212,1,0.9999,21.36,0.8489,1,1.0,155.63,0.6639,1,0.9998,137.0,0.6584,fast
data\test\Banana__Rotten\rotated_by_75_Screen Shot 2018-06-12 at 9.11.23 PM.png,Banana__Rotten,heavy,530,376,82.46,327.93,168.58,0.0206,1,0.9347,608.34,0.653,1,1.0,1198.55,0.3159,1,1.0,1005.67,0.3685,fast
data\test\Tomato__Healthy\freshTomato (117).png,Tomato__Healthy,light,480,322,176.34,371.31,151.28,0.0531,1,0.8951,48.71,0.8398,1,1.0,206.25,0.647,1,0.9999,133.8,0.6595,fast
data\test\Apple__Healthy\rotated_by_60_Screen Shot 2018-06-08 at 5.01.08 PM.png,Apple__Healthy,light,450,460,157.4,375.89,128.51,0.0148,1,0.9823,23.24,0.8483,1,1.0,25.89,0.7072,1,1.0,54.65,0.6859,fast
data\test\Tomato__Healthy\freshTomato (220).png,Tomato__Healthy,light,320,258,105.46,1561.57,118.7,0.0664,1,0.9756,13.24,0.8516,1,1.0,86.87,0.6869,1,0.9998,122.16,0.6634,fast
data\test\Mango__Rotten\769.jpg,Mango__Rotten,light,224,224,5.92,82.57,101.35,0.0196,1,0.7717,56.26,0.8372,1,1.0,26.71,0.707,1,1.0,138.94,0.6578,fast
data\test\Orange__Healthy\rotated_by_60_Screen Shot 2018-06-12 at 11.52.16 PM.png,Orange__Healthy,heavy,562,468,228.29,348.38,151.08,0.0067,1,0.9843,581.42,0.662,1,0.9999,202.6,0.6483,1,0.9988,1058.38,0.3509,fast
data\test\Apple__Healthy\FreshApple (10).jpg,Apple__Healthy,light,2568,2337,815.65,23.07,168.52,0.0011,1,0.7633,59.86,0.836,1,1.0,98.35,0.683,1,0.9999,139.7,0.6575,fast
data\test\Potato__Rotten\rottenPotato (571).jpg,Potato__Rotten,light,450,320,8.28,470.32,232.52,0.0357,0,0.5127,20.73,-0.1509,1,1.0,75.07,0.6908,1,1.0,203.76,0.6361,balanced
data\test\Potato__Rotten\rottenPotato (154).jpg,Potato__Rotten,heavy,100,100,2.02,622.84,153.83,0.0963,0,0.5362,726.72,-0.3865,1,0.9957,1201.01,0.3151,1,0.9936,1019.57,0.3639,heavy
data\test\Apple__Healthy\saltandpepper_Screen Shot 2018-06-08 at 5.33.33 PM.png,Apple__Healthy,heavy,246,248,70.31,2674.07,169.98,0.0501,1,0.8572,738.11,0.6097,1,0.9912,1152.47,0.3313,1,0.9971,998.4,0.3709,fast
data\test\Carrot__Healthy\freshCarrot (186).jpg,Carrot__Healthy,burst,224,224,17.33,1188.54,92.31,0.1075,1,0.9186,61.45,0.8355,1,1.0,284.9,0.6208,1,1.0,1121.27,0.3299,fast
data\test\Banana__Healthy\rotated_by_60_Screen Shot 2018-06-12 at 9.59.41 PM.png,Banana__Healthy,heavy,242,304,68.89,536.83,172.66,0.0102,1,0.9937,631.74,0.6452,1,1.0,1301.49,0.2815,1,0.9998,1158.25,0.3176,fast
data\test\Orange__Rotten\rottenOrange (52).jpg,Orange__Rotten,light,2351,2193,673.48,20.2,134.55,0.0008,1,0.8532,99.97,0.8227,1,0.973,43.38,0.7014,1,0.9791,131.7,0.6602,fast
data\test\Orange__Healthy\freshOrange (174).jpg,Orange__Healthy,heavy,2598,2083,693.59,25.45,175.28,0.0003,1,0.9551,538.73,0.6762,1,0.9999,1100.83,0.3485,1,0.9749,1098.59,0.3375,fast
data\test\Mango__Healthy\759.jpg,Mango__Healthy,light,224,224,5.58,42.98,108.37,0.0068,1,0.5568,165.07,0.8009,1,1.0,40.64,0.7023,1,0.9979,116.39,0.6653,fast
data\test\Orange__Healthy\freshOrange (18).png,Orange__Healthy,light,320,258,109.7,844.8,147.49,0.0629,1,0.8313,155.16,0.8042,1,0.9997,50.43,0.699,1,1.0,78.02,0.6781,fast
data\test\Bellpepper__Rotten\rottenPepper (340).jpg,Bellpepper__Rotten,heavy,100,100,5.85,1728.64,44.99,0.1475,0,0.376,709.82,-0.3809,1,0.5407,1086.39,0.3533,1,0.6119,1048.86,0.3541,heavy
data\test\Orange__Rotten\rotated_by_30_Screen Shot 2018-06-12 at 11.22.32 PM.png,Orange__Rotten,light,360,344,158.78,356.88,138.66,0.0484,1,0.9984,72.99,0.8317,1,1.0,39.89,0.7026,1,1.0,83.57,0.6762,fast
data\test\Banana__Rotten\saltandpepper_Screen Shot 2018-06-12 at 8.53.47 PM.png,Banana__Rotten,heavy,510,386,201.44,2653.93,155.13,0.0486,1,0.999,596.35,0.657,1,1.0,966.77,0.3932,1,1.0,429.5,0.5608,fast
data\test\Cucumber__Healthy\freshCucumber (369).jpg,Cucumber__Healthy,heavy,224,224,17.01,503.11,100.31,0.1198,1,0.922,733.52,0.6112,1,1.0,1023.29,0.3744,1,1.0,1241.04,0.29,fast
data\test\Apple__Healthy\rotated_by_45_Screen Shot 2018-06-08 at 5.01.08 PM.png,Apple__Healthy,light,450,460,152.51,396.65,124.82,0.0153,1,0.9887,14.92,0.851,1,1.0,71.44,0.692,1,1.0,106.15,0.6687,fast
data\test\Mango__Rotten\816.jpg,Mango__Rotten,heavy,224,224,6.83,133.12,104.31,0.0257,1,0.9827,726.72,0.6135,1,1.0,1078.1,0.3561,1,0.9998,1058.38,0.3509,fast
data\test\Orange__Rotten\saltandpepper_Screen Shot 2018-06-12 at 11.39.29 PM.png,Orange__Rotten,burst,528,480,315.43,2805.66,195.19,0.0659,1,0.9991,1253.53,0.4377,1,1.0,1895.72,0.0832,1,1.0,12678.91,0.0041,fast
data\test\Carrot__Healthy\freshCarrot (46).jpg,Carrot__Healthy,burst,224,224,13.46,222.52,98.71,0.0703,1,0.9671,1420.28,0.382,1,1.0,1499.81,0.2153,1,0.9999,1215.87,0.2984,fast
data\test\Potato__Healthy\freshPotato (262).jpg,Potato__Healthy,burst,224,224,11.2,22.59,67.61,0.0048,1,0.8624,1602.48,0.3212,1,0.999,391.34,0.5853,1,1.0,738.96,0.4575,balanced
data\test\Tomato__Healthy\freshTomato (147).jpg,Tomato__Healthy,light,1280,1800,785.98,69.78,97.78,0.0143,1,0.8611,48.57,0.8398,1,1.0,109.44,0.6793,1,1.0,52.32,0.6867,fast
data\test\Carrot__Rotten\rottenCarrot (55).jpg,Carrot__Rotten,heavy,388,130,8.57,1615.11,213.04,0.0721,1,0.3765,756.16,0.6037,1,0.9012,1148.88,0.3324,1,0.82,905.44,0.402,fast
data\test\Grape__Healthy\FreshGrape (130).jpg,Grape__Healthy,light,839,557,74.97,206.21,152.57,0.0221,1,0.6442,142.77,0.8084,1,0.9735,170.28,0.659,1,0.995,185.44,0.6422,fast
data\test\Potato__Rotten\rottenPotato (260).jpg,Potato__Rotten,light,446,113,9.76,2592.72,151.19,0.1802,1,0.8666,12.2,0.852,1,0.9699,51.24,0.6988,1,0.9798,29.97,0.6941,fast
data\test\Apple__Rotten\vertical_flip_Screen Shot 2018-06-07 at 2.23.02 PM.png,Apple__Rotten,burst,238,254,62.39,54.36,190.86,0.0184,1,0.941,798.85,0.5894,1,1.0,1610.69,0.1783,1,0.9948,2487.54,0.0041,fast
data\test\Bellpepper__Healthy\freshPepper (70).jpg,Bellpepper__Healthy,heavy,100,100,3.77,2076.61,94.62,0.2174,1,0.8063,646.79,0.6402,1,0.9997,1030.6,0.3719,1,0.974,994.85,0.3721,fast
data\test\Mango__Rotten\421.jpg,Mango__Rotten,burst,224,224,10.15,361.73,115.76,0.0896,1,0.9806,1096.88,0.49,1,0.9999,1722.14,0.1411,1,0.9999,1615.64,0.1649,fast
data\test\Cucumber__Healthy\freshCucumber (550).jpg,Cucumber__Healthy,heavy,480,848,31.8,65.23,164.55,0.007,1,0.9584,608.34,0.653,1,0.9998,1184.77,0.3205,1,0.9947,998.91,0.3708,fast
data\test\Jujube__Healthy\FreshJujube (35).jpg,Jujube__Healthy,light,2298,1978,530.0,16.13,155.22,0.0008,1,0.8949,20.73,0.8491,1,0.9997,74.21,0.6911,1,0.9993,86.76,0.6752,fast
data\test\Banana__Rotten\vertical_flip_Screen Shot 2018-06-12 at 9.17.33 PM.png,Banana__Rotten,burst,556,342,68.43,49.05,224.93,0.01,1,0.6857,1351.08,0.4051,1,1.0,1610.69,0.1783,1,0.9999,3158.02,0.0041,fast
data\test\Apple__Rotten\rottenApple (373).jpg,Apple__Rotten,light,242,212,40.1,1054.26,143.54,0.0367,1,0.9686,61.18,0.8356,1,1.0,77.32,0.6901,1,1.0,71.11,0.6804,fast
data\test\Potato__Healthy\freshPotato (139).jpg,Potato__Healthy,light,279,181,5.92,884.25,210.8,0.1077,0,0.6966,77.74,-0.1699,0,0.9166,64.76,-0.3057,1,0.6571,47.44,0.6883,heavy
data\test\Mango__Healthy\531.jpg,Mango__Healthy,burst,224,224,10.62,485.65,115.56,0.1616,1,0.9624,1312.63,0.418,1,1.0,1123.5,0.3409,1,1.0,661.69,0.4833,heavy
data\test\Mango__Healthy\freshMango (191).png,Mango__Healthy,burst,320,258,114.12,1049.39,104.64,0.0531,1,0.9067,1049.43,0.5058,1,0.9942,1211.84,0.3114,1,0.9964,1186.16,0.3083,fast
data\test\Orange__Healthy\rotated_by_15_Screen Shot 2018-06-13 at 12.02.33 AM.png,Orange__Healthy,light,292,244,81.89,488.33,149.61,0.0216,1,0.9516,46.11,0.8406,1,1.0,112.72,0.6782,1,1.0,172.51,0.6466,fast
data\test\Apple__Rotten\Screen Shot 2018-06-07 at 2.45.55 PM.png,Apple__Rotten,light,304,286,98.78,66.66,217.26,0.0391,1,0.7327,18.79,0.8498,1,1.0,415.39,0.5772,1,1.0,88.68,0.6745,fast
data\test\Tomato__Healthy\freshTomato (106).png,Tomato__Healthy,light,480,322,150.77,408.8,158.06,0.0608,1,0.8212,21.97,0.8487,1,0.9999,49.23,0.6994,1,0.9997,69.06,0.6811,fast
data\test\Carrot__Healthy\freshCarrot (91).jpg,Carrot__Healthy,light,224,224,13.56,234.39,97.99,0.0591,1,0.935,44.75,0.8411,1,1.0,109.23,0.6794,1,1.0,86.15,0.6754,fast
data\test\Orange__Rotten\rotated_by_75_Screen Shot 2018-06-12 at 11.31.11 PM.png,Orange__Rotten,heavy,256,218,85.15,431.53,154.57,0.035,1,0.9997,736.04,0.6104,1,1.0,1051.71,0.3649,1,1.0,889.41,0.4073,fast
data\test\Apple__Rotten\vertical_flip_Screen Shot 2018-06-07 at 2.47.20 PM.png,Apple__Rotten,burst,452,440,217.96,31.18,174.95,0.0201,1,0.9435,1411.75,0.3849,1,1.0,1945.75,0.0665,1,0.9982,2490.88,0.0041,fast
data\test\Banana__Rotten\Screen Shot 2018-06-12 at 8.47.28 PM.png,Banana__Rotten,light,652,428,142.79,39.74,207.66,0.0093,1,0.9948,24.87,0.8477,1,1.0,21.72,0.7086,1,1.0,140.11,0.6574,fast
data\test\Apple__Rotten\rottenApple (459).jpg,Apple__Rotten,light,390,280,26.68,1108.05,142.74,0.0538,0,0.5446,116.84,-0.183,0,0.9884,17.32,-0.2899,0,0.8622,30.28,-0.306,fast
data\test\Mango__Healthy\359.jpg,Mango__Healthy,light,224,224,2.87,12.53,145.51,0.0057,1,0.848,22.01,0.8487,1,1.0,94.01,0.6845,1,1.0,45.67,0.6889,fast
data\test\Bellpepper__Healthy\freshPepper (425).jpg,Bellpepper__Healthy,light,224,224,16.37,568.38,81.88,0.0888,1,0.9664,36.6,0.8438,1,0.9999,142.53,0.6683,1,0.9994,146.45,0.6553,fast
data\test\Strawberry__Rotten\929.jpg,Strawberry__Rotten,heavy,224,224,6.95,246.75,115.24,0.0341,1,0.8733,441.57,0.7087,1,1.0,1051.71,0.3649,1,0.9998,1028.8,0.3608,fast
data\test\Banana__Rotten\rotated_by_75_Screen Shot 2018-06-12 at 8.59.02 PM.png,Banana__Rotten,heavy,362,306,85.92,472.57,175.38,0.0337,1,0.9481,658.49,0.6363,1,1.0,1209.76,0.3121,1,0.9996,1099.62,0.3372,fast
data\test\Strawberry__Rotten\304.jpg,Strawberry__Rotten,light,224,224,2.89,47.35,145.24,0.0079,1,0.9407,78.45,0.8298,1,1.0,37.75,0.7033,1,1.0,137.0,0.6584,fast
data\test\Banana__Rotten\rottenBanana (128).jpg,Banana__Rotten,light,3292,2173,941.07,35.47,187.77,0.0028,1,0.9923,48.57,0.8398,1,1.0,189.66,0.6526,1,1.0,68.05,0.6814,fast
data\test\Bellpepper__Rotten\rottenPepper (435).jpg,Bellpepper__Rotten,burst,390,280,25.69,1488.37,191.97,0.0765,1,0.7082,1013.39,0.5178,1,0.999,1762.21,0.1278,1,0.979,1118.71,0.3308,fast
data\test\Tomato__Rotten\rottenTomato (74).jpg,Tomato__Rotten,light,1300,957,92.61,428.34,114.85,0.0368,0,0.355,85.88,-0.1726,1,0.999,112.88,0.6782,1,0.9986,65.7,0.6822,heavy
data\test\Banana__Rotten\rottenBanana (413).jpg,Banana__Rotten,light,224,224,5.65,307.36,126.54,0.0429,1,0.7205,78.45,0.8298,1,0.9995,22.28,0.7084,1,0.9963,42.83,0.6898,fast
data\test\Apple__Rotten\rotated_by_60_Screen Shot 2018-06-07 at 2.59.13 PM.png,Apple__Rotten,light,398,366,180.46,580.15,148.68,0.056,1,0.861,61.18,0.8356,1,0.9989,96.84,0.6835,1,0.9996,65.08,0.6824,fast
data\test\Banana__Healthy\rotated_by_60_Screen Shot 2018-06-12 at 9.54.50 PM.png,Banana__Healthy,burst,450,440,130.62,406.88,186.35,0.0168,1,0.9885,1013.39,0.5178,1,1.0,2598.07,0.0159,1,1.0,2652.06,0.0041,fast
data\test\Cucumber__Healthy\freshCucumber (247).jpg,Cucumber__Healthy,heavy,480,308,5.47,122.86,200.08,0.0102,1,0.8947,726.03,0.6137,1,0.9998,457.55,0.5632,1,0.9987,582.41,0.5098,fast
data\test\Orange__Healthy\saltandpepper_Screen Shot 2018-06-12 at 11.53.17 PM.png,Orange__Healthy,light,160,154,29.87,2557.74,193.01,0.0463,1,0.8374,111.52,0.8188,1,0.9994,113.08,0.6781,1,0.9997,105.47,0.6689,fast
data\test\Strawberry__Healthy\645.jpg,Strawberry__Healthy,light,224,224,8.99,285.93,115.55,0.0422,1,0.8457,16.72,0.8504,1,1.0,17.3,0.7101,1,1.0,137.27,0.6583,fast
data\test\Apple__Rotten\rottenApple (423).jpg,Apple__Rotten,burst,360,314,94.45,29.1,191.79,0.0146,1,0.9557,3136.16,0.156,1,1.0,2592.88,0.0159,1,1.0,2042.34,0.0225,fast
data\test\Mango__Rotten\303.jpg,Mango__Rotten,burst,224,224,3.04,18.0,142.85,0.0125,1,0.8956,1311.57,0.4183,1,1.0,991.72,0.3849,1,0.9999,1616.16,0.1648,fast
data\test\Pomegranate__Rotten\RottenPomegranate (118).jpg,Pomegranate__Rotten,burst,4160,3120,2041.48,8.7,148.79,0.0009,0,0.538,353.86,-0.2621,1,0.9998,2146.52,0.0159,1,1.0,1451.47,0.2197,heavy
data\test\Banana__Healthy\rotated_by_15_Screen Shot 2018-06-12 at 9.41.03 PM.png,Banana__Healthy,light,536,456,225.1,241.35,185.19,0.0136,1,0.9809,58.68,0.8364,1,1.0,115.29,0.6774,1,1.0,140.19,0.6573,fast
data\test\Banana__Healthy\Banana__Healthy_augmented_245.jpg,Banana__Healthy,light,224,224,3.69,305.09,160.4,0.0103,1,0.5301,67.08,0.8336,1,1.0,112.9,0.6782,1,1.0,112.41,0.6666,fast
data\test\Potato__Healthy\freshPotato (11).jpg,Potato__Healthy,heavy,1200,801,140.77,218.84,202.22,0.0302,1,0.5563,345.27,0.7408,1,0.9983,1085.84,0.3535,1,0.9911,890.48,0.4069,fast
data\test\Mango__Healthy\healthy_106.jpg,Mango__Healthy,heavy,224,224,7.05,172.01,99.6,0.0175,1,0.5253,691.17,0.6254,1,0.9999,1042.45,0.368,1,0.9976,1017.76,0.3645,fast
data\test\Mango__Rotten\aspergillus_175.jpg,Mango__Rotten,light,224,224,7.63,370.68,116.71,0.0471,1,0.9417,23.29,0.8483,1,1.0,154.43,0.6643,1,1.0,61.41,0.6836,fast
data\test\Banana__Healthy\Banana__Healthy_augmented_16.jpg,Banana__Healthy,heavy,224,224,5.46,140.15,130.19,0.0226,0,0.4558,475.16,-0.3026,1,1.0,1045.45,0.367,1,0.9996,1219.15,0.2973,balanced
data\test\Banana__Healthy\Banana__Healthy_augmented_200.jpg,Banana__Healthy,light,224,224,4.48,90.66,202.38,0.0187,0,0.4932,89.52,-0.1739,1,1.0,39.46,0.7027,1,0.9998,133.58,0.6596,balanced
data\test\Banana__Healthy\rotated_by_30_Screen Shot 2018-06-12 at 10.07.46 PM.png,Banana__Healthy,heavy,466,322,56.71,474.67,196.94,0.0133,1,0.9766,643.68,0.6412,1,1.0,1080.71,0.3552,1,0.9997,889.41,0.4073,fast
data\test\Cucumber__Rotten\rottenCucumber (107).jpg,Cucumber__Rotten,heavy,100,100,3.6,2293.38,189.87,0.0411,1,0.9565,474.62,0.6976,1,1.0,1228.01,0.306,1,0.9998,1004.42,0.3689,fast
data\test\Mango__Healthy\441.jpg,Mango__Healthy,light,224,224,2.87,14.91,141.85,0.0069,1,0.9591,33.55,0.8448,1,1.0,175.2,0.6574,1,1.0,136.01,0.6587,fast
data\test\Apple__Healthy\FreshApple (17).jpg,Apple__Healthy,heavy,2436,2378,760.58,28.91,173.24,0.0034,1,0.9729,658.5,0.6363,1,0.9994,1131.29,0.3383,1,0.9715,4085.7,0.0041,fast
data\test\Tomato__Healthy\freshTomato (160).png,Tomato__Healthy,light,480,322,196.71,471.82,145.53,0.0836,1,0.9993,80.0,0.8293,1,1.0,43.73,0.7013,1,0.9999,122.96,0.6631,fast
data\test\Orange__Rotten\saltandpepper_Screen Shot 2018-06-12 at 11.22.58 PM.png,Orange__Rotten,light,282,286,146.87,2550.13,166.3,0.0844,1,0.9985,75.76,0.8307,1,1.0,93.23,0.6848,1,0.9969,79.14,0.6777,fast
data\test\Strawberry__Rotten\36.jpg,Strawberry__Rotten,light,224,224,4.48,94.91,114.55,0.0257,1,0.9528,105.25,0.8209,1,1.0,175.44,0.6573,1,0.9999,172.67,0.6465,fast
data\test\Banana__Rotten\Screen Shot 2018-06-12 at 9.20.52 PM.png,Banana__Rotten,heavy,248,366,128.31,48.87,157.88,0.0252,1,0.979,739.31,0.6093,1,0.9999,458.58,0.5628,1,0.9996,1109.23,0.3339,fast
data\test\Strawberry__Rotten\272.jpg,Strawberry__Rotten,light,224,224,3.38,90.71,143.22,0.0175,1,0.9796,41.18,0.8423,1,1.0,24.55,0.7077,1,1.0,52.76,0.6865,fast
data\test\Banana__Rotten\rotated_by_30_Screen Shot 2018-06-12 at 8.57.14 PM.png,Banana__Rotten,light,592,492,251.51,286.44,123.28,0.0241,1,0.999,20.12,0.8493,1,1.0,102.97,0.6815,1,1.0,143.92,0.6561,fast
data\test\Banana__Healthy\rotated_by_15_Screen Shot 2018-06-12 at 9.55.33 PM.png,Banana__Healthy,heavy,454,326,34.89,383.52,219.71,0.0054,1,0.9419,701.65,0.6219,1,1.0,1180.37,0.3219,1,1.0,996.18,0.3717,fast
data\test\Mango__Rotten\629.jpg,Mango__Rotten,light,224,224,10.2,346.41,112.3,0.0816,1,0.9869,64.82,0.8344,1,1.0,135.24,0.6707,1,1.0,255.02,0.619,fast
data\test\Orange__Rotten\rotated_by_75_Screen Shot 2018-06-12 at 11.25.07 PM.png,Orange__Rotten,heavy,376,368,191.79,295.53,171.69,0.0299,1,1.0,472.47,0.6983,1,1.0,1085.53,0.3536,1,1.0,1239.57,0.2904,fast
data\test\Apple__Healthy\FreshApple (74).jpg,Apple__Healthy,burst,4160,3120,2893.85,27.02,172.42,0.0008,1,0.7017,569.31,0.666,1,1.0,1071.43,0.3583,1,1.0,2588.98,0.0041,fast
data\test\Tomato__Rotten\rottenTomato (132).jpg,Tomato__Rotten,light,443,313,234.03,494.08,194.33,0.0719,0,0.8789,60.56,-0.1642,1,0.9995,73.94,0.6912,1,0.9957,207.89,0.6348,balanced
data\test\Banana__Rotten\vertical_flip_Screen Shot 2018-06-12 at 9.00.11 PM.png,Banana__Rotten,light,664,430,96.06,59.98,206.31,0.0082,1,0.961,51.65,0.8388,1,1.0,174.81,0.6575,1,1.0,62.0,0.6834,fast
data\test\Mango__Healthy\freshMango (1).jpg,Mango__Healthy,heavy,500,417,25.16,72.51,207.83,0.0107,0,0.7481,627.56,-0.3534,0,0.8653,1210.31,-0.6881,0,0.7202,1069.83,-0.6529,fast
data\test\Orange__Rotten\rotated_by_75_Screen Shot 2018-06-12 at 11.41.44 PM.png,Orange__Rotten,light,418,374,171.61,185.82,134.64,0.0202,1,0.9982,29.23,0.8463,1,1.0,49.05,0.6995,1,1.0,32.68,0.6932,fast
data\test\Bellpepper__Rotten\rottenPepper (413).jpg,Bellpepper__Rotten,heavy,300,168,6.5,1023.61,45.24,0.1084,0,0.3131,644.73,-0.3591,0,0.6092,1163.75,-0.6725,1,0.9109,1017.24,0.3646,heavy
data\test\Strawberry__Rotten\925.jpg,Strawberry__Rotten,light,224,224,7.29,201.74,127.3,0.0417,1,0.859,16.72,0.8504,1,0.9983,48.49,0.6997,1,0.9998,158.24,0.6513,fast
data\test\Cucumber__Healthy\freshCucumber (193).jpg,Cucumber__Healthy,light,4032,3024,1118.96,22.27,150.88,0.0007,1,0.9874,108.04,0.82,1,1.0,34.7,0.7043,1,0.9996,138.23,0.658,fast
data\test\Orange__Rotten\rotated_by_60_Screen Shot 2018-06-12 at 11.40.23 PM.png,Orange__Rotten,light,358,310,131.92,578.79,149.45,0.0211,1,0.995,39.63,0.8428,1,1.0,27.52,0.7067,1,0.9999,22.06,0.6968,fast
data\test\Banana__Rotten\rottenBanana (318).jpg,Banana__Rotten,light,224,224,5.75,227.9,136.57,0.0523,1,0.8678,174.21,0.7979,1,1.0,49.05,0.6995,1,1.0,136.58,0.6585,fast
data\test\Apple__Rotten\vertical_flip_Screen Shot 2018-06-08 at 2.36.55 PM.png,Apple__Rotten,light,372,368,122.91,26.2,199.14,0.0135,1,0.6484,11.12,0.8523,1,1.0,148.59,0.6663,1,1.0,68.92,0.6811,fast
data\test\Orange__Healthy\rotated_by_75_Screen Shot 2018-06-13 at 12.02.33 AM.png,Orange__Healthy,light,292,244,82.13,482.9,142.44,0.0187,1,0.9723,62.5,0.8352,1,1.0,69.49,0.6927,1,0.9998,45.67,0.6889,fast
data\test\Apple__Healthy\rotated_by_30_Screen Shot 2018-06-08 at 5.25.02 PM.png,Apple__Healthy,light,350,322,136.12,401.3,136.14,0.0158,1,0.8714,21.36,0.8489,1,1.0,92.25,0.6851,1,1.0,192.5,0.6399,fast
data\test\Apple__Rotten\rotated_by_45_Screen Shot 2018-06-07 at 2.24.47 PM.png,Apple__Rotten,heavy,334,300,96.34,680.2,153.63,0.0254,1,0.9899,211.49,0.7854,1,1.0,1323.41,0.2742,1,1.0,1106.14,0.335,fast
data\test\Apple__Healthy\rotated_by_15_Screen Shot 2018-06-08 at 5.25.02 PM.png,Apple__Healthy,heavy,350,322,138.69,347.45,149.01,0.0123,1,0.8097,739.31,0.6093,1,1.0,462.39,0.5616,1,1.0,923.42,0.396,fast
data\test\Orange__Rotten\vertical_flip_Screen Shot 2018-06-12 at 11.21.48 PM.png,Orange__Rotten,light,286,238,77.88,68.95,200.71,0.0386,1,0.9998,122.37,0.8152,1,1.0,168.9,0.6595,1,0.9983,88.17,0.6747,fast
data\test\Mango__Healthy\76.jpg,Mango__Healthy,heavy,224,224,3.24,27.22,59.51,0.0058,1,0.8826,580.03,0.6624,1,1.0,1085.53,0.3536,1,1.0,481.53,0.5434,fast
data\test\Carrot__Healthy\freshCarrot (480).jpg,Carrot__Healthy,burst,3072,2048,3110.5,41.81,97.55,0.0033,0,0.5015,306.72,-0.2463,1,0.9816,658.22,0.4962,1,0.962,2488.73,0.0041,balanced
data\test\Mango__Healthy\402.jpg,Mango__Healthy,light,224,224,3.02,62.88,145.27,0.0086,1,0.9377,31.55,0.8455,1,1.0,61.16,0.6955,1,1.0,77.02,0.6784,fast
data\test\Banana__Rotten\Screen Shot 2018-06-12 at 9.16.34 PM.png,Banana__Rotten,light,548,430,253.87,148.48,200.11,0.058,1,1.0,155.16,0.8042,1,1.0,39.46,0.7027,1,0.9999,107.12,0.6684,fast
data\test\Orange__Rotten\saltandpepper_Screen Shot 2018-06-12 at 11.29.03 PM.png,Orange__Rotten,light,438,408,232.97,2473.58,126.38,0.0362,1,0.9903,67.19,0.8336,1,1.0,96.84,0.6835,1,1.0,59.92,0.6841,fast
data\test\Pomegranate__Healthy\FreshPomegranate (27).jpg,Pomegranate__Healthy,burst,1380,1569,307.44,48.72,92.78,0.0042,1,0.4636,1336.09,0.4101,1,0.9997,1243.19,0.301,1,0.9977,225.37,0.6289,heavy
data\test\Banana__Rotten\rottenBanana (204).jpg,Banana__Rotten,heavy,598,340,96.38,62.13,213.78,0.0164,1,0.7438,471.96,0.6985,1,0.9986,1064.26,0.3607,1,0.9867,533.09,0.5262,fast
data\test\Tomato__Healthy\freshTomato (255).png,Tomato__Healthy,light,480,322,182.35,686.71,147.65,0.0658,1,0.9169,14.41,0.8512,1,1.0,50.6,0.699,1,0.9997,149.42,0.6543,fast
data\test\Banana__Rotten\rotated_by_75_Screen Shot 2018-06-12 at 9.26.21 PM.png,Banana__Rotten,burst,656,408,266.24,148.44,99.98,0.0183,0,0.8475,1568.06,-0.6673,1,1.0,1500.85,0.215,1,0.9998,1649.44,0.1537,balanced
data\test\Tomato__Healthy\freshTomato (67).jpg,Tomato__Healthy,light,1600,1067,121.59,37.92,123.52,0.0128,1,0.8534,63.59,0.8348,1,0.9986,147.0,0.6668,1,0.9999,21.37,0.697,fast
data\test\Orange__Rotten\Screen Shot 2018-06-12 at 11.37.07 PM.png,Orange__Rotten,light,326,354,116.32,28.52,212.75,0.0116,1,0.9879,67.19,0.8336,1,1.0,51.22,0.6988,1,1.0,47.38,0.6883,fast
data\test\Orange__Healthy\Screen Shot 2018-06-12 at 11.55.58 PM.png,Orange__Healthy,light,346,334,162.6,45.63,182.54,0.0242,1,0.9972,80.54,0.8291,1,1.0,147.28,0.6667,1,1.0,30.34,0.694,fast
data\test\Mango__Healthy\freshMango (89).jpg,Mango__Healthy,light,224,224,10.76,543.37,119.83,0.1651,1,0.9899,20.67,0.8491,1,1.0,175.12,0.6574,1,0.9998,59.73,0.6842,fast
data\test\Apple__Rotten\rottenApple (142).jpg,Apple__Rotten,heavy,3120,4160,1707.25,14.45,202.28,0.0004,1,0.6897,561.87,0.6685,1,0.9929,627.51,0.5064,1,0.9966,1108.18,0.3343,fast
data\test\Apple__Rotten\rotated_by_45_Screen Shot 2018-06-08 at 2.30.26 PM.png,Apple__Rotten,light,444,366,142.61,526.61,149.27,0.0155,1,0.6435,60.51,0.8358,1,0.97,229.7,0.6392,1,0.9548,24.02,0.6961,fast
data\test\Mango__Healthy\547.jpg,Mango__Healthy,light,224,224,10.62,492.39,117.85,0.1405,1,0.981,24.22,0.8479,1,1.0,62.34,0.6951,1,1.0,84.31,0.676,fast
data\test\Apple__Rotten\rotated_by_45_Screen Shot 2018-06-08 at 2.40.56 PM.png,Apple__Rotten,light,390,424,142.63,472.64,165.97,0.0159,1,0.9721,40.59,0.8425,1,1.0,62.01,0.6952,1,1.0,154.18,0.6527,fast
data\test\Banana__Rotten\rotated_by_60_Screen Shot 2018-06-12 at 9.25.12 PM.png,Banana__Rotten,heavy,550,386,119.8,404.85,166.13,0.0186,1,0.9955,1342.85,0.4079,1,0.9999,1086.39,0.3533,1,1.0,998.4,0.3709,fast
data\test\Banana__Rotten\rotated_by_15_Screen Shot 2018-06-12 at 9.08.43 PM.png,Banana__Rotten,burst,424,352,178.66,441.28,138.83,0.063,1,1.0,960.97,0.5353,1,1.0,2213.2,0.0159,1,1.0,855.35,0.4187,fast
data\test\Apple__Healthy\rotated_by_15_Screen Shot 2018-06-08 at 5.21.44 PM.png,Apple__Healthy,heavy,372,370,153.22,469.79,130.81,0.0263,1,0.9917,628.61,0.6462,1,1.0,1192.34,0.3179,1,1.0,586.55,0.5084,fast
data\test\Apple__Healthy\rotated_by_75_Screen Shot 2018-06-08 at 5.34.01 PM.png,Apple__Healthy,light,362,332,143.86,446.07,141.37,0.0255,1,0.9212,103.09,0.8216,1,1.0,197.44,0.65,1,1.0,157.19,0.6517,fast
data\test\Guava__Healthy\FreshGuava (53).jpg,Guava__Healthy,light,1200,1600,110.98,46.21,156.45,0.011,1,0.9556,46.34,0.8406,1,1.0,415.92,0.5771,1,0.9998,137.64,0.6582,fast
data\test\Mango__Healthy\freshMango (10).png,Mango__Healthy,light,320,258,94.45,996.28,118.45,0.0558,0,0.5115,36.12,-0.156,1,0.9958,86.87,0.6869,1,0.9961,22.86,0.6965,heavy
data\test\Carrot__Rotten\rottenCarrot (480).jpg,Carrot__Rotten,burst,275,183,3.96,363.1,155.81,0.0298,0,0.5166,1015.05,-0.4827,1,0.9968,1693.95,0.1505,1,0.9786,225.37,0.6289,heavy
data\test\Apple__Healthy\rotated_by_15_Screen Shot 2018-06-08 at 5.14.44 PM.png,Apple__Healthy,heavy,372,364,135.61,457.94,152.97,0.045,1,0.9316,581.09,0.6621,1,1.0,1255.02,0.297,1,1.0,998.4,0.3709,fast
data\test\Cucumber__Healthy\freshCucumber (229).jpg,Cucumber__Healthy,heavy,1024,1240,225.67,448.88,128.24,0.0567,0,0.7414,628.61,-0.3538,1,0.9998,1045.97,0.3668,1,0.994,836.45,0.425,heavy
data\test\Cucumber__Rotten\rottenCucumber (39).jpg,Cucumber__Rotten,light,100,100,4.89,3788.53,169.69,0.0983,1,0.998,26.9,0.847,1,1.0,206.25,0.647,1,1.0,135.37,0.659,fast
data\test\Potato__Healthy\freshPotato (27).jpg,Potato__Healthy,light,275,183,7.85,1269.45,161.42,0.0912,1,0.8549,20.66,0.8491,1,0.993,148.37,0.6664,1,0.9639,25.29,0.6957,fast
data\test\Mango__Rotten\496.jpg,Mango__Rotten,light,224,224,10.11,402.85,113.36,0.0833,1,0.9971,19.8,0.8494,1,1.0,96.84,0.6835,1,1.0,83.75,0.6762,fast
data\test\Bellpepper__Healthy\freshPepper (593).jpg,Bellpepper__Healthy,heavy,100,100,2.23,511.62,185.65,0.1032,1,0.8814,583.09,0.6614,1,0.9981,849.39,0.4324,1,0.9966,1029.31,0.3606,fast
data\test\Mango__Rotten\299.jpg,Mango__Rotten,burst,224,224,4.49,352.05,138.89,0.0362,0,0.484,11.38,-0.1478,1,1.0,2088.43,0.0189,1,1.0,1771.28,0.113,heavy
data\test\Banana__Rotten\rottenBanana (313).jpg,Banana__Rotten,heavy,224,224,5.88,272.83,123.44,0.0513,1,0.8194,621.14,0.6487,1,1.0,1162.08,0.328,1,0.9999,1084.7,0.3421,fast
data\test\Orange__Rotten\vertical_flip_Screen Shot 2018-06-12 at 11.23.13 PM.png,Orange__Rotten,light,520,440,237.58,33.37,199.06,0.0175,1,0.9911,69.19,0.8329,1,1.0,90.74,0.6856,1,0.9995,80.67,0.6772,fast
data\test\Mango__Healthy\344.jpg,Mango__Healthy,light,224,224,2.98,12.86,147.15,0.0066,1,0.9045,89.08,0.8263,1,1.0,109.23,0.6794,1,0.9999,146.02,0.6554,fast
data\test\Carrot__Rotten\rottenCarrot (195).jpg,Carrot__Rotten,light,310,163,11.41,1862.88,123.83,0.202,1,0.775,72.56,0.8318,1,0.8909,46.35,0.7004,1,0.9991,24.02,0.6961,fast
data\test\Mango__Rotten\316.jpg,Mango__Rotten,light,224,224,3.68,30.58,133.47,0.015,1,0.9895,51.35,0.8389,1,1.0,72.94,0.6915,1,0.9986,110.82,0.6671,fast
data\test\Banana__Healthy\freshBanana (178).png,Banana__Healthy,light,320,258,110.39,2302.51,82.25,0.0902,0,0.588,116.07,-0.1827,1,1.0,67.02,0.6935,1,0.9996,66.88,0.6818,balanced
data\test\Apple__Healthy\rotated_by_60_Screen Shot 2018-06-08 at 5.29.31 PM.png,Apple__Healthy,light,400,422,147.93,435.78,171.17,0.0147,1,0.997,24.28,0.8479,1,1.0,135.72,0.6706,1,1.0,166.54,0.6486,fast
data\test\Mango__Rotten\810.jpg,Mango__Rotten,burst,224,224,6.26,119.93,93.96,0.0278,1,0.9959,961.95,0.535,1,1.0,2018.42,0.0423,1,0.9999,1924.07,0.062,fast
data\test\Potato__Healthy\freshPotato (604).jpg,Potato__Healthy,light,1600,900,684.94,1305.22,142.69,0.1459,1,0.8684,9.15,0.853,1,0.9999,95.3,0.6841,1,0.9954,70.93,0.6805,fast
data\test\Carrot__Healthy\freshCarrot (5).png,Carrot__Healthy,light,2972,1820,3092.79,27.48,225.23,0.0039,1,0.5506,147.15,0.8069,1,1.0,145.8,0.6672,1,0.9936,168.42,0.6479,fast
data\test\Apple__Healthy\saltandpepper_Screen Shot 2018-06-08 at 5.06.33 PM.png,Apple__Healthy,light,212,152,25.41,3345.76,221.71,0.0334,1,0.9804,21.86,0.8487,1,0.9973,96.18,0.6838,1,0.9971,164.98,0.6491,fast
data\test\Banana__Healthy\rotated_by_75_Screen Shot 2018-06-12 at 9.41.57 PM.png,Banana__Healthy,burst,486,478,131.84,306.91,203.32,0.0099,1,0.977,783.78,0.5945,1,1.0,1610.69,0.1783,1,1.0,3140.46,0.0041,fast
data\test\Strawberry__Healthy\freshStrawberry (404).jpg,Strawberry__Healthy,light,224,224,2.98,36.78,140.29,0.0083,1,0.8796,16.9,0.8504,1,1.0,53.48,0.698,1,1.0,59.11,0.6844,fast
data\test\Grape__Rotten\RottenGrape (165).jpg,Grape__Rotten,heavy,755,744,96.63,53.97,150.04,0.011,1,0.6637,683.81,0.6278,1,0.9998,1185.17,0.3203,1,1.0,1072.37,0.3462,fast
data\test\Bellpepper__Healthy\freshPepper (276).jpg,Bellpepper__Healthy,light,224,224,10.46,242.55,117.19,0.0407,1,0.8232,108.04,0.82,1,0.9985,114.37,0.6777,1,0.9999,59.64,0.6842,fast
data\test\Banana__Healthy\freshBanana (74).jpg,Banana__Healthy,light,982,773,75.31,12.01,165.22,0.0037,1,0.8778,155.16,0.8042,1,0.9999,89.75,0.6859,1,0.9992,126.01,0.6621,fast
data\test\Bellpepper__Rotten\rottenPepper (331).jpg,Bellpepper__Rotten,burst,100,100,6.0,4265.81,210.65,0.1622,0,0.456,1311.59,-0.5817,0,0.5071,661.83,-0.505,1,0.41,2487.69,0.0041,heavy
data\test\Banana__Healthy\freshBanana (10).png,Banana__Healthy,light,320,258,122.27,1525.7,142.49,0.0837,1,0.674,72.99,0.8317,1,0.9996,230.44,0.639,1,0.9998,68.94,0.6811,fast
data\test\Tomato__Healthy\freshTomato (157).jpg,Tomato__Healthy,light,224,224,4.36,194.28,53.06,0.0132,0,0.3848,67.01,-0.1663,1,0.9989,108.47,0.6797,1,1.0,107.99,0.6681,balanced
data\test\Bellpepper__Rotten\rottenPepper (668).jpg,Bellpepper__Rotten,heavy,183,275,6.07,136.18,211.81,0.0195,0,0.6325,623.73,-0.3521,0,0.4753,271.83,-0.3749,1,0.4601,1922.68,0.0625,heavy
data\test\Carrot__Healthy\freshCarrot (286).jpg,Carrot__Healthy,heavy,224,224,14.98,575.49,84.74,0.0689,1,0.9716,726.55,0.6135,1,1.0,1322.89,0.2744,1,1.0,906.45,0.4016,fast
data\test\Guava__Rotten\RottenGuava (186).jpg,Guava__Rotten,light,2472,1912,693.88,75.29,120.71,0.0088,1,0.9052,57.96,0.8367,1,0.9999,87.03,0.6868,1,0.9997,221.33,0.6303,fast
data\test\Mango__Rotten\rottenMango (351).jpg,Mango__Rotten,heavy,590,393,123.34,411.32,232.29,0.0404,0,0.2844,780.19,-0.4044,1,0.9402,1111.16,0.345,1,0.9813,1076.69,0.3448,balanced
data\test\Bellpepper__Rotten\rottenPepper (295).jpg,Bellpepper__Rotten,burst,390,280,16.51,1167.19,198.85,0.0495,0,0.803,473.77,-0.3021,1,0.9991,991.19,0.3851,1,0.9809,1120.23,0.3303,balanced
data\test\Strawberry__Rotten\rottenStrawberry (363).jpg,Strawberry__Rotten,light,656,1050,116.37,603.99,185.12,0.1163,1,0.6134,43.92,0.8414,1,0.9803,66.14,0.6938,1,0.9913,45.21,0.689,fast
data\test\Mango__Rotten\432.jpg,Mango__Rotten,heavy,224,224,9.96,379.18,104.31,0.0591,1,0.9885,648.76,0.6395,1,1.0,458.07,0.563,1,1.0,992.78,0.3728,fast
data\test\Apple__Rotten\rotated_by_75_Screen Shot 2018-06-07 at 2.16.41 PM.png,Apple__Rotten,light,358,390,143.1,427.61,152.16,0.0317,1,0.8712,54.61,0.8378,1,1.0,182.01,0.6551,1,1.0,136.23,0.6587,fast
data\test\Jujube__Healthy\FreshJujube (44).jpg,Jujube__Healthy,heavy,4160,3120,2612.99,21.33,166.19,0.0001,1,0.8787,1461.87,0.3682,1,0.9972,1097.19,0.3497,1,0.9773,1006.19,0.3683,heavy
data\test\Orange__Healthy\rotated_by_60_Screen Shot 2018-06-13 at 12.00.23 AM.png,Orange__Healthy,heavy,296,298,95.29,592.16,149.35,0.03,1,0.9865,519.38,0.6827,1,1.0,1184.46,0.3206,1,0.9989,1239.57,0.2904,fast
data\test\Apple__Rotten\rotated_by_45_Screen Shot 2018-06-08 at 2.37.24 PM.png,Apple__Rotten,burst,336,346,127.68,568.89,149.76,0.0161,1,0.9936,1040.17,0.5089,1,0.9999,1726.76,0.1396,1,0.9889,796.42,0.4383,fast
data\test\Bellpepper__Healthy\freshPepper (550).jpg,Bellpepper__Healthy,heavy,224,224,11.37,262.92,119.22,0.0632,1,0.9808,51.21,0.8389,1,0.9999,851.55,0.4317,1,1.0,994.83,0.3721,fast
data\test\Orange__Rotten\rottenOrange (56).jpg,Orange__Rotten,light,2920,2363,854.19,21.81,148.38,0.0017,1,0.6447,73.0,0.8317,1,0.928,212.29,0.645,1,0.9905,50.27,0.6874,fast
data\test\Apple__Rotten\rotated_by_75_Screen Shot 2018-06-07 at 2.43.34 PM.png,Apple__Rotten,burst,396,366,116.38,385.39,185.06,0.0143,1,0.5839,387.11,0.7268,1,1.0,232.91,0.6381,1,1.0,1215.87,0.2984,fast
data\test\Mango__Rotten\155.jpg,Mango__Rotten,burst,224,224,3.85,81.92,118.85,0.0202,1,0.9916,1601.95,0.3214,1,1.0,661.83,0.495,1,0.9999,794.86,0.4389,balanced
data\test\Orange__Rotten\rotated_by_15_Screen Shot 2018-06-12 at 11.32.13 PM.png,Orange__Rotten,light,450,440,239.56,300.84,164.09,0.0171,1,0.7651,92.24,0.8252,1,0.999,41.82,0.7019,1,0.9998,62.14,0.6834,fast
data\test\Mango__Rotten\alternaria_039.jpg,Mango__Rotten,burst,224,224,6.91,470.4,168.29,0.0218,1,0.8864,1082.32,0.4948,1,0.9989,924.16,0.4074,1,0.9974,1756.49,0.1179,fast
data\test\Orange__Rotten\vertical_flip_Screen Shot 2018-06-12 at 11.29.51 PM.png,Orange__Rotten,light,388,356,156.27,42.08,192.05,0.0304,1,0.9469,46.24,0.8406,1,0.9999,120.93,0.6755,1,0.9996,169.06,0.6477,fast
data\test\Apple__Rotten\vertical_flip_Screen Shot 2018-06-08 at 2.51.28 PM.png,Apple__Rotten,light,398,376,148.83,40.21,182.24,0.0195,1,0.9738,37.16,0.8436,1,1.0,124.54,0.6743,1,0.9997,83.16,0.6764,fast
data\test\Banana__Rotten\saltandpepper_Screen Shot 2018-06-12 at 9.00.38 PM.png,Banana__Rotten,light,506,302,121.6,3121.24,174.39,0.053,1,0.9541,15.2,0.8509,1,0.9999,182.01,0.6551,1,0.9963,177.62,0.6449,fast
data\test\Mango__Rotten\rottenMango (29).jpg,Mango__Rotten,heavy,224,224,10.08,304.8,113.42,0.091,1,0.9916,814.43,0.5842,1,1.0,1051.2,0.365,1,1.0,1018.27,0.3643,fast
data\test\Orange__Healthy\rotated_by_30_Screen Shot 2018-06-13 at 12.04.34 AM.png,Orange__Healthy,light,256,260,63.08,473.3,150.33,0.0181,1,0.9486,123.4,0.8148,1,1.0,97.75,0.6832,1,0.9974,78.9,0.6778,fast
data\test\Mango__Healthy\900.jpg,Mango__Healthy,heavy,224,224,5.77,64.91,108.59,0.014,1,0.9448,733.51,0.6112,1,1.0,375.2,0.5907,1,1.0,998.4,0.3709,fast
data\test\Mango__Rotten\rottenMango (552).jpg,Mango__Rotten,heavy,224,224,4.79,165.11,130.35,0.0276,1,0.9555,755.11,0.604,1,1.0,820.25,0.4421,1,0.9999,766.43,0.4483,fast
data\test\Banana__Healthy\Banana__Healthy_augmented_333.jpg,Banana__Healthy,light,224,224,7.15,134.83,135.01,0.0385,0,0.3604,19.2,-0.1504,1,1.0,136.16,0.6704,1,0.9974,120.99,0.6638,balanced
data\test\Banana__Healthy\Banana__Healthy_augmented_44.jpg,Banana__Healthy,heavy,224,224,6.52,204.51,130.98,0.039,1,0.4134,631.18,0.6454,1,1.0,338.28,0.603,1,0.6929,1110.37,0.3336,fast
data\test\Grape__Healthy\FreshGrape (71).jpg,Grape__Healthy,heavy,591,635,40.92,25.65,171.45,0.0074,1,0.7814,560.29,0.669,1,0.9998,1050.77,0.3652,1,0.9998,389.51,0.5741,fast
data\test\Banana__Healthy\freshBanana (400).jpg,Banana__Healthy,light,224,224,6.99,176.5,127.89,0.0196,1,0.979,95.9,0.824,1,1.0,122.07,0.6751,1,0.9999,69.11,0.6811,fast
data\test\Carrot__Rotten\rottenCarrot (323).jpg,Carrot__Rotten,light,100,100,7.6,2668.96,173.46,0.2115,1,0.621,66.15,0.8339,0,0.7816,62.29,-0.3049,1,0.8959,184.19,0.6427,fast
data\test\Banana__Rotten\saltandpepper_Screen Shot 2018-06-12 at 8.47.14 PM.png,Banana__Rotten,burst,626,398,172.25,3357.31,217.13,0.0491,0,0.4739,1077.53,-0.5036,1,0.9995,658.22,0.4962,1,0.9994,649.26,0.4875,balanced
data\test\Apple__Rotten\rotated_by_60_Screen Shot 2018-06-07 at 2.58.17 PM.png,Apple__Rotten,heavy,342,316,90.35,555.6,168.26,0.0193,1,0.9043,624.29,0.6477,1,1.0,1132.31,0.338,1,1.0,1076.54,0.3449,fast
data\test\Cucumber__Healthy\freshCucumber (553).jpg,Cucumber__Healthy,burst,480,848,19.47,40.02,164.14,0.0065,1,0.9528,1355.71,0.4036,1,0.9988,1821.15,0.1081,1,0.9909,1356.72,0.2514,fast
data\test\Tomato__Rotten\rottenTomato (52).jpg,Tomato__Rotten,burst,265,190,5.78,844.65,200.79,0.0659,0,0.4976,1083.35,-0.5055,1,0.9222,2552.4,0.0159,1,0.9715,1605.56,0.1683,heavy
data\test\Apple__Rotten\rotated_by_60_Screen Shot 2018-06-07 at 2.17.15 PM.png,Apple__Rotten,burst,370,338,120.02,508.62,149.8,0.0207,1,0.9428,1414.33,0.384,1,1.0,1365.89,0.26,1,1.0,2090.3,0.0065,fast
data\test\Grape__Rotten\RottenGrape (50).jpg,Grape__Rotten,light,1174,1258,144.97,14.32,137.18,0.0036,1,0.8745,159.75,0.8027,1,1.0,66.14,0.6938,1,0.9999,80.67,0.6772,fast
data\test\Apple__Healthy\translation_Screen Shot 2018-06-08 at 5.34.07 PM.png,Apple__Healthy,light,410,362,131.26,641.7,163.6,0.0155,1,0.9871,16.13,0.8506,1,1.0,54.73,0.6976,1,0.9999,79.14,0.6777,fast
data\test\Mango__Rotten\401.jpg,Mango__Rotten,burst,224,224,4.32,116.51,136.42,0.0287,1,0.9931,81.62,0.8288,1,1.0,249.44,0.6326,1,0.9997,2489.24,0.0041,fast
data\test\Apple__Rotten\translation_Screen Shot 2018-06-08 at 2.40.46 PM.png,Apple__Rotten,heavy,314,306,76.66,786.78,160.18,0.0179,1,0.9192,582.92,0.6615,1,0.9969,1067.04,0.3598,1,0.9968,3525.91,0.0041,fast
data\test\Strawberry__Rotten\669.jpg,Strawberry__Rotten,light,224,224,10.93,667.59,115.73,0.1219,1,0.994,164.25,0.8012,1,1.0,147.0,0.6668,1,1.0,169.14,0.6477,fast
data\test\Strawberry__Rotten\270.jpg,Strawberry__Rotten,light,224,224,2.84,51.41,141.33,0.0067,1,0.9362,13.94,0.8514,1,1.0,81.48,0.6887,1,1.0,183.69,0.6428,fast
data\test\Orange__Rotten\vertical_flip_Screen Shot 2018-06-12 at 11.25.11 PM.png,Orange__Rotten,burst,480,370,229.3,68.83,192.0,0.036,1,0.9998,1331.32,0.4117,1,1.0,1726.76,0.1396,1,0.9875,1440.7,0.2233,fast
data\test\Strawberry__Rotten\134.jpg,Strawberry__Rotten,heavy,224,224,2.87,34.01,133.66,0.0075,1,0.8462,741.32,0.6086,1,0.9997,1020.03,0.3755,1,0.9999,1109.35,0.3339,fast
data\test\Banana__Rotten\rottenBanana (448).jpg,Banana__Rotten,heavy,224,224,3.99,82.67,140.21,0.0218,1,0.6465,732.84,0.6114,1,1.0,1361.81,0.2614,1,1.0,923.42,0.396,fast
data\test\Orange__Healthy\freshOrange (250).png,Orange__Healthy,heavy,320,258,109.1,1157.23,131.32,0.0515,1,0.9345,685.24,0.6273,1,0.9999,1162.82,0.3278,1,1.0,581.64,0.51,fast
data\test\Mango__Rotten\222.jpg,Mango__Rotten,light,224,224,3.75,35.6,144.76,0.0123,1,0.9866,60.87,0.8357,1,1.0,70.38,0.6924,1,0.9999,61.41,0.6836,fast
data\test\Mango__Healthy\58.jpg,Mango__Healthy,heavy,224,224,3.33,21.94,70.85,0.0057,1,0.9599,819.64,0.5825,1,1.0,1143.16,0.3344,1,0.9999,1023.75,0.3625,fast
data\test\Orange__Healthy\vertical_flip_Screen Shot 2018-06-12 at 11.50.54 PM.png,Orange__Healthy,light,428,412,181.02,64.14,191.37,0.0175,1,0.9942,65.2,0.8343,1,1.0,108.47,0.6797,1,1.0,118.02,0.6647,fast
data\test\Banana__Rotten\saltandpepper_Screen Shot 2018-06-12 at 8.50.47 PM.png,Banana__Rotten,light,696,388,138.36,3310.79,203.85,0.0366,1,0.9988,8.98,0.853,1,1.0,25.89,0.7072,1,1.0,83.16,0.6764,fast
data\test\Strawberry__Healthy\558.jpg,Strawberry__Healthy,light,224,224,3.55,67.15,141.78,0.011,1,0.8984,58.92,0.8364,1,1.0,73.94,0.6912,1,1.0,97.72,0.6715,fast
data\test\Potato__Healthy\freshPotato (253).jpg,Potato__Healthy,light,100,100,4.48,1526.41,184.53,0.0437,1,0.9538,32.1,0.8453,1,1.0,104.16,0.6811,1,0.9999,24.44,0.696,fast
data\test\Strawberry__Rotten\920.jpg,Strawberry__Rotten,light,224,224,6.43,134.11,108.86,0.0234,1,0.7935,34.92,0.8444,1,1.0,70.0,0.6925,1,0.9976,58.9,0.6845,fast
data\test\Orange__Rotten\saltandpepper_Screen Shot 2018-06-12 at 11.21.29 PM.png,Orange__Rotten,heavy,490,410,204.14,2382.2,167.08,0.0557,0,0.7867,624.29,-0.3523,1,0.7501,1180.37,0.3219,1,0.9569,1005.95,0.3684,heavy
data\test\Bellpepper__Healthy\freshPepper (136).jpg,Bellpepper__Healthy,heavy,1024,768,124.04,84.03,98.18,0.0354,1,0.8388,520.06,0.6825,1,0.9902,1185.78,0.3201,1,0.9938,1251.81,0.2864,fast
data\test\Strawberry__Rotten\431.jpg,Strawberry__Rotten,light,224,224,3.59,109.73,145.81,0.0141,1,0.9756,42.7,0.8418,1,1.0,57.89,0.6965,1,1.0,133.62,0.6595,fast
data\test\Mango__Rotten\135.jpg,Mango__Rotten,light,224,224,4.3,323.15,118.79,0.0339,1,0.9969,50.9,0.839,1,1.0,122.07,0.6751,1,1.0,135.37,0.659,fast
data\test\Mango__Rotten\aspergillus_124.jpg,Mango__Rotten,light,224,224,7.66,630.66,131.81,0.0349,1,0.984,61.18,0.8356,1,1.0,73.71,0.6913,1,0.9999,120.99,0.6638,fast
data\test\Bellpepper__Healthy\freshPepper (102).jpg,Bellpepper__Healthy,light,1200,628,43.75,87.81,108.56,0.0278,1,0.9273,87.08,0.827,1,0.9865,300.59,0.6155,1,0.891,97.82,0.6715,fast
data\test\Apple__Rotten\rotated_by_15_Screen Shot 2018-06-07 at 2.38.28 PM.png,Apple__Rotten,heavy,200,208,40.87,762.23,181.81,0.0287,1,0.7899,643.68,0.6412,1,0.9986,1037.14,0.3697,1,0.9976,1265.81,0.2817,fast
data\test\Banana__Healthy\Banana__Healthy_augmented_341.jpg,Banana__Healthy,heavy,224,224,6.29,468.78,151.04,0.0307,1,0.9612,579.3,0.6627,1,0.9973,983.0,0.3878,1,0.9999,922.51,0.3963,fast
data\test\Guava__Rotten\RottenGuava (2).jpg,Guava__Rotten,burst,3459,2979,1420.83,77.85,148.37,0.008,1,0.8279,444.53,0.7077,1,1.0,991.19,0.3851,1,1.0,2488.05,0.0041,fast
data\test\Banana__Rotten\rotated_by_60_Screen Shot 2018-06-12 at 9.05.08 PM.png,Banana__Rotten,light,718,398,162.06,374.83,127.97,0.0302,1,1.0,22.88,0.8484,1,0.9999,107.59,0.68,1,1.0,22.92,0.6965,fast
data\test\Carrot__Healthy\freshCarrot (366).jpg,Carrot__Healthy,burst,100,100,3.53,1514.29,95.99,0.1888,1,0.9419,1077.53,0.4964,1,0.9882,1821.66,0.1079,1,0.9908,2582.17,0.0041,fast
data\test\Bellpepper__Healthy\freshPepper (106).jpg,Bellpepper__Healthy,light,450,299,17.42,69.17,194.91,0.0276,1,0.7104,93.21,0.8249,1,0.9955,82.69,0.6883,1,0.9821,67.8,0.6815,fast
data\test\Strawberry__Rotten\rottenStrawberry (563).jpg,Strawberry__Rotten,heavy,224,224,2.91,50.77,141.79,0.0066,1,0.941,643.19,0.6414,1,0.9996,1131.98,0.3381,1,1.0,1240.53,0.2901,fast
data\test\Cucumber__Healthy\freshCucumber (506).jpg,Cucumber__Healthy,burst,100,100,2.31,985.89,198.57,0.1159,1,0.7003,960.97,0.5353,1,1.0,1543.91,0.2006,1,0.9786,893.13,0.4061,fast
data\test\Strawberry__Rotten\302.jpg,Strawberry__Rotten,light,224,224,3.38,96.31,145.16,0.0139,1,0.9564,38.05,0.8433,1,1.0,63.66,0.6946,1,1.0,83.38,0.6763,fast
data\test\Banana__Rotten\rotated_by_60_Screen Shot 2018-06-12 at 9.09.05 PM.png,Banana__Rotten,light,376,226,46.86,652.11,143.46,0.02,1,0.9979,87.94,0.8267,1,1.0,68.52,0.693,1,1.0,197.45,0.6382,fast
data\test\Strawberry__Healthy\908.jpg,Strawberry__Healthy,burst,224,224,6.03,74.76,125.6,0.0206,1,0.7428,1959.16,0.2022,1,0.9995,2018.42,0.0423,1,1.0,1476.13,0.2115,heavy
data\test\Apple__Healthy\Screen Shot 2018-06-08 at 5.05.18 PM.png,Apple__Healthy,heavy,184,172,42.46,19.41,210.09,0.0163,1,0.9539,709.29,0.6193,1,0.9986,1194.97,0.3171,1,0.9985,1228.87,0.294,fast
data\test\Mango__Healthy\665.jpg,Mango__Healthy,light,224,224,9.13,246.87,124.65,0.0098,1,0.964,35.92,0.844,1,1.0,139.66,0.6693,1,1.0,159.35,0.651,fast
data\test\Mango__Rotten\202.jpg,Mango__Rotten,light,224,224,4.09,332.34,139.29,0.0323,1,0.6584,24.22,0.8479,1,0.9998,154.73,0.6642,1,0.9998,198.33,0.6379,fast
data\test\Orange__Rotten\rottenOrange (163).jpg,Orange__Rotten,heavy,2505,2213,819.71,47.77,140.66,0.0031,1,0.6184,316.77,0.7503,1,0.9996,1131.98,0.3381,1,0.9916,847.23,0.4214,fast
data\test\Mango__Healthy\989.jpg,Mango__Healthy,light,224,224,6.09,72.31,103.04,0.0138,1,0.9604,76.85,0.8304,1,1.0,122.08,0.6751,1,0.9999,23.67,0.6962,fast
data\test\Banana__Healthy\rotated_by_75_Screen Shot 2018-06-12 at 9.52.21 PM.png,Banana__Healthy,heavy,592,402,190.63,273.12,140.35,0.0163,1,0.999,596.35,0.657,1,1.0,626.13,0.5069,1,1.0,1114.32,0.3322,fast
data\test\Apple__Rotten\Screen Shot 2018-06-07 at 2.17.25 PM.png,Apple__Rotten,light,538,466,270.91,27.18,191.1,0.0131,1,0.9397,36.12,0.844,1,0.9996,92.3,0.6851,1,1.0,123.35,0.663,fast
data\test\Apple__Healthy\freshApple (597).png,Apple__Healthy,heavy,320,258,117.02,1406.95,109.33,0.0699,1,0.8901,610.36,0.6523,1,0.9982,1152.9,0.3311,1,0.9966,1114.31,0.3323,fast
data\test\Potato__Rotten\rottenPotato (420).jpg,Potato__Rotten,light,263,192,4.33,1336.21,209.46,0.0449,0,0.3715,59.58,-0.1639,1,0.9783,24.45,0.7077,1,0.9984,51.26,0.687,balanced
data\test\Potato__Rotten\rottenPotato (277).jpg,Potato__Rotten,heavy,275,183,7.33,784.12,122.75,0.1104,1,0.7233,732.66,0.6115,1,0.9999,542.97,0.5347,1,0.9991,1239.04,0.2906,fast
data\test\Apple__Healthy\rotated_by_15_Screen Shot 2018-06-08 at 5.11.52 PM.png,Apple__Healthy,heavy,374,410,137.65,368.61,146.25,0.0239,1,0.9969,691.17,0.6254,1,1.0,909.1,0.4125,1,1.0,905.95,0.4018,fast
data\test\Banana__Healthy\Banana__Healthy_augmented_128.jpg,Banana__Healthy,heavy,224,224,4.98,541.98,151.01,0.0223,1,0.984,739.22,0.6093,1,1.0,1158.19,0.3293,1,1.0,1239.57,0.2904,fast
data\test\Banana__Rotten\Screen Shot 2018-06-12 at 9.06.21 PM.png,Banana__Rotten,light,556,426,321.23,84.18,135.56,0.031,1,0.9955,31.88,0.8454,1,1.0,65.93,0.6939,1,1.0,65.43,0.6823,fast
data\test\Bellpepper__Healthy\freshPepper (370).jpg,Bellpepper__Healthy,burst,224,224,7.7,72.96,122.79,0.0183,1,0.9479,1015.56,0.5171,1,0.9987,2086.88,0.0194,1,0.9981,3134.77,0.0041,fast
data\test\Banana__Healthy\saltandpepper_Screen Shot 2018-06-12 at 9.41.30 PM.png,Banana__Healthy,light,460,398,120.56,3305.92,224.15,0.0374,1,0.9881,12.18,0.852,1,1.0,35.49,0.704,1,0.9999,59.37,0.6843,fast
data\test\Orange__Rotten\rotated_by_30_Screen Shot 2018-06-12 at 11.30.06 PM.png,Orange__Rotten,heavy,522,404,254.79,154.91,72.25,0.0857,1,0.987,194.74,0.791,1,0.9998,328.86,0.6061,1,0.9959,1033.07,0.3594,fast
data\test\Mango__Healthy\654.jpg,Mango__Healthy,burst,224,224,10.27,486.06,110.32,0.1435,1,0.9827,1289.09,0.4258,1,1.0,1578.26,0.1892,1,1.0,1616.66,0.1646,fast
data\test\Carrot__Rotten\rottenCarrot (1).jpg,Carrot__Rotten,light,275,183,8.25,363.61,104.83,0.1237,0,0.518,74.17,-0.1687,1,0.9712,48.49,0.6997,1,0.9995,146.57,0.6552,balanced
data\test\Carrot__Healthy\freshCarrot (578).jpg,Carrot__Healthy,heavy,224,224,18.82,1193.17,99.77,0.1394,1,0.9871,705.69,0.6205,1,1.0,1209.76,0.3121,1,0.9996,1114.31,0.3323,fast
data\test\Banana__Rotten\rottenBanana (523).jpg,Banana__Rotten,heavy,224,224,6.29,211.81,128.06,0.0277,1,0.7468,642.82,0.6415,1,1.0,1151.96,0.3314,1,0.9999,1144.97,0.322,fast
data\test\Orange__Healthy\vertical_flip_Screen Shot 2018-06-13 at 12.06.15 AM.png,Orange__Healthy,burst,272,258,75.51,81.58,181.47,0.0231,1,0.9941,1356.75,0.4032,1,1.0,810.58,0.4454,1,1.0,3136.65,0.0041,balanced
data\test\Banana__Healthy\rotated_by_30_Screen Shot 2018-06-12 at 9.59.07 PM.png,Banana__Healthy,light,236,140,28.91,1022.39,176.29,0.0338,1,0.8901,29.29,0.8462,1,0.8068,101.96,0.6818,1,1.0,79.46,0.6776,fast
data\test\Orange__Rotten\rotated_by_15_Screen Shot 2018-06-12 at 11.29.14 PM.png,Orange__Rotten,light,312,292,114.37,619.76,152.34,0.0834,1,0.819,89.9,0.826,1,1.0,25.35,0.7074,1,0.9998,72.62,0.6799,fast
data\test\Apple__Rotten\saltandpepper_Screen Shot 2018-06-07 at 3.05.46 PM.png,Apple__Rotten,heavy,406,370,167.8,2524.05,138.47,0.0455,1,0.532,643.68,0.6412,1,0.9981,1168.32,0.326,1,0.9994,998.91,0.3708,fast
data\test\Banana__Rotten\translation_Screen Shot 2018-06-12 at 8.58.57 PM.png,Banana__Rotten,light,358,314,69.56,699.5,165.3,0.0282,1,0.9221,16.96,0.8504,1,1.0,105.2,0.6808,1,0.9999,164.48,0.6492,fast
data\test\Strawberry__Healthy\861.jpg,Strawberry__Healthy,light,224,224,6.44,134.65,123.73,0.0212,1,0.9489,54.34,0.8379,1,0.9999,54.73,0.6976,1,0.9998,152.79,0.6531,fast
data\test\Banana__Rotten\rotated_by_15_Screen Shot 2018-06-12 at 8.51.56 PM.png,Banana__Rotten,heavy,550,390,124.5,370.34,187.87,0.0342,1,0.9642,623.22,0.648,1,1.0,1169.34,0.3256,1,1.0,837.15,0.4247,fast
data\test\Strawberry__Rotten\613.jpg,Strawberry__Rotten,heavy,224,224,11.55,853.3,116.84,0.1433,1,0.9978,1049.48,0.5058,1,1.0,1043.49,0.3676,1,1.0,1348.33,0.2542,fast
data\test\Jujube__Rotten\RottenJujube (186).jpg,Jujube__Rotten,heavy,519,716,45.35,4.87,164.04,0.0012,1,0.3132,580.03,0.6624,1,0.8879,1138.72,0.3358,1,0.9804,788.44,0.441,fast
data\test\Apple__Rotten\rottenApple (486).jpg,Apple__Rotten,heavy,100,100,6.07,2638.23,193.39,0.1656,0,0.2519,570.67,-0.3344,0,0.8837,1184.55,-0.6795,0,0.4509,430.01,-0.4394,fast
data\test\Strawberry__Healthy\freshStrawberry (216).jpg,Strawberry__Healthy,light,224,224,5.99,145.85,93.05,0.0115,1,0.975,40.47,0.8425,1,1.0,154.97,0.6641,1,1.0,116.62,0.6652,fast
data\test\Mango__Healthy\663.jpg,Mango__Healthy,light,224,224,9.58,284.68,117.91,0.0253,1,0.9677,24.27,0.8479,1,1.0,81.48,0.6887,1,1.0,60.19,0.684,fast
data\test\Apple__Rotten\saltandpepper_Screen Shot 2018-06-07 at 3.02.02 PM.png,Apple__Rotten,light,340,338,145.62,3272.15,186.68,0.0807,1,0.9538,62.5,0.8352,1,1.0,79.6,0.6893,1,0.9999,169.14,0.6477,fast
data\test\Orange__Healthy\rotated_by_45_Screen Shot 2018-06-13 at 12.09.49 AM.png,Orange__Healthy,light,536,406,158.6,450.33,161.74,0.0072,1,0.9132,62.75,0.8351,1,1.0,83.87,0.6879,1,0.9999,188.61,0.6412,fast
data\test\Apple__Healthy\rotated_by_30_Screen Shot 2018-06-08 at 5.26.19 PM.png,Apple__Healthy,burst,388,440,138.88,420.46,175.08,0.0112,1,0.994,2327.23,0.156,1,1.0,2595.48,0.0159,1,0.9998,1651.51,0.153,fast
data\test\Banana__Rotten\translation_Screen Shot 2018-06-12 at 8.49.15 PM.png,Banana__Rotten,light,708,436,170.63,487.15,198.06,0.0269,1,0.9569,43.65,0.8415,1,1.0,79.6,0.6893,1,1.0,117.61,0.6649,fast
data\test\Mango__Rotten\734.jpg,Mango__Rotten,light,224,224,6.43,75.55,102.29,0.03,1,0.9894,88.12,0.8266,1,1.0,41.33,0.7021,1,0.9998,46.96,0.6885,fast
data\test\Orange__Rotten\rottenOrange (341).jpg,Orange__Rotten,light,224,224,11.41,866.3,121.93,0.1734,1,0.9348,72.02,0.832,1,1.0,415.39,0.5772,1,0.9998,111.8,0.6668,fast
data\test\Apple__Healthy\freshApple (539).png,Apple__Healthy,burst,480,322,197.75,372.97,90.41,0.0511,1,0.9166,387.11,0.7268,1,0.9997,2554.03,0.0159,1,0.9994,1605.01,0.1685,fast
data\test\Tomato__Healthy\freshTomato (32).jpg,Tomato__Healthy,burst,224,224,9.09,279.16,109.97,0.0375,0,0.4342,1429.79,-0.6211,1,0.9998,2146.01,0.0159,1,0.9997,2584.26,0.0041,balanced
data\test\Orange__Healthy\vertical_flip_Screen Shot 2018-06-13 at 12.20.39 AM.png,Orange__Healthy,light,280,264,80.03,28.2,175.04,0.019,1,0.2778,18.89,0.8497,1,0.9994,94.58,0.6843,1,0.9981,24.02,0.6961,fast
data\test\Apple__Rotten\rotated_by_15_Screen Shot 2018-06-08 at 2.48.29 PM.png,Apple__Rotten,heavy,446,428,264.01,257.8,147.01,0.0258,0,0.7571,740.35,-0.3911,1,0.9994,932.36,0.4047,1,0.9996,504.68,0.5357,heavy
data\test\Banana__Rotten\rotated_by_75_Screen Shot 2018-06-12 at 8.50.20 PM.png,Banana__Rotten,heavy,576,414,126.48,304.84,143.79,0.0123,1,0.8716,667.05,0.6334,1,0.9999,849.9,0.4322,1,1.0,1265.29,0.2819,fast
data\test\Orange__Healthy\Screen Shot 2018-06-13 at 12.04.51 AM.png,Orange__Healthy,heavy,438,418,244.13,19.42,190.82,0.0096,1,0.9771,621.14,0.6487,1,1.0,932.36,0.4047,1,0.9999,1267.9,0.281,fast
data\test\Banana__Healthy\rotated_by_15_Screen Shot 2018-06-12 at 10.01.27 PM.png,Banana__Healthy,light,510,300,49.03,389.56,207.36,0.0142,1,0.9125,55.76,0.8374,1,1.0,72.7,0.6916,1,1.0,137.62,0.6582,fast
data\test\Tomato__Rotten\rottenTomato (189).jpg,Tomato__Rotten,burst,224,224,4.77,88.85,87.55,0.0251,0,0.582,960.94,-0.4647,1,0.9998,925.17,0.4071,1,0.9998,1930.26,0.0599,balanced
data\test\Bellpepper__Rotten\rottenPepper (422).jpg,Bellpepper__Rotten,light,260,280,11.55,1273.75,215.99,0.0427,0,0.3634,46.61,-0.1595,1,0.968,106.81,0.6802,1,0.955,51.03,0.6871,heavy
data\test\Banana__Rotten\rottenBanana (404).jpg,Banana__Rotten,light,224,224,4.95,54.25,87.5,0.0189,1,0.5231,27.44,0.8469,1,1.0,88.31,0.6864,1,0.9994,172.1,0.6467,fast
data\test\Banana__Healthy\freshBanana (49).jpg,Banana__Healthy,light,1017,1193,98.27,10.41,178.65,0.0036,1,0.5326,164.25,0.8012,1,1.0,44.21,0.7011,1,1.0,79.46,0.6776,fast
data\test\Strawberry__Rotten\162.jpg,Strawberry__Rotten,light,224,224,3.48,73.04,136.38,0.0157,1,0.9535,57.19,0.8369,1,1.0,113.59,0.678,1,0.9998,116.64,0.6652,fast
data\test\Mango__Rotten\rottenMango (395).jpg,Mango__Rotten,light,224,224,5.05,237.3,122.49,0.0405,1,0.9962,43.83,0.8414,1,1.0,133.58,0.6713,1,0.9997,32.05,0.6934,fast
data\test\Guava__Rotten\RottenGuava (31).jpg,Guava__Rotten,light,2695,3582,1183.92,15.9,147.78,0.0001,1,0.9015,19.71,0.8494,1,0.999,80.95,0.6888,1,0.9997,149.43,0.6543,fast
data\test\Apple__Rotten\vertical_flip_Screen Shot 2018-06-08 at 2.40.09 PM.png,Apple__Rotten,heavy,358,290,110.84,45.17,179.24,0.0236,1,0.8879,627.73,0.6465,1,0.9996,1302.49,0.2812,1,0.9986,1228.87,0.294,fast
data\test\Orange__Rotten\rotated_by_45_Screen Shot 2018-06-12 at 11.44.48 PM.png,Orange__Rotten,burst,366,306,142.23,161.8,123.13,0.0223,1,0.9979,1246.75,0.4399,1,1.0,673.98,0.4909,1,0.9973,2489.37,0.0041,balanced
data\test\Mango__Healthy\490.jpg,Mango__Healthy,light,224,224,10.4,440.26,110.99,0.1526,1,0.9839,87.94,0.8267,1,1.0,80.85,0.6889,1,1.0,52.1,0.6867,fast
data\test\Strawberry__Rotten\275.jpg,Strawberry__Rotten,heavy,224,224,3.7,109.09,142.71,0.0218,1,0.9812,643.19,0.6414,1,1.0,1301.49,0.2815,1,1.0,1239.57,0.2904,fast
data\test\Potato__Rotten\rottenPotato (26).jpg,Potato__Rotten,light,259,194,4.83,333.78,146.08,0.0526,1,0.6285,16.9,0.8504,1,1.0,144.63,0.6676,1,0.9969,53.32,0.6863,fast
data\test\Mango__Rotten\rottenMango (364).jpg,Mango__Rotten,heavy,224,224,4.61,266.69,109.98,0.0322,1,0.9933,659.02,0.6361,1,1.0,1197.43,0.3162,1,1.0,1068.28,0.3476,fast
data\test\Strawberry__Rotten\rottenStrawberry (57).jpg,Strawberry__Rotten,heavy,3120,2910,1425.07,91.19,160.76,0.0083,1,0.5725,798.09,0.5897,1,1.0,1079.16,0.3557,1,1.0,1047.29,0.3546,fast
data\test\Pomegranate__Rotten\RottenPomegranate (120).jpg,Pomegranate__Rotten,burst,4160,3120,2286.94,13.57,161.92,0.002,0,0.4393,1412.27,-0.6153,1,1.0,1691.86,0.1512,1,0.997,1650.47,0.1533,heavy
data\test\Carrot__Healthy\freshCarrot (284).jpg,Carrot__Healthy,heavy,224,224,12.9,229.82,93.07,0.0477,1,0.8994,475.16,0.6974,1,1.0,1042.45,0.368,1,1.0,1032.81,0.3595,fast
data\test\Apple__Rotten\rotated_by_15_Screen Shot 2018-06-07 at 2.34.49 PM.png,Apple__Rotten,light,286,270,62.49,538.22,182.58,0.0212,1,0.8706,33.46,0.8449,1,1.0,45.65,0.7006,1,1.0,25.88,0.6955,fast
data\test\Potato__Rotten\rottenPotato (553).jpg,Potato__Rotten,light,800,537,41.15,378.0,173.52,0.0487,1,0.4416,62.68,0.8351,1,0.9999,130.04,0.6725,1,0.9999,149.82,0.6541,fast
data\test\Carrot__Healthy\freshCarrot (26).jpg,Carrot__Healthy,light,224,224,13.75,169.1,95.93,0.0778,1,0.9626,61.6,0.8355,1,1.0,138.3,0.6697,1,0.9995,29.34,0.6943,fast
data\test\Strawberry__Healthy\936.jpg,Strawberry__Healthy,light,224,224,6.35,111.34,125.27,0.0236,1,0.8881,35.87,0.8441,1,1.0,21.13,0.7088,1,0.9992,71.96,0.6801,fast
data\test\Mango__Healthy\freshMango (110).jpg,Mango__Healthy,heavy,224,224,11.13,653.31,117.74,0.1887,1,0.9822,780.7,0.5955,1,1.0,1194.45,0.3172,1,1.0,1033.07,0.3594,fast
data\test\Potato__Rotten\rottenPotato (207).jpg,Potato__Rotten,burst,259,194,4.04,833.5,217.43,0.0509,1,0.5186,1429.92,0.3788,1,0.9998,1762.71,0.1276,1,0.9979,1755.82,0.1182,fast
data\test\Bellpepper__Rotten\rottenPepper (550).jpg,Bellpepper__Rotten,heavy,100,100,1.54,513.34,203.31,0.0634,0,0.2976,594.58,-0.3424,1,0.9986,987.03,0.3865,1,0.9608,1029.31,0.3606,balanced
data\test\Jujube__Healthy\FreshJujube (152).jpg,Jujube__Healthy,burst,4160,3120,2560.37,20.85,186.15,0.0002,1,0.8581,1164.49,0.4674,1,0.9999,426.73,0.5735,1,0.9999,1924.58,0.0618,balanced
data\test\Tomato__Rotten\rottenTomato (80).jpg,Tomato__Rotten,heavy,227,268,100.49,491.42,214.0,0.0926,1,0.5377,623.7,0.6479,1,0.9923,1051.71,0.3649,1,0.9975,1076.54,0.3449,fast
data\test\Banana__Healthy\rotated_by_45_Screen Shot 2018-06-12 at 9.39.33 PM.png,Banana__Healthy,heavy,632,430,184.31,393.65,164.67,0.0142,1,0.9994,684.17,0.6277,1,1.0,1118.43,0.3426,1,1.0,922.51,0.3963,fast
data\test\Banana__Rotten\rottenBanana (563).jpg,Banana__Rotten,heavy,224,224,8.47,219.95,122.5,0.0315,1,0.827,623.22,0.648,1,0.9999,1361.81,0.2614,1,1.0,1108.71,0.3341,fast
data\test\Potato__Healthy\freshPotato (168).jpg,Potato__Healthy,heavy,224,224,8.29,103.63,177.92,0.0221,1,0.876,560.3,0.669,1,0.9999,1294.83,0.2837,1,0.9999,1019.05,0.364,fast
data\test\Orange__Rotten\rotated_by_60_Screen Shot 2018-06-12 at 11.37.00 PM.png,Orange__Rotten,light,336,306,108.48,501.22,155.61,0.0149,1,0.7741,50.82,0.8391,1,1.0,80.71,0.6889,1,0.9998,117.67,0.6649,fast
data\test\Apple__Rotten\vertical_flip_Screen Shot 2018-06-08 at 2.34.05 PM.png,Apple__Rotten,burst,432,406,188.85,33.49,182.13,0.018,1,0.8221,1252.88,0.4379,1,0.9972,1818.73,0.1089,1,0.9999,2590.03,0.0041,fast
data\test\Guava__Healthy\FreshGuava (90).jpg,Guava__Healthy,burst,1224,1066,174.76,55.11,137.59,0.0114,1,0.9989,939.73,0.5424,1,1.0,2504.44,0.0159,1,1.0,832.85,0.4262,fast
data\test\Apple__Healthy\freshApple (442).png,Apple__Healthy,light,480,322,221.02,259.79,134.5,0.0629,1,0.9535,14.51,0.8512,1,1.0,31.88,0.7052,1,1.0,58.35,0.6847,fast
data\test\Apple__Healthy\freshApple (213).jpg,Apple__Healthy,light,366,400,90.44,58.46,170.62,0.017,1,0.4731,83.46,0.8282,1,1.0,87.74,0.6866,1,0.977,122.24,0.6633,fast
data\test\Mango__Healthy\415.jpg,Mango__Healthy,light,224,224,2.63,10.86,142.56,0.0056,1,0.9557,64.82,0.8344,1,1.0,169.43,0.6593,1,1.0,89.83,0.6742,fast
data\test\Apple__Rotten\rotated_by_75_Screen Shot 2018-06-08 at 2.26.44 PM.png,Apple__Rotten,heavy,402,426,189.12,377.35,145.61,0.0271,1,0.857,639.5,0.6426,1,0.9999,1207.88,0.3128,1,0.9876,1220.16,0.2969,fast
data\test\Mango__Rotten\314.jpg,Mango__Rotten,light,224,224,2.91,24.55,143.4,0.0138,1,0.7951,39.8,0.8427,1,1.0,124.71,0.6742,1,1.0,50.69,0.6872,fast
data\test\Orange__Rotten\rottenOrange (445).jpg,Orange__Rotten,burst,224,224,5.7,164.35,108.23,0.0301,1,0.9066,1696.78,0.2898,1,1.0,1894.68,0.0836,1,1.0,38.35,0.6913,heavy
data\test\Orange__Healthy\rotated_by_45_Screen Shot 2018-06-13 at 12.11.57 AM.png,Orange__Healthy,heavy,306,254,74.58,722.73,139.85,0.03,1,0.8813,732.66,0.6115,1,0.9995,1152.47,0.3313,1,0.9964,1227.86,0.2944,fast
data\test\Apple__Healthy\vertical_flip_Screen Shot 2018-06-08 at 5.07.18 PM.png,Apple__Healthy,light,328,278,70.02,7.43,201.18,0.0089,1,0.9767,12.92,0.8517,1,0.994,77.77,0.6899,1,0.9998,121.79,0.6635,fast
data\test\Apple__Rotten\saltandpepper_Screen Shot 2018-06-08 at 2.31.23 PM.png,Apple__Rotten,heavy,432,380,155.77,3101.04,170.7,0.0387,1,0.6447,582.92,0.6615,1,0.6168,1228.01,0.306,1,0.997,1024.8,0.3621,fast
data\test\Grape__Rotten\RottenGrape (187).jpg,Grape__Rotten,burst,1163,1369,168.06,21.16,134.95,0.0056,1,0.9922,1083.35,0.4945,1,1.0,5322.63,0.0159,1,1.0,2648.49,0.0041,fast
data\test\Orange__Healthy\Screen Shot 2018-06-13 at 12.09.49 AM.png,Orange__Healthy,light,536,406,206.31,6.2,211.28,0.0024,1,0.8877,92.57,0.8251,1,1.0,39.86,0.7026,1,0.9971,80.07,0.6774,fast
data\test\Strawberry__Rotten\874.jpg,Strawberry__Rotten,light,224,224,7.5,265.93,117.4,0.0476,1,0.8449,63.58,0.8348,1,1.0,63.66,0.6946,1,1.0,117.09,0.6651,fast
data\test\Banana__Healthy\freshBanana (340).jpg,Banana__Healthy,light,224,224,6.15,133.72,126.06,0.015,1,0.943,48.23,0.8399,1,1.0,60.6,0.6956,1,1.0,118.5,0.6646,fast
data\test\Cucumber__Healthy\freshCucumber (21).jpg,Cucumber__Healthy,light,4032,3024,1900.69,38.8,153.64,0.004,1,0.9605,33.98,0.8447,1,1.0,43.25,0.7014,1,0.9998,153.62,0.6529,fast
data\test\Mango__Rotten\alternaria_068.jpg,Mango__Rotten,light,224,224,7.4,509.74,97.34,0.0426,1,0.9528,112.0,0.8186,1,1.0,18.52,0.7097,1,1.0,107.2,0.6684,fast
data\test\Cucumber__Rotten\rottenCucumber (489).jpg,Cucumber__Rotten,heavy,305,165,3.93,284.36,219.0,0.04,0,0.5372,627.73,-0.3535,1,0.9927,661.13,0.4952,1,0.9973,1005.95,0.3684,balanced
data\test\Strawberry__Healthy\487.jpg,Strawberry__Healthy,light,224,224,3.75,98.65,149.6,0.0154,1,0.9448,71.45,0.8322,1,1.0,120.93,0.6755,1,0.9995,72.72,0.6799,fast
data\test\Cucumber__Rotten\rottenCucumber (316).jpg,Cucumber__Rotten,heavy,275,183,5.97,891.83,185.73,0.096,1,0.9458,621.75,0.6485,1,0.9997,1130.55,0.3386,1,0.9916,1111.51,0.3332,fast
data\test\Orange__Healthy\freshOrange (128).png,Orange__Healthy,heavy,320,258,78.22,1404.87,125.48,0.0533,0,0.4421,669.64,-0.3675,1,0.9992,1201.01,0.3151,1,0.998,1241.04,0.29,balanced
data\test\Cucumber__Rotten\rottenCucumber (477).jpg,Cucumber__Rotten,heavy,100,100,4.3,1405.11,193.01,0.0574,0,0.4993,684.38,-0.3724,1,0.9872,1085.53,0.3536,1,0.9994,996.18,0.3717,heavy
data\test\Orange__Healthy\rotated_by_60_Screen Shot 2018-06-13 at 12.20.15 AM.png,Orange__Healthy,light,318,282,105.95,510.44,128.09,0.0218,0,0.7974,122.37,-0.1848,1,0.9999,105.99,0.6805,1,0.9995,42.83,0.6898,heavy
data\test\Carrot__Rotten\rottenCarrot (291).jpg,Carrot__Rotten,light,100,100,3.82,1614.29,234.07,0.0683,1,0.5502,31.46,0.8455,1,1.0,81.78,0.6886,1,1.0,74.42,0.6793,fast
data\test\Banana__Rotten\rotated_by_15_Screen Shot 2018-06-12 at 8.52.16 PM.png,Banana__Rotten,burst,628,374,140.89,355.22,181.81,0.035,1,0.9696,1006.85,0.52,1,1.0,1223.04,0.3077,1,1.0,1605.01,0.1685,fast
data\test\Orange__Healthy\vertical_flip_Screen Shot 2018-06-12 at 11.58.02 PM.png,Orange__Healthy,light,246,206,57.08,21.59,179.31,0.0119,1,0.9512,46.94,0.8404,1,0.9851,122.15,0.6751,1,0.9979,116.64,0.6652,fast
data\test\Orange__Healthy\freshOrange (143).jpg,Orange__Healthy,light,2684,2585,660.14,11.96,171.99,0.0007,1,0.7603,137.89,0.81,1,1.0,91.49,0.6853,1,0.989,24.44,0.696,fast
data\test\Apple__Healthy\Screen Shot 2018-06-08 at 5.20.08 PM.png,Apple__Healthy,light,336,402,142.02,37.86,156.91,0.0173,1,0.779,18.9,0.8497,1,1.0,208.19,0.6464,1,0.9993,109.65,0.6675,fast
data\test\Potato__Rotten\rottenPotato (90).jpg,Potato__Rotten,heavy,168,112,2.75,1314.22,223.15,0.0654,1,0.4825,639.38,0.6426,1,0.9997,1202.57,0.3145,1,0.9992,923.55,0.3959,fast
data\test\Apple__Rotten\translation_Screen Shot 2018-06-07 at 2.57.17 PM.png,Apple__Rotten,burst,402,304,108.34,769.63,138.56,0.0207,1,0.8989,1568.06,0.3327,1,1.0,1000.39,0.382,1,0.9857,2041.8,0.0227,balanced
data\test\Tomato__Healthy\freshTomato (126).png,Tomato__Healthy,heavy,480,322,198.3,636.9,152.7,0.0731,1,0.8156,472.53,0.6983,1,0.9997,1361.81,0.2614,1,0.9991,1278.53,0.2774,fast
data\test\Orange__Healthy\freshOrange (221).jpg,Orange__Healthy,heavy,224,224,8.02,252.0,127.92,0.0519,0,0.4173,873.59,-0.4355,1,0.9855,1173.04,0.3244,1,0.9949,1004.42,0.3689,heavy
data\test\Orange__Rotten\rotated_by_75_Screen Shot 2018-06-12 at 11.29.31 PM.png,Orange__Rotten,light,450,370,177.75,381.88,178.65,0.0253,1,0.9966,48.09,0.84,1,0.9998,84.77,0.6876,1,0.9995,23.67,0.6962,fast
data\test\Banana__Rotten\rottenBanana (403).jpg,Banana__Rotten,light,224,224,4.55,56.67,133.79,0.0237,1,0.9555,56.31,0.8372,1,0.9996,75.25,0.6908,1,0.9995,86.15,0.6754,fast
data\test\Strawberry__Rotten\493.jpg,Strawberry__Rotten,heavy,224,224,3.37,85.77,139.75,0.0088,1,0.8328,647.72,0.6399,1,1.0,1049.3,0.3657,1,1.0,1025.38,0.3619,fast
data\test\Bellpepper__Healthy\freshPepper (258).jpg,Bellpepper__Healthy,burst,224,224,15.38,454.17,72.43,0.0797,1,0.9531,1092.31,0.4915,1,0.9999,2504.44,0.0159,1,0.9994,4232.23,0.0041,fast
data\test\Carrot__Healthy\freshCarrot (591).jpg,Carrot__Healthy,light,224,224,15.44,383.44,103.05,0.0818,1,0.9336,62.17,0.8353,1,1.0,148.27,0.6664,1,1.0,33.72,0.6929,fast
data\test\Apple__Rotten\saltandpepper_Screen Shot 2018-06-08 at 2.41.16 PM.png,Apple__Rotten,heavy,264,240,55.66,3146.16,196.15,0.0432,1,0.9688,797.02,0.59,1,0.9998,4153.89,0.0159,1,1.0,890.48,0.4069,fast
data\test\Banana__Rotten\saltandpepper_Screen Shot 2018-06-12 at 9.18.50 PM.png,Banana__Rotten,light,560,412,198.55,2802.76,194.32,0.0425,1,0.8456,58.49,0.8365,1,0.9999,161.8,0.6619,1,0.9965,83.14,0.6764,fast
data\test\Apple__Healthy\translation_Screen Shot 2018-06-08 at 5.04.11 PM.png,Apple__Healthy,heavy,308,366,88.3,778.18,127.92,0.0221,1,0.9593,815.34,0.5839,1,1.0,1064.26,0.3607,1,1.0,1114.31,0.3322,fast
data\test\Strawberry__Rotten\198.jpg,Strawberry__Rotten,light,224,224,3.77,67.23,126.57,0.0158,1,0.9596,46.58,0.8405,1,1.0,25.1,0.7075,1,1.0,195.91,0.6387,fast
data\test\Mango__Healthy\healthy_037.jpg,Mango__Healthy,light,224,224,6.96,259.32,150.78,0.0259,1,0.5058,25.45,0.8475,1,0.9955,142.98,0.6681,1,0.9982,70.17,0.6807,fast
data\test\Tomato__Healthy\freshTomato (4).jpg,Tomato__Healthy,light,224,224,15.35,615.91,118.98,0.102,1,0.7372,27.32,0.8469,1,0.9997,34.46,0.7044,1,0.9979,194.93,0.6391,fast
data\test\Orange__Rotten\rottenOrange (289).jpg,Orange__Rotten,heavy,224,224,8.84,724.99,116.4,0.0422,1,0.8784,608.34,0.653,1,1.0,1163.75,0.3275,1,0.9862,529.53,0.5274,fast
data\test\Strawberry__Rotten\632.jpg,Strawberry__Rotten,heavy,224,224,10.54,450.51,112.11,0.0924,1,0.9839,583.66,0.6612,1,1.0,1130.55,0.3386,1,0.9999,922.51,0.3963,fast
data\test\Orange__Healthy\rotated_by_30_Screen Shot 2018-06-12 at 11.55.37 PM.png,Orange__Healthy,light,406,332,140.65,361.36,130.65,0.0148,1,0.9929,11.65,0.8521,1,1.0,142.33,0.6684,1,1.0,21.37,0.697,fast
data\test\Apple__Healthy\rotated_by_15_Screen Shot 2018-06-08 at 5.05.18 PM.png,Apple__Healthy,light,184,172,33.64,823.97,184.36,0.0252,1,0.9729,19.81,0.8494,1,0.9999,51.17,0.6988,1,0.9999,111.8,0.6668,fast
data\test\Mango__Rotten\lasio_045.jpg,Mango__Rotten,light,224,224,7.85,302.14,104.95,0.0437,1,0.8973,31.0,0.8457,1,1.0,98.35,0.683,1,1.0,116.02,0.6654,fast
data\test\Potato__Rotten\rottenPotato (114).jpg,Potato__Rotten,light,194,259,6.37,772.6,151.34,0.0476,1,0.3034,54.34,0.8379,1,0.9831,172.16,0.6584,1,0.8576,36.79,0.6919,fast
data\test\Mango__Rotten\406.jpg,Mango__Rotten,heavy,224,224,10.42,398.34,110.75,0.1164,1,0.9882,684.17,0.6277,1,1.0,1184.55,0.3205,1,1.0,1345.91,0.255,fast
data\test\Banana__Rotten\rotated_by_75_Screen Shot 2018-06-12 at 8.54.43 PM.png,Banana__Rotten,heavy,644,390,212.53,211.93,112.68,0.0204,1,0.6094,621.75,0.6485,1,1.0,1086.41,0.3533,1,1.0,1041.4,0.3566,fast
data\test\Apple__Rotten\rotated_by_60_Screen Shot 2018-06-07 at 2.47.27 PM.png,Apple__Rotten,light,452,382,185.32,378.09,135.47,0.0157,1,0.9481,42.55,0.8418,1,1.0,206.23,0.647,1,1.0,41.34,0.6903,fast
data\test\Strawberry__Healthy\380.jpg,Strawberry__Healthy,heavy,224,224,3.81,57.14,134.28,0.0136,1,0.7479,211.49,0.7854,1,1.0,1760.0,0.1285,1,1.0,529.53,0.5274,fast
data\test\Carrot__Rotten\rottenCarrot (550).jpg,Carrot__Rotten,burst,259,194,11.4,3222.82,139.06,0.1817,0,0.8128,1287.57,-0.5737,1,0.9529,1541.81,0.2013,1,0.6826,1441.21,0.2232,heavy
data\test\Mango__Rotten\794.jpg,Mango__Rotten,light,224,224,6.32,104.48,102.9,0.0249,1,0.8787,40.59,0.8425,1,1.0,127.61,0.6733,1,0.9984,58.83,0.6845,fast
data\test\Potato__Rotten\rottenPotato (458).jpg,Potato__Rotten,heavy,275,183,6.46,1671.06,205.92,0.0972,1,0.6959,624.21,0.6477,1,0.9991,1138.72,0.3358,1,0.9996,847.21,0.4214,fast
data\test\Banana__Rotten\vertical_flip_Screen Shot 2018-06-12 at 9.10.10 PM.png,Banana__Rotten,light,598,404,194.64,78.96,187.47,0.0316,1,1.0,73.67,0.8314,1,1.0,140.23,0.6691,1,1.0,63.43,0.683,fast
data\test\Apple__Rotten\translation_Screen Shot 2018-06-07 at 2.18.57 PM.png,Apple__Rotten,burst,520,492,295.68,534.45,147.71,0.0282,1,0.6512,1413.28,0.3844,1,0.9998,1223.05,0.3077,1,0.9978,1616.15,0.1648,fast
data\test\Grape__Healthy\FreshGrape (49).jpg,Grape__Healthy,heavy,722,849,64.0,24.86,158.73,0.0033,1,0.8046,639.5,0.6426,1,0.9986,1184.55,0.3205,1,0.9985,1108.18,0.3343,fast
data\test\Apple__Rotten\translation_Screen Shot 2018-06-08 at 2.31.08 PM.png,Apple__Rotten,light,422,392,147.01,619.09,135.73,0.0154,1,0.7094,111.93,0.8187,1,0.9999,87.74,0.6866,1,0.9997,104.62,0.6692,fast
data\test\Carrot__Healthy\freshCarrot (70).jpg,Carrot__Healthy,light,224,224,13.78,264.1,101.13,0.0718,1,0.9647,140.15,0.8093,1,1.0,55.66,0.6973,1,1.0,242.28,0.6233,fast
data\test\Mango__Healthy\546.jpg,Mango__Healthy,light,224,224,10.57,578.14,126.07,0.1404,1,0.4826,17.19,0.8503,1,1.0,69.38,0.6927,1,0.9999,104.73,0.6692,fast
data\test\Apple__Healthy\rotated_by_30_Screen Shot 2018-06-08 at 5.04.24 PM.png,Apple__Healthy,light,364,324,78.58,547.08,136.0,0.0169,1,0.9225,29.8,0.8461,1,0.9999,253.65,0.6312,1,1.0,129.45,0.6609,fast
data\test\Tomato__Healthy\freshTomato (101).jpg,Tomato__Healthy,heavy,1600,1200,298.89,218.99,81.44,0.0239,0,0.6784,560.29,-0.331,1,0.9626,1185.17,0.3203,1,0.9994,1024.85,0.3621,heavy
data\test\Tomato__Rotten\rottenTomato (119).jpg,Tomato__Rotten,heavy,348,331,207.89,202.21,193.79,0.0497,0,0.5874,539.27,-0.324,1,0.9543,1168.32,0.326,1,0.7489,995.65,0.3719,heavy
data\test\Tomato__Healthy\freshTomato (163).jpg,Tomato__Healthy,burst,224,224,5.22,396.28,68.45,0.0181,0,0.5015,1080.83,-0.5047,1,1.0,1430.78,0.2384,1,1.0,1605.01,0.1685,balanced
data\test\Cucumber__Healthy\freshCucumber (18).jpg,Cucumber__Healthy,light,4032,3024,2175.44,52.2,153.46,0.0032,1,0.9441,65.84,0.834,1,0.9999,80.28,0.6891,1,0.999,172.67,0.6465,fast
data\test\Banana__Rotten\Screen Shot 2018-06-12 at 9.10.37 PM.png,Banana__Rotten,heavy,564,382,271.69,285.53,187.55,0.0625,1,0.9999,797.56,0.5899,1,0.9999,1162.82,0.3278,1,1.0,1111.51,0.3332,fast
data\test\Potato__Rotten\rottenPotato (216).jpg,Potato__Rotten,burst,284,177,9.95,1872.84,120.9,0.1761,1,0.4924,799.37,0.5892,1,0.8821,73.12,0.6915,1,0.9832,1356.72,0.2514,balanced
data\test\Orange__Rotten\rotated_by_15_Screen Shot 2018-06-12 at 11.36.53 PM.png,Orange__Rotten,light,284,288,104.73,500.41,166.04,0.0365,1,0.9987,135.95,0.8106,1,1.0,24.45,0.7077,1,0.9999,155.46,0.6522,fast
data\test\Banana__Rotten\rotated_by_15_Screen Shot 2018-06-12 at 8.50.20 PM.png,Banana__Rotten,heavy,576,414,124.41,328.47,178.45,0.0149,1,0.9686,472.47,0.6983,1,1.0,1185.78,0.3201,1,1.0,1346.76,0.2547,fast
data\test\Jujube__Rotten\RottenJujube (27).jpg,Jujube__Rotten,light,2548,2282,573.02,35.34,134.92,0.0021,0,0.3035,64.84,-0.1656,1,1.0,39.1,0.7028,1,0.9999,43.7,0.6895,balanced
data\test\Orange__Healthy\rotated_by_30_Screen Shot 2018-06-13 at 12.00.02 AM.png,Orange__Healthy,light,396,350,122.66,448.63,150.53,0.018,1,0.9902,152.84,0.805,1,1.0,87.74,0.6866,1,1.0,111.04,0.6671,fast
data\test\Potato__Rotten\rottenPotato (208).jpg,Potato__Rotten,light,245,205,7.94,1029.66,187.17,0.1094,1,0.5869,46.39,0.8405,0,0.5675,25.35,-0.2926,1,0.5499,54.89,0.6858,fast
data\test\Orange__Healthy\translation_Screen Shot 2018-06-13 at 12.08.54 AM.png,Orange__Healthy,light,334,306,78.5,734.8,164.55,0.0166,1,0.8217,44.85,0.8411,1,1.0,70.37,0.6924,1,1.0,138.94,0.6578,fast
data\test\Mango__Rotten\anthracnose_024.jpg,Mango__Rotten,light,224,224,10.18,742.64,84.8,0.1177,1,0.9401,62.17,0.8353,1,1.0,131.57,0.672,1,1.0,17.07,0.6984,fast
data\test\Mango__Rotten\rottenMango (428).jpg,Mango__Rotten,heavy,224,224,4.44,236.75,107.45,0.0348,1,0.9806,641.36,0.642,1,1.0,1301.62,0.2815,1,1.0,581.89,0.5099,fast
data\test\Strawberry__Healthy\682.jpg,Strawberry__Healthy,light,224,224,9.8,489.85,114.91,0.0934,1,0.9457,49.98,0.8393,1,1.0,24.45,0.7077,1,1.0,213.33,0.6329,fast
data\test\Apple__Healthy\Screen Shot 2018-06-08 at 5.25.22 PM.png,Apple__Healthy,light,274,316,81.13,36.85,210.07,0.0107,1,0.9772,123.4,0.8148,1,1.0,155.63,0.6639,1,1.0,45.67,0.6889,fast
data\test\Apple__Healthy\rotated_by_30_Screen Shot 2018-06-08 at 5.04.31 PM.png,Apple__Healthy,light,390,418,119.62,451.68,165.01,0.0166,1,0.9921,11.61,0.8521,1,1.0,74.79,0.6909,1,1.0,44.99,0.6891,fast
data\test\Banana__Healthy\freshBanana (60).png,Banana__Healthy,heavy,320,258,87.75,1130.34,141.05,0.0686,1,0.8493,611.53,0.6519,1,0.9989,849.9,0.4322,1,0.9995,1024.86,0.3621,fast
data\test\Strawberry__Rotten\373.jpg,Strawberry__Rotten,heavy,224,224,2.76,61.11,142.74,0.0107,1,0.9543,819.64,0.5825,1,1.0,1185.17,0.3203,1,0.9994,1106.14,0.335,fast
data\test\Banana__Rotten\rottenBanana (63).jpg,Banana__Rotten,burst,3244,3040,1192.35,51.3,147.36,0.0031,1,0.9999,1602.48,0.3212,1,1.0,1726.76,0.1396,1,1.0,1924.58,0.0618,fast
data\test\Apple__Healthy\FreshApple (140).jpg,Apple__Healthy,burst,2124,1779,500.61,22.03,172.62,0.0017,0,0.2291,1695.69,-0.7099,1,1.0,11681.17,0.0159,1,0.9997,3134.26,0.0041,balanced
data\test\Mango__Rotten\380.jpg,Mango__Rotten,light,224,224,3.74,54.64,139.53,0.0227,1,0.9907,15.2,0.8509,1,0.9999,111.85,0.6785,1,0.9998,178.82,0.6445,fast
data\test\Apple__Rotten\rotated_by_60_Screen Shot 2018-06-07 at 2.18.25 PM.png,Apple__Rotten,light,306,356,97.62,592.28,168.32,0.0348,1,0.8229,70.64,0.8324,1,1.0,167.81,0.6599,1,1.0,147.16,0.655,fast
data\test\Banana__Rotten\rotated_by_30_Screen Shot 2018-06-12 at 9.16.28 PM.png,Banana__Rotten,light,474,288,184.23,373.06,124.79,0.0541,1,1.0,92.13,0.8253,1,1.0,76.24,0.6904,1,1.0,110.47,0.6673,fast
data\test\Mango__Rotten\alternaria_117.jpg,Mango__Rotten,light,224,224,6.1,50.16,129.43,0.024,1,0.9964,18.39,0.8499,1,1.0,72.7,0.6916,1,1.0,139.83,0.6575,fast
data\test\Mango__Rotten\332.jpg,Mango__Rotten,light,224,224,5.14,142.45,124.87,0.0317,1,0.9819,17.19,0.8503,1,1.0,21.06,0.7088,1,0.9997,44.99,0.6891,fast
data\test\Banana__Rotten\rotated_by_30_Screen Shot 2018-06-12 at 8.59.44 PM.png,Banana__Rotten,burst,338,500,183.45,540.94,142.87,0.0562,1,1.0,960.43,0.5355,1,0.9997,1365.89,0.26,1,1.0,1215.35,0.2985,fast
data\test\Orange__Healthy\freshOrange (191).jpg,Orange__Healthy,heavy,2793,3426,1234.41,18.76,156.4,0.0002,1,0.6149,778.62,0.5962,1,1.0,1185.17,0.3203,1,0.9907,1111.51,0.3332,fast
data\test\Carrot__Rotten\rottenCarrot (45).jpg,Carrot__Rotten,light,259,194,8.14,859.27,100.43,0.1273,1,0.8654,123.4,0.8148,1,0.9999,39.67,0.7026,1,0.9664,85.95,0.6754,fast
data\test\Apple__Healthy\freshApple (260).jpg,Apple__Healthy,light,100,100,3.94,764.05,165.58,0.0365,1,0.703,102.37,0.8219,1,0.9985,120.93,0.6755,1,0.9974,166.54,0.6486,fast
data\test\Banana__Healthy\freshBanana (139).png,Banana__Healthy,light,320,258,100.58,1055.5,141.33,0.0882,1,0.9887,33.74,0.8448,1,1.0,40.0,0.7025,1,1.0,53.38,0.6863,fast
data\test\Potato__Rotten\rottenPotato (463).jpg,Potato__Rotten,light,264,191,12.95,4535.49,118.51,0.2391,1,0.8323,111.52,0.8188,1,0.9999,76.88,0.6902,1,1.0,37.9,0.6915,fast
data\test\Apple__Healthy\freshApple (309).jpg,Apple__Healthy,burst,376,324,107.07,2914.86,189.51,0.0482,1,0.8431,926.08,0.547,1,1.0,659.27,0.4958,1,1.0,1133.55,0.3258,fast
data\test\Tomato__Healthy\freshTomato (17).jpg,Tomato__Healthy,heavy,224,224,9.52,294.91,110.82,0.048,0,0.8077,641.81,-0.3582,1,0.9995,1302.49,0.2812,1,0.9925,1024.85,0.3621,heavy
data\test\Apple__Rotten\Screen Shot 2018-06-08 at 2.37.53 PM.png,Apple__Rotten,light,444,402,222.18,56.96,182.82,0.0328,1,0.671,74.01,0.8313,1,1.0,76.55,0.6903,1,0.9998,30.34,0.694,fast
data\test\Strawberry__Healthy\257.jpg,Strawberry__Healthy,light,224,224,5.26,127.63,105.77,0.0111,1,0.9841,48.57,0.8398,1,1.0,58.37,0.6964,1,0.9999,20.86,0.6972,fast
data\test\Apple__Rotten\rotated_by_30_Screen Shot 2018-06-07 at 2.37.32 PM.png,Apple__Rotten,burst,386,386,177.95,470.0,144.53,0.0252,1,0.9958,1697.3,0.2896,1,1.0,1033.08,0.3711,1,1.0,225.37,0.6289,heavy
data\test\Mango__Healthy\275.jpg,Mango__Healthy,light,224,224,3.85,122.27,139.84,0.0187,1,0.9581,42.91,0.8417,1,1.0,56.2,0.6971,1,0.9999,31.73,0.6935,fast
data\test\Banana__Healthy\rotated_by_45_Screen Shot 2018-06-12 at 9.48.26 PM.png,Banana__Healthy,light,562,448,172.92,384.11,175.97,0.0143,1,0.9941,137.89,0.81,1,1.0,121.17,0.6754,1,1.0,180.65,0.6438,fast
data\test\Orange__Healthy\rotated_by_75_Screen Shot 2018-06-13 at 12.14.03 AM.png,Orange__Healthy,heavy,354,322,120.2,423.85,163.4,0.0114,1,0.9868,727.23,0.6133,1,0.9999,1064.76,0.3605,1,0.9979,1218.59,0.2975,fast
data\test\Banana__Rotten\rotated_by_45_Screen Shot 2018-06-12 at 8.54.37 PM.png,Banana__Rotten,light,640,414,271.53,184.56,109.9,0.0249,1,0.9991,15.65,0.8508,1,0.9989,77.77,0.6899,1,0.9995,83.75,0.6762,fast
data\test\Pomegranate__Healthy\FreshPomegranate (136).jpg,Pomegranate__Healthy,heavy,2306,1982,547.42,18.52,124.02,0.0003,0,0.7172,656.58,-0.3631,1,0.7197,2887.92,0.0159,1,0.9984,1144.45,0.3222,heavy
data\test\Mango__Rotten\alternaria_100.jpg,Mango__Rotten,heavy,224,224,7.92,966.85,91.13,0.0431,1,0.9866,658.49,0.6363,1,1.0,1147.36,0.333,1,0.9994,581.89,0.5099,fast
data\test\Apple__Healthy\translation_Screen Shot 2018-06-08 at 4.59.44 PM.png,Apple__Healthy,light,470,386,108.21,583.65,172.02,0.0111,1,0.9947,26.51,0.8472,1,1.0,23.96,0.7079,1,0.9988,47.38,0.6883,fast
data\test\Apple__Rotten\Screen Shot 2018-06-07 at 2.55.52 PM.png,Apple__Rotten,heavy,408,366,140.44,41.59,214.59,0.0127,1,0.8665,582.42,0.6617,1,0.9962,1184.55,0.3205,1,0.994,1048.86,0.3541,fast
data\test\Cucumber__Healthy\freshCucumber (11).jpg,Cucumber__Healthy,light,4032,3024,1458.16,31.69,155.23,0.0043,1,0.8474,47.04,0.8403,1,1.0,77.77,0.6899,1,0.9997,121.79,0.6635,fast
data\test\Strawberry__Rotten\571.jpg,Strawberry__Rotten,light,224,224,11.04,615.51,118.56,0.1378,1,0.9991,42.91,0.8417,1,1.0,26.26,0.7071,1,1.0,36.83,0.6918,fast
data\test\Potato__Healthy\freshPotato (85).jpg,Potato__Healthy,light,100,100,4.43,1554.51,177.45,0.0592,1,0.9005,88.28,0.8266,1,0.9996,73.32,0.6914,1,0.9944,79.14,0.6777,fast
data\test\Tomato__Healthy\freshTomato (283).png,Tomato__Healthy,burst,480,322,195.6,484.35,120.68,0.0665,1,0.9947,476.59,0.697,1,1.0,1122.87,0.3411,1,0.9998,2143.8,0.0041,fast
data\test\Pomegranate__Rotten\RottenPomegranate (140).jpg,Pomegranate__Rotten,heavy,4141,3067,1315.26,20.02,161.95,0.0046,0,0.2771,739.22,-0.3907,1,0.9944,1051.71,0.3649,1,0.9852,1241.04,0.29,balanced
data\test\Potato__Healthy\freshPotato (233).jpg,Potato__Healthy,light,224,224,12.79,177.38,118.37,0.0594,1,0.7779,37.23,0.8436,1,0.9996,90.99,0.6855,1,0.997,172.51,0.6466,fast
data\test\Tomato__Rotten\rottenTomato (553).jpg,Tomato__Rotten,light,224,224,9.35,347.43,111.41,0.0674,1,0.5682,42.31,0.8419,1,1.0,36.18,0.7038,1,1.0,185.44,0.6422,fast
data\test\Orange__Rotten\rottenOrange (272).jpg,Orange__Rotten,light,224,224,9.86,517.1,114.29,0.1355,1,0.7006,23.24,0.8483,1,0.9996,45.66,0.7006,1,0.9999,17.07,0.6984,fast
data\test\Bellpepper__Healthy\freshPepper (275).jpg,Bellpepper__Healthy,heavy,224,224,15.33,476.71,93.24,0.0827,1,0.9626,1053.59,0.5044,1,1.0,1184.46,0.3206,1,0.9997,1112.74,0.3328,fast
data\test\Mango__Rotten\541.jpg,Mango__Rotten,light,224,224,10.12,373.8,109.02,0.0708,1,0.9863,63.77,0.8347,1,1.0,62.64,0.695,1,1.0,29.97,0.6941,fast
data\test\Cucumber__Rotten\rottenCucumber (273).jpg,Cucumber__Rotten,light,259,194,11.18,4044.51,123.24,0.2515,1,0.9306,84.41,0.8279,1,0.989,124.43,0.6743,1,0.9996,135.37,0.659,fast
data\test\Banana__Rotten\rotated_by_30_Screen Shot 2018-06-12 at 9.03.06 PM.png,Banana__Rotten,light,436,406,141.4,486.96,152.29,0.0424,1,0.9999,56.87,0.837,1,1.0,197.44,0.65,1,0.9999,122.64,0.6632,fast
data\test\Carrot__Rotten\rottenCarrot (143).jpg,Carrot__Rotten,light,100,100,4.52,1154.66,181.21,0.2017,1,0.4838,62.49,0.8352,1,0.9557,109.67,0.6793,1,0.7605,23.66,0.6962,fast
data\test\Mango__Rotten\aspergillus_105.jpg,Mango__Rotten,light,224,224,9.52,1865.14,90.72,0.0842,1,0.7987,48.6,0.8398,1,1.0,212.29,0.645,1,0.9998,30.07,0.6941,fast
data\test\Orange__Rotten\rottenOrange (581).jpg,Orange__Rotten,light,380,344,144.29,494.94,150.98,0.035,1,0.991,84.41,0.8279,1,1.0,77.94,0.6899,1,1.0,43.7,0.6895,fast
data\test\Bellpepper__Rotten\rottenPepper (238).jpg,Bellpepper__Rotten,light,274,184,6.26,152.43,222.15,0.0197,0,0.5553,30.94,-0.1543,1,0.9867,109.22,0.6794,1,0.4602,80.53,0.6773,balanced
data\test\Bellpepper__Rotten\rottenPepper (278).jpg,Bellpepper__Rotten,heavy,202,250,4.59,865.96,167.09,0.0352,1,0.4189,698.18,0.623,1,0.5857,1180.37,0.3219,1,0.6637,994.85,0.3721,fast
data\test\Tomato__Rotten\rottenTomato (258).jpg,Tomato__Rotten,light,342,345,85.44,359.22,147.44,0.0667,0,0.325,209.38,-0.2139,1,0.9368,61.08,0.6955,1,0.5073,119.67,0.6642,balanced
data\test\Pomegranate__Rotten\RottenPomegranate (80).jpg,Pomegranate__Rotten,light,4160,3120,2807.87,38.41,189.4,0.0004,1,0.358,125.47,0.8142,1,1.0,81.48,0.6887,1,0.9947,107.17,0.6684,fast
data\test\Banana__Rotten\rottenBanana (505).jpg,Banana__Rotten,burst,224,224,3.29,63.17,145.48,0.0142,1,0.7889,1422.96,0.3811,1,1.0,2087.41,0.0192,1,1.0,1452.02,0.2195,fast
data\test\Banana__Healthy\rotated_by_30_Screen Shot 2018-06-12 at 9.49.00 PM.png,Banana__Healthy,light,250,148,28.0,948.29,183.17,0.0379,1,0.994,43.31,0.8416,1,0.9998,48.76,0.6996,1,1.0,52.36,0.6867,fast
data\test\Tomato__Healthy\freshTomato (187).jpg,Tomato__Healthy,burst,224,224,5.08,246.66,82.24,0.0276,0,0.7595,1412.27,-0.6153,1,1.0,1365.89,0.26,1,1.0,2098.27,0.0041,balanced
data\test\Banana__Rotten\rotated_by_45_Screen Shot 2018-06-12 at 9.25.41 PM.png,Banana__Rotten,light,546,410,197.64,491.36,134.2,0.0333,1,0.9773,31.24,0.8456,1,1.0,43.44,0.7014,1,0.9998,134.05,0.6594,fast
data\test\Jujube__Healthy\FreshJujube (48).jpg,Jujube__Healthy,heavy,1600,1200,241.66,172.29,153.55,0.0362,1,0.7705,726.03,0.6137,1,0.9999,1361.81,0.2614,1,0.9994,1111.51,0.3332,fast
data\test\Apple__Healthy\rotated_by_45_Screen Shot 2018-06-08 at 5.15.45 PM.png,Apple__Healthy,light,432,418,178.52,453.72,128.65,0.0147,1,0.9874,107.09,0.8203,1,1.0,34.58,0.7043,1,1.0,52.32,0.6867,fast
data\test\Tomato__Rotten\rottenTomato (245).jpg,Tomato__Rotten,heavy,130,166,11.28,252.66,202.04,0.0895,0,0.4603,647.3,-0.36,1,0.9985,1162.82,0.3278,1,0.9982,847.21,0.4214,heavy
data\test\Mango__Rotten\767.jpg,Mango__Rotten,light,224,224,6.07,88.35,104.94,0.0152,1,0.4836,45.23,0.8409,1,1.0,132.53,0.6716,1,0.9998,100.47,0.6706,fast
data\test\Apple__Rotten\rotated_by_30_Screen Shot 2018-06-08 at 2.37.19 PM.png,Apple__Rotten,light,406,394,146.28,453.29,130.9,0.0154,1,0.954,110.16,0.8193,1,0.9999,174.94,0.6575,1,1.0,176.45,0.6452,fast
data\test\Apple__Healthy\freshApple (592).png,Apple__Healthy,light,320,258,116.08,1418.56,112.7,0.0745,1,0.9117,140.15,0.8093,1,0.9995,73.28,0.6914,1,0.9996,111.5,0.6669,fast
data\test\Apple__Rotten\rottenApple (198).jpg,Apple__Rotten,heavy,3434,2974,1098.95,29.02,195.51,0.0019,0,0.1987,814.49,-0.4158,1,0.9926,1065.28,0.3603,1,0.8235,1188.78,0.3074,balanced
data\test\Mango__Rotten\173.jpg,Mango__Rotten,light,224,224,4.14,155.82,125.13,0.0242,1,0.9512,129.99,0.8126,1,1.0,229.7,0.6392,1,0.9998,172.82,0.6465,fast
data\test\Mango__Rotten\rottenMango (191).jpg,Mango__Rotten,light,224,224,10.58,490.49,95.84,0.1622,1,0.9931,72.56,0.8318,1,1.0,100.04,0.6825,1,1.0,57.71,0.6849,fast
data\test\Mango__Healthy\399.jpg,Mango__Healthy,light,224,224,2.88,14.01,143.49,0.006,1,0.8976,78.84,0.8297,1,0.9999,46.73,0.7003,1,1.0,55.93,0.6855,fast
data\test\Apple__Healthy\translation_Screen Shot 2018-06-08 at 5.28.42 PM.png,Apple__Healthy,light,150,142,19.0,1446.4,122.86,0.0248,1,0.8228,142.44,0.8085,1,0.9995,57.8,0.6966,1,0.9999,168.42,0.6479,fast
data\test\Mango__Healthy\265.jpg,Mango__Healthy,heavy,224,224,3.49,82.64,142.21,0.0135,1,0.9449,683.65,0.6279,1,1.0,1361.81,0.2614,1,0.9999,1108.71,0.3341,fast
data\test\Banana__Healthy\Banana__Healthy_augmented_61.jpg,Banana__Healthy,light,224,224,7.04,221.44,161.64,0.0448,1,0.8344,61.74,0.8354,1,1.0,25.55,0.7073,1,1.0,205.48,0.6356,fast
data\test\Mango__Healthy\freshMango (90).jpg,Mango__Healthy,light,224,224,10.43,447.16,116.81,0.1554,1,0.972,77.48,0.8302,1,1.0,47.96,0.6999,1,0.9998,28.82,0.6945,fast
data\test\Apple__Rotten\rottenApple (445).jpg,Apple__Rotten,light,376,406,78.32,467.53,175.6,0.0139,1,0.6629,28.56,0.8465,1,0.9999,84.85,0.6875,1,0.9999,87.44,0.6749,fast
data\test\Banana__Rotten\translation_Screen Shot 2018-06-12 at 9.04.01 PM.png,Banana__Rotten,light,606,368,152.84,538.49,161.87,0.0358,1,0.9999,22.88,0.8484,1,0.9988,112.9,0.6782,1,0.9998,104.62,0.6692,fast
data\test\Orange__Rotten\Screen Shot 2018-06-12 at 11.36.06 PM.png,Orange__Rotten,light,556,402,252.21,47.75,219.46,0.0269,1,0.9911,83.37,0.8282,1,1.0,49.23,0.6994,1,1.0,161.26,0.6503,fast
data\test\Banana__Rotten\vertical_flip_Screen Shot 2018-06-12 at 9.14.13 PM.png,Banana__Rotten,heavy,536,312,145.21,176.94,198.81,0.0509,1,0.9846,610.37,0.6523,1,1.0,1180.37,0.3219,1,1.0,1267.9,0.281,fast
data\test\Potato__Rotten\rottenPotato (323).jpg,Potato__Rotten,light,225,225,9.98,3020.63,138.08,0.1752,1,0.6592,54.18,0.8379,1,0.9999,76.88,0.6902,1,0.9996,63.65,0.6829,fast
data\test\Orange__Healthy\Screen Shot 2018-06-12 at 11.51.47 PM.png,Orange__Healthy,heavy,436,356,179.14,31.74,193.92,0.0116,1,0.9908,628.61,0.6462,1,1.0,1045.97,0.3668,1,1.0,996.18,0.3717,fast
data\test\Apple__Rotten\rotated_by_60_Screen Shot 2018-06-08 at 2.35.03 PM.png,Apple__Rotten,light,384,376,94.26,470.54,179.37,0.0141,1,0.677,17.13,0.8503,1,0.9996,40.0,0.7025,1,0.9933,198.33,0.6379,fast
data\test\Mango__Healthy\healthy_094.jpg,Mango__Healthy,light,224,224,6.6,147.53,89.67,0.0158,1,0.8827,26.23,0.8473,1,0.9993,17.26,0.7101,1,0.9988,92.39,0.6733,fast
data\test\Mango__Rotten\89.jpg,Mango__Rotten,light,224,224,4.7,121.2,119.93,0.0415,1,0.9997,152.84,0.805,1,1.0,81.09,0.6888,1,1.0,54.14,0.6861,fast
data\test\Strawberry__Healthy\freshStrawberry (188).jpg,Strawberry__Healthy,heavy,1313,2232,394.47,49.84,137.6,0.0152,1,0.9943,814.49,0.5842,1,0.9998,1118.95,0.3424,1,0.9998,1278.53,0.2774,fast
data\test\Tomato__Rotten\rottenTomato (268).jpg,Tomato__Rotten,light,224,224,2.9,20.44,36.36,0.006,1,0.7327,14.82,0.8511,1,1.0,116.08,0.6771,1,1.0,51.04,0.6871,fast
data\test\Orange__Healthy\freshOrange (100).jpg,Orange__Healthy,heavy,4000,3000,3595.19,30.54,177.06,0.0023,1,0.7764,808.06,0.5863,1,1.0,1185.28,0.3203,1,0.9969,890.48,0.4069,fast
data\test\Potato__Rotten\rottenPotato (375).jpg,Potato__Rotten,heavy,266,190,14.26,4388.75,131.62,0.3018,1,0.831,635.64,0.6439,1,0.9998,1132.76,0.3378,1,0.9685,1047.29,0.3546,fast
data\test\Apple__Healthy\FreshApple (105).jpg,Apple__Healthy,light,2454,2105,743.66,38.18,169.55,0.0029,1,0.9839,45.69,0.8408,1,1.0,110.03,0.6791,1,1.0,105.8,0.6688,fast
data\test\Orange__Healthy\rotated_by_45_Screen Shot 2018-06-13 at 12.04.26 AM.png,Orange__Healthy,light,362,386,165.05,527.22,152.84,0.0268,1,0.9912,157.52,0.8035,1,1.0,27.9,0.7066,1,1.0,115.88,0.6655,fast
data\test\Apple__Rotten\Screen Shot 2018-06-08 at 2.26.44 PM.png,Apple__Rotten,burst,402,426,247.94,47.51,172.5,0.0258,1,0.8608,569.82,0.6659,1,0.998,1756.34,0.1297,1,0.9961,1616.16,0.1648,fast
data\test\Orange__Rotten\Screen Shot 2018-06-12 at 11.23.46 PM.png,Orange__Rotten,light,164,128,35.86,63.75,187.14,0.0276,0,0.5509,19.8,-0.1506,1,0.9971,25.89,0.7072,1,0.9943,113.23,0.6663,balanced
data\test\Apple__Healthy\freshApple (455).png,Apple__Healthy,heavy,480,322,229.72,277.16,139.02,0.0671,1,0.9472,518.83,0.6829,1,1.0,1045.97,0.3668,1,0.9999,1048.31,0.3543,fast
data\test\Apple__Healthy\freshApple (444).png,Apple__Healthy,heavy,480,322,218.74,222.06,115.08,0.0463,1,0.8983,579.3,0.6627,1,0.999,1197.94,0.3161,1,1.0,1099.62,0.3372,fast
data\test\Tomato__Rotten\rottenTomato (223).jpg,Tomato__Rotten,heavy,239,199,31.75,362.66,159.83,0.0749,0,0.4065,732.51,-0.3884,1,0.9849,1162.29,0.328,1,0.9939,923.95,0.3958,heavy
data\test\Strawberry__Rotten\819.jpg,Strawberry__Rotten,burst,224,224,6.07,130.42,101.32,0.0182,1,0.7347,1246.75,0.4399,1,1.0,2016.6,0.0429,1,0.9999,1757.01,0.1178,fast
data\test\Mango__Rotten\513.jpg,Mango__Rotten,light,224,224,9.16,315.98,97.26,0.0616,1,0.9861,26.93,0.847,1,1.0,58.8,0.6962,1,1.0,105.8,0.6688,fast
data\test\Apple__Rotten\saltandpepper_Screen Shot 2018-06-08 at 2.53.14 PM.png,Apple__Rotten,heavy,450,430,176.25,3156.78,193.2,0.0451,1,0.7077,607.81,0.6532,1,1.0,1201.01,0.3151,1,0.9999,1251.81,0.2864,fast
data\test\Strawberry__Rotten\497.jpg,Strawberry__Rotten,light,224,224,3.7,135.41,138.36,0.0142,1,0.7465,58.41,0.8365,1,0.9887,97.82,0.6832,1,1.0,171.58,0.6469,fast
data\test\Cucumber__Rotten\rottenCucumber (570).jpg,Cucumber__Rotten,light,100,100,4.56,3100.53,180.14,0.078,1,0.9902,21.33,0.8489,1,0.9999,101.96,0.6818,1,0.9999,47.78,0.6882,fast
data\test\Mango__Healthy\healthy_124.jpg,Mango__Healthy,burst,224,224,5.71,34.0,131.26,0.0128,0,0.7613,1411.75,-0.6151,1,0.8564,1578.26,0.1892,1,0.8837,2447.19,0.0041,balanced
data\test\Bellpepper__Rotten\rottenPepper (446).jpg,Bellpepper__Rotten,heavy,100,100,1.8,884.45,164.1,0.0614,0,0.4254,582.42,-0.3383,0,0.868,1030.09,-0.6279,0,0.6213,1076.02,-0.655,fast
data\test\Cucumber__Healthy\freshCucumber (48).jpg,Cucumber__Healthy,light,848,480,40.71,33.08,163.38,0.0068,1,0.9983,32.7,0.8451,1,0.9999,60.39,0.6957,1,0.9995,66.98,0.6818,fast
data\test\Strawberry__Rotten\957.jpg,Strawberry__Rotten,light,224,224,7.52,219.34,123.32,0.0443,1,0.8557,34.28,0.8446,1,0.9993,167.81,0.6599,1,0.9991,82.94,0.6765,fast
data\test\Strawberry__Rotten\rottenStrawberry (564).jpg,Strawberry__Rotten,light,224,224,3.38,90.71,143.22,0.0175,1,0.9796,27.56,0.8468,1,1.0,124.54,0.6743,1,1.0,37.9,0.6915,fast
data\test\Potato__Healthy\freshPotato (48).jpg,Potato__Healthy,light,262,192,4.3,929.71,207.17,0.0334,1,0.7226,84.54,0.8278,1,0.9999,69.91,0.6925,1,0.9989,205.48,0.6356,fast
data\test\Mango__Rotten\62.jpg,Mango__Rotten,light,224,224,4.62,300.07,127.51,0.0349,1,0.9988,19.01,0.8497,1,1.0,77.9,0.6899,1,1.0,99.1,0.6711,fast
data\test\Banana__Healthy\rotated_by_30_Screen Shot 2018-06-12 at 9.53.30 PM.png,Banana__Healthy,light,570,496,211.91,334.71,182.7,0.0157,1,0.9068,92.57,0.8251,1,1.0,176.52,0.657,1,0.9996,50.97,0.6871,fast
data\test\Apple__Healthy\rotated_by_60_Screen Shot 2018-06-08 at 5.28.38 PM.png,Apple__Healthy,burst,164,154,33.1,1074.3,137.09,0.0382,1,0.9837,638.93,0.6428,1,0.9999,426.73,0.5735,1,1.0,1633.38,0.159,fast
data\test\Banana__Rotten\rottenBanana (159).jpg,Banana__Rotten,light,3574,2637,1028.29,23.4,191.62,0.001,1,0.9975,29.99,0.846,1,1.0,169.69,0.6592,1,1.0,71.11,0.6804,fast
data\test\Orange__Healthy\rotated_by_15_Screen Shot 2018-06-13 at 12.01.49 AM.png,Orange__Healthy,light,310,330,127.4,139.54,125.52,0.0226,1,0.9,28.87,0.8464,1,1.0,65.79,0.6939,1,0.9995,43.46,0.6896,fast
data\test\Strawberry__Healthy\freshStrawberry (302).jpg,Strawberry__Healthy,light,224,224,6.24,186.89,89.28,0.0163,1,0.9668,24.74,0.8478,1,1.0,87.68,0.6866,1,1.0,71.11,0.6804,fast
data\test\Mango__Healthy\freshMango (120).jpg,Mango__Healthy,light,224,224,9.85,422.27,121.7,0.1047,1,0.6282,97.92,0.8233,1,1.0,154.43,0.6643,1,1.0,26.04,0.6954,fast
data\test\Orange__Rotten\rotated_by_60_Screen Shot 2018-06-12 at 11.37.07 PM.png,Orange__Rotten,light,326,354,95.19,536.37,172.3,0.017,1,0.9884,75.74,0.8307,1,1.0,110.95,0.6788,1,1.0,91.65,0.6735,fast
data\test\Carrot__Healthy\freshCarrot (10).jpg,Carrot__Healthy,heavy,224,224,18.75,1874.84,84.98,0.1471,1,0.9801,814.49,0.5842,1,1.0,1151.96,0.3314,1,0.9988,1047.29,0.3546,fast
data\test\Strawberry__Rotten\163.jpg,Strawberry__Rotten,burst,224,224,4.98,137.76,129.73,0.0291,1,0.9742,1420.28,0.382,1,1.0,620.34,0.5088,1,1.0,2491.55,0.0041,balanced
data\test\Carrot__Healthy\freshCarrot (60).jpg,Carrot__Healthy,light,224,224,25.17,59.81,169.67,0.0075,1,0.4599,66.2,0.8339,1,0.999,139.81,0.6692,1,0.9997,48.77,0.6879,fast
data\test\Apple__Healthy\FreshApple (176).jpg,Apple__Healthy,heavy,2312,1942,698.53,63.32,127.53,0.0073,1,0.8002,622.9,0.6481,1,1.0,462.39,0.5616,1,1.0,889.41,0.4073,fast
data\test\Apple__Healthy\freshApple (586).png,Apple__Healthy,burst,320,258,121.17,1076.63,127.69,0.0738,1,0.9924,72.75,0.8317,1,0.9997,895.6,0.417,1,0.9998,1615.62,0.1649,fast
data\test\Apple__Rotten\translation_Screen Shot 2018-06-07 at 2.36.21 PM.png,Apple__Rotten,burst,200,226,50.66,1066.43,132.65,0.0648,1,0.964,1005.82,0.5203,1,1.0,2503.93,0.0159,1,1.0,1011.68,0.3665,fast
data\test\Tomato__Rotten\rottenTomato (367).jpg,Tomato__Rotten,light,224,224,3.62,36.61,139.47,0.0133,1,0.4818,72.19,0.8319,1,0.9999,81.48,0.6887,1,0.9997,92.66,0.6732,fast
data\test\Jujube__Rotten\RottenJujube (20).jpg,Jujube__Rotten,light,2798,3122,1140.51,44.56,154.5,0.0028,0,0.4357,23.56,-0.1518,1,0.9937,84.37,0.6877,1,0.9995,47.38,0.6883,heavy
data\test\Mango__Rotten\anthracnose_054.jpg,Mango__Rotten,light,224,224,6.95,187.57,110.83,0.0195,1,0.5966,80.54,0.8291,0,0.8413,37.75,-0.2967,1,0.8502,27.15,0.6951,fast
data\test\Mango__Healthy\908.jpg,Mango__Healthy,light,224,224,5.66,53.19,106.21,0.0154,1,0.9862,31.51,0.8455,1,1.0,187.43,0.6533,1,0.9997,62.14,0.6834,fast
data\test\Apple__Rotten\rotated_by_75_Screen Shot 2018-06-08 at 2.34.51 PM.png,Apple__Rotten,light,398,380,140.37,349.29,180.9,0.0155,1,0.7708,16.13,0.8506,1,1.0,120.51,0.6756,1,1.0,119.46,0.6643,fast
data\test\Potato__Rotten\rottenPotato (158).jpg,Potato__Rotten,heavy,185,273,4.71,263.99,137.78,0.056,1,0.7534,1147.66,0.473,1,0.9998,1202.05,0.3147,1,0.995,1111.48,0.3332,fast
data\test\Mango__Rotten\rottenMango (301).jpg,Mango__Rotten,light,275,183,4.26,217.81,153.31,0.0247,1,0.6465,12.55,0.8518,0,0.4455,72.94,-0.3085,1,0.9451,156.97,0.6517,fast
data\test\Grape__Rotten\RottenGrape (25).jpg,Grape__Rotten,light,982,534,82.03,40.12,131.21,0.0069,1,0.5697,33.74,0.8448,1,0.9999,25.59,0.7073,1,1.0,87.24,0.675,fast
data\test\Mango__Healthy\577.jpg,Mango__Healthy,light,224,224,10.5,451.93,116.29,0.127,1,0.9859,61.34,0.8356,1,0.9999,98.34,0.683,1,0.9992,52.32,0.6867,fast
data\test\Orange__Rotten\rotated_by_60_Screen Shot 2018-06-12 at 11.46.04 PM.png,Orange__Rotten,light,144,122,24.48,1443.59,118.36,0.0497,0,0.6152,27.44,-0.1531,1,0.999,77.27,0.6901,1,0.9999,58.44,0.6846,balanced
data\test\Carrot__Rotten\rottenCarrot (508).jpg,Carrot__Rotten,heavy,264,191,11.04,1951.62,113.63,0.19,1,0.5603,518.83,0.6829,1,0.9939,1156.5,0.3299,1,0.7323,529.01,0.5276,fast
data\test\Carrot__Healthy\freshCarrot (250).jpg,Carrot__Healthy,light,224,224,17.37,1201.17,92.38,0.119,1,0.9088,26.04,0.8473,1,1.0,142.98,0.6681,1,1.0,51.04,0.6871,fast
data\test\Tomato__Rotten\rottenTomato (236).jpg,Tomato__Rotten,heavy,224,224,3.72,55.33,56.86,0.0128,1,0.5573,472.47,0.6983,1,1.0,1194.97,0.3171,1,1.0,1003.91,0.3691,fast
data\test\Orange__Rotten\saltandpepper_Screen Shot 2018-06-12 at 11.30.11 PM.png,Orange__Rotten,burst,454,408,250.75,2640.75,130.82,0.0399,1,0.9979,1337.89,0.4095,1,1.0,925.17,0.4071,1,1.0,854.83,0.4188,heavy
data\test\Banana__Rotten\rotated_by_30_Screen Shot 2018-06-12 at 9.23.24 PM.png,Banana__Rotten,light,324,414,135.24,462.48,131.94,0.0266,1,0.9934,20.31,0.8492,1,1.0,86.87,0.6869,1,0.9943,29.97,0.6941,fast
data\test\Banana__Healthy\rotated_by_30_Screen Shot 2018-06-12 at 9.41.26 PM.png,Banana__Healthy,heavy,522,378,81.23,402.72,194.69,0.011,1,0.9883,588.01,0.6598,1,1.0,1086.41,0.3533,1,1.0,1048.56,0.3542,fast
data\test\Banana__Healthy\freshBanana (151).jpg,Banana__Healthy,light,1142,1295,142.99,47.41,172.17,0.0108,1,0.9928,97.83,0.8234,1,1.0,134.35,0.671,1,0.9999,154.11,0.6527,fast
data\test\Banana__Healthy\rotated_by_75_Screen Shot 2018-06-12 at 9.47.22 PM.png,Banana__Healthy,light,316,350,76.1,290.68,173.31,0.008,1,0.9058,76.86,0.8304,1,1.0,104.3,0.6811,1,0.9999,45.73,0.6889,fast
data\test\Orange__Healthy\freshOrange (54).jpg,Orange__Healthy,light,3063,2893,1160.32,25.26,148.23,0.0002,0,0.4462,32.9,-0.155,1,0.9933,168.9,0.6595,0,0.7409,59.64,-0.3158,balanced
data\test\Banana__Healthy\rotated_by_45_Screen Shot 2018-06-12 at 9.38.15 PM.png,Banana__Healthy,light,734,392,109.53,384.43,164.93,0.0078,1,0.9913,79.64,0.8294,1,1.0,23.36,0.7081,1,1.0,92.16,0.6734,fast
data\test\Apple__Rotten\rotated_by_15_Screen Shot 2018-06-07 at 2.46.43 PM.png,Apple__Rotten,burst,356,342,123.44,318.43,156.51,0.0147,1,0.9636,1375.4,0.397,1,0.9999,1895.21,0.0834,1,0.9998,2089.78,0.0067,fast
data\test\Strawberry__Rotten\598.jpg,Strawberry__Rotten,light,224,224,11.34,720.39,111.19,0.1365,1,0.999,78.45,0.8298,1,1.0,139.5,0.6693,1,1.0,62.97,0.6831,fast
data\test\Carrot__Healthy\freshCarrot (7).jpg,Carrot__Healthy,light,224,224,39.59,165.88,140.43,0.022,1,0.7503,70.4,0.8325,1,0.9925,50.6,0.699,1,0.9961,147.16,0.655,fast
data\test\Orange__Rotten\rotated_by_60_Screen Shot 2018-06-12 at 11.31.01 PM.png,Orange__Rotten,heavy,214,204,65.24,593.51,149.11,0.0402,1,0.9972,551.41,0.672,1,1.0,271.83,0.6251,1,1.0,994.83,0.3721,fast
data\test\Cucumber__Rotten\rottenCucumber (110).jpg,Cucumber__Rotten,light,100,100,3.67,2377.85,189.65,0.0438,1,0.9639,77.95,0.83,1,1.0,47.38,0.7001,1,0.9999,246.9,0.6217,fast
data\test\Banana__Healthy\rotated_by_15_Screen Shot 2018-06-12 at 9.50.31 PM.png,Banana__Healthy,burst,646,458,153.51,268.76,206.36,0.0071,1,0.7751,1257.64,0.4363,1,1.0,1479.02,0.2223,1,1.0,396.76,0.5717,heavy
data\test\Apple__Rotten\rotated_by_15_Screen Shot 2018-06-08 at 2.47.37 PM.png,Apple__Rotten,light,404,356,138.03,389.29,168.17,0.0163,1,0.9539,54.46,0.8378,1,0.9983,42.57,0.7017,1,1.0,180.28,0.644,fast
data\test\Apple__Rotten\rotated_by_75_Screen Shot 2018-06-07 at 3.04.58 PM.png,Apple__Rotten,light,236,208,41.85,680.14,179.93,0.0256,1,0.9159,46.06,0.8407,1,0.996,67.15,0.6935,1,0.987,141.69,0.6568,fast
data\test\Apple__Rotten\rottenApple (46).jpg,Apple__Rotten,light,2865,3250,1546.15,129.82,93.93,0.0082,1,0.4112,47.04,0.8403,1,0.9809,84.77,0.6876,1,0.9944,111.9,0.6668,fast
data\test\Jujube__Rotten\RottenJujube (116).jpg,Jujube__Rotten,burst,3342,2165,925.32,21.55,177.47,0.0008,0,0.8266,79.18,-0.1704,1,0.7834,2212.69,0.0159,1,0.9321,2758.46,0.0041,balanced
data\test\Orange__Rotten\vertical_flip_Screen Shot 2018-06-12 at 11.31.52 PM.png,Orange__Rotten,light,538,436,308.93,44.16,132.21,0.0173,1,0.9999,20.1,0.8493,1,1.0,60.43,0.6957,1,1.0,92.16,0.6734,fast
data\test\Mango__Rotten\aspergillus_010.jpg,Mango__Rotten,light,224,224,7.42,228.57,125.87,0.0383,1,0.9786,79.64,0.8294,1,0.9999,99.71,0.6826,1,1.0,140.8,0.6571,fast
data\test\Apple__Rotten\rotated_by_45_Screen Shot 2018-06-07 at 2.36.06 PM.png,Apple__Rotten,burst,240,242,78.66,776.67,150.4,0.0927,1,0.9621,387.11,0.7268,1,0.9999,1379.35,0.2555,1,0.9998,1728.38,0.1273,fast
data\test\Apple__Rotten\saltandpepper_Screen Shot 2018-06-07 at 3.00.17 PM.png,Apple__Rotten,heavy,456,430,202.18,3294.81,150.32,0.067,1,0.738,740.26,0.609,1,0.9998,627.51,0.5064,1,0.9996,1166.11,0.315,fast
data\test\Banana__Healthy\rotated_by_30_Screen Shot 2018-06-12 at 9.42.09 PM.png,Banana__Healthy,burst,572,440,288.31,98.7,128.32,0.0233,1,0.9773,1048.91,0.506,1,1.0,1598.24,0.1825,1,0.9998,661.69,0.4833,fast
data\test\Apple__Rotten\rottenApple (430).jpg,Apple__Rotten,heavy,350,332,90.3,539.65,157.43,0.0425,1,0.9791,608.02,0.6531,1,1.0,1210.31,0.3119,1,1.0,1114.31,0.3323,fast
data\test\Banana__Healthy\freshBanana (48).png,Banana__Healthy,light,320,258,124.47,1330.94,135.5,0.0776,1,0.9465,70.64,0.8324,1,0.9999,39.86,0.7026,1,1.0,178.82,0.6445,fast
data\test\Banana__Healthy\Banana__Healthy_augmented_314.jpg,Banana__Healthy,light,224,224,4.3,139.83,124.69,0.0202,1,0.817,55.04,0.8377,1,1.0,187.43,0.6533,1,0.9999,103.19,0.6697,fast
data\test\Orange__Rotten\Screen Shot 2018-06-12 at 11.33.55 PM.png,Orange__Rotten,light,416,468,310.3,16.5,183.98,0.0029,1,0.8388,104.37,0.8212,1,1.0,144.63,0.6676,1,0.9954,88.68,0.6745,fast
data\test\Strawberry__Rotten\97.jpg,Strawberry__Rotten,light,224,224,4.05,101.78,137.78,0.025,1,0.9542,46.94,0.8404,1,1.0,122.08,0.6751,1,0.9994,86.62,0.6752,fast
data\test\Strawberry__Healthy\445.jpg,Strawberry__Healthy,heavy,224,224,3.06,53.4,148.74,0.0085,1,0.9546,740.35,0.6089,1,1.0,1255.02,0.297,1,0.9995,2820.09,0.0041,fast
data\test\Strawberry__Rotten\rottenStrawberry (191).jpg,Strawberry__Rotten,burst,2706,3230,1073.97,126.82,188.81,0.0167,1,0.5542,387.11,0.7268,1,0.9997,2212.69,0.0159,1,0.9719,2776.57,0.0041,fast
data\test\Tomato__Healthy\freshTomato (176).png,Tomato__Healthy,burst,320,258,83.5,1047.95,126.26,0.0698,0,0.6291,926.6,-0.4532,1,1.0,1611.21,0.1782,1,0.9997,2588.98,0.0041,balanced
data\test\Strawberry__Rotten\rottenStrawberry (404).jpg,Strawberry__Rotten,heavy,259,194,10.14,2029.48,122.4,0.1786,0,0.8043,675.18,-0.3693,1,0.9908,1147.36,0.333,0,0.541,1025.38,-0.6381,balanced
data\test\Apple__Healthy\translation_Screen Shot 2018-06-08 at 5.09.25 PM.png,Apple__Healthy,light,356,390,150.61,799.35,139.21,0.0568,1,0.8028,64.18,0.8346,1,1.0,110.03,0.6791,1,0.9999,107.44,0.6683,fast
data\test\Cucumber__Rotten\rottenCucumber (536).jpg,Cucumber__Rotten,heavy,100,100,6.73,4497.16,131.7,0.1744,1,0.9975,755.64,0.6038,1,1.0,1111.67,0.3449,1,0.9996,1111.51,0.3332,fast
data\test\Strawberry__Rotten\930.jpg,Strawberry__Rotten,burst,224,224,7.11,242.54,121.88,0.0293,1,0.7905,359.9,0.7359,1,1.0,1895.72,0.0832,1,0.9972,2064.59,0.0151,fast
data\test\Carrot__Healthy\freshCarrot (531).jpg,Carrot__Healthy,heavy,250,202,7.7,948.02,125.83,0.0812,1,0.8671,739.04,0.6094,0,0.8068,1161.55,-0.6718,0,0.7296,1158.25,-0.6824,fast
data\test\Guava__Healthy\FreshGuava (171).jpg,Guava__Healthy,light,1600,1200,72.1,42.09,150.83,0.0105,1,0.9238,45.39,0.8409,1,1.0,112.9,0.6782,1,1.0,134.05,0.6594,fast
data\test\Apple__Healthy\saltandpepper_Screen Shot 2018-06-08 at 5.06.40 PM.png,Apple__Healthy,light,476,428,238.17,2683.27,160.14,0.0491,1,0.9957,46.58,0.8405,1,1.0,60.6,0.6956,1,1.0,35.19,0.6924,fast
data\test\Orange__Rotten\translation_Screen Shot 2018-06-12 at 11.21.17 PM.png,Orange__Rotten,light,632,454,370.34,138.25,137.52,0.0228,1,0.9999,69.33,0.8329,1,1.0,118.25,0.6764,1,1.0,116.89,0.6651,fast
data\test\Mango__Healthy\healthy_026.jpg,Mango__Healthy,heavy,224,224,6.89,235.72,73.88,0.016,1,0.6587,537.69,0.6766,1,0.9999,1301.11,0.2816,1,0.999,1047.29,0.3546,fast
data\test\Apple__Rotten\rotated_by_30_Screen Shot 2018-06-07 at 2.59.13 PM.png,Apple__Rotten,heavy,398,366,183.41,580.54,149.44,0.0551,1,0.915,732.51,0.6116,1,1.0,1197.43,0.3162,1,0.9999,1027.73,0.3611,fast
data\test\Banana__Healthy\Banana__Healthy_augmented_346.jpg,Banana__Healthy,heavy,224,224,4.4,642.89,165.95,0.0167,1,0.8772,627.56,0.6466,1,1.0,1202.57,0.3145,1,1.0,1024.85,0.3621,fast
data\test\Orange__Rotten\Screen Shot 2018-06-12 at 11.26.49 PM.png,Orange__Rotten,light,170,176,54.65,48.29,175.94,0.0112,1,0.9736,31.0,0.8457,1,1.0,73.42,0.6914,1,1.0,246.9,0.6217,fast
data\test\Banana__Healthy\Banana__Healthy_augmented_256.jpg,Banana__Healthy,heavy,224,224,4.92,212.78,191.39,0.0366,1,0.8581,491.0,0.6922,1,1.0,1180.37,0.3219,1,1.0,1076.02,0.345,fast
data\test\Banana__Healthy\freshBanana (53).png,Banana__Healthy,light,480,322,184.84,474.53,137.79,0.0471,1,0.9866,81.28,0.8289,1,1.0,41.33,0.7021,1,1.0,33.45,0.693,fast
data\test\Banana__Healthy\rotated_by_45_Screen Shot 2018-06-12 at 9.56.03 PM.png,Banana__Healthy,heavy,614,286,89.76,455.13,143.32,0.009,0,0.5801,593.65,-0.3421,1,0.9999,202.6,0.6483,1,0.9998,998.91,0.3708,balanced
data\test\Mango__Rotten\580.jpg,Mango__Rotten,heavy,224,224,10.02,386.16,101.6,0.1056,1,0.9941,567.15,0.6667,1,1.0,1035.63,0.3702,1,0.9999,1265.29,0.2819,fast
data\test\Mango__Rotten\anthracnose_109.jpg,Mango__Rotten,heavy,255,351,58.63,555.08,122.47,0.1312,1,0.9995,570.67,0.6656,1,0.9995,1132.31,0.338,1,0.9997,797.29,0.438,fast
data\test\Jujube__Healthy\FreshJujube (185).jpg,Jujube__Healthy,heavy,3064,2449,872.81,16.69,155.5,0.0006,1,0.8285,475.13,0.6975,1,0.9995,932.36,0.4047,1,0.9995,1228.87,0.294,fast
data\test\Banana__Rotten\saltandpepper_Screen Shot 2018-06-12 at 8.47.57 PM.png,Banana__Rotten,burst,258,476,94.71,3184.41,189.11,0.0408,1,0.9064,959.9,0.5357,1,1.0,1945.46,0.0666,1,0.9989,7582.45,0.0041,fast
data\test\Potato__Rotten\rottenPotato (382).jpg,Potato__Rotten,heavy,262,192,12.32,3864.31,109.47,0.227,1,0.8253,643.18,0.6414,1,0.9995,1184.55,0.3205,1,1.0,1251.81,0.2864,fast
data\test\Banana__Healthy\freshBanana (109).jpg,Banana__Healthy,heavy,1579,1039,109.47,15.21,151.89,0.0026,0,0.5768,408.07,-0.2802,1,0.9836,908.07,0.4128,1,0.9364,1058.38,0.3509,balanced
data\test\Banana__Rotten\rotated_by_15_Screen Shot 2018-06-12 at 9.04.15 PM.png,Banana__Rotten,heavy,574,390,361.39,250.58,111.21,0.0937,1,0.9963,646.79,0.6402,1,0.9966,1051.71,0.3649,1,0.9998,1241.04,0.29,fast
data\test\Apple__Healthy\freshApple (800).png,Apple__Healthy,heavy,320,258,114.14,1479.67,127.99,0.0559,1,0.8316,472.47,0.6983,1,0.8322,4904.22,0.0159,1,0.9755,1025.37,0.3619,fast
data\test\Strawberry__Healthy\568.jpg,Strawberry__Healthy,light,224,224,9.67,383.12,116.96,0.0572,1,0.3311,34.04,0.8447,1,1.0,124.66,0.6743,1,1.0,83.16,0.6764,fast
data\test\Strawberry__Rotten\27.jpg,Strawberry__Rotten,burst,224,224,4.75,124.19,105.52,0.029,1,0.9466,1602.93,0.3211,1,1.0,1752.28,0.1311,1,0.999,1633.39,0.159,fast
data\test\Cucumber__Rotten\rottenCucumber (238).jpg,Cucumber__Rotten,light,100,100,5.7,3318.55,143.6,0.1232,1,0.9997,101.0,0.8223,1,1.0,42.36,0.7017,1,1.0,86.62,0.6752,fast
data\test\Mango__Healthy\freshMango (217).jpg,Mango__Healthy,light,224,224,2.82,13.68,49.3,0.0046,1,0.7592,22.74,0.8484,1,1.0,167.9,0.6598,1,1.0,87.28,0.675,fast
data\test\Banana__Rotten\rotated_by_45_Screen Shot 2018-06-12 at 9.22.13 PM.png,Banana__Rotten,light,460,340,196.67,220.34,92.16,0.0428,1,0.9994,74.17,0.8313,1,1.0,20.57,0.709,1,1.0,25.88,0.6955,fast
data\test\Bellpepper__Healthy\freshPepper (30).jpg,Bellpepper__Healthy,heavy,100,100,3.11,662.13,122.48,0.1263,1,0.9044,647.16,0.64,1,1.0,1197.94,0.3161,1,0.9869,996.18,0.3717,fast
data\test\Banana__Healthy\rotated_by_75_Screen Shot 2018-06-12 at 9.42.03 PM.png,Banana__Healthy,heavy,608,402,229.21,140.87,119.89,0.0144,1,0.9945,612.04,0.6518,1,1.0,1138.72,0.3358,1,1.0,313.12,0.5996,fast
data\test\Mango__Rotten\rottenMango (21).jpg,Mango__Rotten,heavy,224,224,3.75,98.25,137.82,0.0228,1,0.9025,608.54,0.6529,1,1.0,1138.72,0.3358,1,1.0,1112.5,0.3329,fast
data\test\Apple__Rotten\rotated_by_15_Screen Shot 2018-06-07 at 3.05.46 PM.png,Apple__Rotten,burst,406,370,156.6,133.17,126.78,0.0126,1,0.3544,1078.53,0.4961,1,1.0,1690.82,0.1516,1,1.0,2650.55,0.0041,fast
data\test\Cucumber__Healthy\freshCucumber (473).jpg,Cucumber__Healthy,burst,100,100,1.67,757.52,215.98,0.0774,1,0.6178,1096.88,0.49,1,0.977,341.95,0.6017,1,0.7864,2042.34,0.0225,balanced
data\test\Strawberry__Rotten\rottenStrawberry (384).jpg,Strawberry__Rotten,heavy,260,194,11.33,1776.3,93.91,0.2346,1,0.434,594.16,0.6577,1,0.9992,1207.88,0.3128,1,0.9997,1027.73,0.3611,fast
data\test\Strawberry__Rotten\243.jpg,Strawberry__Rotten,heavy,224,224,5.14,152.29,140.65,0.044,1,0.7935,684.17,0.6277,1,1.0,1152.47,0.3313,1,0.9997,394.39,0.5725,fast
data\test\Apple__Rotten\rotated_by_15_Screen Shot 2018-06-08 at 2.42.06 PM.png,Apple__Rotten,light,390,396,152.39,385.51,164.51,0.0209,1,0.9141,23.94,0.848,1,0.9989,106.51,0.6803,1,0.9997,95.24,0.6723,fast
data\test\Apple__Healthy\saltandpepper_Screen Shot 2018-06-08 at 5.21.44 PM.png,Apple__Healthy,burst,372,370,158.23,2722.16,155.93,0.0556,1,0.9947,798.33,0.5896,1,1.0,2593.92,0.0159,1,1.0,3139.25,0.0041,fast
data\test\Apple__Rotten\vertical_flip_Screen Shot 2018-06-07 at 2.34.18 PM.png,Apple__Rotten,heavy,406,382,146.56,14.17,160.9,0.0082,0,0.6475,1054.23,-0.4958,1,1.0,1132.31,0.338,1,0.9996,1144.97,0.322,balanced
data\test\Mango__Rotten\426.jpg,Mango__Rotten,light,224,224,9.58,329.03,113.43,0.0435,1,0.8083,56.31,0.8372,1,1.0,94.07,0.6845,1,0.9999,88.17,0.6747,fast
data\test\Orange__Healthy\vertical_flip_Screen Shot 2018-06-12 at 11.55.37 PM.png,Orange__Healthy,light,406,332,145.07,29.29,160.44,0.0097,1,0.9908,36.62,0.8438,1,1.0,42.36,0.7017,1,0.9999,119.32,0.6643,fast
data\test\Apple__Rotten\vertical_flip_Screen Shot 2018-06-08 at 2.25.17 PM.png,Apple__Rotten,light,464,418,195.11,24.52,178.29,0.0118,1,0.8543,48.09,0.84,1,0.9986,161.8,0.6619,1,0.9999,62.97,0.6831,fast
data\test\Apple__Rotten\rotated_by_75_Screen Shot 2018-06-07 at 2.35.10 PM.png,Apple__Rotten,burst,362,318,111.83,426.95,175.1,0.0213,1,0.9532,798.85,0.5894,1,0.9992,1762.21,0.1278,1,0.9999,2776.57,0.0041,fast
data\test\Banana__Rotten\saltandpepper_Screen Shot 2018-06-12 at 8.49.30 PM.png,Banana__Rotten,light,332,366,80.04,3630.14,208.93,0.0498,1,0.995,29.23,0.8463,1,1.0,97.14,0.6834,1,1.0,147.24,0.655,fast
data\test\Cucumber__Healthy\freshCucumber (210).jpg,Cucumber__Healthy,light,1500,1000,288.0,144.99,83.57,0.031,1,0.7212,29.93,0.846,1,1.0,82.34,0.6884,1,0.9993,62.97,0.6831,fast
data\test\Mango__Rotten\aspergillus_080.jpg,Mango__Rotten,burst,224,224,6.97,204.79,122.96,0.0265,1,0.8481,1431.06,0.3784,1,1.0,1243.19,0.301,1,0.9997,506.58,0.5351,heavy
data\test\Strawberry__Healthy\462.jpg,Strawberry__Healthy,light,224,224,3.24,69.03,144.54,0.0119,1,0.9926,47.25,0.8403,1,1.0,51.17,0.6988,1,1.0,176.45,0.6452,fast
data\test\Orange__Healthy\freshOrange (294).png,Orange__Healthy,heavy,320,258,92.41,1197.64,119.13,0.0503,1,0.8297,628.09,0.6464,1,0.9998,1111.16,0.345,1,1.0,994.33,0.3723,fast
data\test\Banana__Healthy\Banana__Healthy_augmented_252.jpg,Banana__Healthy,light,224,224,6.1,370.48,195.66,0.0454,0,0.5396,25.28,-0.1524,1,1.0,57.8,0.6966,1,0.995,86.78,0.6752,balanced
data\test\Cucumber__Healthy\freshCucumber (147).jpg,Cucumber__Healthy,light,848,480,20.34,24.5,164.08,0.0084,1,0.9981,112.0,0.8186,1,0.9999,119.46,0.676,1,0.9987,31.73,0.6935,fast
data\test\Apple__Rotten\rotated_by_45_Screen Shot 2018-06-08 at 2.50.55 PM.png,Apple__Rotten,light,298,292,90.77,694.78,160.58,0.0304,1,0.9872,55.76,0.8374,1,1.0,111.78,0.6786,1,1.0,47.78,0.6882,fast
data\test\Banana__Healthy\saltandpepper_Screen Shot 2018-06-12 at 9.39.17 PM.png,Banana__Healthy,light,442,368,65.5,3583.29,235.18,0.0325,1,0.9738,26.9,0.847,1,1.0,104.3,0.6811,1,0.9999,32.25,0.6934,fast
data\test\Banana__Healthy\rotated_by_15_Screen Shot 2018-06-12 at 9.51.58 PM.png,Banana__Healthy,heavy,616,490,153.86,265.14,207.52,0.0067,1,0.9951,581.09,0.6621,1,1.0,1090.78,0.3518,1,1.0,1220.16,0.2969,fast
data\test\Grape__Healthy\FreshGrape (16).jpg,Grape__Healthy,light,664,759,51.4,5.89,157.77,0.0015,1,0.7969,87.08,0.827,1,0.9948,158.76,0.6629,1,0.9709,138.51,0.6579,fast
data\test\Mango__Rotten\alternaria_168.jpg,Mango__Rotten,heavy,224,224,8.4,956.97,102.12,0.0371,1,0.9784,521.07,0.6821,1,1.0,1163.24,0.3277,1,1.0,1265.81,0.2817,fast
data\test\Orange__Healthy\rotated_by_15_Screen Shot 2018-06-13 at 12.11.10 AM.png,Orange__Healthy,light,328,262,88.79,368.95,168.48,0.0174,1,0.982,138.09,0.8099,1,1.0,127.88,0.6732,1,1.0,68.09,0.6814,fast
data\test\Tomato__Healthy\freshTomato (31).png,Tomato__Healthy,heavy,480,322,198.54,592.61,115.4,0.0656,1,0.9925,624.28,0.6477,1,1.0,1180.37,0.3219,1,0.9999,581.89,0.5099,fast
data\test\Tomato__Healthy\freshTomato (94).png,Tomato__Healthy,light,320,258,107.07,1237.71,119.06,0.0689,1,0.9852,49.29,0.8396,1,1.0,230.44,0.639,1,1.0,152.13,0.6534,fast
data\test\Potato__Rotten\rottenPotato (121).jpg,Potato__Rotten,light,259,194,6.74,742.95,122.26,0.0918,1,0.5091,93.66,0.8248,1,0.925,253.65,0.6312,1,0.9998,36.79,0.6919,fast
data\test\Banana__Rotten\rotated_by_15_Screen Shot 2018-06-12 at 9.03.25 PM.png,Banana__Rotten,heavy,426,344,228.26,354.59,122.18,0.1012,1,0.9999,537.76,0.6766,1,1.0,857.64,0.4296,1,1.0,1111.48,0.3332,fast
data\test\Mango__Rotten\lasio_025.jpg,Mango__Rotten,light,224,224,8.42,495.4,80.34,0.064,1,0.9604,37.44,0.8435,1,0.9959,87.68,0.6866,1,0.9981,74.88,0.6791,fast
data\test\Grape__Healthy\FreshGrape (6).jpg,Grape__Healthy,heavy,660,558,42.38,5.21,154.63,0.0019,1,0.7891,819.11,0.5827,1,0.9989,202.6,0.6483,1,0.9929,586.55,0.5084,balanced
data\test\Banana__Healthy\saltandpepper_Screen Shot 2018-06-12 at 9.52.45 PM.png,Banana__Healthy,light,554,388,263.31,2677.94,150.79,0.0838,1,0.8857,79.8,0.8294,1,1.0,75.18,0.6908,1,0.9964,86.78,0.6752,fast
data\test\Strawberry__Healthy\freshStrawberry (579).jpg,Strawberry__Healthy,light,224,224,9.15,318.65,116.67,0.0413,1,0.8344,61.84,0.8354,1,1.0,21.72,0.7086,1,1.0,64.55,0.6826,fast
data\test\Bellpepper__Healthy\freshPepper (229).jpg,Bellpepper__Healthy,burst,224,224,15.26,373.91,83.09,0.089,1,0.9462,476.59,0.697,1,0.9922,1379.35,0.2555,1,0.9979,1287.21,0.2745,fast
data\test\Banana__Rotten\translation_Screen Shot 2018-06-12 at 9.06.05 PM.png,Banana__Rotten,light,652,442,116.03,526.13,184.4,0.0138,1,0.9562,116.07,0.8173,1,1.0,54.8,0.6976,1,1.0,152.13,0.6534,fast
data\test\Grape__Healthy\FreshGrape (159).jpg,Grape__Healthy,burst,716,651,70.13,152.54,157.0,0.017,1,0.9129,405.05,0.7208,1,1.0,2595.48,0.0159,1,0.9998,1924.07,0.062,fast
data\test\Tomato__Rotten\rottenTomato (253).jpg,Tomato__Rotten,light,224,224,5.76,87.2,97.1,0.0095,0,0.4959,36.69,-0.1562,1,1.0,60.22,0.6958,1,1.0,149.43,0.6543,balanced
data\test\Apple__Healthy\freshApple (313).jpg,Apple__Healthy,heavy,100,100,4.56,1155.9,103.91,0.0347,1,0.6684,519.38,0.6827,1,0.9998,1435.59,0.2368,1,0.9984,689.27,0.4741,fast
data\test\Mango__Rotten\lasio_089.jpg,Mango__Rotten,light,224,224,8.23,398.3,103.32,0.0336,1,0.5494,66.2,0.8339,1,0.9995,81.09,0.6888,1,1.0,128.44,0.6613,fast
data\test\Orange__Healthy\rotated_by_45_Screen Shot 2018-06-13 at 12.06.43 AM.png,Orange__Healthy,light,364,286,90.0,480.3,146.62,0.0133,1,0.949,29.71,0.8461,1,1.0,146.21,0.6671,1,1.0,45.73,0.6889,fast
data\test\Grape__Healthy\FreshGrape (145).jpg,Grape__Healthy,light,1040,780,31.74,69.46,164.85,0.0079,1,0.9289,23.96,0.848,1,1.0,104.94,0.6808,1,1.0,34.98,0.6925,fast
data\test\Apple__Rotten\rotated_by_60_Screen Shot 2018-06-07 at 3.01.21 PM.png,Apple__Rotten,light,248,228,64.3,720.68,152.25,0.0339,1,0.8965,29.93,0.846,1,0.9998,66.14,0.6938,1,0.9996,64.55,0.6826,fast
data\test\Orange__Healthy\freshOrange (62).png,Orange__Healthy,heavy,320,258,98.87,674.44,137.58,0.0719,1,0.8519,726.72,0.6135,1,1.0,1199.07,0.3157,1,1.0,1158.25,0.3176,fast
data\test\Mango__Healthy\812.jpg,Mango__Healthy,heavy,224,224,5.8,58.3,104.25,0.0196,1,0.9321,587.99,0.6598,1,1.0,1202.57,0.3145,1,1.0,1144.45,0.3222,fast
data\test\Apple__Healthy\rotated_by_75_Screen Shot 2018-06-08 at 5.01.41 PM.png,Apple__Healthy,heavy,476,442,195.01,315.14,134.73,0.0153,1,0.9685,699.68,0.6225,1,1.0,1300.58,0.2818,1,0.9999,1220.16,0.2969,fast
data\test\Apple__Healthy\vertical_flip_Screen Shot 2018-06-08 at 5.29.31 PM.png,Apple__Healthy,light,400,422,139.45,14.62,210.86,0.0113,1,0.9944,92.33,0.8252,1,1.0,51.17,0.6988,1,0.9994,163.68,0.6495,fast
data\test\Apple__Healthy\FreshApple (79).jpg,Apple__Healthy,heavy,3276,2730,1107.9,16.75,160.2,0.0004,1,0.7515,662.49,0.6349,1,1.0,1051.71,0.3649,1,0.9999,1106.14,0.335,fast
data\test\Apple__Rotten\rotated_by_15_Screen Shot 2018-06-07 at 3.04.24 PM.png,Apple__Rotten,heavy,404,404,156.54,335.42,170.21,0.0149,1,0.8529,739.26,0.6093,1,0.9999,1255.02,0.297,1,1.0,1113.79,0.3324,fast
data\test\Mango__Healthy\283.jpg,Mango__Healthy,light,224,224,3.68,92.51,137.75,0.0147,1,0.9432,39.63,0.8428,1,1.0,184.53,0.6543,1,1.0,85.43,0.6756,fast
data\test\Strawberry__Rotten\rottenStrawberry (557).jpg,Strawberry__Rotten,heavy,224,224,2.96,50.99,143.03,0.0087,1,0.9462,646.79,0.6402,1,1.0,828.6,0.4393,1,1.0,1111.48,0.3332,fast
data\test\Orange__Healthy\rotated_by_45_Screen Shot 2018-06-12 at 11.58.24 PM.png,Orange__Healthy,light,454,398,183.14,432.95,151.7,0.0193,1,0.9835,23.96,0.848,1,0.9998,131.41,0.672,1,0.9999,43.46,0.6896,fast
data\test\Apple__Rotten\rotated_by_60_Screen Shot 2018-06-07 at 2.59.52 PM.png,Apple__Rotten,light,514,448,296.68,505.92,111.66,0.0643,0,0.3042,140.97,-0.191,1,0.9997,62.29,0.6951,1,0.9982,180.28,0.644,balanced
data\test\Apple__Healthy\FreshApple (69).jpg,Apple__Healthy,heavy,2001,2044,515.66,19.48,143.27,0.0006,0,0.5551,641.09,-0.3579,1,0.9989,967.8,0.3929,1,0.8182,1099.62,0.3372,balanced
data\test\Orange__Healthy\rotated_by_75_Screen Shot 2018-06-12 at 11.51.47 PM.png,Orange__Healthy,heavy,436,356,147.11,317.09,155.01,0.0149,1,0.9909,582.42,0.6617,1,1.0,1078.1,0.3561,1,1.0,1003.91,0.3691,fast
data\test\Apple__Rotten\saltandpepper_Screen Shot 2018-06-07 at 2.47.27 PM.png,Apple__Rotten,heavy,452,382,190.66,2637.76,175.38,0.0458,1,0.9246,581.09,0.6621,1,0.9999,966.79,0.3932,1,0.9994,1108.18,0.3343,fast
data\test\Banana__Rotten\translation_Screen Shot 2018-06-12 at 9.07.19 PM.png,Banana__Rotten,light,616,330,119.57,381.51,137.29,0.0143,1,0.9858,10.61,0.8525,1,1.0,105.99,0.6805,1,0.9998,146.02,0.6554,fast
data\test\Tomato__Healthy\freshTomato (79).jpg,Tomato__Healthy,heavy,1000,1000,86.44,231.88,97.09,0.0407,0,0.3579,584.65,-0.3391,1,0.9992,1091.84,0.3515,1,0.9999,1099.62,0.3372,balanced
data\test\Banana__Healthy\rotated_by_75_Screen Shot 2018-06-12 at 9.47.46 PM.png,Banana__Healthy,heavy,862,386,93.34,186.31,106.68,0.0039,1,0.69,638.98,0.6428,1,1.0,857.64,0.4296,1,0.9996,1005.67,0.3685,fast
data\test\Apple__Rotten\saltandpepper_Screen Shot 2018-06-07 at 2.56.47 PM.png,Apple__Rotten,heavy,318,330,127.2,2687.61,172.24,0.0594,0,0.568,638.88,-0.3572,1,0.9992,967.27,0.3931,1,0.9997,1018.27,0.3643,balanced
data\test\Banana__Rotten\translation_Screen Shot 2018-06-12 at 9.18.50 PM.png,Banana__Rotten,light,560,412,172.16,338.7,170.28,0.0195,1,0.9384,54.46,0.8378,1,0.9976,116.95,0.6768,1,0.9997,122.22,0.6633,fast
data\test\Banana__Rotten\rotated_by_30_Screen Shot 2018-06-12 at 9.25.54 PM.png,Banana__Rotten,light,716,424,144.59,354.24,162.87,0.014,1,0.9847,80.23,0.8292,1,1.0,147.28,0.6667,1,1.0,149.82,0.6541,fast
data\test\Guava__Healthy\FreshGuava (130).jpg,Guava__Healthy,heavy,1200,1600,87.96,17.94,155.69,0.004,1,0.9963,924.66,0.5474,1,1.0,238.03,0.6364,1,0.9996,1032.81,0.3595,balanced
data\test\Orange__Rotten\translation_Screen Shot 2018-06-12 at 11.27.01 PM.png,Orange__Rotten,burst,636,388,285.94,590.53,158.2,0.0408,1,0.8158,1599.82,0.3221,1,0.9991,1243.19,0.301,1,0.9999,1924.58,0.0618,fast
data\test\Mango__Rotten\468.jpg,Mango__Rotten,light,224,224,9.85,309.27,111.17,0.0704,1,0.992,78.84,0.8297,1,1.0,71.02,0.6922,1,1.0,229.61,0.6275,fast
data\test\Apple__Rotten\rotated_by_15_Screen Shot 2018-06-08 at 2.35.10 PM.png,Apple__Rotten,burst,474,414,195.0,338.84,167.53,0.0143,1,0.9785,373.4,0.7314,1,1.0,1763.23,0.1274,1,1.0,797.97,0.4378,fast
data\test\Guava__Healthy\FreshGuava (51).jpg,Guava__Healthy,light,1200,1600,87.12,8.61,155.86,0.0014,1,0.9767,58.22,0.8366,1,1.0,68.82,0.6929,1,0.999,146.45,0.6553,fast
data\test\Apple__Rotten\rottenApple (389).jpg,Apple__Rotten,burst,358,290,64.36,782.93,137.64,0.0281,1,0.923,1171.3,0.4651,1,0.9988,1597.73,0.1827,1,0.9973,1011.68,0.3665,fast
data\test\Strawberry__Healthy\358.jpg,Strawberry__Healthy,heavy,224,224,3.9,93.95,144.33,0.0119,1,0.9378,581.76,0.6619,1,1.0,1032.23,0.3714,1,0.9997,889.41,0.4073,fast
data\test\Mango__Healthy\376.jpg,Mango__Healthy,heavy,224,224,2.82,66.41,146.4,0.0102,1,0.8912,684.17,0.6277,1,1.0,1043.49,0.3676,1,0.9999,1114.31,0.3323,fast
data\test\Orange__Rotten\rotated_by_45_Screen Shot 2018-06-12 at 11.25.55 PM.png,Orange__Rotten,heavy,316,318,140.45,362.25,154.32,0.0353,1,0.9998,474.63,0.6976,1,1.0,1132.31,0.338,1,0.9834,1048.35,0.3543,fast
data\test\Orange__Healthy\rotated_by_30_Screen Shot 2018-06-12 at 11.55.58 PM.png,Orange__Healthy,light,346,334,123.62,418.22,143.64,0.0289,1,0.9981,71.09,0.8323,1,1.0,72.96,0.6915,1,1.0,181.86,0.6434,fast
data\test\Mango__Healthy\719.jpg,Mango__Healthy,light,224,224,5.61,61.16,115.0,0.0079,1,0.9659,55.18,0.8376,1,1.0,84.77,0.6876,1,1.0,85.43,0.6756,fast
data\test\Orange__Healthy\rotated_by_15_Screen Shot 2018-06-13 at 12.17.01 AM.png,Orange__Healthy,burst,326,304,90.89,476.42,179.8,0.0226,1,0.9254,960.43,0.5355,1,1.0,1597.73,0.1827,1,0.9594,1475.07,0.2119,fast
data\test\Strawberry__Healthy\freshStrawberry (189).jpg,Strawberry__Healthy,heavy,1314,2347,400.35,48.05,147.35,0.0154,1,0.9909,473.59,0.698,1,0.999,1076.47,0.3566,1,0.9996,1112.74,0.3328,fast
data\test\Tomato__Rotten\rottenTomato (59).jpg,Tomato__Rotten,heavy,258,195,5.63,1309.08,212.68,0.0686,0,0.4432,655.57,-0.3628,0,0.9348,986.52,-0.6134,1,0.9996,1110.37,0.3336,heavy
data\test\Orange__Rotten\rottenOrange (195).jpg,Orange__Rotten,light,2355,2218,640.81,16.39,163.43,0.0009,1,0.843,30.94,0.8457,1,1.0,32.69,0.705,1,0.9998,16.81,0.6985,fast
data\test\Carrot__Rotten\rottenCarrot (425).jpg,Carrot__Rotten,heavy,275,183,5.21,421.08,233.27,0.033,1,0.5748,735.33,0.6106,1,1.0,967.3,0.393,1,0.9999,1018.27,0.3643,fast
data\test\Banana__Healthy\rotated_by_30_Screen Shot 2018-06-12 at 9.53.46 PM.png,Banana__Healthy,burst,472,398,64.2,412.05,204.84,0.0113,1,0.9969,1601.96,0.3214,1,1.0,11681.17,0.0159,1,0.9989,1475.07,0.2119,fast
data\test\Apple__Healthy\rotated_by_45_Screen Shot 2018-06-08 at 5.01.01 PM.png,Apple__Healthy,light,374,398,145.2,523.58,136.08,0.0159,1,0.9816,10.55,0.8525,1,1.0,22.68,0.7083,1,1.0,44.01,0.6894,fast
data\test\Jujube__Healthy\FreshJujube (15).jpg,Jujube__Healthy,heavy,2925,2288,802.72,16.97,157.11,0.0003,1,0.867,699.68,0.6225,1,0.9998,966.77,0.3932,1,0.9983,49.62,0.6876,heavy
data\test\Guava__Healthy\FreshGuava (72).jpg,Guava__Healthy,burst,1168,956,168.39,53.7,140.55,0.013,1,0.9817,1015.73,0.517,1,1.0,1242.67,0.3011,1,0.9993,3139.96,0.0041,fast
data\test\Potato__Rotten\rottenPotato (272).jpg,Potato__Rotten,heavy,238,212,5.7,1490.75,190.66,0.084,1,0.6973,642.95,0.6414,1,0.9995,1162.29,0.328,1,0.9998,922.51,0.3963,fast
data\test\Apple__Rotten\translation_Screen Shot 2018-06-07 at 2.45.18 PM.png,Apple__Rotten,light,292,310,89.19,738.72,142.56,0.0221,1,0.9876,55.04,0.8377,1,1.0,125.22,0.6741,1,0.9983,117.43,0.6649,fast
data\test\Strawberry__Rotten\rottenStrawberry (201).jpg,Strawberry__Rotten,light,224,224,11.54,862.4,118.35,0.1487,1,0.9984,44.85,0.8411,1,0.9999,142.33,0.6684,1,0.9996,173.78,0.6461,fast
data\test\Banana__Rotten\saltandpepper_Screen Shot 2018-06-12 at 9.07.26 PM.png,Banana__Rotten,heavy,518,332,150.59,3018.77,161.48,0.0519,1,0.9966,924.66,0.5474,1,1.0,1138.84,0.3358,1,1.0,1187.71,0.3078,fast
data\test\Bellpepper__Healthy\freshPepper (336).jpg,Bellpepper__Healthy,light,224,224,13.56,408.22,80.71,0.0589,1,0.9929,115.92,0.8173,1,1.0,116.82,0.6769,1,0.9999,121.74,0.6635,fast
data\test\Apple__Rotten\Screen Shot 2018-06-07 at 2.44.51 PM.png,Apple__Rotten,light,350,408,212.35,27.01,185.82,0.0105,1,0.8662,83.8,0.8281,1,1.0,90.74,0.6856,1,0.9996,83.16,0.6764,fast
data\test\Potato__Healthy\freshPotato (562).jpg,Potato__Healthy,light,225,225,4.0,271.09,225.06,0.0379,0,0.4694,44.01,-0.1587,1,0.5729,124.54,0.6743,0,0.6953,122.22,-0.3367,balanced
data\test\Orange__Healthy\freshOrange (64).png,Orange__Healthy,heavy,320,258,92.1,490.03,144.65,0.0452,1,0.7536,623.73,0.6479,1,0.9996,1318.74,0.2758,1,0.9997,923.42,0.396,fast
data\test\Jujube__Healthy\FreshJujube (193).jpg,Jujube__Healthy,light,4160,3120,2617.38,21.97,183.9,0.0003,1,0.8614,59.86,0.836,1,0.9998,148.33,0.6664,1,0.9996,30.07,0.6941,fast
data\test\Mango__Healthy\healthy_056.jpg,Mango__Healthy,light,224,224,8.23,535.51,137.84,0.0318,0,0.8603,28.81,-0.1536,1,0.8973,206.42,0.647,1,0.9875,134.36,0.6593,heavy
data\test\Orange__Healthy\rotated_by_75_Screen Shot 2018-06-13 at 12.08.02 AM.png,Orange__Healthy,heavy,522,354,162.72,297.26,131.28,0.0095,1,0.8555,624.29,0.6477,1,0.9988,1168.32,0.326,1,0.9961,1267.9,0.281,fast
data\test\Strawberry__Healthy\848.jpg,Strawberry__Healthy,heavy,224,224,7.35,212.08,123.55,0.0391,1,0.9801,583.14,0.6614,1,0.9999,1050.77,0.3652,1,0.9997,1228.87,0.294,fast
data\test\Cucumber__Healthy\freshCucumber (8).jpg,Cucumber__Healthy,burst,4032,3024,1349.16,35.73,149.84,0.0019,1,0.9464,1314.77,0.4172,1,1.0,865.48,0.427,1,0.9998,2089.78,0.0067,balanced
data\test\Strawberry__Rotten\787.jpg,Strawberry__Rotten,burst,224,224,6.71,145.95,100.44,0.0284,1,0.7024,1426.64,0.3799,1,1.0,924.63,0.4073,1,1.0,1924.58,0.0618,balanced
data\test\Orange__Healthy\Screen Shot 2018-06-13 at 12.00.02 AM.png,Orange__Healthy,heavy,396,350,170.15,29.31,186.69,0.0146,1,0.9866,641.67,0.6419,1,1.0,1435.59,0.2368,1,1.0,1346.76,0.2547,fast
data\test\Banana__Healthy\rotated_by_60_Screen Shot 2018-06-12 at 9.45.28 PM.png,Banana__Healthy,heavy,610,464,130.45,326.84,188.12,0.0066,1,0.9712,646.79,0.6402,1,1.0,987.03,0.3865,1,1.0,578.55,0.5111,fast
data\test\Strawberry__Rotten\976.jpg,Strawberry__Rotten,burst,224,224,6.98,219.18,111.17,0.0315,1,0.7919,1092.31,0.4915,1,0.9813,1243.19,0.301,1,0.998,2490.04,0.0041,fast
data\test\Cucumber__Healthy\freshCucumber (231).jpg,Cucumber__Healthy,light,500,650,49.74,472.85,219.22,0.0675,1,0.89,66.72,0.8338,1,1.0,51.17,0.6988,1,0.9987,59.02,0.6844,fast
data\test\Banana__Healthy\rotated_by_30_Screen Shot 2018-06-12 at 9.46.30 PM.png,Banana__Healthy,light,398,432,194.34,345.99,159.39,0.0243,0,0.7728,77.77,-0.1699,1,1.0,62.29,0.6951,1,1.0,83.28,0.6763,balanced
data\test\Potato__Healthy\freshPotato (400).jpg,Potato__Healthy,heavy,100,100,4.43,1532.77,183.34,0.0386,1,0.9644,632.92,0.6448,1,1.0,1194.45,0.3172,1,0.9998,1240.53,0.2901,fast
data\test\Jujube__Healthy\FreshJujube (102).jpg,Jujube__Healthy,light,2672,2438,851.2,32.68,187.79,0.0006,1,0.4991,27.19,0.8469,1,0.9996,144.39,0.6677,1,0.9951,109.97,0.6674,fast
data\test\Banana__Rotten\rotated_by_75_Screen Shot 2018-06-12 at 9.14.13 PM.png,Banana__Rotten,heavy,536,312,130.98,398.47,106.5,0.0442,1,0.9971,475.13,0.6975,1,1.0,1160.49,0.3286,1,1.0,1033.07,0.3594,fast
data\test\Cucumber__Rotten\rottenCucumber (554).jpg,Cucumber__Rotten,light,100,100,5.73,3482.96,144.53,0.1134,1,0.9995,20.89,0.849,1,1.0,95.3,0.6841,1,1.0,68.19,0.6814,fast
data\test\Banana__Healthy\rotated_by_60_Screen Shot 2018-06-12 at 9.39.17 PM.png,Banana__Healthy,light,442,368,76.17,439.74,192.34,0.012,1,0.9606,38.35,0.8432,1,1.0,82.29,0.6884,1,1.0,136.23,0.6587,fast
data\test\Cucumber__Rotten\rottenCucumber (256).jpg,Cucumber__Rotten,heavy,100,100,5.11,3427.95,169.15,0.0924,1,0.996,472.53,0.6983,1,1.0,1194.45,0.3172,1,0.9998,923.42,0.396,fast
data\test\Orange__Healthy\translation_Screen Shot 2018-06-13 at 12.13.24 AM.png,Orange__Healthy,burst,384,364,125.55,571.01,153.18,0.0167,1,0.9834,213.63,0.7847,1,1.0,2213.2,0.0159,1,1.0,1729.37,0.127,fast
data\test\Orange__Rotten\rotated_by_15_Screen Shot 2018-06-12 at 11.37.19 PM.png,Orange__Rotten,heavy,392,324,111.99,427.35,180.88,0.0151,1,0.9995,628.09,0.6464,1,1.0,1178.26,0.3226,1,1.0,1265.81,0.2817,fast
data\test\Bellpepper__Rotten\rottenPepper (409).jpg,Bellpepper__Rotten,light,100,100,2.33,1050.34,200.17,0.0726,0,0.358,28.87,-0.1536,0,0.683,83.26,-0.3119,1,0.8612,118.88,0.6645,heavy
data\test\Apple__Healthy\Screen Shot 2018-06-08 at 5.12.14 PM.png,Apple__Healthy,heavy,470,452,260.49,16.26,174.91,0.0085,1,0.8951,518.83,0.6829,1,0.9984,1209.8,0.3121,1,0.9997,1415.33,0.2318,fast
data\test\Apple__Healthy\translation_Screen Shot 2018-06-08 at 5.19.15 PM.png,Apple__Healthy,heavy,390,406,174.74,703.04,112.0,0.0372,1,0.4636,595.83,0.6572,1,1.0,1051.2,0.365,1,0.9999,1228.87,0.294,fast
data\test\Bellpepper__Healthy\freshPepper (226).jpg,Bellpepper__Healthy,light,224,224,14.31,387.8,81.93,0.0725,1,0.994,25.45,0.8475,1,0.9997,34.46,0.7044,1,0.9998,97.72,0.6715,fast
data\test\Cucumber__Healthy\freshCucumber (106).jpg,Cucumber__Healthy,heavy,480,848,8.03,24.79,165.3,0.0072,1,0.8338,647.72,0.6399,1,0.9998,1178.26,0.3226,1,0.8925,1004.92,0.3688,fast
data\test\Apple__Rotten\Screen Shot 2018-06-07 at 2.25.16 PM.png,Apple__Rotten,light,258,252,76.45,32.02,199.69,0.019,1,0.8799,67.7,0.8334,1,1.0,34.37,0.7044,1,1.0,109.75,0.6675,fast
data\test\Banana__Rotten\rottenBanana (207).jpg,Banana__Rotten,light,582,344,116.14,110.28,182.09,0.0188,1,0.9921,88.22,0.8266,1,1.0,60.15,0.6958,1,1.0,213.9,0.6327,fast
data\test\Strawberry__Rotten\rottenStrawberry (307).jpg,Strawberry__Rotten,light,224,224,10.82,668.78,112.36,0.116,1,0.9953,36.56,0.8438,1,1.0,156.16,0.6637,1,1.0,30.28,0.694,fast
data\test\Mango__Rotten\aspergillus_046.jpg,Mango__Rotten,heavy,224,224,6.71,184.43,125.52,0.0203,1,0.9329,594.16,0.6577,1,0.9999,1185.17,0.3203,1,1.0,1033.07,0.3594,fast
data\test\Strawberry__Rotten\rottenStrawberry (421).jpg,Strawberry__Rotten,light,1300,957,88.37,1179.69,223.72,0.0598,1,0.5707,47.28,0.8402,1,0.9996,144.63,0.6676,1,0.9995,19.75,0.6975,fast
data\test\Mango__Healthy\freshMango (334).jpg,Mango__Healthy,heavy,224,224,3.07,20.82,143.71,0.0066,1,0.9038,676.79,0.6302,1,1.0,1294.83,0.2837,1,1.0,1049.08,0.354,fast
data\test\Banana__Healthy\rotated_by_45_Screen Shot 2018-06-12 at 9.54.56 PM.png,Banana__Healthy,heavy,618,314,58.61,515.45,162.19,0.0071,1,0.9709,638.97,0.6428,1,0.9996,375.2,0.5907,1,0.999,1019.05,0.364,fast
data\test\Guava__Healthy\FreshGuava (64).jpg,Guava__Healthy,light,1264,978,153.05,28.04,141.81,0.0061,1,0.9968,47.23,0.8403,1,0.9998,45.65,0.7006,1,0.9999,111.49,0.6669,fast
data\test\Apple__Healthy\freshApple (285).jpg,Apple__Healthy,heavy,100,100,5.0,1260.08,111.68,0.0664,1,0.5656,593.65,0.6579,1,0.9983,1301.49,0.2815,1,0.9979,788.44,0.441,fast
data\test\Apple__Healthy\freshApple (599).png,Apple__Healthy,light,320,258,118.67,1430.57,116.97,0.0704,1,0.8937,58.46,0.8365,1,1.0,82.38,0.6884,1,0.999,180.65,0.6438,fast
data\test\Banana__Rotten\rottenBanana (419).jpg,Banana__Rotten,light,224,224,5.29,177.43,109.14,0.0309,1,0.3851,81.1,0.829,1,0.9996,70.38,0.6924,1,0.9999,205.06,0.6357,fast
data\test\Cucumber__Rotten\rottenCucumber (68).jpg,Cucumber__Rotten,light,100,100,4.74,3265.89,169.09,0.0739,1,0.999,69.15,0.8329,1,1.0,135.24,0.6707,1,1.0,190.1,0.6407,fast
data\test\Apple__Rotten\rotated_by_60_Screen Shot 2018-06-08 at 2.42.52 PM.png,Apple__Rotten,burst,324,312,99.64,589.73,146.99,0.034,1,0.9952,223.32,0.7815,1,1.0,1610.15,0.1785,1,1.0,1476.13,0.2115,fast
data\test\Apple__Rotten\rotated_by_15_Screen Shot 2018-06-07 at 2.41.23 PM.png,Apple__Rotten,light,396,400,143.59,316.17,157.98,0.01,1,0.9294,85.21,0.8276,1,1.0,143.06,0.6681,1,1.0,52.76,0.6865,fast
data\test\Orange__Healthy\Screen Shot 2018-06-13 at 12.01.32 AM.png,Orange__Healthy,heavy,266,212,71.85,19.21,203.13,0.0069,1,0.9012,698.18,0.623,1,0.9995,1185.27,0.3203,1,0.9979,49.62,0.6876,heavy
data\test\Mango__Rotten\rottenMango (255).jpg,Mango__Rotten,heavy,1024,682,72.22,169.72,209.3,0.0401,0,0.3152,643.68,-0.3588,1,0.914,1085.53,0.3536,1,0.9522,889.41,0.4073,heavy
data\test\Banana__Healthy\rotated_by_45_Screen Shot 2018-06-12 at 9.53.07 PM.png,Banana__Healthy,light,676,450,255.2,99.42,118.3,0.0099,1,0.9262,41.57,0.8421,1,1.0,108.95,0.6795,1,0.9997,65.08,0.6824,fast
data\test\Banana__Healthy\rotated_by_75_Screen Shot 2018-06-12 at 9.54.43 PM.png,Banana__Healthy,light,618,416,144.53,256.47,153.43,0.0075,1,0.9892,41.57,0.8421,1,1.0,114.37,0.6777,1,1.0,196.59,0.6385,fast
data\test\Mango__Healthy\96.jpg,Mango__Healthy,light,224,224,3.54,81.87,76.35,0.0106,1,0.8954,39.53,0.8428,1,1.0,115.93,0.6772,1,0.9999,86.14,0.6754,fast
data\test\Orange__Healthy\Screen Shot 2018-06-13 at 12.20.15 AM.png,Orange__Healthy,light,318,282,125.65,37.38,168.86,0.0176,0,0.6584,45.03,-0.159,1,0.9999,243.07,0.6347,1,0.9976,107.44,0.6683,heavy
data\test\Mango__Rotten\rottenMango (116).jpg,Mango__Rotten,heavy,224,224,10.51,398.52,111.03,0.1118,1,0.9975,586.32,0.6603,1,1.0,1277.28,0.2896,1,1.0,430.01,0.5606,fast
data\test\Bellpepper__Rotten\rottenPepper (599).jpg,Bellpepper__Rotten,light,166,303,7.62,855.69,118.01,0.0924,1,0.407,39.88,0.8427,1,0.9834,85.41,0.6874,1,0.9718,137.27,0.6583,fast
data\test\Apple__Healthy\saltandpepper_Screen Shot 2018-06-08 at 5.26.13 PM.png,Apple__Healthy,light,368,358,117.55,3168.06,201.22,0.046,1,0.7143,41.53,0.8422,1,0.9424,68.52,0.693,1,0.9948,70.17,0.6807,fast
data\test\Tomato__Healthy\freshTomato (175).jpg,Tomato__Healthy,light,224,224,5.31,623.1,108.65,0.0345,0,0.6152,199.53,-0.2106,1,1.0,170.28,0.659,1,1.0,162.97,0.6497,balanced
data\test\Strawberry__Rotten\144.jpg,Strawberry__Rotten,light,224,224,4.17,99.01,141.4,0.0253,1,0.9032,72.85,0.8317,1,1.0,26.32,0.7071,1,0.9999,26.04,0.6954,fast
data\test\Banana__Rotten\rottenBanana (200).jpg,Banana__Rotten,heavy,4160,3120,3228.3,144.55,184.32,0.0174,1,0.9872,344.25,0.7411,1,0.9919,1032.23,0.3714,1,0.9446,1047.29,0.3546,fast
data\test\Mango__Rotten\451.jpg,Mango__Rotten,light,224,224,10.55,454.93,114.78,0.1251,1,0.9974,11.61,0.8521,1,1.0,30.35,0.7057,1,1.0,30.26,0.694,fast
data\test\Orange__Rotten\translation_Screen Shot 2018-06-12 at 11.29.21 PM.png,Orange__Rotten,light,402,356,149.79,678.62,165.56,0.0272,1,0.9997,33.61,0.8448,1,1.0,88.31,0.6864,1,0.9985,140.23,0.6573,fast
data\test\Bellpepper__Healthy\freshPepper (104).jpg,Bellpepper__Healthy,heavy,796,571,145.3,191.54,107.38,0.0792,1,0.8238,734.83,0.6108,1,0.944,1079.68,0.3555,1,0.9764,1158.64,0.3175,fast
data\test\Banana__Healthy\rotated_by_60_Screen Shot 2018-06-12 at 9.51.58 PM.png,Banana__Healthy,heavy,616,490,167.63,324.38,187.66,0.0069,1,0.9604,726.72,0.6135,1,1.0,1209.76,0.3121,1,1.0,581.64,0.51,fast
data\test\Cucumber__Rotten\rottenCucumber (472).jpg,Cucumber__Rotten,heavy,100,100,6.99,3592.38,120.69,0.2313,1,0.9894,638.98,0.6428,1,1.0,1148.88,0.3324,1,0.9995,1005.67,0.3685,fast
data\test\Mango__Healthy\40.jpg,Mango__Healthy,light,224,224,4.37,222.84,80.2,0.0267,1,0.7949,25.3,0.8476,1,1.0,87.74,0.6866,1,0.9998,139.01,0.6577,fast
data\test\Banana__Rotten\vertical_flip_Screen Shot 2018-06-12 at 9.14.22 PM.png,Banana__Rotten,light,706,400,206.47,85.41,201.88,0.0365,1,0.9483,78.45,0.8298,1,1.0,90.07,0.6858,1,1.0,43.7,0.6895,fast
data\test\Apple__Healthy\rotated_by_30_Screen Shot 2018-06-08 at 5.12.29 PM.png,Apple__Healthy,light,396,410,121.93,443.59,165.42,0.0136,1,0.9817,82.53,0.8285,1,1.0,91.49,0.6853,1,1.0,59.64,0.6842,fast
data\test\Apple__Healthy\FreshApple (11).jpg,Apple__Healthy,light,2582,2165,750.44,24.82,178.31,0.0016,1,0.9222,54.61,0.8378,1,1.0,152.24,0.6651,1,0.9999,164.48,0.6492,fast
data\test\Apple__Healthy\FreshApple (34).jpg,Apple__Healthy,light,3814,3039,1550.39,24.01,167.11,0.0006,1,0.5696,39.53,0.8428,1,1.0,124.54,0.6743,1,1.0,80.07,0.6774,fast
data\test\Tomato__Rotten\rottenTomato (395).jpg,Tomato__Rotten,light,224,224,3.6,59.73,137.73,0.0215,1,0.8485,41.57,0.8421,1,1.0,33.9,0.7046,1,1.0,122.22,0.6633,fast
data\test\Mango__Healthy\595.jpg,Mango__Healthy,heavy,224,224,9.52,261.07,117.23,0.0375,1,0.984,684.17,0.6277,1,1.0,1079.53,0.3556,1,1.0,995.65,0.3719,fast
data\test\Orange__Rotten\rottenOrange (279).jpg,Orange__Rotten,light,224,224,9.99,545.62,125.39,0.1342,1,0.8596,80.06,0.8293,1,1.0,94.0,0.6845,1,1.0,133.17,0.6597,fast
data\test\Banana__Healthy\freshBanana (68).jpg,Banana__Healthy,heavy,1401,749,88.04,14.52,172.81,0.0053,1,0.7102,739.31,0.6093,1,0.9999,1050.77,0.3652,1,0.9995,1240.53,0.2901,fast
data\test\Strawberry__Healthy\67.jpg,Strawberry__Healthy,burst,224,224,5.81,143.51,87.58,0.0207,1,0.9776,795.77,0.5904,1,0.9991,391.34,0.5853,1,0.9991,13700.07,0.0041,fast
data\test\Carrot__Healthy\freshCarrot (442).jpg,Carrot__Healthy,burst,1600,1250,103.4,35.94,236.89,0.0073,1,0.3002,824.87,0.5807,1,0.9995,1762.21,0.1278,1,0.996,12678.91,0.0041,fast
data\test\Strawberry__Healthy\625.jpg,Strawberry__Healthy,heavy,224,224,8.85,295.01,119.36,0.0556,1,0.8433,611.53,0.6519,1,1.0,1180.37,0.3219,1,0.9997,847.21,0.4214,fast
data\test\Tomato__Rotten\rottenTomato (286).jpg,Tomato__Rotten,heavy,280,263,45.83,551.63,177.92,0.0734,0,0.6483,726.03,-0.3863,1,0.9947,1276.77,0.2898,1,0.9936,1251.81,0.2864,balanced
data\test\Banana__Rotten\translation_Screen Shot 2018-06-12 at 9.12.17 PM.png,Banana__Rotten,burst,528,362,176.95,623.43,145.07,0.0391,1,0.75,1352.63,0.4046,1,1.0,1757.87,0.1292,1,0.9982,2648.49,0.0041,fast
data\test\Orange__Healthy\rotated_by_45_Screen Shot 2018-06-12 at 11.54.20 PM.png,Orange__Healthy,heavy,288,258,83.45,541.95,140.94,0.023,1,0.9905,627.17,0.6467,1,1.0,1208.41,0.3126,1,1.0,1144.97,0.322,fast
data\test\Cucumber__Rotten\rottenCucumber (562).jpg,Cucumber__Rotten,light,100,100,4.99,3380.89,169.97,0.0947,1,0.9962,209.38,0.7861,1,1.0,152.24,0.6651,1,0.9992,256.95,0.6184,fast
data\test\Apple__Rotten\rottenApple (448).jpg,Apple__Rotten,light,336,330,74.55,535.65,137.37,0.0263,1,0.9428,46.61,0.8405,1,1.0,206.23,0.647,1,0.9993,50.32,0.6873,fast
data\test\Banana__Healthy\freshBanana (198).jpg,Banana__Healthy,heavy,1040,780,71.14,90.51,118.19,0.0159,0,0.6188,667.05,-0.3666,1,0.9861,1086.41,0.3533,1,0.7897,1241.04,0.29,balanced
data\test\Orange__Rotten\rotated_by_75_Screen Shot 2018-06-12 at 11.28.33 PM.png,Orange__Rotten,light,318,290,86.52,512.41,153.6,0.0262,0,0.3161,48.53,-0.1602,1,1.0,109.22,0.6794,1,0.9987,18.45,0.698,heavy
data\test\Apple__Rotten\Screen Shot 2018-06-07 at 2.42.25 PM.png,Apple__Rotten,light,412,398,220.76,46.62,183.7,0.0249,1,0.8007,16.26,0.8506,1,0.9882,102.1,0.6818,1,0.9981,25.54,0.6956,fast
data\test\Cucumber__Healthy\freshCucumber (297).jpg,Cucumber__Healthy,burst,224,224,19.42,1069.57,109.46,0.1542,1,0.9765,1078.53,0.4961,1,0.9999,1821.15,0.1081,1,0.9995,2088.24,0.0072,fast
data\test\Mango__Rotten\275.jpg,Mango__Rotten,light,224,224,3.75,158.9,146.97,0.0183,1,0.6789,17.68,0.8501,1,1.0,24.55,0.7077,1,0.9998,89.07,0.6744,fast
data\test\Mango__Rotten\744.jpg,Mango__Rotten,light,224,224,6.17,128.4,92.56,0.031,1,0.9757,63.49,0.8348,1,1.0,106.95,0.6802,1,1.0,48.41,0.688,fast
data\test\Potato__Healthy\freshPotato (319).jpg,Potato__Healthy,light,100,100,4.44,1252.74,176.21,0.0428,1,0.9331,29.23,0.8463,1,0.9955,43.44,0.7014,1,0.9998,150.51,0.6539,fast
data\test\Strawberry__Rotten\392.jpg,Strawberry__Rotten,burst,224,224,4.45,166.52,137.9,0.0181,0,0.7339,1696.78,-0.7102,1,1.0,2086.88,0.0194,1,1.0,6624.54,0.0041,balanced
data\test\Orange__Healthy\translation_Screen Shot 2018-06-13 at 12.06.01 AM.png,Orange__Healthy,burst,380,340,105.13,608.36,145.71,0.0099,1,0.9633,1163.98,0.4676,1,0.9999,1202.28,0.3146,1,0.9996,2590.54,0.0041,fast
data\test\Banana__Healthy\Banana__Healthy_augmented_170.jpg,Banana__Healthy,light,224,224,7.91,788.51,134.3,0.0826,0,0.3729,75.1,-0.169,1,1.0,39.86,0.7026,1,0.9998,41.87,0.6902,balanced
data\test\Orange__Healthy\rotated_by_30_Screen Shot 2018-06-13 at 12.10.38 AM.png,Orange__Healthy,heavy,298,264,67.81,609.11,165.25,0.0219,1,0.9435,623.22,0.648,1,0.8799,1202.57,0.3145,1,0.9981,1033.73,0.3591,fast
data\test\Banana__Healthy\saltandpepper_Screen Shot 2018-06-12 at 9.48.21 PM.png,Banana__Healthy,heavy,674,438,94.94,3362.9,235.43,0.0265,1,0.9078,631.74,0.6452,1,1.0,987.03,0.3865,1,1.0,1241.04,0.29,fast
data\test\Strawberry__Healthy\freshStrawberry (111).jpg,Strawberry__Healthy,heavy,2282,2124,1450.79,71.09,138.21,0.032,1,0.9724,607.81,0.6532,1,1.0,1180.37,0.3219,1,0.9983,923.95,0.3958,fast
data\test\Apple__Rotten\rotated_by_60_Screen Shot 2018-06-07 at 2.15.20 PM.png,Apple__Rotten,heavy,368,396,173.13,515.65,139.03,0.0469,1,0.9104,607.81,0.6532,1,0.998,1036.79,0.3699,1,0.9999,993.31,0.3726,fast
data\test\Banana__Rotten\rotated_by_60_Screen Shot 2018-06-12 at 8.59.02 PM.png,Banana__Rotten,heavy,362,306,87.42,566.33,168.63,0.0355,1,0.977,661.34,0.6353,1,1.0,4520.91,0.0159,1,0.9998,1220.16,0.2969,fast
data\test\Mango__Rotten\571.jpg,Mango__Rotten,light,224,224,9.98,253.51,112.17,0.0718,1,0.9965,42.35,0.8419,1,1.0,181.29,0.6554,1,1.0,72.76,0.6798,fast
data\test\Banana__Rotten\rotated_by_30_Screen Shot 2018-06-12 at 8.58.07 PM.png,Banana__Rotten,light,434,366,175.19,471.71,162.21,0.0429,1,0.4522,28.33,0.8466,1,1.0,76.35,0.6904,1,1.0,131.7,0.6602,fast
data\test\Apple__Rotten\rotated_by_75_Screen Shot 2018-06-07 at 2.33.47 PM.png,Apple__Rotten,light,400,338,161.81,492.8,162.67,0.0623,0,0.4586,111.05,-0.181,1,0.9915,68.8,0.6929,1,0.9726,97.82,0.6715,balanced
data\test\Apple__Rotten\rotated_by_45_Screen Shot 2018-06-08 at 2.51.09 PM.png,Apple__Rotten,light,418,346,138.95,512.47,151.92,0.0279,1,0.9658,27.19,0.8469,1,1.0,36.6,0.7037,1,0.9988,98.09,0.6714,fast
data\test\Guava__Rotten\RottenGuava (27).jpg,Guava__Rotten,light,3087,2642,1060.16,37.8,181.21,0.0039,0,0.6236,101.0,-0.1777,1,0.9667,145.0,0.6675,1,0.9726,126.03,0.6621,balanced
data\test\Apple__Healthy\rotated_by_75_Screen Shot 2018-06-08 at 5.09.17 PM.png,Apple__Healthy,light,396,418,169.86,376.17,141.93,0.0157,1,0.9676,89.89,0.826,1,1.0,236.88,0.6368,1,1.0,58.04,0.6848,fast
data\test\Strawberry__Healthy\167.jpg,Strawberry__Healthy,light,224,224,5.83,128.8,99.14,0.011,1,0.9883,65.83,0.8341,1,1.0,154.43,0.6643,1,1.0,118.8,0.6645,fast
data\test\Orange__Rotten\rottenOrange (220).jpg,Orange__Rotten,light,388,374,209.32,546.92,146.38,0.1055,1,0.9976,33.55,0.8448,1,0.9995,112.88,0.6782,1,0.9994,140.11,0.6574,fast
data\test\Banana__Rotten\rotated_by_15_Screen Shot 2018-06-12 at 8.57.34 PM.png,Banana__Rotten,light,490,350,95.36,375.76,191.64,0.019,0,0.3829,25.19,-0.1524,1,1.0,142.33,0.6684,1,0.9998,116.64,0.6652,balanced
data\test\Mango__Healthy\freshMango (5).jpg,Mango__Healthy,light,224,224,2.9,13.33,143.73,0.007,1,0.9615,76.94,0.8303,1,1.0,82.49,0.6883,1,1.0,66.98,0.6818,fast
data\test\Strawberry__Rotten\201.jpg,Strawberry__Rotten,light,224,224,3.59,61.1,129.56,0.0173,1,0.9437,64.18,0.8346,1,1.0,167.9,0.6598,1,1.0,190.1,0.6407,fast
data\test\Orange__Healthy\freshOrange (76).jpg,Orange__Healthy,light,2810,2796,857.52,16.49,162.87,0.0024,0,0.7092,117.68,-0.1833,1,0.9966,109.22,0.6794,1,0.847,72.76,0.6798,heavy
data\test\Orange__Rotten\rottenOrange (420).jpg,Orange__Rotten,heavy,224,224,5.88,129.67,102.67,0.0344,1,0.4809,195.79,0.7907,1,1.0,1185.78,0.3201,1,1.0,1111.48,0.3332,fast
data\test\Banana__Rotten\rotated_by_15_Screen Shot 2018-06-12 at 8.49.30 PM.png,Banana__Rotten,light,332,366,82.31,442.32,183.53,0.0273,1,0.9955,51.86,0.8387,1,1.0,73.71,0.6913,1,1.0,16.81,0.6985,fast
data\test\Apple__Healthy\Screen Shot 2018-06-08 at 4.59.57 PM.png,Apple__Healthy,burst,436,452,236.01,19.27,155.16,0.0126,1,0.9873,243.02,0.7749,1,1.0,1502.52,0.2144,1,0.9999,1605.01,0.1685,fast
data\test\Apple__Rotten\rotated_by_30_Screen Shot 2018-06-07 at 2.15.50 PM.png,Apple__Rotten,heavy,504,484,236.84,374.01,120.03,0.0173,1,0.7961,594.16,0.6577,1,1.0,1111.67,0.3449,1,1.0,1111.51,0.3332,fast
data\test\Banana__Healthy\freshBanana (123).jpg,Banana__Healthy,light,1200,1401,137.64,11.82,162.57,0.0029,1,0.3229,106.82,0.8204,1,0.9999,43.38,0.7014,1,0.9976,86.14,0.6754,fast
data\test\Apple__Rotten\vertical_flip_Screen Shot 2018-06-07 at 2.23.40 PM.png,Apple__Rotten,heavy,320,318,93.66,27.92,205.09,0.02,1,0.96,473.59,0.698,1,1.0,1096.68,0.3499,1,1.0,890.48,0.4069,fast
data\test\Carrot__Rotten\rottenCarrot (397).jpg,Carrot__Rotten,light,267,189,7.88,1246.78,135.08,0.0889,1,0.6605,29.93,0.846,1,0.9995,121.17,0.6754,1,0.9961,45.58,0.6889,fast
data\test\Potato__Rotten\rottenPotato (6).jpg,Potato__Rotten,heavy,257,196,5.19,569.08,124.57,0.0396,0,0.9683,642.95,-0.3586,1,0.9425,271.83,0.6251,0,0.9756,1048.56,-0.6458,balanced
data\test\Strawberry__Healthy\freshStrawberry (213).jpg,Strawberry__Healthy,heavy,100,100,4.68,1858.27,160.29,0.0824,1,0.8366,691.17,0.6254,1,1.0,1180.37,0.3219,1,0.9999,1144.97,0.322,fast
data\test\Mango__Healthy\healthy_154.jpg,Mango__Healthy,heavy,224,224,7.79,306.54,95.29,0.0183,1,0.8218,661.34,0.6353,1,0.9999,1180.37,0.3219,1,0.9999,846.21,0.4217,fast
data\test\Strawberry__Healthy\910.jpg,Strawberry__Healthy,light,224,224,6.51,137.31,118.71,0.0238,1,0.7655,12.77,0.8518,1,1.0,20.3,0.7091,1,0.9985,168.75,0.6478,fast
data\test\Mango__Healthy\freshMango (59).png,Mango__Healthy,heavy,320,258,119.94,1545.41,124.74,0.0751,1,0.7524,739.73,0.6091,1,1.0,1152.47,0.3313,1,1.0,1251.3,0.2865,fast
data\test\Strawberry__Healthy\freshStrawberry (435).jpg,Strawberry__Healthy,light,224,224,3.24,69.03,144.54,0.0119,1,0.9926,12.05,0.852,1,1.0,54.8,0.6976,1,1.0,116.62,0.6652,fast
data\test\Apple__Healthy\vertical_flip_Screen Shot 2018-06-08 at 5.33.47 PM.png,Apple__Healthy,light,326,278,106.74,18.99,190.67,0.0114,1,0.9822,42.91,0.8417,1,1.0,40.7,0.7023,1,0.9998,26.04,0.6954,fast
data\test\Bellpepper__Rotten\rottenPepper (629).jpg,Bellpepper__Rotten,light,262,192,10.19,1096.92,126.41,0.0837,0,0.7219,20.1,-0.1507,1,0.7256,134.35,0.671,1,0.9932,139.83,0.6575,balanced
data\test\Tomato__Healthy\freshTomato (238).jpg,Tomato__Healthy,light,224,224,9.69,293.41,162.29,0.058,0,0.1541,67.55,-0.1665,1,0.9689,24.32,0.7078,1,0.9966,24.6,0.6959,balanced
data\test\Potato__Rotten\rottenPotato (423).jpg,Potato__Rotten,heavy,300,168,11.3,3330.33,129.37,0.2288,1,0.9251,797.56,0.5899,1,0.9777,1321.33,0.2749,1,0.9989,1004.66,0.3688,fast
data\test\Banana__Healthy\Banana__Healthy_augmented_203.jpg,Banana__Healthy,heavy,224,224,3.89,275.54,210.26,0.0246,1,0.9334,519.36,0.6827,1,1.0,1091.84,0.3515,1,0.9997,1048.86,0.3541,fast
data\test\Guava__Healthy\FreshGuava (196).jpg,Guava__Healthy,burst,1200,1600,127.02,52.72,124.67,0.0105,1,0.9223,1179.36,0.4624,1,1.0,1479.54,0.2221,1,1.0,2492.06,0.0041,fast
data\test\Orange__Rotten\rotated_by_45_Screen Shot 2018-06-12 at 11.43.31 PM.png,Orange__Rotten,light,324,318,111.41,583.55,158.78,0.0142,1,0.9998,129.07,0.8129,1,1.0,91.6,0.6853,1,1.0,271.73,0.6134,fast
data\test\Mango__Rotten\174.jpg,Mango__Rotten,burst,224,224,3.89,229.13,128.77,0.0233,1,0.8901,1163.98,0.4676,1,1.0,2017.9,0.0424,1,0.9997,1757.56,0.1176,fast
data\test\Carrot__Rotten\rottenCarrot (469).jpg,Carrot__Rotten,burst,225,225,12.08,2278.29,126.38,0.2595,0,0.7581,998.11,-0.4771,1,0.9625,662.84,0.4947,1,0.9992,486.16,0.5419,heavy
data\test\Strawberry__Healthy\963.jpg,Strawberry__Healthy,heavy,224,224,6.18,107.93,113.35,0.0154,1,0.5575,676.79,0.6302,1,1.0,2162.99,0.0159,1,0.9997,1041.4,0.3566,fast
data\test\Orange__Rotten\rottenOrange (40).jpg,Orange__Rotten,heavy,2345,2167,817.09,108.08,147.04,0.0166,1,0.7992,538.2,0.6764,1,1.0,1209.76,0.3121,1,0.9981,998.91,0.3708,fast
data\test\Banana__Healthy\rotated_by_15_Screen Shot 2018-06-12 at 9.43.32 PM.png,Banana__Healthy,heavy,430,476,64.91,319.6,218.55,0.0076,1,0.9842,638.97,0.6428,1,0.9999,1276.18,0.29,1,0.9998,1032.15,0.3597,fast
data\test\Mango__Healthy\736.jpg,Mango__Healthy,light,224,224,5.12,28.65,110.67,0.0057,1,0.8577,31.55,0.8455,1,1.0,84.37,0.6877,1,1.0,234.02,0.626,fast
data\test\Strawberry__Rotten\416.jpg,Strawberry__Rotten,heavy,224,224,3.08,76.63,150.66,0.0077,1,0.9267,815.34,0.5839,1,1.0,1184.26,0.3206,1,1.0,1048.1,0.3543,fast
data\test\Banana__Rotten\rotated_by_15_Screen Shot 2018-06-12 at 8.54.48 PM.png,Banana__Rotten,burst,644,366,168.59,312.89,156.44,0.016,1,0.9854,1049.43,0.5058,1,1.0,1757.87,0.1292,1,1.0,2489.04,0.0041,fast
data\test\Banana__Rotten\vertical_flip_Screen Shot 2018-06-12 at 9.05.12 PM.png,Banana__Rotten,light,604,344,122.06,29.54,208.82,0.023,1,0.9365,93.66,0.8248,1,1.0,64.76,0.6943,1,0.9999,118.8,0.6645,fast
data\test\Strawberry__Rotten\871.jpg,Strawberry__Rotten,heavy,224,224,6.81,198.05,118.04,0.0298,1,0.7389,582.92,0.6615,1,1.0,1023.29,0.3744,1,0.9995,1228.87,0.294,fast
data\test\Carrot__Rotten\rottenCarrot (233).jpg,Carrot__Rotten,heavy,259,194,4.84,315.5,136.8,0.0495,1,0.284,688.89,0.6261,1,0.9999,1098.75,0.3492,1,0.9972,890.48,0.4069,fast
data\test\Orange__Rotten\rotated_by_15_Screen Shot 2018-06-12 at 11.41.26 PM.png,Orange__Rotten,burst,500,452,256.8,287.56,150.31,0.024,0,0.5206,1336.36,-0.59,1,0.9939,1944.94,0.0668,1,0.9999,2261.64,0.0041,balanced
data\test\Strawberry__Rotten\453.jpg,Strawberry__Rotten,heavy,224,224,4.57,162.05,143.55,0.0175,0,0.5778,560.3,-0.331,1,1.0,1037.3,0.3697,1,0.9999,836.45,0.425,heavy
data\test\Mango__Rotten\anthracnose_031.jpg,Mango__Rotten,light,224,224,6.71,167.73,81.6,0.0358,1,0.9696,65.28,0.8342,1,1.0,243.07,0.6347,1,0.9999,216.83,0.6318,fast
data\test\Orange__Healthy\freshOrange (14).jpg,Orange__Healthy,heavy,2771,2501,815.23,14.1,185.21,0.0007,1,0.9312,211.55,0.7854,1,0.9999,1179.85,0.3221,1,0.9387,992.26,0.373,fast
data\test\Banana__Rotten\saltandpepper_Screen Shot 2018-06-12 at 9.04.08 PM.png,Banana__Rotten,light,632,332,312.35,2571.74,146.93,0.0813,1,0.9117,147.15,0.8069,1,0.9996,52.3,0.6984,1,1.0,74.91,0.6791,fast
data\test\Banana__Healthy\rotated_by_30_Screen Shot 2018-06-12 at 9.38.22 PM.png,Banana__Healthy,heavy,524,412,163.12,386.72,178.38,0.0169,1,0.9982,610.36,0.6523,1,1.0,1152.9,0.3311,1,1.0,1165.08,0.3153,fast
data\test\Strawberry__Rotten\394.jpg,Strawberry__Rotten,heavy,224,224,4.45,154.3,130.84,0.0175,0,0.7054,734.32,-0.389,1,1.0,1138.84,0.3358,1,0.9999,1040.89,0.3568,heavy
data\test\Banana__Rotten\saltandpepper_Screen Shot 2018-06-12 at 9.06.27 PM.png,Banana__Rotten,light,530,414,281.46,2966.72,129.82,0.0644,1,0.9934,9.72,0.8528,1,1.0,73.42,0.6914,1,1.0,25.54,0.6956,fast
data\test\Banana__Rotten\rotated_by_60_Screen Shot 2018-06-12 at 9.21.00 PM.png,Banana__Rotten,light,250,372,78.6,498.23,133.2,0.0274,1,0.9988,58.41,0.8365,1,1.0,63.49,0.6947,1,0.9997,70.3,0.6807,fast
data\test\Guava__Rotten\RottenGuava (1).jpg,Guava__Rotten,light,3548,3100,1686.12,67.95,130.47,0.0049,1,0.7947,63.59,0.8348,1,1.0,218.36,0.643,1,1.0,123.35,0.663,fast
data\test\Apple__Rotten\rotated_by_75_Screen Shot 2018-06-08 at 2.46.25 PM.png,Apple__Rotten,heavy,418,366,156.42,298.88,158.89,0.0151,1,0.9591,645.24,0.6407,1,0.9975,1076.47,0.3566,1,0.9987,1200.94,0.3033,fast
data\test\Strawberry__Healthy\584.jpg,Strawberry__Healthy,light,224,224,8.56,223.58,120.76,0.0167,1,0.7356,159.82,0.8027,1,1.0,108.47,0.6797,1,1.0,30.07,0.6941,fast
data\test\Apple__Rotten\saltandpepper_Screen Shot 2018-06-07 at 3.05.53 PM.png,Apple__Rotten,burst,430,328,124.18,2928.97,205.75,0.0398,1,0.9753,1426.37,0.38,1,0.9978,865.48,0.427,1,0.9997,796.42,0.4383,heavy
data\test\Tomato__Healthy\freshTomato (264).jpg,Tomato__Healthy,light,224,224,22.42,66.6,154.62,0.0092,0,0.4339,51.86,-0.1613,1,0.9489,63.23,0.6948,1,0.999,86.15,0.6754,balanced
data\test\Potato__Rotten\rottenPotato (249).jpg,Potato__Rotten,light,269,187,5.3,246.7,172.8,0.0574,0,0.463,42.35,-0.1581,1,0.9986,61.16,0.6955,1,0.9998,44.01,0.6894,balanced
data\test\Orange__Rotten\Screen Shot 2018-06-12 at 11.27.30 PM.png,Orange__Rotten,heavy,676,470,431.55,77.57,208.51,0.0311,1,0.9493,663.0,0.6348,1,0.9999,3512.51,0.0159,1,1.0,923.42,0.396,fast
data\test\Strawberry__Rotten\448.jpg,Strawberry__Rotten,light,224,224,2.97,52.34,140.51,0.0082,1,0.9313,49.98,0.8393,1,1.0,148.33,0.6664,1,0.9998,80.53,0.6773,fast
data\test\Mango__Rotten\rottenMango (478).jpg,Mango__Rotten,light,224,224,3.5,44.02,114.1,0.0147,1,0.9616,78.0,0.83,1,1.0,91.6,0.6853,1,0.9992,51.21,0.687,fast
data\test\Potato__Rotten\rottenPotato (28).jpg,Potato__Rotten,burst,268,188,8.19,1852.58,166.78,0.1653,1,0.639,213.63,0.7847,1,0.9988,1365.89,0.26,1,0.9993,1354.01,0.2523,fast
data\test\Apple__Healthy\freshApple (461).png,Apple__Healthy,heavy,480,322,223.64,254.73,129.55,0.062,1,0.9846,798.09,0.5897,1,1.0,1109.69,0.3455,1,0.9986,922.84,0.3961,fast
data\test\Apple__Healthy\rotated_by_75_Screen Shot 2018-06-08 at 5.20.26 PM.png,Apple__Healthy,light,462,432,228.05,343.28,145.04,0.0182,1,0.9164,73.45,0.8315,1,0.9996,76.17,0.6904,1,0.9999,44.99,0.6891,fast
data\test\Mango__Healthy\freshMango (284).jpg,Mango__Healthy,burst,224,224,3.36,33.08,82.66,0.0055,1,0.9487,783.27,0.5946,1,1.0,2017.89,0.0424,1,1.0,1771.81,0.1128,fast
data\test\Jujube__Rotten\RottenJujube (19).jpg,Jujube__Rotten,light,2932,3002,1149.28,31.58,162.37,0.0009,1,0.5578,25.19,0.8476,1,0.9438,147.28,0.6667,1,0.9995,29.97,0.6941,fast
data\test\Orange__Rotten\rotated_by_30_Screen Shot 2018-06-12 at 11.45.17 PM.png,Orange__Rotten,heavy,306,290,140.93,969.49,150.78,0.1363,1,0.9953,815.34,0.5839,1,0.9997,1361.81,0.2614,1,0.9971,1112.74,0.3328,fast
data\test\Orange__Rotten\rottenOrange (173).jpg,Orange__Rotten,heavy,2804,2727,983.89,42.51,142.31,0.0046,1,0.5095,195.05,0.7909,1,1.0,1109.14,0.3457,1,1.0,394.39,0.5725,fast
data\test\Tomato__Healthy\freshTomato (215).png,Tomato__Healthy,heavy,320,258,89.89,974.69,131.5,0.0708,1,0.8816,779.67,0.5958,1,1.0,1323.41,0.2742,1,0.9991,1111.48,0.3332,fast
data\test\Mango__Healthy\50.jpg,Mango__Healthy,light,224,224,3.55,16.9,68.9,0.0076,1,0.9787,87.94,0.8267,1,1.0,30.67,0.7056,1,1.0,108.12,0.668,fast
data\test\Orange__Rotten\rottenOrange (482).jpg,Orange__Rotten,light,224,224,7.12,336.23,88.8,0.0548,1,0.9562,43.33,0.8416,1,1.0,32.99,0.7049,1,0.9997,80.53,0.6773,fast
data\test\Banana__Healthy\freshBanana (347).jpg,Banana__Healthy,light,224,224,6.32,172.83,128.28,0.0188,1,0.9631,20.66,0.8491,1,1.0,30.14,0.7058,1,0.9973,133.9,0.6594,fast
data\test\Apple__Healthy\saltandpepper_Screen Shot 2018-06-08 at 5.10.29 PM.png,Apple__Healthy,burst,206,210,53.22,3070.64,175.52,0.0598,1,0.9617,1287.05,0.4265,1,1.0,7266.11,0.0159,1,1.0,1442.27,0.2228,fast
data\test\Apple__Rotten\rottenApple (339).jpg,Apple__Rotten,heavy,432,374,143.16,608.51,142.44,0.0096,1,0.7516,661.87,0.6351,1,1.0,1036.78,0.3699,1,1.0,847.21,0.4214,fast
data\test\Strawberry__Healthy\freshStrawberry (481).jpg,Strawberry__Healthy,light,224,224,3.51,63.11,141.69,0.0156,1,0.939,73.55,0.8315,1,1.0,139.66,0.6693,1,0.998,246.9,0.6217,fast
data\test\Apple__Healthy\rotated_by_45_Screen Shot 2018-06-08 at 5.21.56 PM.png,Apple__Healthy,light,200,182,35.98,996.58,164.19,0.0276,1,0.8515,14.34,0.8512,1,0.9984,181.29,0.6554,1,0.9989,18.45,0.698,fast
data\test\Banana__Rotten\rottenBanana (217).jpg,Banana__Rotten,heavy,690,384,204.33,88.77,198.7,0.0386,1,0.9396,638.23,0.643,1,1.0,1208.94,0.3124,1,1.0,846.21,0.4217,fast
data\test\Orange__Rotten\rottenOrange (271).jpg,Orange__Rotten,light,224,224,8.77,428.0,120.97,0.0524,1,0.7156,117.83,0.8167,1,1.0,58.42,0.6964,1,0.9988,43.84,0.6895,fast
data\test\Banana__Rotten\rotated_by_60_Screen Shot 2018-06-12 at 8.47.14 PM.png,Banana__Rotten,light,626,398,165.82,347.88,154.19,0.02,1,0.4693,24.27,0.8479,1,0.9998,142.33,0.6684,1,1.0,52.36,0.6867,fast
data\test\Mango__Healthy\freshMango (24).jpg,Mango__Healthy,light,224,224,2.7,12.97,138.88,0.0062,1,0.9492,108.93,0.8197,1,1.0,135.99,0.6705,1,1.0,128.44,0.6613,fast
data\test\Tomato__Healthy\freshTomato (141).png,Tomato__Healthy,light,480,322,185.43,492.06,148.1,0.0717,1,0.9991,58.92,0.8364,1,1.0,47.38,0.7001,1,1.0,172.82,0.6465,fast
data\test\Banana__Healthy\saltandpepper_Screen Shot 2018-06-12 at 9.54.02 PM.png,Banana__Healthy,burst,696,420,99.09,3507.36,236.94,0.0293,1,0.9802,474.07,0.6978,1,1.0,1430.75,0.2384,1,1.0,2088.75,0.0071,fast
data\test\Apple__Rotten\vertical_flip_Screen Shot 2018-06-07 at 2.51.45 PM.png,Apple__Rotten,heavy,324,270,86.46,51.74,168.85,0.0218,0,0.7844,668.08,-0.3669,1,0.9735,1079.53,0.3556,1,0.8906,1003.91,0.3691,heavy
data\test\Orange__Healthy\rotated_by_60_Screen Shot 2018-06-13 at 12.08.58 AM.png,Orange__Healthy,light,466,384,180.53,409.45,135.78,0.0185,1,0.9941,124.87,0.8143,1,1.0,135.72,0.6706,1,0.9999,50.54,0.6873,fast
data\test\Orange__Healthy\freshOrange (19).png,Orange__Healthy,light,480,322,159.7,296.26,105.53,0.0372,1,0.6979,39.11,0.843,1,0.9998,97.69,0.6833,1,0.9999,76.21,0.6787,fast
data\test\Cucumber__Rotten\rottenCucumber (501).jpg,Cucumber__Rotten,heavy,259,194,10.04,2319.01,67.12,0.1484,1,0.5928,701.65,0.6219,1,0.8261,1079.68,0.3555,1,0.6174,1108.18,0.3343,fast
data\test\Mango__Rotten\684.jpg,Mango__Rotten,light,224,224,9.77,313.24,103.16,0.0834,1,0.9924,31.28,0.8456,1,1.0,98.34,0.683,1,1.0,140.23,0.6573,fast
data\test\Banana__Healthy\rotated_by_30_Screen Shot 2018-06-12 at 9.43.53 PM.png,Banana__Healthy,light,686,410,127.19,346.3,178.79,0.0084,1,0.9124,44.01,0.8413,1,1.0,153.39,0.6647,1,1.0,136.23,0.6587,fast
data\test\Apple__Healthy\freshApple (307).jpg,Apple__Healthy,heavy,442,440,192.72,2807.21,179.16,0.0414,1,0.9869,552.44,0.6717,1,0.9998,1091.84,0.3515,1,1.0,1024.85,0.3621,fast
data\test\Mango__Rotten\750.jpg,Mango__Rotten,heavy,224,224,6.38,122.49,100.67,0.027,1,0.9053,408.59,0.7197,1,1.0,1031.63,0.3716,1,1.0,846.7,0.4216,fast
data\test\Orange__Healthy\freshOrange (151).jpg,Orange__Healthy,light,4000,3000,3253.63,20.79,168.63,0.0004,0,0.8806,23.42,-0.1518,1,0.9875,35.5,0.704,1,0.9978,80.07,0.6774,balanced
data\test\Bellpepper__Healthy\freshPepper (285).jpg,Bellpepper__Healthy,burst,224,224,6.39,32.35,128.97,0.0127,1,0.7973,798.33,0.5896,1,0.9572,375.76,0.5905,1,0.9557,1442.27,0.2228,balanced
data\test\Banana__Rotten\rotated_by_75_Screen Shot 2018-06-12 at 8.54.58 PM.png,Banana__Rotten,heavy,326,460,98.03,429.04,151.76,0.042,1,0.6156,808.06,0.5863,1,1.0,1277.79,0.2894,1,1.0,1267.55,0.2811,fast
data\test\Bellpepper__Rotten\rottenPepper (313).jpg,Bellpepper__Rotten,light,266,189,7.26,1549.14,104.69,0.0844,1,0.5369,51.65,0.8388,1,0.9999,106.81,0.6802,1,0.9991,17.07,0.6984,fast
data\test\Orange__Healthy\saltandpepper_Screen Shot 2018-06-13 at 12.05.27 AM.png,Orange__Healthy,heavy,346,316,126.98,2671.97,176.4,0.0596,1,0.9977,668.75,0.6328,1,0.9998,1169.67,0.3255,1,0.9808,996.73,0.3715,fast
data\test\Carrot__Healthy\freshCarrot (568).jpg,Carrot__Healthy,light,224,224,14.34,298.17,105.83,0.051,1,0.7906,108.93,0.8197,1,1.0,106.95,0.6802,1,0.9998,140.11,0.6574,fast
data\test\Mango__Healthy\729.jpg,Mango__Healthy,light,224,224,6.07,61.11,123.9,0.0199,1,0.6121,20.69,0.8491,1,1.0,94.0,0.6845,1,1.0,97.72,0.6715,fast
data\test\Potato__Healthy\freshPotato (299).jpg,Potato__Healthy,light,100,100,4.64,1383.71,174.07,0.0524,1,0.9369,61.18,0.8356,1,0.9997,182.01,0.6551,1,0.9986,145.06,0.6557,fast
data\test\Carrot__Healthy\freshCarrot (585).jpg,Carrot__Healthy,light,224,224,12.6,323.48,94.08,0.0498,1,0.8658,28.31,0.8466,1,1.0,69.49,0.6927,1,0.9999,139.82,0.6575,fast
data\test\Apple__Healthy\freshApple (258).jpg,Apple__Healthy,burst,100,100,3.96,772.12,167.67,0.0366,1,0.8007,1422.21,0.3814,1,0.9997,7773.35,0.0159,1,0.9991,1772.33,0.1126,fast
data\test\Cucumber__Healthy\freshCucumber (245).jpg,Cucumber__Healthy,light,1024,768,567.82,1368.08,125.79,0.1217,1,0.7457,159.82,0.8027,1,0.5327,76.88,0.6902,0,0.5514,95.9,-0.3279,fast
data\test\Strawberry__Healthy\838.jpg,Strawberry__Healthy,light,224,224,6.73,168.31,114.68,0.0304,1,0.8845,81.17,0.8289,1,1.0,139.66,0.6693,1,0.9992,29.14,0.6944,fast
data\test\Banana__Healthy\rotated_by_60_Screen Shot 2018-06-12 at 9.58.56 PM.png,Banana__Healthy,burst,388,324,108.4,533.22,183.18,0.0316,1,0.999,177.82,0.7967,1,1.0,1544.44,0.2004,1,1.0,225.37,0.6289,fast
data\test\Mango__Healthy\freshMango (19).png,Mango__Healthy,heavy,320,258,108.79,767.23,162.15,0.0469,1,0.9127,739.84,0.6091,1,0.9951,1200.11,0.3154,1,0.9981,1278.53,0.2774,fast
data\test\Carrot__Healthy\freshCarrot (361).jpg,Carrot__Healthy,light,100,100,4.32,4648.55,117.78,0.3289,0,0.9631,78.76,-0.1703,1,0.9493,54.73,0.6976,1,0.6202,171.58,0.6469,balanced
data\test\Apple__Rotten\rotated_by_15_Screen Shot 2018-06-07 at 2.20.46 PM.png,Apple__Rotten,light,420,338,141.59,412.93,181.49,0.0255,1,0.9142,70.37,0.8325,1,0.9999,111.14,0.6788,1,0.9993,77.96,0.6781,fast
data\test\Potato__Healthy\freshPotato (194).jpg,Potato__Healthy,light,224,224,8.03,83.72,171.21,0.019,1,0.9478,72.19,0.8319,1,0.9993,58.8,0.6962,1,0.996,163.84,0.6495,fast
data\test\Apple__Rotten\translation_Screen Shot 2018-06-07 at 2.16.54 PM.png,Apple__Rotten,light,380,324,96.1,715.05,158.78,0.018,1,0.9499,33.55,0.8448,1,1.0,144.55,0.6676,1,1.0,143.98,0.6561,fast
data\test\Apple__Healthy\saltandpepper_Screen Shot 2018-06-08 at 5.18.12 PM.png,Apple__Healthy,heavy,362,374,150.18,2940.02,174.71,0.0514,1,0.8365,645.24,0.6407,1,1.0,1075.95,0.3568,1,0.9863,1415.33,0.2318,fast
data\test\Carrot__Healthy\freshCarrot (330).jpg,Carrot__Healthy,heavy,224,224,15.96,671.78,88.23,0.0791,1,0.7859,559.78,0.6692,1,1.0,1967.01,0.0594,1,0.9998,1200.84,0.3034,fast
data\test\Banana__Rotten\rotated_by_60_Screen Shot 2018-06-12 at 8.52.01 PM.png,Banana__Rotten,light,600,372,114.72,417.35,140.45,0.0255,1,0.997,64.18,0.8346,1,1.0,81.48,0.6887,1,1.0,187.71,0.6415,fast
data\test\Orange__Healthy\Screen Shot 2018-06-13 at 12.19.36 AM.png,Orange__Healthy,burst,404,364,213.42,16.96,146.77,0.0064,1,0.9825,1165.06,0.4672,1,0.9939,430.32,0.5723,1,0.9878,1356.21,0.2515,balanced
data\test\Mango__Rotten\860.jpg,Mango__Rotten,light,224,224,6.63,142.84,102.61,0.0269,1,0.8407,32.9,0.845,1,1.0,169.69,0.6592,1,1.0,103.55,0.6696,fast
data\test\Bellpepper__Healthy\freshPepper (410).jpg,Bellpepper__Healthy,heavy,224,224,9.99,274.29,204.35,0.0505,1,0.8891,635.04,0.6441,1,0.9997,1030.09,0.3721,1,0.9941,1241.04,0.29,fast
data\test\Mango__Healthy\freshMango (357).jpg,Mango__Healthy,heavy,224,224,3.88,40.03,134.64,0.0118,1,0.83,408.07,0.7198,1,1.0,966.79,0.3932,1,1.0,1000.47,0.3702,fast
data\test\Apple__Healthy\rotated_by_60_Screen Shot 2018-06-08 at 5.22.20 PM.png,Apple__Healthy,heavy,208,164,40.46,762.95,145.29,0.0243,1,0.9442,635.66,0.6439,1,0.9992,1151.96,0.3314,1,0.9998,1040.89,0.3568,fast
data\test\Pomegranate__Healthy\FreshPomegranate (22).jpg,Pomegranate__Healthy,heavy,1575,1952,414.44,25.33,124.98,0.0013,1,0.8564,813.92,0.5844,1,0.9996,1194.45,0.3172,1,0.996,1024.34,0.3623,fast
data\test\Potato__Rotten\rottenPotato (505).jpg,Potato__Rotten,light,390,280,28.1,2127.27,204.89,0.1271,1,0.7453,81.17,0.8289,1,0.9779,45.8,0.7006,1,0.9674,112.41,0.6666,fast
data\test\Pomegranate__Healthy\FreshPomegranate (69).jpg,Pomegranate__Healthy,heavy,2245,3033,778.32,18.07,128.97,0.0007,1,0.7504,668.75,0.6328,1,1.0,1035.63,0.3702,1,0.9984,890.48,0.4069,fast
data\test\Apple__Rotten\rottenApple (463).JPG,Apple__Rotten,burst,617,627,65.55,280.72,119.65,0.0582,0,0.3853,1697.29,-0.7104,1,0.9943,865.48,0.427,1,0.7075,2489.37,0.0041,balanced
data\test\Apple__Healthy\freshApple (571).png,Apple__Healthy,heavy,320,258,118.11,1282.57,134.01,0.0842,1,0.989,608.54,0.6529,1,0.9999,977.06,0.3898,1,1.0,458.6,0.5511,fast
data\test\Cucumber__Rotten\rottenCucumber (344).jpg,Cucumber__Rotten,light,298,169,7.29,1282.02,172.66,0.0651,1,0.6497,42.0,0.842,1,0.8515,30.11,0.7058,1,0.9831,117.61,0.6649,fast
data\test\Orange__Rotten\Screen Shot 2018-06-12 at 11.26.02 PM.png,Orange__Rotten,heavy,198,210,83.43,154.31,191.39,0.0957,1,0.6007,627.2,0.6467,1,0.921,820.25,0.4421,1,0.9996,1027.73,0.3611,fast
data\test\Apple__Rotten\rotated_by_60_Screen Shot 2018-06-07 at 3.05.05 PM.png,Apple__Rotten,light,410,378,160.48,461.62,136.2,0.0233,1,0.9069,21.86,0.8487,1,1.0,112.9,0.6782,1,1.0,126.01,0.6621,fast
data\test\Orange__Healthy\freshOrange (23).png,Orange__Healthy,heavy,320,258,113.22,1520.95,144.42,0.0884,1,0.9547,408.6,0.7197,1,0.9991,1078.1,0.3561,1,0.9997,1251.81,0.2864,fast
data\test\Orange__Rotten\rotated_by_60_Screen Shot 2018-06-12 at 11.40.42 PM.png,Orange__Rotten,heavy,482,378,176.75,441.79,155.62,0.0155,1,0.9996,740.26,0.609,1,1.0,1080.27,0.3553,1,1.0,1048.1,0.3543,fast
data\test\Banana__Rotten\rotated_by_30_Screen Shot 2018-06-12 at 9.04.01 PM.png,Banana__Rotten,heavy,606,368,147.54,401.35,146.82,0.0336,1,1.0,798.08,0.5897,1,1.0,983.0,0.3878,1,0.9999,1058.38,0.3509,fast
data\test\Orange__Rotten\rotated_by_45_Screen Shot 2018-06-12 at 11.38.46 PM.png,Orange__Rotten,light,358,340,118.17,617.85,164.54,0.0262,1,0.9997,46.94,0.8404,1,1.0,60.39,0.6957,1,1.0,123.06,0.6631,fast
data\test\Carrot__Rotten\rottenCarrot (102).jpg,Carrot__Rotten,light,100,100,5.7,2511.97,211.58,0.114,1,0.8926,27.32,0.8469,1,1.0,119.4,0.676,1,0.9997,97.09,0.6717,fast
data\test\Orange__Healthy\rotated_by_75_Screen Shot 2018-06-13 at 12.17.01 AM.png,Orange__Healthy,heavy,326,304,95.32,475.51,178.03,0.0218,1,0.8338,735.33,0.6106,1,0.9947,1042.45,0.368,1,0.8932,504.68,0.5357,fast
data\test\Tomato__Healthy\freshTomato (47).png,Tomato__Healthy,light,480,322,216.74,595.69,161.66,0.0719,1,0.9937,80.54,0.8291,1,1.0,71.02,0.6922,1,1.0,50.97,0.6871,fast
data\test\Orange__Healthy\saltandpepper_Screen Shot 2018-06-13 at 12.07.32 AM.png,Orange__Healthy,light,614,396,243.57,2680.34,186.0,0.0489,1,0.4648,50.9,0.839,1,1.0,106.51,0.6803,1,0.9991,205.06,0.6357,fast
data\test\Banana__Rotten\rotated_by_15_Screen Shot 2018-06-12 at 9.08.00 PM.png,Banana__Rotten,burst,688,402,135.13,298.26,196.6,0.0161,1,0.7653,289.18,0.7595,1,0.9998,1394.73,0.2504,1,0.9994,6847.78,0.0041,fast
data\test\Cucumber__Healthy\freshCucumber (68).jpg,Cucumber__Healthy,burst,848,480,8.36,18.61,162.11,0.0058,1,0.9952,795.77,0.5904,1,1.0,356.57,0.5969,1,0.9992,2064.59,0.0151,balanced
data\test\Mango__Rotten\lasio_166.jpg,Mango__Rotten,light,224,224,8.6,696.16,104.96,0.057,1,0.9942,70.37,0.8325,1,1.0,60.39,0.6957,1,1.0,121.79,0.6635,fast
data\test\Banana__Healthy\Banana__Healthy_augmented_86.jpg,Banana__Healthy,heavy,224,224,4.82,89.53,195.41,0.0243,0,0.5817,1049.48,-0.4942,1,1.0,457.55,0.5632,1,0.9999,797.29,0.438,balanced
data\test\Cucumber__Rotten\rottenCucumber (271).jpg,Cucumber__Rotten,heavy,259,194,9.59,2556.94,84.72,0.1649,1,0.7617,732.14,0.6117,1,0.611,1051.71,0.3649,1,0.9684,1097.06,0.338,fast
data\test\Carrot__Rotten\rottenCarrot (357).jpg,Carrot__Rotten,light,262,192,4.82,1534.57,212.39,0.0591,1,0.7536,64.58,0.8345,1,0.9926,108.47,0.6797,1,0.9989,163.84,0.6495,fast
data\test\Orange__Healthy\rotated_by_15_Screen Shot 2018-06-13 at 12.03.34 AM.png,Orange__Healthy,light,346,284,81.21,382.41,165.64,0.0164,1,0.9911,95.66,0.8241,1,1.0,85.46,0.6873,1,1.0,196.59,0.6385,fast
data\test\Strawberry__Healthy\338.jpg,Strawberry__Healthy,heavy,224,224,3.26,55.87,144.54,0.0116,1,0.9401,924.66,0.5474,1,1.0,1184.46,0.3206,1,0.9994,1188.22,0.3076,fast
data\test\Strawberry__Rotten\681.jpg,Strawberry__Rotten,heavy,224,224,10.56,486.39,113.01,0.0872,1,0.9908,630.17,0.6457,1,1.0,908.07,0.4128,1,1.0,992.26,0.373,fast
data\test\Orange__Rotten\rotated_by_30_Screen Shot 2018-06-12 at 11.26.49 PM.png,Orange__Rotten,light,170,176,38.74,628.73,145.72,0.0182,1,0.9752,67.7,0.8334,1,1.0,120.38,0.6757,1,1.0,90.14,0.674,fast
data\test\Potato__Rotten\rottenPotato (243).jpg,Potato__Rotten,light,259,194,5.57,273.67,139.01,0.0556,0,0.5979,32.39,-0.1548,1,0.9999,116.82,0.6769,1,0.9987,57.68,0.6849,heavy
data\test\Apple__Rotten\vertical_flip_Screen Shot 2018-06-07 at 3.00.17 PM.png,Apple__Rotten,light,456,430,196.77,73.68,150.49,0.0426,1,0.6295,162.2,0.8019,1,0.9998,58.62,0.6963,1,0.9991,97.72,0.6715,fast
data\test\Orange__Healthy\rotated_by_60_Screen Shot 2018-06-13 at 12.16.16 AM.png,Orange__Healthy,burst,440,434,211.94,279.77,143.15,0.0104,1,0.979,1014.52,0.5174,1,0.9944,2014.06,0.0437,1,0.9984,1772.33,0.1126,fast
data\test\Orange__Healthy\translation_Screen Shot 2018-06-13 at 12.03.27 AM.png,Orange__Healthy,light,308,244,71.21,812.78,134.4,0.0291,1,0.9947,19.86,0.8494,1,0.998,116.08,0.6771,1,0.9927,36.53,0.6919,fast
data\test\Banana__Healthy\rotated_by_30_Screen Shot 2018-06-12 at 9.39.22 PM.png,Banana__Healthy,heavy,428,310,61.0,469.28,193.24,0.0124,1,0.9883,643.17,0.6414,1,1.0,1206.29,0.3133,1,1.0,1111.51,0.3332,fast
data\test\Bellpepper__Healthy\freshPepper (405).jpg,Bellpepper__Healthy,light,224,224,8.59,388.17,203.87,0.0432,1,0.6953,81.17,0.8289,1,1.0,31.44,0.7054,1,0.9944,36.79,0.6919,fast
data\test\Mango__Rotten\272.jpg,Mango__Rotten,heavy,224,224,4.27,273.63,143.11,0.0203,1,0.9723,646.79,0.6402,1,1.0,1042.45,0.368,1,0.9999,1076.02,0.345,fast
data\test\Bellpepper__Healthy\freshPepper (523).jpg,Bellpepper__Healthy,light,224,224,15.77,511.88,82.31,0.0791,1,0.5363,15.65,0.8508,1,0.9995,80.99,0.6888,1,0.9945,161.96,0.6501,fast
data\test\Potato__Healthy\freshPotato (132).jpg,Potato__Healthy,light,224,224,11.4,38.3,101.38,0.0088,1,0.7814,23.96,0.848,1,0.9999,53.58,0.698,1,1.0,60.29,0.684,fast
data\test\Apple__Rotten\rotated_by_45_Screen Shot 2018-06-08 at 2.48.43 PM.png,Apple__Rotten,light,368,360,96.39,511.86,185.68,0.0088,1,0.675,82.53,0.8285,1,1.0,65.79,0.6939,1,0.9999,69.11,0.6811,fast
data\test\Cucumber__Rotten\rottenCucumber (257).jpg,Cucumber__Rotten,light,100,100,5.04,3583.44,170.28,0.1014,1,0.9964,13.24,0.8516,1,1.0,67.68,0.6933,1,0.9999,71.45,0.6803,fast
data\test\Jujube__Rotten\RottenJujube (173).jpg,Jujube__Rotten,light,608,457,46.57,11.45,149.5,0.0038,0,0.3258,21.8,-0.1513,1,0.7567,48.78,0.6996,1,0.5217,153.69,0.6528,balanced
data\test\Apple__Rotten\Screen Shot 2018-06-07 at 2.50.52 PM.png,Apple__Rotten,light,234,218,94.26,57.41,137.86,0.0238,0,0.5278,118.3,-0.1835,1,0.9976,87.74,0.6866,1,0.9983,180.65,0.6438,balanced
data\test\Banana__Rotten\rottenBanana (38).jpg,Banana__Rotten,heavy,3112,3650,1990.74,98.57,126.29,0.0015,1,0.9984,699.68,0.6225,1,1.0,1277.28,0.2896,1,0.9582,1047.29,0.3546,fast
data\test\Strawberry__Rotten\rottenStrawberry (64).jpg,Strawberry__Rotten,burst,3062,3040,1288.5,44.81,176.92,0.0051,1,0.909,1459.22,0.369,1,1.0,1223.04,0.3077,1,1.0,660.57,0.4837,heavy
data\test\Orange__Rotten\rotated_by_45_Screen Shot 2018-06-12 at 11.22.36 PM.png,Orange__Rotten,heavy,320,302,120.04,289.87,147.42,0.0322,1,0.9861,642.95,0.6414,1,1.0,1118.02,0.3427,1,1.0,1018.27,0.3643,fast
data\test\Banana__Healthy\rotated_by_60_Screen Shot 2018-06-12 at 9.57.31 PM.png,Banana__Healthy,heavy,632,412,91.7,353.84,174.75,0.0084,1,0.9877,233.11,0.7782,0,0.6066,1133.27,-0.6623,1,0.9998,1267.9,0.281,fast
data\test\Cucumber__Rotten\rottenCucumber (200).jpg,Cucumber__Rotten,light,100,100,5.22,3829.43,159.18,0.1302,1,0.9982,38.74,0.8431,1,1.0,59.28,0.6961,1,1.0,76.33,0.6787,fast
data\test\Banana__Healthy\rotated_by_15_Screen Shot 2018-06-12 at 9.45.15 PM.png,Banana__Healthy,light,430,358,100.18,323.01,197.36,0.0129,1,0.8473,81.57,0.8288,1,1.0,107.59,0.68,1,0.9998,76.21,0.6787,fast
data\test\Banana__Healthy\Banana__Healthy_augmented_110.jpg,Banana__Healthy,burst,224,224,4.92,85.12,185.99,0.0222,0,0.2027,1430.02,-0.6212,1,0.9997,248.75,0.6329,1,0.9962,488.2,0.5412,balanced
data\test\Mango__Rotten\rottenMango (499).jpg,Mango__Rotten,heavy,224,224,2.66,17.68,142.15,0.0068,1,0.5674,740.29,0.609,1,0.9999,1131.29,0.3383,1,0.9989,1229.39,0.2938,fast
data\test\Banana__Rotten\translation_Screen Shot 2018-06-12 at 9.20.31 PM.png,Banana__Rotten,light,238,320,79.9,670.79,118.61,0.0315,1,0.979,71.5,0.8322,1,1.0,87.74,0.6866,1,0.9999,74.88,0.6791,fast
data\test\Cucumber__Healthy\freshCucumber (419).jpg,Cucumber__Healthy,light,224,224,15.64,451.04,103.96,0.0838,1,0.9102,78.08,0.83,1,0.9994,17.32,0.7101,1,0.999,121.27,0.6637,fast
data\test\Guava__Healthy\FreshGuava (42).jpg,Guava__Healthy,light,1054,1277,183.49,54.62,142.78,0.0169,1,0.9936,43.13,0.8416,1,1.0,65.79,0.6939,1,0.9999,63.65,0.6829,fast
data\test\Bellpepper__Rotten\rottenPepper (306).jpg,Bellpepper__Rotten,light,220,229,4.94,1207.29,216.77,0.0697,1,0.4341,33.47,0.8449,1,0.9988,150.49,0.6656,1,0.9923,111.65,0.6669,fast
data\test\Bellpepper__Rotten\rottenPepper (530).jpg,Bellpepper__Rotten,heavy,194,259,6.84,382.65,83.87,0.0674,1,0.2775,732.14,0.6117,1,0.8392,1195.49,0.3169,1,0.8878,1111.51,0.3332,fast
data\test\Strawberry__Rotten\rottenStrawberry (98).jpg,Strawberry__Rotten,light,3077,2222,835.68,40.06,177.79,0.003,1,0.6776,42.31,0.8419,1,0.9998,94.64,0.6843,1,1.0,32.25,0.6934,fast
data\test\Strawberry__Healthy\509.jpg,Strawberry__Healthy,burst,224,224,3.62,61.58,139.49,0.0163,1,0.9271,1312.09,0.4181,1,1.0,1821.35,0.108,1,0.9997,2776.04,0.0041,fast
data\test\Strawberry__Healthy\526.jpg,Strawberry__Healthy,heavy,224,224,3.05,35.67,140.6,0.0079,1,0.7427,732.14,0.6117,1,1.0,967.27,0.3931,1,0.9997,1004.92,0.3688,fast
data\test\Guava__Rotten\RottenGuava (65).jpg,Guava__Rotten,light,3325,2611,1320.97,214.13,184.12,0.0261,1,0.4468,163.47,0.8015,1,0.9998,54.92,0.6975,1,0.9998,86.14,0.6754,fast
data\test\Bellpepper__Rotten\rottenPepper (179).jpg,Bellpepper__Rotten,heavy,262,192,3.35,943.97,213.06,0.0395,0,0.3665,814.49,-0.4158,1,0.8108,1198.46,0.3159,1,0.9722,1144.45,0.3222,heavy
data\test\Mango__Rotten\rottenMango (532).jpg,Mango__Rotten,light,224,224,5.33,647.55,134.55,0.0424,1,0.7721,89.65,0.8261,1,1.0,76.68,0.6903,1,1.0,117.97,0.6648,fast
data\test\Mango__Rotten\685.jpg,Mango__Rotten,heavy,224,224,6.84,123.65,109.53,0.0311,1,0.993,735.34,0.6106,1,1.0,1169.34,0.3256,1,0.9998,1111.51,0.3332,fast
data\test\Orange__Rotten\rotated_by_60_Screen Shot 2018-06-12 at 11.45.42 PM.png,Orange__Rotten,light,308,320,144.25,596.8,151.01,0.0855,1,0.9988,14.14,0.8513,1,1.0,142.53,0.6683,1,1.0,119.32,0.6643,fast
data\test\Strawberry__Healthy\freshStrawberry (198).jpg,Strawberry__Healthy,light,1686,2384,558.74,48.82,147.17,0.011,1,0.9824,108.93,0.8197,1,1.0,28.4,0.7064,1,1.0,69.11,0.6811,fast
data\test\Orange__Rotten\rotated_by_75_Screen Shot 2018-06-12 at 11.21.54 PM.png,Orange__Rotten,burst,312,294,132.43,493.1,141.5,0.0395,1,0.6267,1004.26,0.5209,1,0.9957,991.19,0.3851,1,0.9633,1402.58,0.236,fast
data\test\Apple__Rotten\rotated_by_15_Screen Shot 2018-06-08 at 2.46.36 PM.png,Apple__Rotten,burst,434,404,137.67,344.63,197.16,0.0054,1,0.7168,1079.8,0.4957,1,0.9994,255.54,0.6306,1,0.9972,1729.37,0.127,balanced
data\test\Apple__Healthy\vertical_flip_Screen Shot 2018-06-08 at 5.02.31 PM.png,Apple__Healthy,light,388,408,139.59,35.45,177.48,0.0125,1,0.982,38.99,0.843,1,1.0,89.75,0.6859,1,0.9998,86.14,0.6754,fast
data\test\Orange__Healthy\freshOrange (239).jpg,Orange__Healthy,burst,334,310,95.94,3135.18,199.51,0.0432,1,0.9482,1337.37,0.4097,1,1.0,160.43,0.6623,1,0.9996,1702.16,0.1361,balanced
data\test\Strawberry__Rotten\3.jpg,Strawberry__Rotten,heavy,224,224,3.39,44.07,63.21,0.0106,0,0.3764,669.26,-0.3673,1,1.0,1228.01,0.306,1,0.9999,1346.76,0.2547,balanced
data\test\Mango__Healthy\586.jpg,Mango__Healthy,light,224,224,10.1,406.52,121.87,0.0813,1,0.9842,90.05,0.826,1,1.0,79.6,0.6893,1,1.0,59.92,0.6841,fast
data\test\Strawberry__Healthy\freshStrawberry (421).jpg,Strawberry__Healthy,light,224,224,3.17,56.32,135.33,0.0104,1,0.8837,58.21,0.8366,1,1.0,185.64,0.6539,1,1.0,190.1,0.6407,fast
data\test\Apple__Rotten\rotated_by_15_Screen Shot 2018-06-08 at 2.50.25 PM.png,Apple__Rotten,heavy,280,280,90.08,509.69,159.23,0.025,1,0.8505,632.25,0.645,1,0.9998,1037.14,0.3697,1,1.0,1690.81,0.1399,fast
data\test\Bellpepper__Rotten\rottenPepper (351).jpg,Bellpepper__Rotten,burst,100,100,7.69,1740.44,92.0,0.2127,1,0.5023,1411.75,0.3849,0,0.9164,2466.66,-0.9841,0,0.9382,1728.36,-0.8727,fast
data\test\Banana__Rotten\rotated_by_60_Screen Shot 2018-06-12 at 9.18.43 PM.png,Banana__Rotten,burst,586,420,271.13,369.34,133.35,0.0306,1,0.9872,1097.41,0.4898,1,1.0,2505.54,0.0159,1,0.9999,1924.07,0.062,fast
data\test\Strawberry__Rotten\174.jpg,Strawberry__Rotten,light,224,224,3.23,37.54,141.58,0.0093,1,0.9211,67.55,0.8335,1,1.0,51.24,0.6988,1,1.0,178.82,0.6445,fast
data\test\Mango__Rotten\alternaria_165.jpg,Mango__Rotten,light,224,224,7.41,1644.35,106.82,0.0462,1,0.997,70.63,0.8325,1,1.0,131.78,0.6719,1,1.0,216.83,0.6318,fast
data\test\Mango__Healthy\487.jpg,Mango__Healthy,light,224,224,10.27,410.28,118.42,0.1162,1,0.9634,32.9,0.845,1,1.0,144.63,0.6676,1,1.0,81.8,0.6768,fast
data\test\Apple__Rotten\rotated_by_15_Screen Shot 2018-06-08 at 2.34.42 PM.png,Apple__Rotten,light,386,372,122.51,339.47,186.9,0.0157,1,0.7613,19.81,0.8494,1,1.0,114.37,0.6777,1,1.0,75.72,0.6789,fast
data\test\Strawberry__Rotten\120.jpg,Strawberry__Rotten,burst,224,224,4.34,89.91,133.13,0.0218,1,0.9674,1311.1,0.4185,1,1.0,1759.46,0.1287,1,1.0,1925.08,0.0617,fast
data\test\Orange__Healthy\Screen Shot 2018-06-12 at 11.50.28 PM.png,Orange__Healthy,burst,232,240,81.33,45.92,203.05,0.0196,1,0.9459,926.08,0.547,1,0.9998,1944.44,0.0669,1,0.9996,661.69,0.4833,fast
data\test\Banana__Rotten\rotated_by_45_Screen Shot 2018-06-12 at 9.10.10 PM.png,Banana__Rotten,light,598,404,212.69,456.55,132.09,0.0327,1,1.0,108.29,0.8199,1,1.0,43.38,0.7014,1,1.0,58.44,0.6846,fast
data\test\Mango__Healthy\freshMango (43).jpg,Mango__Healthy,light,224,224,3.12,18.09,146.18,0.0085,1,0.962,55.92,0.8374,1,1.0,158.76,0.6629,1,1.0,19.95,0.6975,fast
data\test\Apple__Rotten\rotated_by_60_Screen Shot 2018-06-08 at 2.39.26 PM.png,Apple__Rotten,burst,394,342,147.33,523.21,135.14,0.0342,1,0.983,1078.07,0.4962,1,0.97,168.61,0.6596,1,0.9998,3140.46,0.0041,balanced
data\test\Apple__Rotten\rottenApple (207).jpg,Apple__Rotten,heavy,306,356,100.75,3258.69,210.06,0.0632,1,0.9583,630.17,0.6457,1,1.0,1173.04,0.3244,1,1.0,1058.9,0.3507,fast
data\test\Banana__Rotten\saltandpepper_Screen Shot 2018-06-12 at 9.22.25 PM.png,Banana__Rotten,light,522,410,115.18,3306.39,220.7,0.0416,1,0.9777,23.92,0.848,1,1.0,109.22,0.6794,1,1.0,118.88,0.6645,fast
data\test\Banana__Healthy\freshBanana (18).jpg,Banana__Healthy,heavy,1192,1395,240.25,31.9,159.75,0.0131,1,0.9989,596.35,0.657,1,0.9999,849.39,0.4324,1,0.9997,1004.42,0.3689,fast
data\test\Bellpepper__Rotten\rottenPepper (7).jpg,Bellpepper__Rotten,light,278,181,3.79,64.65,150.33,0.0107,0,0.3129,123.18,-0.1851,1,0.9688,104.15,0.6811,1,0.9155,89.56,0.6742,balanced
data\test\Bellpepper__Healthy\freshPepper (221).jpg,Bellpepper__Healthy,heavy,224,224,7.94,42.93,129.26,0.0137,1,0.8479,474.63,0.6976,1,1.0,1168.32,0.326,1,0.9867,1108.71,0.3341,fast
data\test\Potato__Healthy\freshPotato (180).jpg,Potato__Healthy,light,224,224,12.15,268.97,129.17,0.0545,1,0.9567,28.92,0.8464,1,0.9992,60.23,0.6958,1,0.9729,124.75,0.6625,fast
data\test\Mango__Rotten\aspergillus_153.jpg,Mango__Rotten,heavy,224,224,6.9,187.5,111.84,0.0291,1,0.9816,623.73,0.6479,1,1.0,1138.84,0.3358,1,1.0,1112.51,0.3329,fast
data\test\Cucumber__Healthy\freshCucumber (7).jpg,Cucumber__Healthy,light,848,480,26.7,24.81,164.97,0.0059,1,0.9977,32.39,0.8452,1,0.9999,66.91,0.6935,1,0.9959,158.12,0.6514,fast
data\test\Strawberry__Rotten\rottenStrawberry (445).jpg,Strawberry__Rotten,heavy,224,224,3.48,70.71,131.74,0.0147,1,0.9263,659.02,0.6361,1,1.0,1152.47,0.3313,1,0.9999,998.4,0.3709,fast
data\test\Banana__Healthy\rotated_by_75_Screen Shot 2018-06-12 at 9.56.33 PM.png,Banana__Healthy,light,614,404,73.18,266.29,159.29,0.0084,1,0.9404,52.55,0.8385,1,1.0,55.41,0.6974,1,1.0,119.69,0.6642,fast
data\test\Mango__Healthy\healthy_185.jpg,Mango__Healthy,light,224,224,4.68,110.51,174.03,0.0128,1,0.9467,129.4,0.8128,1,1.0,60.15,0.6958,1,1.0,86.78,0.6752,fast
data\test\Carrot__Rotten\rottenCarrot (111).jpg,Carrot__Rotten,light,100,100,2.53,544.14,233.0,0.0249,1,0.4566,55.46,0.8375,1,0.9853,46.18,0.7005,1,0.9967,64.33,0.6827,fast
data\test\Pomegranate__Rotten\RottenPomegranate (32).jpg,Pomegranate__Rotten,light,3008,3200,1085.71,81.14,198.25,0.0108,0,0.5423,73.39,-0.1685,1,0.9996,139.66,0.6693,1,0.9997,106.15,0.6687,balanced
data\test\Jujube__Rotten\RottenJujube (152).jpg,Jujube__Rotten,heavy,704,738,54.46,15.8,175.16,0.0033,1,0.7924,233.11,0.7782,1,0.9991,1161.65,0.3282,1,0.9992,1048.86,0.3541,fast
data\test\Apple__Rotten\rotated_by_15_Screen Shot 2018-06-08 at 2.25.04 PM.png,Apple__Rotten,burst,242,212,44.97,667.02,179.56,0.0339,1,0.8684,969.67,0.5324,1,1.0,1948.56,0.0656,1,1.0,1387.51,0.2411,fast
data\test\Orange__Healthy\freshOrange (1).jpg,Orange__Healthy,burst,2547,2361,689.82,13.85,174.3,0.0007,1,0.7683,1083.35,0.4945,1,0.768,1819.05,0.1088,0,0.9132,424.97,-0.4377,fast
data\test\Apple__Rotten\rotated_by_15_Screen Shot 2018-06-07 at 2.45.18 PM.png,Apple__Rotten,burst,292,310,105.17,369.54,157.99,0.0226,1,0.9926,1602.48,0.3212,1,1.0,1431.29,0.2382,1,1.0,424.08,0.5626,heavy
data\test\Strawberry__Rotten\263.jpg,Strawberry__Rotten,light,224,224,3.6,93.54,138.12,0.0135,1,0.9544,17.17,0.8503,1,1.0,148.23,0.6664,1,1.0,109.37,0.6676,fast
data\test\Strawberry__Rotten\803.jpg,Strawberry__Rotten,light,224,224,7.23,225.58,124.6,0.0482,1,0.8104,12.61,0.8518,1,0.9999,209.07,0.6461,1,0.9992,162.97,0.6497,fast
data\test\Grape__Healthy\FreshGrape (153).jpg,Grape__Healthy,light,730,541,68.11,113.55,147.86,0.0201,1,0.8746,26.9,0.847,1,0.9999,93.19,0.6848,1,0.9549,96.17,0.672,fast
data\test\Pomegranate__Healthy\FreshPomegranate (86).jpg,Pomegranate__Healthy,light,2176,2538,679.47,22.07,130.35,0.0017,1,0.7896,68.99,0.833,1,0.9999,102.97,0.6815,1,0.9998,135.37,0.659,fast
data\test\Carrot__Rotten\rottenCarrot (333).jpg,Carrot__Rotten,heavy,590,393,334.87,2153.79,132.56,0.1497,0,0.4202,475.16,-0.3026,0,0.6075,857.12,-0.5702,1,0.9672,847.21,0.4214,heavy
data\test\Apple__Rotten\Screen Shot 2018-06-08 at 2.28.23 PM.png,Apple__Rotten,light,432,400,180.03,16.91,224.42,0.0063,1,0.8143,15.88,0.8507,1,0.9999,415.39,0.5772,1,0.9999,124.34,0.6626,fast
data\test\Apple__Healthy\FreshApple (87).jpg,Apple__Healthy,heavy,2353,2255,647.37,14.87,156.12,0.0001,1,0.7608,638.23,0.643,1,0.9976,4153.89,0.0159,1,0.9957,1046.78,0.3548,fast
data\test\Banana__Healthy\freshBanana (99).jpg,Banana__Healthy,heavy,1593,838,109.96,21.71,165.22,0.0042,0,0.2735,570.67,-0.3344,1,1.0,1184.55,0.3205,1,0.9615,922.51,0.3963,heavy
data\test\Banana__Healthy\saltandpepper_Screen Shot 2018-06-12 at 9.45.40 PM.png,Banana__Healthy,heavy,564,450,130.4,3377.63,226.95,0.0335,1,0.9697,628.61,0.6462,1,1.0,1198.55,0.3159,1,0.9998,1112.51,0.3329,fast
data\test\Apple__Rotten\Screen Shot 2018-06-08 at 2.50.55 PM.png,Apple__Rotten,burst,298,292,123.89,140.84,203.58,0.025,1,0.9727,1253.53,0.4377,1,1.0,924.63,0.4073,1,0.9981,1924.07,0.062,fast
data\test\Orange__Rotten\vertical_flip_Screen Shot 2018-06-12 at 11.36.53 PM.png,Orange__Rotten,burst,284,288,103.63,95.22,191.29,0.0435,1,0.9985,1014.52,0.5174,1,0.9998,2146.01,0.0159,1,0.9909,797.97,0.4378,fast
data\test\Orange__Rotten\rotated_by_60_Screen Shot 2018-06-12 at 11.37.25 PM.png,Orange__Rotten,light,448,402,204.12,417.89,157.73,0.0238,1,0.9941,83.97,0.828,1,1.0,112.88,0.6782,1,0.9997,125.32,0.6623,fast
data\test\Banana__Rotten\rotated_by_15_Screen Shot 2018-06-12 at 9.25.28 PM.png,Banana__Rotten,light,504,364,111.71,275.13,146.9,0.0144,1,0.5101,110.16,0.8193,1,0.8765,41.12,0.7021,1,0.9994,196.51,0.6385,fast
data\test\Mango__Rotten\rottenMango (531).jpg,Mango__Rotten,light,224,224,4.24,314.98,146.98,0.0286,1,0.7295,39.05,0.843,1,1.0,66.14,0.6938,1,1.0,146.45,0.6553,fast
data\test\Potato__Healthy\freshPotato (399).jpg,Potato__Healthy,light,224,224,13.23,432.42,119.09,0.0623,1,0.9539,22.69,0.8484,1,0.9993,24.0,0.7079,1,0.9991,71.69,0.6802,fast
data\test\Strawberry__Healthy\115.jpg,Strawberry__Healthy,heavy,224,224,6.16,186.57,85.62,0.0207,1,0.9907,646.16,0.6404,1,1.0,1185.78,0.3201,1,1.0,1058.9,0.3507,fast
data\test\Orange__Rotten\rottenOrange (166).jpg,Orange__Rotten,light,3120,3251,1589.48,64.63,133.82,0.0038,0,0.4819,46.24,-0.1594,1,0.9994,112.29,0.6784,1,1.0,146.45,0.6553,balanced
data\test\Banana__Rotten\rotated_by_45_Screen Shot 2018-06-12 at 9.25.18 PM.png,Banana__Rotten,burst,458,344,83.21,475.92,166.61,0.0189,1,0.9991,474.58,0.6976,1,1.0,810.58,0.4454,1,1.0,2447.17,0.0041,fast
data\test\Banana__Rotten\translation_Screen Shot 2018-06-12 at 9.19.08 PM.png,Banana__Rotten,burst,450,330,150.8,54.4,40.62,0.0216,1,0.7801,1041.26,0.5085,1,1.0,810.58,0.4454,1,1.0,661.69,0.4833,fast
data\test\Pomegranate__Rotten\RottenPomegranate (174).jpg,Pomegranate__Rotten,heavy,3155,2674,744.51,6.09,168.09,0.001,1,0.6,567.67,0.6666,1,0.9999,1198.46,0.3159,1,0.9999,1024.3,0.3623,fast
data\test\Banana__Healthy\Banana__Healthy_augmented_194.jpg,Banana__Healthy,heavy,224,224,4.69,675.91,160.73,0.0215,1,0.9324,635.64,0.6439,1,0.9999,1085.53,0.3536,1,0.9998,1144.45,0.3222,fast
data\test\Guava__Rotten\RottenGuava (144).jpg,Guava__Rotten,light,726,727,108.23,141.74,140.78,0.0275,1,0.7297,17.17,0.8503,1,0.9885,65.53,0.694,1,0.9996,58.04,0.6848,fast
data\test\Orange__Healthy\rotated_by_75_Screen Shot 2018-06-13 at 12.06.43 AM.png,Orange__Healthy,light,364,286,93.39,374.55,147.59,0.0103,1,0.8714,48.53,0.8398,1,0.9998,46.35,0.7004,1,0.9999,71.13,0.6804,fast
data\test\Strawberry__Rotten\rottenStrawberry (316).jpg,Strawberry__Rotten,light,224,224,10.72,528.94,111.4,0.1198,1,0.9928,83.46,0.8282,1,1.0,67.52,0.6933,1,1.0,117.67,0.6649,fast
data\test\Tomato__Healthy\freshTomato (187).png,Tomato__Healthy,light,320,258,110.84,1635.11,156.0,0.0827,1,0.9711,35.3,0.8442,1,1.0,59.28,0.6961,1,1.0,168.42,0.6479,fast
data\test\Strawberry__Healthy\739.jpg,Strawberry__Healthy,light,224,224,6.26,102.19,121.31,0.0126,1,0.8524,70.63,0.8325,1,1.0,61.07,0.6955,1,1.0,89.07,0.6744,fast
data\test\Orange__Healthy\rotated_by_30_Screen Shot 2018-06-13 at 12.09.32 AM.png,Orange__Healthy,light,564,428,210.8,364.61,155.59,0.0137,1,0.9783,43.36,0.8416,1,1.0,90.66,0.6856,1,1.0,209.9,0.6341,fast
data\test\Strawberry__Healthy\68.jpg,Strawberry__Healthy,burst,224,224,5.82,159.83,86.63,0.0185,1,0.9788,1425.63,0.3802,1,1.0,2213.2,0.0159,1,0.9996,1387.51,0.2411,fast
data\test\Strawberry__Rotten\rottenStrawberry (226).jpg,Strawberry__Rotten,heavy,224,224,11.08,650.22,115.04,0.116,1,0.988,633.44,0.6446,1,1.0,723.04,0.4746,1,0.9999,1018.27,0.3643,fast
data\test\Bellpepper__Rotten\rottenPepper (318).jpg,Bellpepper__Rotten,light,265,190,4.45,1071.1,198.86,0.0623,0,0.889,41.18,-0.1577,1,0.9988,204.83,0.6475,1,0.9795,88.68,0.6745,heavy
data\test\Carrot__Healthy\freshCarrot (491).jpg,Carrot__Healthy,heavy,264,312,33.73,4390.14,112.83,0.1396,1,0.7537,581.09,0.6621,1,0.9982,1161.03,0.3284,1,0.9904,1108.18,0.3343,fast
data\test\Banana__Rotten\rotated_by_45_Screen Shot 2018-06-12 at 9.18.07 PM.png,Banana__Rotten,heavy,502,334,182.36,203.61,88.31,0.0137,1,0.5369,520.06,0.6825,1,0.9999,1194.45,0.3172,1,0.9984,1251.81,0.2864,fast
data\test\Strawberry__Healthy\566.jpg,Strawberry__Healthy,heavy,224,224,9.09,335.39,116.09,0.0499,1,0.3755,669.64,0.6325,1,1.0,1254.46,0.2972,1,0.9979,313.12,0.5996,fast
data\test\Mango__Rotten\rottenMango (165).jpg,Mango__Rotten,light,224,224,10.04,416.73,114.08,0.083,1,0.9868,44.39,0.8412,1,1.0,75.19,0.6908,1,1.0,125.27,0.6623,fast
data\test\Tomato__Rotten\rottenTomato (520).jpg,Tomato__Rotten,light,224,224,8.39,237.68,127.32,0.0353,1,0.3963,98.69,0.8231,1,1.0,97.82,0.6832,1,0.9983,133.62,0.6595,fast
data\test\Orange__Rotten\rotated_by_60_Screen Shot 2018-06-12 at 11.32.46 PM.png,Orange__Rotten,light,284,232,89.57,538.25,161.74,0.0465,1,0.9997,82.53,0.8285,1,1.0,106.77,0.6802,1,0.9999,92.0,0.6734,fast
data\test\Orange__Healthy\rotated_by_45_Screen Shot 2018-06-12 at 11.58.28 PM.png,Orange__Healthy,light,458,392,200.83,422.46,143.52,0.0243,1,0.8358,25.19,0.8476,1,1.0,90.99,0.6855,1,0.9968,97.82,0.6715,fast
data\test\Cucumber__Rotten\rottenCucumber (370).JPG,Cucumber__Rotten,burst,4032,3024,3069.25,105.45,167.33,0.0023,1,0.6461,1458.17,0.3694,1,0.9999,1693.95,0.1505,1,0.9998,1215.35,0.2985,fast
data\test\Bellpepper__Healthy\freshPepper (281).jpg,Bellpepper__Healthy,burst,224,224,9.45,411.68,179.68,0.0483,1,0.7108,1257.16,0.4365,1,0.9986,2554.03,0.0159,1,0.9795,2584.78,0.0041,fast
data\test\Apple__Rotten\rotated_by_45_Screen Shot 2018-06-07 at 3.06.22 PM.png,Apple__Rotten,light,490,420,224.69,497.95,124.94,0.0254,1,0.9908,12.65,0.8518,1,1.0,157.11,0.6634,1,0.9999,62.97,0.6831,fast
data\test\Orange__Rotten\translation_Screen Shot 2018-06-12 at 11.40.51 PM.png,Orange__Rotten,heavy,492,400,247.04,208.69,117.43,0.0822,1,0.9999,698.7,0.6228,1,1.0,1036.63,0.3699,1,0.9996,994.35,0.3723,fast
data\test\Orange__Healthy\Screen Shot 2018-06-13 at 12.02.33 AM.png,Orange__Healthy,heavy,292,244,112.33,57.65,174.34,0.0176,1,0.9237,726.03,0.6137,1,1.0,966.77,0.3932,1,1.0,1018.27,0.3643,fast
data\test\Mango__Rotten\901.jpg,Mango__Rotten,light,224,224,6.07,88.39,94.76,0.0294,1,0.9955,104.55,0.8211,1,1.0,83.16,0.6881,1,1.0,48.77,0.6879,fast
data\test\Bellpepper__Healthy\freshPepper (320).jpg,Bellpepper__Healthy,light,224,224,7.45,208.24,194.97,0.0405,1,0.5064,20.12,0.8493,1,0.9957,181.29,0.6554,1,0.9847,242.28,0.6233,fast
data\test\Banana__Rotten\rotated_by_45_Screen Shot 2018-06-12 at 8.53.03 PM.png,Banana__Rotten,heavy,298,324,76.42,404.49,93.52,0.0173,1,0.9381,730.99,0.6121,1,1.0,1023.29,0.3744,1,0.9998,1218.59,0.2975,fast
data\test\Guava__Rotten\RottenGuava (54).jpg,Guava__Rotten,light,2967,2478,862.35,61.74,181.03,0.008,1,0.9174,81.83,0.8287,1,1.0,58.42,0.6964,1,1.0,62.88,0.6831,fast
data\test\Apple__Rotten\rotated_by_45_Screen Shot 2018-06-07 at 2.52.22 PM.png,Apple__Rotten,heavy,318,342,125.2,477.93,134.43,0.0215,1,0.9653,739.04,0.6094,1,1.0,627.51,0.5064,1,1.0,1019.57,0.3639,fast
data\test\Bellpepper__Healthy\freshPepper (376).jpg,Bellpepper__Healthy,light,224,224,11.86,160.19,79.68,0.0559,1,0.9846,61.75,0.8354,1,0.9943,16.18,0.7105,1,0.9995,52.1,0.6867,fast
data\test\Bellpepper__Healthy\freshPepper (280).jpg,Bellpepper__Healthy,light,224,224,13.4,274.88,82.47,0.0583,1,0.9737,81.57,0.8288,1,0.9996,102.97,0.6815,1,0.9995,133.17,0.6597,fast
data\test\Orange__Healthy\Screen Shot 2018-06-13 at 12.08.02 AM.png,Orange__Healthy,light,522,354,230.06,26.56,201.66,0.008,1,0.8574,105.03,0.821,1,0.9999,142.63,0.6683,1,0.982,108.15,0.668,fast
data\test\Mango__Rotten\903.jpg,Mango__Rotten,light,224,224,6.15,94.0,95.33,0.0367,1,0.9932,80.54,0.8291,1,1.0,167.45,0.66,1,0.9999,50.17,0.6874,fast
data\test\Strawberry__Rotten\755.jpg,Strawberry__Rotten,light,224,224,9.91,419.89,113.29,0.0985,1,0.9957,119.03,0.8163,1,1.0,142.63,0.6683,1,1.0,133.9,0.6594,fast
data\test\Carrot__Rotten\rottenCarrot (572).jpg,Carrot__Rotten,light,225,225,11.9,2699.02,106.67,0.2018,1,0.646,108.55,0.8198,0,0.9951,30.14,-0.2942,0,0.9584,47.34,-0.3117,fast
data\test\Strawberry__Rotten\rottenStrawberry (473).jpg,Strawberry__Rotten,light,224,224,3.8,79.31,135.13,0.0159,1,0.9834,60.89,0.8357,1,1.0,145.8,0.6672,1,1.0,55.93,0.6855,fast
data\test\Cucumber__Rotten\rottenCucumber (587).jpg,Cucumber__Rotten,heavy,100,100,5.06,3469.58,161.27,0.0895,1,0.9987,738.11,0.6097,1,1.0,1197.94,0.3161,1,0.9999,1144.97,0.322,fast
data\test\Apple__Rotten\rottenApple (85).jpg,Apple__Rotten,light,3586,2498,1163.98,42.04,180.21,0.0014,1,0.435,15.45,0.8509,1,0.9987,131.35,0.672,0,0.6418,74.88,-0.3209,fast
data\test\Tomato__Healthy\freshTomato (141).jpg,Tomato__Healthy,light,1000,739,52.22,12.25,96.65,0.0057,0,0.5175,107.6,-0.1799,1,1.0,73.46,0.6913,1,0.9999,171.58,0.6469,balanced
data\test\Apple__Healthy\vertical_flip_Screen Shot 2018-06-08 at 5.27.13 PM.png,Apple__Healthy,burst,366,352,106.4,44.09,134.01,0.0191,1,0.7897,960.17,0.5356,1,1.0,1690.82,0.1516,1,1.0,2489.37,0.0041,fast
data\test\Banana__Healthy\rotated_by_30_Screen Shot 2018-06-12 at 9.55.42 PM.png,Banana__Healthy,heavy,548,390,139.87,397.46,181.9,0.0176,1,0.9994,227.67,0.78,1,1.0,966.77,0.3932,1,1.0,1108.71,0.3341,fast
data\test\Strawberry__Healthy\877.jpg,Strawberry__Healthy,light,224,224,6.47,127.08,119.18,0.0203,1,0.8915,39.11,0.843,1,1.0,236.88,0.6368,1,1.0,211.33,0.6336,fast
data\test\Cucumber__Healthy\freshCucumber (505).jpg,Cucumber__Healthy,heavy,100,100,3.5,2675.46,96.86,0.2049,1,0.8697,643.18,0.6414,1,0.9987,1184.46,0.3206,1,0.9915,1278.53,0.2774,fast
data\test\Orange__Healthy\saltandpepper_Screen Shot 2018-06-12 at 11.58.11 PM.png,Orange__Healthy,burst,300,236,77.55,2542.17,190.07,0.0532,1,0.9979,1039.07,0.5093,1,1.0,1948.56,0.0656,1,1.0,1387.51,0.2411,fast
data\test\Orange__Healthy\rotated_by_30_Screen Shot 2018-06-12 at 11.52.21 PM.png,Orange__Healthy,light,460,406,154.69,389.41,156.07,0.0108,1,0.9595,152.84,0.805,1,0.9996,114.43,0.6777,1,0.9999,122.77,0.6632,fast
data\test\Bellpepper__Rotten\rottenPepper (659).jpg,Bellpepper__Rotten,light,265,190,11.81,3921.67,152.38,0.2754,1,0.677,32.36,0.8452,1,0.9985,105.97,0.6805,1,0.9982,153.69,0.6528,fast
data\test\Guava__Rotten\RottenGuava (47).jpg,Guava__Rotten,light,2485,2404,977.13,164.87,169.46,0.0263,1,0.8607,66.87,0.8337,1,1.0,27.74,0.7066,1,1.0,70.17,0.6807,fast
data\test\Carrot__Healthy\freshCarrot (208).jpg,Carrot__Healthy,light,224,224,14.17,284.89,94.82,0.0849,1,0.8693,17.27,0.8503,1,1.0,113.08,0.6781,1,1.0,62.14,0.6834,fast
data\test\Bellpepper__Healthy\freshPepper (428).jpg,Bellpepper__Healthy,light,224,224,9.85,92.73,144.68,0.0354,1,0.6349,427.32,0.7134,1,0.9055,111.14,0.6788,1,0.9989,82.68,0.6765,fast
data\test\Bellpepper__Rotten\rottenPepper (120).jpg,Bellpepper__Rotten,heavy,183,275,4.88,429.07,185.99,0.0554,0,0.2716,580.57,-0.3377,1,0.5448,1301.11,0.2816,1,0.8348,1346.76,0.2547,balanced
data\test\Potato__Healthy\freshPotato (101).jpg,Potato__Healthy,burst,100,100,4.34,1649.44,182.32,0.0446,1,0.9581,1697.3,0.2896,1,1.0,1895.72,0.0832,1,0.9935,1215.35,0.2985,heavy
data\test\Strawberry__Healthy\231.jpg,Strawberry__Healthy,burst,224,224,8.56,476.12,100.55,0.0319,1,0.9696,1006.85,0.52,1,1.0,895.08,0.4172,1,1.0,2648.49,0.0041,fast
data\test\Mango__Rotten\598.jpg,Mango__Rotten,burst,224,224,9.83,304.26,113.63,0.056,1,0.9555,1458.71,0.3692,1,1.0,1611.21,0.1782,1,0.9833,2648.49,0.0041,fast
data\test\Orange__Healthy\freshOrange (251).jpg,Orange__Healthy,heavy,392,362,129.97,663.84,149.85,0.0169,0,0.5715,819.11,-0.4173,1,1.0,1030.09,0.3721,1,0.9992,1049.77,0.3538,balanced
data\test\Strawberry__Healthy\freshStrawberry (587).jpg,Strawberry__Healthy,light,224,224,9.23,365.25,116.1,0.0615,1,0.8488,76.7,0.8304,1,1.0,94.24,0.6844,1,0.9949,152.13,0.6534,fast
data\test\Apple__Healthy\saltandpepper_Screen Shot 2018-06-08 at 5.06.23 PM.png,Apple__Healthy,light,194,156,26.61,2926.07,216.77,0.0335,1,0.9832,34.82,0.8444,1,1.0,80.28,0.6891,1,0.9983,52.36,0.6867,fast
data\test\Mango__Rotten\rottenMango (401).jpg,Mango__Rotten,light,224,224,4.1,175.75,128.22,0.0306,1,0.8895,48.6,0.8398,1,1.0,148.37,0.6664,1,0.9994,121.27,0.6637,fast
data\test\Orange__Healthy\rotated_by_75_Screen Shot 2018-06-13 at 12.19.08 AM.png,Orange__Healthy,heavy,362,332,138.17,340.7,144.42,0.0168,1,0.8988,630.66,0.6456,1,0.9951,1207.88,0.3128,1,0.9778,1004.42,0.3689,fast
data\test\Apple__Rotten\translation_Screen Shot 2018-06-07 at 3.00.17 PM.png,Apple__Rotten,light,456,430,197.05,622.24,117.1,0.0466,1,0.6626,20.77,0.8491,1,1.0,67.3,0.6934,1,0.9998,133.9,0.6594,fast
data\test\Apple__Healthy\freshApple (616).png,Apple__Healthy,light,320,258,114.64,1330.17,127.5,0.0737,1,0.9337,65.88,0.834,1,0.9999,73.28,0.6914,1,0.9998,78.02,0.6781,fast
data\test\Strawberry__Healthy\freshStrawberry (75).jpg,Strawberry__Healthy,light,1298,1980,383.02,52.16,133.43,0.0182,1,0.9998,29.09,0.8463,1,0.9999,90.74,0.6856,1,0.9999,171.58,0.6469,fast
data\test\Tomato__Rotten\rottenTomato (447).jpg,Tomato__Rotten,burst,224,224,4.33,87.39,132.7,0.0214,1,0.9234,1604.02,0.3207,1,1.0,2594.45,0.0159,1,1.0,1450.96,0.2199,fast
data\test\Jujube__Healthy\FreshJujube (190).jpg,Jujube__Healthy,light,2707,3126,1062.69,17.96,164.42,0.0001,1,0.821,69.81,0.8327,1,0.9999,96.41,0.6837,1,0.998,22.86,0.6965,fast
data\test\Banana__Healthy\rotated_by_75_Screen Shot 2018-06-12 at 9.43.11 PM.png,Banana__Healthy,light,666,434,104.25,234.96,159.26,0.0065,1,0.9825,58.38,0.8365,1,1.0,206.29,0.647,1,1.0,164.48,0.6492,fast
data\test\Cucumber__Rotten\rottenCucumber (144).jpg,Cucumber__Rotten,heavy,100,100,4.83,3728.12,170.44,0.0948,1,0.9973,561.87,0.6685,1,1.0,1032.23,0.3714,1,1.0,1005.67,0.3685,fast
data\test\Banana__Healthy\freshBanana (308).jpg,Banana__Healthy,light,224,224,8.01,200.52,128.5,0.0292,1,0.9559,70.63,0.8325,1,1.0,166.36,0.6603,1,0.9999,65.7,0.6822,fast
data\test\Orange__Rotten\Screen Shot 2018-06-12 at 11.30.16 PM.png,Orange__Rotten,burst,458,432,316.63,44.62,131.59,0.0066,1,0.9924,1355.71,0.4036,1,1.0,1819.27,0.1087,1,1.0,7507.99,0.0041,fast
data\test\Mango__Rotten\alternaria_137.jpg,Mango__Rotten,heavy,224,224,6.4,79.85,121.46,0.0171,1,0.9386,441.57,0.7087,1,1.0,5305.17,0.0159,1,1.0,1076.02,0.345,fast
data\test\Banana__Rotten\translation_Screen Shot 2018-06-12 at 8.49.52 PM.png,Banana__Rotten,heavy,628,374,120.62,589.07,173.79,0.0188,1,0.9954,608.85,0.6528,1,1.0,1199.59,0.3155,1,1.0,1112.51,0.3329,fast
data\test\Mango__Healthy\473.jpg,Mango__Healthy,heavy,224,224,2.95,38.15,148.26,0.0077,1,0.9126,442.09,0.7085,1,1.0,1137.79,0.3362,1,1.0,994.35,0.3723,fast
data\test\Apple__Healthy\freshApple (283).jpg,Apple__Healthy,light,100,100,5.39,1202.16,119.63,0.065,1,0.6926,427.32,0.7134,1,0.9989,113.08,0.6781,1,0.9946,122.96,0.6631,fast
data\test\Banana__Healthy\rotated_by_30_Screen Shot 2018-06-12 at 9.42.18 PM.png,Banana__Healthy,light,494,350,87.59,434.87,190.12,0.0138,1,0.9572,90.05,0.826,1,0.9999,139.81,0.6692,1,0.9753,120.99,0.6638,fast
data\test\Apple__Rotten\rottenApple (304).jpg,Apple__Rotten,heavy,238,216,43.39,32.5,202.23,0.0164,1,0.9633,730.75,0.6121,1,0.9999,1207.88,0.3128,1,1.0,1112.74,0.3328,fast
data\test\Mango__Healthy\694.jpg,Mango__Healthy,heavy,224,224,6.0,71.58,124.05,0.0215,1,0.9975,623.22,0.648,1,1.0,820.25,0.4421,1,1.0,836.45,0.425,fast
data\test\Orange__Rotten\vertical_flip_Screen Shot 2018-06-12 at 11.30.11 PM.png,Orange__Rotten,heavy,454,408,242.41,54.95,130.87,0.009,1,0.9983,706.73,0.6202,1,1.0,1042.45,0.368,1,1.0,1041.4,0.3566,fast
data\test\Banana__Healthy\freshBanana (405).jpg,Banana__Healthy,light,224,224,6.21,160.7,128.8,0.0165,1,0.9863,51.19,0.8389,1,1.0,39.67,0.7026,1,0.9997,195.91,0.6387,fast
data\test\Bellpepper__Healthy\freshPepper (230).jpg,Bellpepper__Healthy,burst,224,224,15.15,475.69,89.99,0.0842,1,0.9917,223.32,0.7815,1,0.9997,2552.99,0.0159,1,0.9999,1118.71,0.3308,fast
data\test\Banana__Rotten\rottenBanana (58).jpg,Banana__Rotten,heavy,3443,2545,1021.47,52.94,155.1,0.0033,1,0.9998,1342.85,0.4079,1,1.0,1180.37,0.3219,1,1.0,1108.18,0.3343,fast
data\test\Banana__Rotten\saltandpepper_Screen Shot 2018-06-12 at 9.05.32 PM.png,Banana__Rotten,light,554,374,124.16,3309.43,208.51,0.041,1,0.9974,108.29,0.8199,1,1.0,85.41,0.6874,1,1.0,163.68,0.6495,fast
data\test\Potato__Rotten\rottenPotato (524).jpg,Potato__Rotten,light,398,320,13.57,604.27,226.56,0.0505,0,0.9391,23.92,-0.152,0,0.9485,96.84,-0.3165,0,0.674,40.51,-0.3094,fast
data\test\Strawberry__Rotten\rottenStrawberry (535).jpg,Strawberry__Rotten,heavy,224,224,3.88,77.81,127.3,0.0186,1,0.9615,610.51,0.6523,1,1.0,1202.57,0.3145,1,0.9999,1720.13,0.1301,fast
data\test\Guava__Rotten\RottenGuava (88).jpg,Guava__Rotten,light,2444,2112,848.33,147.92,167.68,0.0205,1,0.5419,71.57,0.8321,1,1.0,48.18,0.6998,1,1.0,163.68,0.6495,fast
data\test\Apple__Healthy\rotated_by_30_Screen Shot 2018-06-08 at 5.08.05 PM.png,Apple__Healthy,heavy,380,446,174.64,400.12,125.3,0.024,1,0.9926,624.21,0.6477,1,1.0,1138.32,0.336,1,1.0,1200.39,0.3035,fast
data\test\Banana__Healthy\freshBanana (320).jpg,Banana__Healthy,light,224,224,5.87,187.24,130.43,0.026,1,0.9611,31.46,0.8455,1,1.0,24.32,0.7078,1,1.0,133.17,0.6597,fast
data\test\Banana__Rotten\rotated_by_75_Screen Shot 2018-06-12 at 8.55.53 PM.png,Banana__Rotten,light,592,424,190.63,310.36,118.13,0.0206,1,0.9193,32.39,0.8452,1,1.0,94.2,0.6844,1,1.0,137.54,0.6582,fast
data\test\Orange__Rotten\rottenOrange (80).jpg,Orange__Rotten,light,2325,2043,585.23,24.17,169.59,0.0028,1,0.7382,28.64,0.8465,1,0.9999,113.59,0.678,1,0.9989,86.62,0.6752,fast
data\test\Bellpepper__Rotten\rottenPepper (112).jpg,Bellpepper__Rotten,light,275,183,8.93,924.35,118.83,0.124,0,0.6419,70.7,-0.1676,0,0.5964,124.43,-0.3257,1,0.9235,107.44,0.6683,heavy
data\test\Banana__Healthy\Banana__Healthy_augmented_27.jpg,Banana__Healthy,heavy,224,224,5.89,727.78,226.81,0.0424,1,0.8979,596.35,0.657,1,1.0,1051.2,0.365,1,1.0,797.29,0.438,fast
data\test\Mango__Healthy\655.jpg,Mango__Healthy,light,224,224,9.54,352.55,114.54,0.1137,1,0.977,48.23,0.8399,1,1.0,161.32,0.662,1,1.0,139.7,0.6575,fast
data\test\Tomato__Rotten\rottenTomato (441).jpg,Tomato__Rotten,burst,224,224,4.4,77.84,132.86,0.0226,1,0.927,1256.12,0.4368,1,0.9998,1757.87,0.1292,1,1.0,3134.77,0.0041,fast
data\test\Orange__Rotten\rottenOrange (516).jpg,Orange__Rotten,heavy,224,224,6.55,328.53,87.69,0.0415,1,0.6182,551.92,0.6718,1,1.0,966.77,0.3932,1,1.0,1112.74,0.3328,fast
data\test\Mango__Rotten\anthracnose_101.jpg,Mango__Rotten,heavy,378,264,32.97,611.69,96.87,0.1061,1,0.9941,707.82,0.6198,1,0.9984,1110.22,0.3454,1,0.9999,889.41,0.4073,fast
data\test\Banana__Rotten\rotated_by_60_Screen Shot 2018-06-12 at 8.53.15 PM.png,Banana__Rotten,light,294,246,72.23,292.75,93.26,0.0269,1,0.7147,95.66,0.8241,1,1.0,69.49,0.6927,1,1.0,134.05,0.6594,fast
data\test\Banana__Rotten\rottenBanana (244).jpg,Banana__Rotten,heavy,1023,682,43.79,116.34,227.87,0.013,1,0.7541,709.29,0.6193,1,0.9999,1143.16,0.3344,1,1.0,1346.25,0.2548,fast
data\test\Orange__Rotten\rottenOrange (372).jpg,Orange__Rotten,heavy,224,224,4.43,110.9,149.81,0.0243,1,0.2363,610.37,0.6523,1,0.9999,328.86,0.6061,1,0.9954,1027.73,0.3611,fast
data\test\Apple__Healthy\rotated_by_30_Screen Shot 2018-06-08 at 5.12.14 PM.png,Apple__Healthy,light,470,452,195.94,387.73,136.06,0.0132,1,0.9147,43.36,0.8416,1,0.9992,142.53,0.6683,1,0.9999,65.73,0.6822,fast
data\test\Orange__Rotten\rottenOrange (93).jpg,Orange__Rotten,heavy,2280,2590,782.71,22.37,143.21,0.0006,1,0.4076,734.82,0.6108,1,0.9533,1110.22,0.3454,1,0.9992,835.92,0.4252,fast
data\test\Mango__Healthy\62.jpg,Mango__Healthy,light,224,224,4.48,58.82,88.7,0.0117,1,0.9796,112.34,0.8185,1,1.0,82.29,0.6884,1,1.0,48.77,0.6879,fast
data\test\Orange__Healthy\rotated_by_60_Screen Shot 2018-06-13 at 12.10.10 AM.png,Orange__Healthy,light,268,274,81.17,606.05,145.26,0.0331,1,0.9527,17.13,0.8503,1,1.0,80.7,0.6889,1,1.0,158.45,0.6512,fast
data\test\Apple__Healthy\freshApple (654).png,Apple__Healthy,light,320,258,134.68,1281.06,160.15,0.1148,1,0.9758,24.42,0.8479,1,1.0,109.61,0.6793,1,1.0,33.45,0.693,fast
data\test\Carrot__Rotten\rottenCarrot (89).jpg,Carrot__Rotten,light,230,219,5.75,929.96,209.23,0.079,1,0.9036,17.68,0.8501,1,1.0,114.43,0.6777,1,0.9997,70.3,0.6807,fast
data\test\Potato__Rotten\rottenPotato (258).jpg,Potato__Rotten,heavy,252,200,6.43,1212.15,120.23,0.0747,1,0.655,756.16,0.6037,1,1.0,1132.51,0.3379,1,0.9998,837.15,0.4247,fast
data\test\Mango__Healthy\875.jpg,Mango__Healthy,heavy,224,224,6.01,80.17,106.46,0.0249,1,0.9955,622.9,0.6481,1,1.0,1194.45,0.3172,1,0.9999,1266.89,0.2813,fast
data\test\Apple__Rotten\rotated_by_30_Screen Shot 2018-06-07 at 2.43.13 PM.png,Apple__Rotten,heavy,458,420,190.2,383.27,110.76,0.0123,1,0.7548,873.59,0.5645,1,1.0,1162.82,0.3278,1,0.9984,1266.89,0.2813,fast
data\test\Banana__Healthy\freshBanana (97).jpg,Banana__Healthy,light,1186,1456,111.42,20.12,166.68,0.0037,1,0.3921,40.91,0.8424,1,1.0,52.93,0.6982,1,0.993,43.7,0.6895,fast
data\test\Orange__Healthy\rotated_by_75_Screen Shot 2018-06-13 at 12.05.33 AM.png,Orange__Healthy,light,342,300,114.61,381.88,149.55,0.0188,1,0.976,35.07,0.8443,1,0.9981,54.8,0.6976,1,0.9997,216.83,0.6318,fast
data\test\Tomato__Healthy\freshTomato (124).png,Tomato__Healthy,heavy,480,322,172.82,561.69,153.69,0.0571,1,0.9433,623.91,0.6478,1,1.0,1143.16,0.3344,1,0.9993,993.77,0.3725,fast
data\test\Mango__Rotten\206.jpg,Mango__Rotten,burst,224,224,3.27,55.61,149.59,0.0183,1,0.9364,1411.75,0.3849,1,1.0,391.34,0.5853,1,1.0,2488.05,0.0041,balanced
data\test\Banana__Rotten\Screen Shot 2018-06-12 at 9.08.26 PM.png,Banana__Rotten,light,600,390,121.13,44.27,213.96,0.0115,1,0.9839,60.87,0.8357,1,1.0,132.53,0.6716,1,1.0,41.87,0.6902,fast
data\test\Mango__Rotten\alternaria_141.jpg,Mango__Rotten,light,224,224,6.24,54.74,135.89,0.021,1,0.9827,135.56,0.8108,1,1.0,70.26,0.6924,1,1.0,137.62,0.6582,fast
data\test\Strawberry__Healthy\freshStrawberry (199).jpg,Strawberry__Healthy,light,1526,2222,493.04,57.6,142.0,0.0158,1,0.9968,117.62,0.8168,1,1.0,36.78,0.7036,1,0.9999,107.44,0.6683,fast
data\test\Guava__Healthy\FreshGuava (32).jpg,Guava__Healthy,burst,1158,1138,182.81,53.98,145.09,0.0129,1,0.9862,128.08,0.8133,1,1.0,1544.95,0.2003,1,1.0,1795.6,0.1049,fast
data\test\Apple__Rotten\rottenApple (38).jpg,Apple__Rotten,heavy,2276,2403,583.07,31.21,166.75,0.0023,0,0.7312,781.22,-0.4047,1,1.0,1067.04,0.3598,1,1.0,1239.04,0.2906,balanced
data\test\Apple__Healthy\freshApple (438).png,Apple__Healthy,heavy,480,322,205.83,359.25,108.86,0.0564,1,0.8429,621.35,0.6487,1,0.9985,1207.88,0.3128,1,0.9998,454.93,0.5523,fast
data\test\Mango__Healthy\healthy_199.jpg,Mango__Healthy,light,224,224,4.36,64.56,143.79,0.0122,1,0.9613,44.01,0.8413,1,1.0,47.96,0.6999,1,1.0,119.46,0.6643,fast
data\test\Apple__Rotten\rotated_by_15_Screen Shot 2018-06-08 at 2.26.09 PM.png,Apple__Rotten,burst,236,202,41.68,696.19,180.24,0.0284,1,0.9651,969.67,0.5324,1,0.9849,1223.04,0.3077,1,0.9715,1703.21,0.1357,fast
data\test\Potato__Healthy\freshPotato (317).jpg,Potato__Healthy,burst,100,100,4.5,1305.23,175.75,0.0428,1,0.9413,423.54,0.7147,1,0.9998,1543.91,0.2006,1,0.9997,1215.87,0.2984,fast
data\test\Banana__Healthy\freshBanana (51).jpg,Banana__Healthy,burst,1058,741,65.24,14.26,170.61,0.0057,1,0.9358,445.26,0.7074,1,1.0,1895.21,0.0834,1,0.9999,715.83,0.4652,fast
data\test\Mango__Rotten\445.jpg,Mango__Rotten,heavy,224,224,10.16,392.79,105.75,0.0706,1,0.981,655.57,0.6372,1,0.9999,1111.16,0.345,1,1.0,996.18,0.3717,fast
data\test\Potato__Healthy\freshPotato (86).jpg,Potato__Healthy,heavy,100,100,4.45,1603.5,177.21,0.0624,1,0.9096,819.64,0.5825,1,1.0,1174.13,0.324,1,0.9822,1058.9,0.3507,fast
data\test\Orange__Healthy\translation_Screen Shot 2018-06-13 at 12.06.59 AM.png,Orange__Healthy,light,336,274,82.48,717.4,153.82,0.0264,1,0.9939,92.57,0.8251,1,1.0,30.67,0.7056,1,1.0,53.38,0.6863,fast
data\test\Mango__Rotten\560.jpg,Mango__Rotten,heavy,224,224,10.34,346.7,119.33,0.0872,1,0.9911,647.68,0.6399,1,1.0,1032.23,0.3714,1,0.9999,1048.86,0.3541,fast
data\test\Orange__Healthy\Screen Shot 2018-06-13 at 12.05.13 AM.png,Orange__Healthy,light,366,326,160.16,57.7,193.58,0.017,1,0.9909,35.07,0.8443,1,1.0,82.38,0.6884,1,0.9999,58.35,0.6847,fast
data\test\Banana__Rotten\rottenBanana (2).jpg,Banana__Rotten,heavy,4034,2601,1881.38,193.0,152.0,0.0204,1,0.9998,806.51,0.5869,1,1.0,1087.44,0.353,1,0.9985,992.78,0.3728,fast
data\test\Mango__Healthy\355.jpg,Mango__Healthy,light,224,224,4.01,32.95,144.38,0.0114,1,0.7684,22.05,0.8487,1,1.0,116.82,0.6769,1,0.9999,177.27,0.645,fast
data\test\Cucumber__Rotten\rottenCucumber (262).jpg,Cucumber__Rotten,heavy,390,280,12.16,1029.56,233.4,0.0336,1,0.5237,474.62,0.6976,1,0.8478,1435.59,0.2368,1,0.9994,993.31,0.3726,fast
data\test\Apple__Rotten\rottenApple (259).jpg,Apple__Rotten,light,392,352,78.16,411.58,188.67,0.0255,1,0.9718,428.83,0.7129,1,1.0,139.21,0.6694,1,1.0,92.93,0.6731,fast
data\test\Apple__Healthy\freshApple (781).png,Apple__Healthy,light,320,258,94.04,1212.35,89.6,0.0586,0,0.3526,135.95,-0.1894,1,0.9936,68.52,0.693,1,0.9967,41.34,0.6903,balanced
data\test\Orange__Rotten\rottenOrange (120).jpg,Orange__Rotten,heavy,2451,2206,678.6,17.41,162.92,0.0003,1,0.7057,627.17,0.6467,1,1.0,1143.16,0.3344,1,1.0,1099.62,0.3372,fast
data\test\Bellpepper__Healthy\freshPepper (137).jpg,Bellpepper__Healthy,heavy,670,370,36.66,56.01,138.1,0.0331,1,0.9638,580.57,0.6623,1,0.9694,967.8,0.3929,1,0.9661,1040.89,0.3568,fast
data\test\Orange__Healthy\rotated_by_60_Screen Shot 2018-06-13 at 12.18.27 AM.png,Orange__Healthy,burst,254,280,73.01,608.97,156.36,0.0203,1,0.9095,1014.52,0.5174,1,0.9995,1200.87,0.3151,1,0.9997,1795.09,0.1051,fast
data\test\Apple__Healthy\freshApple (676).png,Apple__Healthy,heavy,320,258,124.48,1317.53,161.66,0.0975,1,0.9745,735.34,0.6106,1,1.0,1212.55,0.3112,1,0.9999,1048.86,0.3541,fast
data\test\Orange__Healthy\freshOrange (82).jpg,Orange__Healthy,light,3000,4000,3524.95,27.15,170.18,0.0009,1,0.4809,47.23,0.8403,1,0.9996,140.23,0.6691,1,0.9995,147.46,0.6549,fast
data\test\Apple__Healthy\freshApple (667).png,Apple__Healthy,heavy,320,258,124.19,1558.35,73.44,0.0756,1,0.917,667.05,0.6334,1,0.9998,828.6,0.4393,1,0.9996,429.5,0.5608,fast
data\test\Orange__Healthy\rotated_by_75_Screen Shot 2018-06-13 at 12.13.58 AM.png,Orange__Healthy,light,376,314,102.25,372.21,157.04,0.009,1,0.9825,16.96,0.8504,1,1.0,68.52,0.693,1,0.9999,106.15,0.6687,fast
data\test\Banana__Healthy\freshBanana (387).jpg,Banana__Healthy,light,224,224,7.08,166.32,126.59,0.027,1,0.9861,103.09,0.8216,1,1.0,94.0,0.6845,1,0.9999,29.4,0.6943,fast
data\test\Orange__Rotten\translation_Screen Shot 2018-06-12 at 11.27.12 PM.png,Orange__Rotten,heavy,310,266,97.52,919.86,123.94,0.0495,1,0.7748,635.64,0.6439,1,0.9478,1067.04,0.3598,1,0.9257,1047.29,0.3546,fast
data\test\Orange__Healthy\translation_Screen Shot 2018-06-13 at 12.10.21 AM.png,Orange__Healthy,heavy,404,330,115.6,635.8,149.32,0.0136,1,0.9305,519.38,0.6827,1,1.0,1202.57,0.3145,1,1.0,998.4,0.3709,fast
data\test\Orange__Rotten\rotated_by_15_Screen Shot 2018-06-12 at 11.27.26 PM.png,Orange__Rotten,heavy,468,420,254.22,289.58,167.4,0.0456,1,0.9984,581.76,0.6619,1,1.0,1131.29,0.3383,1,0.9998,1024.3,0.3623,fast
data\test\Banana__Healthy\rotated_by_45_Screen Shot 2018-06-12 at 9.58.56 PM.png,Banana__Healthy,light,388,324,111.22,607.52,181.23,0.032,1,0.9997,31.88,0.8454,1,1.0,142.63,0.6683,1,0.9999,61.98,0.6834,fast
data\test\Banana__Rotten\translation_Screen Shot 2018-06-12 at 9.23.10 PM.png,Banana__Rotten,light,740,518,462.39,314.0,106.77,0.0305,1,1.0,45.91,0.8407,1,1.0,82.38,0.6884,1,1.0,172.1,0.6467,fast
data\test\Apple__Rotten\Screen Shot 2018-06-07 at 2.33.47 PM.png,Apple__Rotten,burst,400,338,193.44,148.01,199.17,0.0614,0,0.8121,1427.71,-0.6205,1,0.9329,1752.28,0.1311,1,0.9951,1215.87,0.2984,heavy
data\test\Apple__Healthy\freshApple (446).png,Apple__Healthy,light,480,322,212.79,260.88,145.58,0.0664,1,0.7115,83.48,0.8282,1,0.998,176.52,0.657,1,0.9992,83.89,0.6761,fast
data\test\Orange__Rotten\translation_Screen Shot 2018-06-12 at 11.28.00 PM.png,Orange__Rotten,burst,394,328,106.44,667.82,172.82,0.0151,0,0.6725,445.13,-0.2925,1,0.9998,1762.21,0.1278,1,0.9998,3134.77,0.0041,balanced
data\test\Orange__Rotten\rotated_by_60_Screen Shot 2018-06-12 at 11.32.55 PM.png,Orange__Rotten,light,280,252,107.88,659.28,152.44,0.0534,1,0.9992,92.24,0.8252,1,1.0,70.68,0.6923,1,0.9999,216.83,0.6318,fast
data\test\Apple__Rotten\rotated_by_75_Screen Shot 2018-06-08 at 2.35.37 PM.png,Apple__Rotten,light,320,328,93.88,448.38,178.33,0.0176,1,0.9484,46.57,0.8405,1,1.0,58.92,0.6962,1,1.0,168.42,0.6479,fast
data\test\Orange__Healthy\freshOrange (119).png,Orange__Healthy,burst,320,258,91.07,1259.24,124.85,0.055,1,0.9169,3050.34,0.156,1,0.9987,915.62,0.4103,1,0.9999,1442.27,0.2228,balanced
data\test\Strawberry__Healthy\freshStrawberry (586).jpg,Strawberry__Healthy,light,224,224,9.01,310.22,123.78,0.0434,1,0.8681,60.51,0.8358,1,1.0,82.69,0.6883,1,1.0,147.24,0.655,fast
data\test\Jujube__Rotten\RottenJujube (97).jpg,Jujube__Rotten,heavy,3695,2947,1227.53,19.82,201.56,0.0011,1,0.6661,537.69,0.6766,1,0.9943,1086.39,0.3533,1,0.9867,1058.9,0.3507,fast
data\test\Guava__Rotten\RottenGuava (114).jpg,Guava__Rotten,light,2563,2633,1029.22,46.64,113.43,0.0026,1,0.7396,73.95,0.8313,1,0.9992,80.28,0.6891,1,1.0,38.74,0.6912,fast
data\test\Orange__Rotten\translation_Screen Shot 2018-06-12 at 11.20.40 PM.png,Orange__Rotten,heavy,486,414,184.37,561.09,165.99,0.0125,0,0.9577,621.75,-0.3515,1,0.9961,1051.71,0.3649,1,0.9849,1229.39,0.2938,balanced
data\test\Banana__Rotten\vertical_flip_Screen Shot 2018-06-12 at 9.11.52 PM.png,Banana__Rotten,light,308,240,85.16,104.4,190.35,0.0462,1,0.9997,65.18,0.8343,1,1.0,53.58,0.698,1,0.9999,87.24,0.675,fast
data\test\Apple__Healthy\Screen Shot 2018-06-08 at 5.20.32 PM.png,Apple__Healthy,light,432,440,210.88,20.22,163.3,0.0112,1,0.9644,63.18,0.8349,1,1.0,139.85,0.6692,1,0.9999,55.93,0.6855,fast
data\test\Apple__Rotten\rotated_by_45_Screen Shot 2018-06-07 at 2.56.16 PM.png,Apple__Rotten,heavy,546,474,280.86,403.69,150.8,0.035,1,0.9542,819.64,0.5825,1,0.9997,1085.84,0.3535,1,0.9998,1099.62,0.3372,fast
data\test\Banana__Healthy\rotated_by_75_Screen Shot 2018-06-12 at 9.59.12 PM.png,Banana__Healthy,light,212,160,42.69,784.08,160.9,0.0513,1,0.7674,36.56,0.8438,1,0.9995,35.49,0.704,1,0.9995,125.27,0.6623,fast
data\test\Banana__Rotten\translation_Screen Shot 2018-06-12 at 8.57.46 PM.png,Banana__Rotten,light,428,376,167.79,492.38,136.39,0.0371,0,0.529,37.46,-0.1565,1,0.9985,42.83,0.7016,1,1.0,77.96,0.6781,balanced
data\test\Mango__Rotten\21.jpg,Mango__Rotten,light,224,224,4.3,135.31,104.44,0.027,1,0.996,83.46,0.8282,1,1.0,58.42,0.6964,1,0.9999,143.16,0.6564,fast
data\test\Orange__Healthy\freshOrange (16).png,Orange__Healthy,light,320,258,119.61,1717.75,130.46,0.0948,1,0.9136,159.75,0.8027,1,1.0,20.21,0.7091,1,0.9955,51.03,0.6871,fast
data\test\Apple__Healthy\freshApple (514).png,Apple__Healthy,heavy,320,258,115.49,1391.87,140.64,0.0789,1,0.7938,585.36,0.6607,1,0.9991,1137.79,0.3362,1,0.9985,998.4,0.3709,fast
data\test\Carrot__Healthy\freshCarrot (181).jpg,Carrot__Healthy,light,224,224,15.78,482.32,97.68,0.0824,1,0.8017,21.33,0.8489,1,1.0,58.42,0.6964,1,0.9998,71.96,0.6801,fast
data\test\Banana__Rotten\rotated_by_30_Screen Shot 2018-06-12 at 9.02.15 PM.png,Banana__Rotten,light,476,384,193.96,450.34,151.08,0.0476,1,1.0,66.87,0.8337,1,1.0,145.0,0.6675,1,1.0,62.92,0.6831,fast
data\test\Mango__Rotten\alternaria_121.jpg,Mango__Rotten,heavy,224,224,6.47,867.19,115.72,0.0484,1,0.9911,699.68,0.6225,1,1.0,1180.37,0.3219,1,1.0,1158.25,0.3176,fast
data\test\Apple__Healthy\rotated_by_15_Screen Shot 2018-06-08 at 5.00.26 PM.png,Apple__Healthy,light,414,420,132.31,350.4,176.04,0.0114,1,0.9758,84.94,0.8277,1,0.9999,140.23,0.6691,1,0.9999,117.61,0.6649,fast
data\test\Mango__Rotten\752.jpg,Mango__Rotten,heavy,224,224,6.94,155.17,102.9,0.0302,1,0.8871,581.09,0.6621,1,1.0,1173.62,0.3242,1,0.9995,1114.32,0.3322,fast
data\test\Apple__Rotten\rotated_by_60_Screen Shot 2018-06-08 at 2.36.23 PM.png,Apple__Rotten,light,210,194,42.72,845.17,156.85,0.0262,1,0.9575,92.13,0.8253,1,0.9999,82.69,0.6883,1,0.9996,104.31,0.6693,fast
data\test\Grape__Healthy\FreshGrape (61).jpg,Grape__Healthy,light,765,777,58.62,14.92,154.84,0.0042,1,0.8499,69.19,0.8329,1,1.0,113.71,0.6779,1,1.0,104.79,0.6692,fast
data\test\Orange__Healthy\translation_Screen Shot 2018-06-13 at 12.04.46 AM.png,Orange__Healthy,heavy,492,424,186.96,550.31,172.75,0.0133,1,0.9922,628.09,0.6464,1,1.0,1131.98,0.3381,1,1.0,1111.51,0.3332,fast
data\test\Banana__Rotten\rotated_by_45_Screen Shot 2018-06-12 at 9.17.05 PM.png,Banana__Rotten,heavy,632,396,96.9,487.48,161.68,0.0137,1,0.9962,756.16,0.6037,1,1.0,1434.51,0.2371,1,1.0,581.89,0.5099,fast
data\test\Banana__Rotten\rotated_by_30_Screen Shot 2018-06-12 at 9.17.44 PM.png,Banana__Rotten,light,646,392,137.9,394.41,164.04,0.0303,1,0.9972,47.04,0.8403,1,1.0,110.54,0.679,1,1.0,92.0,0.6734,fast
data\test\Guava__Healthy\FreshGuava (128).jpg,Guava__Healthy,light,1310,1193,160.84,55.16,157.09,0.0139,1,0.9958,12.25,0.8519,1,0.9997,94.0,0.6845,1,0.9996,145.06,0.6557,fast
data\test\Cucumber__Rotten\rottenCucumber (118).jpg,Cucumber__Rotten,light,100,100,4.14,3132.4,187.34,0.0601,1,0.984,20.1,0.8493,1,1.0,67.15,0.6935,1,1.0,52.36,0.6867,fast
data\test\Bellpepper__Rotten\rottenPepper (346).jpg,Bellpepper__Rotten,burst,100,100,7.02,2831.66,67.44,0.1836,0,0.5521,1257.13,-0.5635,1,0.9629,1610.15,0.1785,1,0.5444,2775.54,0.0041,balanced
data\test\Strawberry__Healthy\freshStrawberry (434).jpg,Strawberry__Healthy,light,224,224,3.12,66.65,143.42,0.0095,1,0.9955,19.88,0.8494,1,1.0,69.88,0.6925,1,1.0,51.55,0.6869,fast
data\test\Banana__Healthy\rotated_by_15_Screen Shot 2018-06-12 at 9.53.41 PM.png,Banana__Healthy,heavy,406,436,81.94,335.43,219.31,0.0118,1,0.97,741.32,0.6086,1,1.0,1138.84,0.3358,1,0.9966,1106.14,0.335,fast
data\test\Tomato__Rotten\rottenTomato (298).jpg,Tomato__Rotten,heavy,103,98,8.75,636.87,178.46,0.1173,0,0.3852,756.68,-0.3965,1,0.9975,1148.88,0.3324,1,0.9986,2820.09,0.0041,balanced
data\test\Apple__Rotten\rotated_by_60_Screen Shot 2018-06-07 at 2.44.59 PM.png,Apple__Rotten,light,390,374,128.88,477.1,177.01,0.0165,1,0.9564,183.94,0.7946,1,1.0,31.44,0.7054,1,1.0,86.15,0.6754,fast
data\test\Banana__Healthy\rotated_by_45_Screen Shot 2018-06-12 at 10.00.00 PM.png,Banana__Healthy,heavy,446,336,104.75,529.52,175.37,0.0143,1,0.9971,593.65,0.6579,1,1.0,1184.77,0.3205,1,1.0,1047.29,0.3546,fast
data\test\Apple__Rotten\saltandpepper_Screen Shot 2018-06-08 at 2.43.29 PM.png,Apple__Rotten,heavy,332,304,117.0,2203.22,93.37,0.0497,1,0.4771,551.41,0.672,0,0.8053,1096.68,-0.6501,1,0.9993,2868.43,0.0041,fast
data\test\Guava__Healthy\FreshGuava (74).jpg,Guava__Healthy,heavy,1192,1395,147.05,12.52,149.87,0.0013,1,0.9921,699.68,0.6225,1,1.0,1318.74,0.2758,1,0.9941,998.39,0.3709,fast
data\test\Orange__Healthy\freshOrange (244).jpg,Orange__Healthy,light,268,256,75.54,2644.95,202.78,0.0545,1,0.9758,111.71,0.8187,1,0.9986,203.03,0.6481,1,1.0,112.66,0.6665,fast
data\test\Orange__Healthy\rotated_by_45_Screen Shot 2018-06-13 at 12.20.06 AM.png,Orange__Healthy,heavy,392,362,135.61,562.16,142.36,0.0196,1,0.5855,756.68,0.6035,1,1.0,1111.16,0.345,1,0.9999,993.31,0.3726,fast
data\test\Carrot__Rotten\rottenCarrot (260).jpg,Carrot__Rotten,light,100,100,7.56,2761.74,114.51,0.1781,1,0.6748,53.25,0.8383,1,0.9996,79.57,0.6893,1,0.9993,16.81,0.6985,fast
data\test\Banana__Rotten\rotated_by_60_Screen Shot 2018-06-12 at 9.25.46 PM.png,Banana__Rotten,burst,436,314,88.96,463.7,156.79,0.0286,1,1.0,998.11,0.5229,1,1.0,391.34,0.5853,1,1.0,2584.27,0.0041,balanced
data\test\Mango__Healthy\439.jpg,Mango__Healthy,light,224,224,2.61,10.45,143.36,0.0056,1,0.9441,19.8,0.8494,1,1.0,82.29,0.6884,1,1.0,51.04,0.6871,fast
data\test\Strawberry__Healthy\888.jpg,Strawberry__Healthy,light,224,224,6.4,128.5,120.48,0.0248,1,0.887,33.74,0.8448,1,1.0,115.93,0.6772,1,1.0,78.31,0.678,fast
data\test\Strawberry__Rotten\rottenStrawberry (108).jpg,Strawberry__Rotten,light,3522,2936,1114.97,78.11,188.47,0.0083,1,0.9143,28.64,0.8465,1,1.0,115.93,0.6772,1,0.9996,86.14,0.6754,fast
data\test\Orange__Healthy\Screen Shot 2018-06-12 at 11.57.45 PM.png,Orange__Healthy,heavy,416,394,229.75,21.85,195.3,0.0075,1,0.9836,709.29,0.6193,1,0.9998,1109.14,0.3457,1,0.9989,1112.74,0.3328,fast
data\test\Apple__Rotten\rottenApple (112).jpg,Apple__Rotten,heavy,2810,2775,895.4,28.98,177.32,0.0006,1,0.6129,539.27,0.676,1,0.9998,1197.43,0.3162,1,0.9442,922.6,0.3962,fast
data\test\Tomato__Healthy\freshTomato (178).png,Tomato__Healthy,light,480,322,161.37,485.47,171.84,0.0684,1,0.9986,85.02,0.8276,1,1.0,176.52,0.657,1,0.9968,119.67,0.6642,fast
data\test\Mango__Rotten\aspergillus_111.jpg,Mango__Rotten,light,224,224,6.68,202.82,138.42,0.0309,1,0.9431,41.53,0.8422,1,1.0,43.87,0.7012,1,1.0,195.91,0.6387,fast
data\test\Mango__Healthy\623.jpg,Mango__Healthy,light,224,224,8.65,173.04,120.44,0.0033,1,0.97,61.63,0.8355,1,0.9996,101.96,0.6818,1,1.0,78.02,0.6781,fast
data\test\Apple__Healthy\rotated_by_15_Screen Shot 2018-06-08 at 5.28.32 PM.png,Apple__Healthy,burst,152,154,32.23,923.92,163.59,0.035,1,0.9812,1599.87,0.3221,1,1.0,1223.04,0.3077,1,1.0,2582.7,0.0041,fast
data\test\Mango__Rotten\72.jpg,Mango__Rotten,heavy,224,224,4.78,194.32,123.87,0.0503,1,0.8161,646.79,0.6402,1,0.9999,628.02,0.5063,1,0.9996,1114.31,0.3322,fast
data\test\Apple__Healthy\saltandpepper_Screen Shot 2018-06-08 at 5.06.10 PM.png,Apple__Healthy,light,352,358,88.37,3247.0,213.3,0.0413,1,0.9902,25.3,0.8476,1,1.0,48.37,0.6997,1,0.9999,71.49,0.6803,fast
data\test\Grape__Healthy\FreshGrape (111).jpg,Grape__Healthy,light,585,656,64.1,53.13,142.99,0.0177,1,0.8469,42.59,0.8418,1,1.0,49.05,0.6995,1,0.9997,62.88,0.6831,fast
data\test\Orange__Rotten\rottenOrange (58).jpg,Orange__Rotten,heavy,2312,2460,678.56,29.78,186.18,0.0039,1,0.3292,733.52,0.6112,1,0.9673,1198.55,0.3159,1,0.5412,1200.94,0.3033,fast
data\test\Orange__Healthy\rotated_by_15_Screen Shot 2018-06-12 at 11.54.20 PM.png,Orange__Healthy,heavy,288,258,85.07,421.56,157.0,0.0224,1,0.9838,731.26,0.612,1,1.0,966.77,0.3932,1,1.0,1204.0,0.3023,fast
data\test\Banana__Healthy\rotated_by_75_Screen Shot 2018-06-12 at 9.41.30 PM.png,Banana__Healthy,light,460,398,119.54,344.65,192.83,0.0149,1,0.9721,119.02,0.8163,1,1.0,97.49,0.6833,1,1.0,86.78,0.6752,fast
data\test\Carrot__Rotten\rottenCarrot (174).jpg,Carrot__Rotten,heavy,100,100,4.36,1443.88,228.27,0.0669,1,0.7654,643.19,0.6414,1,0.9983,1320.8,0.2751,1,0.9993,906.45,0.4016,fast
data\test\Orange__Rotten\translation_Screen Shot 2018-06-12 at 11.37.52 PM.png,Orange__Rotten,light,370,336,134.1,753.34,168.07,0.0313,1,0.9991,40.5,0.8425,1,1.0,135.24,0.6707,1,0.9973,124.75,0.6625,fast
data\test\Carrot__Healthy\freshCarrot (175).jpg,Carrot__Healthy,heavy,224,224,13.18,154.8,101.94,0.0591,1,0.973,551.41,0.672,1,1.0,1734.25,0.1371,1,1.0,995.65,0.3719,fast
data\test\Banana__Rotten\rotated_by_75_Screen Shot 2018-06-12 at 9.25.18 PM.png,Banana__Rotten,light,458,344,90.07,365.88,159.8,0.0168,1,0.961,32.7,0.8451,1,1.0,30.47,0.7057,1,1.0,52.32,0.6867,fast
data\test\Strawberry__Rotten\142.jpg,Strawberry__Rotten,light,224,224,3.64,107.3,141.07,0.0212,1,0.899,18.89,0.8497,1,1.0,43.13,0.7015,1,0.9996,172.87,0.6464,fast
data\test\Banana__Healthy\freshBanana (180).png,Banana__Healthy,light,480,322,184.29,325.36,128.59,0.0429,1,0.9639,76.77,0.8304,1,1.0,110.03,0.6791,1,1.0,61.23,0.6837,fast
data\test\Apple__Healthy\rotated_by_75_Screen Shot 2018-06-08 at 5.23.07 PM.png,Apple__Healthy,heavy,438,372,162.44,337.7,175.2,0.0118,1,0.9464,295.98,0.7572,1,1.0,857.64,0.4296,1,1.0,1019.05,0.364,fast
data\test\Apple__Healthy\Screen Shot 2018-06-08 at 4.59.36 PM.png,Apple__Healthy,light,458,476,235.48,27.88,172.73,0.0111,1,0.9385,71.09,0.8323,1,1.0,68.82,0.6929,1,0.9995,36.53,0.6919,fast
data\test\Banana__Healthy\rotated_by_60_Screen Shot 2018-06-12 at 10.05.54 PM.png,Banana__Healthy,heavy,692,468,225.07,96.62,108.08,0.0164,1,0.5765,924.66,0.5474,1,1.0,1042.98,0.3678,1,0.9996,1017.76,0.3645,fast
data\test\Bellpepper__Healthy\freshPepper (594).jpg,Bellpepper__Healthy,light,100,100,2.05,764.7,172.2,0.0641,0,0.3912,49.95,-0.1606,1,0.9999,98.34,0.683,1,0.9905,62.88,0.6831,heavy
data\test\Carrot__Rotten\rottenCarrot (99).jpg,Carrot__Rotten,burst,100,100,4.82,4540.04,47.18,0.0956,1,0.4056,1601.95,0.3214,1,1.0,249.44,0.6326,1,1.0,1616.66,0.1646,balanced
data\test\Tomato__Rotten\rottenTomato (305).jpg,Tomato__Rotten,heavy,199,245,26.43,265.38,169.99,0.0497,1,0.6318,442.09,0.7085,1,0.9967,1079.53,0.3556,1,0.8981,1109.35,0.3339,fast
data\test\Banana__Healthy\rotated_by_60_Screen Shot 2018-06-12 at 9.46.24 PM.png,Banana__Healthy,light,766,414,104.43,310.14,148.26,0.0059,1,0.9589,75.74,0.8307,1,0.9998,69.81,0.6926,1,1.0,36.83,0.6918,fast
data\test\Orange__Healthy\rotated_by_75_Screen Shot 2018-06-12 at 11.54.27 PM.png,Orange__Healthy,heavy,264,224,55.6,603.33,170.97,0.0201,1,0.9675,582.92,0.6615,1,0.9996,1734.25,0.1371,1,0.9997,1047.59,0.3545,fast
data\test\Apple__Rotten\rotated_by_75_Screen Shot 2018-06-07 at 2.50.52 PM.png,Apple__Rotten,heavy,234,218,75.92,377.2,118.58,0.0248,0,0.4895,739.22,-0.3907,1,0.999,1180.37,0.3219,1,0.9995,1265.81,0.2817,balanced
data\test\Mango__Healthy\148.jpg,Mango__Healthy,heavy,224,224,3.68,32.91,63.25,0.0119,1,0.855,611.53,0.6519,1,0.9995,1197.94,0.3161,1,0.9999,1099.62,0.3372,fast
data\test\Cucumber__Healthy\freshCucumber (433).jpg,Cucumber__Healthy,light,224,224,63.94,1099.48,94.84,0.1688,1,0.7486,61.54,0.8355,1,0.9998,84.11,0.6878,1,0.9986,130.0,0.6607,fast
data\test\Banana__Rotten\rotated_by_15_Screen Shot 2018-06-12 at 9.21.10 PM.png,Banana__Rotten,light,286,356,113.37,438.34,168.76,0.0266,1,0.7922,54.34,0.8379,1,1.0,107.01,0.6802,1,0.9999,56.01,0.6854,fast
data\test\Orange__Rotten\rotated_by_60_Screen Shot 2018-06-12 at 11.20.52 PM.png,Orange__Rotten,burst,548,462,259.17,376.59,141.47,0.0189,1,0.8459,1083.94,0.4943,1,0.9998,1722.14,0.1411,1,0.9703,533.19,0.5262,heavy
data\test\Banana__Healthy\freshBanana (110).png,Banana__Healthy,heavy,320,258,120.52,2584.53,116.31,0.0997,1,0.4229,474.63,0.6976,1,1.0,1734.25,0.1371,1,0.9999,1218.59,0.2975,fast
data\test\Strawberry__Rotten\660.jpg,Strawberry__Rotten,heavy,224,224,10.67,522.15,110.35,0.1149,1,0.9945,725.0,0.6141,1,1.0,1197.94,0.3161,1,1.0,1048.35,0.3543,fast
data\test\Pomegranate__Healthy\FreshPomegranate (163).jpg,Pomegranate__Healthy,light,3222,2935,1348.02,42.56,145.13,0.0033,1,0.9382,152.84,0.805,1,1.0,169.22,0.6594,1,0.9993,96.17,0.672,fast
data\test\Banana__Rotten\rottenBanana (222).jpg,Banana__Rotten,heavy,450,330,180.56,36.42,53.86,0.021,1,0.8456,596.35,0.657,1,1.0,1322.89,0.2744,1,1.0,905.95,0.4018,fast
data\test\Carrot__Healthy\freshCarrot (241).jpg,Carrot__Healthy,heavy,224,224,16.52,772.83,86.77,0.1068,1,0.9662,739.04,0.6094,1,1.0,1111.16,0.345,1,0.9999,1251.81,0.2864,fast
data\test\Banana__Rotten\rotated_by_30_Screen Shot 2018-06-12 at 9.06.13 PM.png,Banana__Rotten,light,608,372,223.59,469.39,91.8,0.0281,1,0.9984,36.12,0.844,1,1.0,120.51,0.6756,1,0.9997,83.16,0.6764,fast
data\test\Carrot__Healthy\freshCarrot (421).jpg,Carrot__Healthy,light,2560,1920,7388.05,36.68,87.07,0.0149,1,0.7529,9.96,0.8527,1,1.0,157.11,0.6634,1,0.9975,62.97,0.6831,fast
data\test\Banana__Healthy\rotated_by_15_Screen Shot 2018-06-12 at 10.00.42 PM.png,Banana__Healthy,burst,532,380,80.83,332.65,212.26,0.0118,1,0.9833,445.26,0.7074,1,1.0,1894.68,0.0836,1,1.0,1615.13,0.1651,fast
data\test\Mango__Healthy\335.jpg,Mango__Healthy,light,224,224,3.51,85.46,141.12,0.012,1,0.886,13.26,0.8516,1,1.0,202.14,0.6484,1,1.0,82.14,0.6767,fast
data\test\Cucumber__Rotten\rottenCucumber (423).jpg,Cucumber__Rotten,heavy,390,280,9.5,1096.8,237.7,0.0319,1,0.5199,924.66,0.5474,1,0.9696,5790.88,0.0159,1,0.9955,1106.14,0.335,fast
data\test\Apple__Healthy\saltandpepper_Screen Shot 2018-06-08 at 5.06.28 PM.png,Apple__Healthy,heavy,164,156,25.82,3805.44,212.32,0.0479,1,0.9871,797.02,0.59,1,0.9994,1301.49,0.2815,1,0.9994,1024.3,0.3623,fast
data\test\Mango__Healthy\freshMango (297).jpg,Mango__Healthy,heavy,224,224,4.02,178.25,96.16,0.0167,1,0.9771,813.92,0.5844,1,0.9999,1161.65,0.3282,1,0.9999,889.41,0.4073,fast
data\test\Apple__Healthy\Screen Shot 2018-06-08 at 5.28.48 PM.png,Apple__Healthy,heavy,168,158,41.85,30.96,197.08,0.0271,1,0.9727,408.59,0.7197,1,1.0,1192.34,0.3179,1,0.9999,1024.34,0.3623,fast
data\test\Mango__Rotten\354.jpg,Mango__Rotten,light,224,224,4.96,94.3,137.42,0.027,1,0.9791,49.83,0.8394,1,1.0,97.69,0.6833,1,0.9999,100.47,0.6706,fast
data\test\Potato__Healthy\freshPotato (357).jpg,Potato__Healthy,light,100,100,4.2,1565.59,185.24,0.0395,1,0.9249,50.98,0.839,1,1.0,127.88,0.6732,1,0.9997,147.23,0.655,fast
data\test\Banana__Rotten\rotated_by_15_Screen Shot 2018-06-12 at 8.56.30 PM.png,Banana__Rotten,heavy,734,424,256.72,383.65,185.61,0.0652,1,0.9988,644.71,0.6409,1,1.0,1086.41,0.3533,1,0.9996,1068.8,0.3474,fast
data\test\Orange__Rotten\translation_Screen Shot 2018-06-12 at 11.39.19 PM.png,Orange__Rotten,heavy,292,260,69.56,111.06,49.17,0.0372,1,0.9053,668.23,0.633,1,0.991,1199.07,0.3157,1,0.9997,1239.57,0.2904,fast
data\test\Orange__Rotten\rotated_by_75_Screen Shot 2018-06-12 at 11.20.59 PM.png,Orange__Rotten,heavy,368,316,160.34,101.69,95.12,0.0367,0,0.8243,819.64,-0.4175,1,0.9999,458.58,0.5628,1,0.999,1005.67,0.3685,balanced
data\test\Pomegranate__Healthy\FreshPomegranate (110).jpg,Pomegranate__Healthy,light,2387,2132,695.79,29.52,139.25,0.0038,1,0.8383,47.23,0.8403,1,1.0,46.73,0.7003,1,0.9969,29.67,0.6942,fast
data\test\Orange__Rotten\saltandpepper_Screen Shot 2018-06-12 at 11.32.17 PM.png,Orange__Rotten,heavy,278,230,76.14,2754.65,201.68,0.0515,1,0.9988,819.64,0.5825,1,1.0,1097.71,0.3495,1,1.0,582.41,0.5098,fast
data\test\Cucumber__Rotten\rottenCucumber (163).jpg,Cucumber__Rotten,light,764,477,138.01,334.86,126.11,0.0779,0,0.6604,65.83,-0.1659,1,0.9938,93.23,0.6848,1,0.8198,50.32,0.6873,heavy
data\test\Potato__Healthy\freshPotato (301).jpg,Potato__Healthy,heavy,224,224,7.01,50.08,142.59,0.0179,0,0.6948,582.92,-0.3385,1,0.9998,1435.59,0.2368,1,0.7743,1047.79,0.3545,heavy
data\test\Apple__Healthy\rotated_by_45_Screen Shot 2018-06-08 at 5.16.06 PM.png,Apple__Healthy,heavy,226,210,54.44,792.97,151.83,0.0232,1,0.9963,731.5,0.6119,1,1.0,1198.46,0.3159,1,0.9992,1018.27,0.3643,fast
data\test\Apple__Rotten\rotated_by_60_Screen Shot 2018-06-08 at 2.44.54 PM.png,Apple__Rotten,heavy,406,350,160.97,478.81,136.63,0.0328,1,0.9788,196.31,0.7905,1,1.0,1091.84,0.3515,1,1.0,1251.81,0.2864,fast
data\test\Bellpepper__Rotten\rottenPepper (482).jpg,Bellpepper__Rotten,light,262,192,4.71,1164.4,194.13,0.0573,0,0.3065,58.49,-0.1635,1,0.9616,127.27,0.6734,1,0.9293,97.09,0.6717,balanced
data\test\Orange__Healthy\freshOrange (185).jpg,Orange__Healthy,light,3119,3316,1415.55,24.55,142.96,0.0003,1,0.3452,51.78,0.8387,1,0.9998,133.51,0.6713,1,0.9809,134.29,0.6593,fast
data\test\Strawberry__Rotten\rottenStrawberry (451).jpg,Strawberry__Rotten,light,224,224,5.61,172.27,113.97,0.0396,1,0.8682,125.85,0.814,1,1.0,118.25,0.6764,1,0.9987,146.02,0.6554,fast
data\test\Strawberry__Rotten\rottenStrawberry (46).jpg,Strawberry__Rotten,heavy,2810,3713,1210.1,54.04,188.89,0.0046,1,0.9736,627.22,0.6467,1,0.9987,1163.24,0.3277,1,0.9999,1024.3,0.3623,fast
data\test\Banana__Rotten\rotated_by_30_Screen Shot 2018-06-12 at 8.53.09 PM.png,Banana__Rotten,light,342,364,125.0,335.41,110.16,0.0203,1,0.985,20.67,0.8491,1,1.0,124.47,0.6743,1,0.9998,50.54,0.6873,fast
data\test\Mango__Healthy\480.jpg,Mango__Healthy,burst,224,224,10.77,510.07,115.46,0.1757,1,0.9896,1179.37,0.4624,1,1.0,1821.15,0.1081,1,1.0,1795.07,0.1051,fast
data\test\Orange__Rotten\rottenOrange (454).jpg,Orange__Rotten,light,224,224,5.96,121.51,128.66,0.0419,1,0.9512,33.59,0.8448,1,1.0,82.86,0.6882,1,1.0,126.46,0.6619,fast
data\test\Guava__Healthy\FreshGuava (155).jpg,Guava__Healthy,light,1199,1051,117.17,38.23,159.99,0.0057,1,0.9966,51.19,0.8389,1,1.0,63.49,0.6947,1,1.0,53.39,0.6863,fast
data\test\Mango__Healthy\884.jpg,Mango__Healthy,heavy,224,224,5.81,58.97,114.19,0.0175,1,0.9872,620.63,0.6489,1,1.0,1036.63,0.3699,1,0.9997,1048.1,0.3543,fast
data\test\Strawberry__Healthy\freshStrawberry (129).jpg,Strawberry__Healthy,heavy,2733,2359,800.73,40.68,138.52,0.0131,1,0.3921,739.22,0.6093,1,0.9995,1184.46,0.3206,1,1.0,1109.35,0.3339,fast
data\test\Orange__Healthy\Screen Shot 2018-06-13 at 12.03.55 AM.png,Orange__Healthy,heavy,406,358,213.19,44.31,185.49,0.0179,1,0.9691,581.42,0.662,1,0.9999,1138.72,0.3358,1,0.9989,1004.66,0.3688,fast
data\test\Banana__Rotten\rotated_by_75_Screen Shot 2018-06-12 at 8.51.00 PM.png,Banana__Rotten,light,430,354,55.71,449.5,175.6,0.0131,1,0.9605,74.01,0.8313,1,1.0,113.71,0.6779,1,0.9991,86.62,0.6752,fast
data\test\Grape__Healthy\FreshGrape (105).jpg,Grape__Healthy,heavy,676,775,77.06,32.61,139.32,0.0093,0,0.5279,740.35,-0.3911,1,0.9995,210.7,0.6455,1,0.9993,1040.89,0.3568,balanced
data\test\Banana__Healthy\rotated_by_75_Screen Shot 2018-06-12 at 10.02.19 PM.png,Banana__Healthy,light,400,330,109.86,420.77,179.39,0.017,1,0.9565,26.65,0.8471,1,1.0,201.97,0.6485,1,1.0,133.8,0.6595,fast
data\test\Banana__Rotten\Screen Shot 2018-06-12 at 9.04.19 PM.png,Banana__Rotten,burst,548,366,456.08,308.37,116.88,0.1674,1,0.981,1180.92,0.4619,1,0.9999,1034.09,0.3708,1,0.9998,1438.59,0.224,fast
data\test\Banana__Healthy\freshBanana (101).jpg,Banana__Healthy,heavy,1600,1200,116.96,13.05,167.55,0.0028,0,0.1907,658.49,-0.3637,1,0.9999,1030.09,0.3721,1,0.9698,1020.1,0.3637,balanced
data\test\Banana__Healthy\freshBanana (29).jpg,Banana__Healthy,light,1200,1600,71.97,8.05,167.99,0.0032,1,0.7468,134.89,0.811,1,1.0,63.49,0.6947,1,0.9999,85.95,0.6754,fast
data\test\Orange__Healthy\freshOrange (249).jpg,Orange__Healthy,light,374,384,134.49,606.73,162.52,0.0126,1,0.8599,117.68,0.8167,1,0.9999,24.26,0.7078,1,0.9995,80.07,0.6774,fast
data\test\Potato__Rotten\rottenPotato (294).jpg,Potato__Rotten,light,299,169,9.18,939.22,171.87,0.2517,1,0.4886,27.38,0.8469,1,0.9999,62.29,0.6951,1,0.9996,129.45,0.6609,fast
data\test\Banana__Rotten\rottenBanana (441).jpg,Banana__Rotten,heavy,224,224,3.17,44.97,145.86,0.0139,1,0.5098,624.21,0.6477,1,1.0,627.51,0.5064,1,1.0,847.23,0.4214,fast
data\test\Mango__Healthy\freshMango (112).png,Mango__Healthy,light,320,258,82.67,742.56,127.17,0.0527,1,0.6904,37.23,0.8436,1,0.9999,47.38,0.7001,1,0.9991,45.78,0.6889,fast
data\test\Orange__Healthy\translation_Screen Shot 2018-06-12 at 11.53.43 PM.png,Orange__Healthy,light,610,420,182.9,512.21,174.72,0.0176,1,0.9029,24.31,0.8479,1,1.0,189.66,0.6526,1,0.9999,65.43,0.6823,fast
data\test\Bellpepper__Healthy\freshPepper (265).jpg,Bellpepper__Healthy,light,224,224,9.99,212.44,200.43,0.0481,1,0.6461,56.35,0.8372,1,0.9976,68.6,0.693,1,0.9861,133.58,0.6596,fast
data\test\Apple__Healthy\Screen Shot 2018-06-08 at 5.06.23 PM.png,Apple__Healthy,light,194,156,35.95,8.74,217.29,0.0121,1,0.9603,39.53,0.8428,1,1.0,36.97,0.7035,1,0.998,137.0,0.6584,fast
data\test\Potato__Rotten\rottenPotato (143).jpg,Potato__Rotten,light,196,257,7.98,714.25,135.3,0.1513,1,0.9087,83.46,0.8282,1,0.991,94.07,0.6845,1,0.9828,36.83,0.6918,fast
data\test\Orange__Rotten\rotated_by_15_Screen Shot 2018-06-12 at 11.42.38 PM.png,Orange__Rotten,heavy,328,278,109.07,533.9,161.2,0.0374,1,0.7922,644.73,0.6409,1,0.9989,908.59,0.4126,1,1.0,994.85,0.3721,fast
data\test\Orange__Rotten\rotated_by_45_Screen Shot 2018-06-12 at 11.30.11 PM.png,Orange__Rotten,light,454,408,214.12,63.27,120.47,0.0114,1,0.9946,39.88,0.8427,1,1.0,34.37,0.7044,1,1.0,143.24,0.6563,fast
data\test\Orange__Rotten\rotated_by_45_Screen Shot 2018-06-12 at 11.26.49 PM.png,Orange__Rotten,light,170,176,38.11,662.62,142.18,0.0186,1,0.9766,60.51,0.8358,1,0.9999,109.22,0.6794,1,1.0,180.65,0.6438,fast
data\test\Apple__Healthy\freshApple (428).png,Apple__Healthy,light,480,322,201.92,221.57,128.51,0.0503,1,0.9608,53.19,0.8383,1,0.9999,222.9,0.6415,1,0.9791,83.75,0.6762,fast
data\test\Carrot__Healthy\freshCarrot (426).jpg,Carrot__Healthy,light,640,480,128.27,1797.56,106.46,0.1893,1,0.9824,18.9,0.8497,1,0.9997,125.22,0.6741,1,0.9984,134.05,0.6594,fast
data\test\Strawberry__Rotten\rottenStrawberry (484).jpg,Strawberry__Rotten,burst,224,224,4.83,125.65,120.88,0.037,1,0.8417,929.8,0.5457,1,1.0,2598.59,0.0159,1,0.9982,1120.76,0.3301,fast
data\test\Bellpepper__Healthy\freshPepper (362).jpg,Bellpepper__Healthy,burst,224,224,6.95,87.72,230.21,0.0178,1,0.687,852.56,0.5715,1,0.9841,290.07,0.6191,1,0.8445,12678.91,0.0041,balanced
data\test\Mango__Rotten\36.jpg,Mango__Rotten,light,224,224,5.73,366.22,126.08,0.0462,1,0.9976,163.47,0.8015,1,0.9998,58.37,0.6964,1,0.9998,75.24,0.679,fast
data\test\Tomato__Healthy\freshTomato (162).png,Tomato__Healthy,light,480,322,203.18,654.68,136.87,0.0696,1,0.9976,26.9,0.847,1,1.0,116.4,0.677,1,1.0,187.71,0.6415,fast
data\test\Mango__Healthy\150.jpg,Mango__Healthy,heavy,224,224,3.64,18.09,65.64,0.0082,1,0.8966,638.97,0.6428,1,1.0,1030.09,0.3721,1,1.0,1144.45,0.3222,fast
data\test\Apple__Rotten\rotated_by_45_Screen Shot 2018-06-07 at 2.45.18 PM.png,Apple__Rotten,burst,292,310,102.57,472.59,141.47,0.0259,1,0.9942,1004.26,0.5209,1,1.0,632.52,0.5048,1,1.0,1651.51,0.153,fast
data\test\Mango__Rotten\lasio_111.jpg,Mango__Rotten,light,224,224,8.07,245.42,108.13,0.0307,0,0.649,18.39,-0.1501,1,0.9998,83.26,0.6881,1,0.9988,83.28,0.6763,balanced
data\test\Apple__Healthy\translation_Screen Shot 2018-06-08 at 5.15.52 PM.png,Apple__Healthy,heavy,448,426,159.12,577.43,134.46,0.018,1,0.9676,638.74,0.6429,1,0.9999,1151.96,0.3314,1,0.9997,1346.25,0.2548,fast
data\test\Cucumber__Rotten\rottenCucumber (17).jpg,Cucumber__Rotten,light,100,100,3.75,2092.72,188.59,0.0447,1,0.9743,18.28,0.8499,1,1.0,39.86,0.7026,1,0.9995,78.02,0.6781,fast
data\test\Carrot__Healthy\freshCarrot (327).jpg,Carrot__Healthy,heavy,224,224,13.34,196.74,89.48,0.0632,1,0.9696,628.61,0.6462,1,1.0,908.07,0.4128,1,0.9996,923.42,0.396,fast
data\test\Strawberry__Healthy\481.jpg,Strawberry__Healthy,heavy,224,224,4.3,88.08,142.28,0.0235,1,0.8977,734.32,0.611,1,1.0,1277.79,0.2894,1,0.9988,797.29,0.438,fast
data\test\Banana__Rotten\rotated_by_45_Screen Shot 2018-06-12 at 9.00.49 PM.png,Banana__Rotten,heavy,414,400,71.92,464.12,174.3,0.0174,1,0.9999,797.02,0.59,1,1.0,1209.8,0.3121,1,1.0,1229.39,0.2938,fast
data\test\Orange__Healthy\rotated_by_15_Screen Shot 2018-06-12 at 11.55.00 PM.png,Orange__Healthy,heavy,180,196,39.31,525.97,159.02,0.0172,1,0.8294,627.17,0.6467,1,0.9986,1110.22,0.3454,1,0.9999,994.33,0.3723,fast
data\test\Banana__Healthy\rotated_by_75_Screen Shot 2018-06-12 at 9.59.07 PM.png,Banana__Healthy,light,236,140,26.63,687.35,133.0,0.0199,1,0.6889,27.44,0.8469,1,0.9787,143.06,0.6681,1,1.0,178.82,0.6445,fast
data\test\Orange__Rotten\rotated_by_45_Screen Shot 2018-06-12 at 11.31.01 PM.png,Orange__Rotten,light,214,204,63.76,604.61,145.83,0.0386,1,0.9989,14.14,0.8513,1,1.0,133.58,0.6713,1,1.0,70.93,0.6805,fast
data\test\Carrot__Healthy\freshCarrot (205).jpg,Carrot__Healthy,light,224,224,14.45,297.44,98.55,0.0563,1,0.9652,83.48,0.8282,1,1.0,70.0,0.6925,1,1.0,48.77,0.6879,fast
data\test\Banana__Healthy\rotated_by_60_Screen Shot 2018-06-12 at 9.57.38 PM.png,Banana__Healthy,heavy,518,356,83.62,400.73,177.39,0.0093,1,0.9771,661.34,0.6353,1,1.0,1161.03,0.3284,1,1.0,906.45,0.4016,fast
data\test\Guava__Rotten\RottenGuava (119).jpg,Guava__Rotten,heavy,3176,2919,1518.9,102.49,114.25,0.0101,1,0.8778,570.67,0.6656,1,1.0,210.7,0.6455,1,1.0,1069.32,0.3473,fast
data\test\Orange__Rotten\rottenOrange (96).jpg,Orange__Rotten,heavy,2778,2783,992.96,30.45,166.31,0.0028,1,0.8919,586.9,0.6602,1,0.9999,1199.59,0.3155,1,1.0,556.5,0.5184,fast
data\test\Carrot__Healthy\freshCarrot (292).jpg,Carrot__Healthy,light,224,224,14.13,255.47,99.68,0.0561,1,0.9562,40.47,0.8425,1,1.0,53.58,0.698,1,1.0,204.63,0.6358,fast
data\test\Mango__Rotten\144.jpg,Mango__Rotten,light,224,224,5.1,569.64,116.6,0.0428,1,0.9967,42.0,0.842,1,1.0,94.01,0.6845,1,0.9995,153.69,0.6528,fast
data\test\Tomato__Healthy\freshTomato (222).png,Tomato__Healthy,heavy,480,322,185.19,496.18,100.29,0.0688,1,0.9952,474.63,0.6976,1,1.0,1079.68,0.3555,1,0.9998,1346.76,0.2547,fast
data\test\Strawberry__Healthy\freshStrawberry (516).jpg,Strawberry__Healthy,light,224,224,3.56,63.92,143.17,0.0123,1,0.901,159.82,0.8027,1,1.0,120.93,0.6755,1,0.9994,85.95,0.6754,fast
data\test\Mango__Rotten\rottenMango (123).jpg,Mango__Rotten,light,224,224,10.41,330.37,114.12,0.1007,1,0.9909,51.09,0.839,1,1.0,158.09,0.6631,1,1.0,122.16,0.6634,fast
data\test\Bellpepper__Healthy\freshPepper (279).jpg,Bellpepper__Healthy,heavy,224,224,7.76,70.19,123.78,0.019,1,0.9705,690.65,0.6255,1,0.9976,976.55,0.39,1,0.9983,2868.43,0.0041,fast
data\test\Banana__Healthy\saltandpepper_Screen Shot 2018-06-12 at 9.38.51 PM.png,Banana__Healthy,burst,380,468,60.61,3766.88,241.48,0.0293,1,0.9726,999.18,0.5226,1,0.9999,1768.04,0.1258,1,1.0,2064.59,0.0151,fast
data\test\Apple__Healthy\freshApple (314).jpg,Apple__Healthy,heavy,432,424,196.73,2173.94,129.62,0.0439,1,0.8384,638.98,0.6428,1,1.0,1138.72,0.3358,1,0.9997,1016.73,0.3648,fast
data\test\Orange__Rotten\rotated_by_60_Screen Shot 2018-06-12 at 11.43.03 PM.png,Orange__Rotten,light,336,286,133.86,596.76,167.62,0.0737,1,0.9987,38.21,0.8433,1,1.0,70.68,0.6923,1,1.0,91.23,0.6737,fast
data\test\Tomato__Rotten\rottenTomato (33).jpg,Tomato__Rotten,light,259,194,5.09,913.32,149.88,0.0363,0,0.2896,12.61,-0.1482,1,0.9973,96.5,0.6837,1,0.9987,43.84,0.6895,heavy
data\test\Cucumber__Rotten\rottenCucumber (578).jpg,Cucumber__Rotten,light,100,100,4.51,3936.39,182.25,0.0858,1,0.995,77.74,0.8301,1,1.0,75.25,0.6908,1,1.0,110.47,0.6673,fast
data\test\Mango__Healthy\freshMango (131).png,Mango__Healthy,light,320,258,95.33,924.65,131.31,0.0584,1,0.6779,29.62,0.8461,1,1.0,74.08,0.6911,1,0.9995,105.29,0.669,fast
data\test\Apple__Healthy\Screen Shot 2018-06-08 at 5.13.02 PM.png,Apple__Healthy,heavy,432,430,220.0,28.04,138.77,0.0168,1,0.9141,607.81,0.6532,1,0.9998,1086.39,0.3533,1,0.9869,1144.45,0.3222,fast
data\test\Apple__Rotten\rottenApple (309).jpg,Apple__Rotten,burst,288,254,81.0,15.07,214.39,0.0092,1,0.7868,960.97,0.5353,1,0.9999,1761.63,0.128,1,0.9998,2144.32,0.0041,fast
data\test\Orange__Rotten\vertical_flip_Screen Shot 2018-06-12 at 11.39.29 PM.png,Orange__Rotten,light,528,480,306.22,50.47,195.61,0.0361,1,0.9993,86.2,0.8273,1,1.0,44.21,0.7011,1,1.0,149.82,0.6541,fast
data\test\Banana__Healthy\rotated_by_60_Screen Shot 2018-06-12 at 9.40.38 PM.png,Banana__Healthy,heavy,326,238,54.67,663.87,179.7,0.0231,1,0.9964,646.79,0.6402,1,1.0,1180.37,0.3219,1,1.0,1346.76,0.2547,fast
data\test\Strawberry__Healthy\801.jpg,Strawberry__Healthy,light,224,224,6.8,146.97,114.81,0.0373,1,0.8471,18.39,0.8499,1,0.9999,72.96,0.6915,1,0.9708,62.14,0.6834,fast
data\test\Banana__Rotten\vertical_flip_Screen Shot 2018-06-12 at 9.05.37 PM.png,Banana__Rotten,light,668,398,158.48,53.22,203.02,0.014,1,0.9993,58.67,0.8364,1,1.0,46.35,0.7004,1,1.0,98.64,0.6712,fast
data\test\Mango__Rotten\alternaria_033.jpg,Mango__Rotten,light,224,224,8.56,748.88,70.92,0.0429,1,0.9137,61.63,0.8355,1,1.0,239.36,0.636,1,0.9986,168.42,0.6479,fast
data\test\Apple__Healthy\freshApple (807).png,Apple__Healthy,light,320,258,98.42,904.54,119.94,0.052,1,0.8219,30.74,0.8458,1,1.0,65.53,0.694,1,1.0,71.69,0.6802,fast
data\test\Banana__Healthy\rotated_by_30_Screen Shot 2018-06-12 at 9.40.10 PM.png,Banana__Healthy,heavy,600,468,195.66,339.15,184.5,0.0119,1,0.9356,709.29,0.6193,1,1.0,1180.37,0.3219,1,1.0,430.01,0.5606,fast
data\test\Bellpepper__Rotten\rottenPepper (307).jpg,Bellpepper__Rotten,light,259,194,5.7,914.87,157.55,0.0733,1,0.6011,23.24,0.8483,1,1.0,122.08,0.6751,1,0.9999,58.35,0.6847,fast
data\test\Orange__Rotten\saltandpepper_Screen Shot 2018-06-12 at 11.44.39 PM.png,Orange__Rotten,burst,438,414,192.67,2509.3,187.41,0.0561,1,0.9989,476.08,0.6971,1,1.0,1759.97,0.1285,1,0.9997,1475.61,0.2117,fast
data\test\Mango__Healthy\240.jpg,Mango__Healthy,heavy,224,224,3.95,95.11,76.09,0.0109,1,0.9751,659.02,0.6361,1,1.0,340.37,0.6023,1,1.0,1203.44,0.3025,fast
data\test\Carrot__Rotten\rottenCarrot (326).jpg,Carrot__Rotten,light,100,100,7.28,1871.17,113.07,0.153,1,0.7267,104.39,0.8212,1,0.9998,31.44,0.7054,1,0.9997,126.01,0.6621,fast
data\test\Apple__Healthy\freshApple (794).png,Apple__Healthy,light,320,258,114.69,1363.3,106.51,0.0635,0,0.7181,32.36,-0.1548,1,0.9997,51.17,0.6988,1,0.9999,147.23,0.655,balanced
data\test\Mango__Rotten\309.jpg,Mango__Rotten,light,224,224,2.88,17.08,143.11,0.0105,1,0.661,103.86,0.8214,1,1.0,61.16,0.6955,1,0.9999,193.53,0.6395,fast
data\test\Mango__Rotten\124.jpg,Mango__Rotten,burst,224,224,3.91,236.17,100.79,0.0251,1,0.9821,1083.35,0.4945,1,1.0,2017.9,0.0424,1,1.0,1651.51,0.153,fast
data\test\Banana__Rotten\rotated_by_45_Screen Shot 2018-06-12 at 9.07.46 PM.png,Banana__Rotten,light,580,366,175.02,465.78,128.97,0.0297,1,1.0,52.97,0.8383,1,1.0,190.38,0.6523,1,1.0,23.66,0.6962,fast
data\test\Mango__Rotten\lasio_128.jpg,Mango__Rotten,light,224,224,6.97,209.7,86.41,0.0345,1,0.9952,46.94,0.8404,1,1.0,109.22,0.6794,1,1.0,103.55,0.6696,fast
data\test\Strawberry__Healthy\freshStrawberry (94).jpg,Strawberry__Healthy,light,2214,2815,1931.62,62.86,145.1,0.0184,1,0.968,80.23,0.8292,1,0.9997,84.37,0.6877,1,0.9997,204.63,0.6358,fast
data\test\Strawberry__Healthy\85.jpg,Strawberry__Healthy,light,224,224,5.75,145.59,87.81,0.0103,1,0.9808,80.0,0.8293,1,1.0,122.82,0.6749,1,1.0,133.8,0.6595,fast
data\test\Mango__Rotten\310.jpg,Mango__Rotten,heavy,224,224,3.0,16.58,141.23,0.0116,1,0.8776,739.84,0.6091,1,1.0,1143.67,0.3342,1,0.9998,1072.37,0.3462,fast
data\test\Apple__Rotten\rottenApple (292).jpg,Apple__Rotten,heavy,304,282,76.7,505.6,171.71,0.0184,1,0.9649,632.41,0.645,1,0.9999,848.86,0.4326,1,0.9997,1251.81,0.2864,fast
data\test\Strawberry__Rotten\rottenStrawberry (516).jpg,Strawberry__Rotten,light,224,224,5.35,148.99,134.79,0.0301,1,0.9605,281.47,0.7621,1,1.0,81.48,0.6887,1,1.0,27.98,0.6948,fast
data\test\Pomegranate__Rotten\RottenPomegranate (108).jpg,Pomegranate__Rotten,light,4160,3120,2399.67,11.98,157.01,0.0014,0,0.5265,23.94,-0.152,1,0.9986,68.8,0.6929,1,0.9776,216.5,0.6319,balanced
data\test\Apple__Rotten\rotated_by_60_Screen Shot 2018-06-07 at 2.40.48 PM.png,Apple__Rotten,light,432,374,158.44,423.46,133.9,0.012,1,0.9085,95.86,0.824,1,1.0,22.98,0.7082,1,1.0,38.98,0.6911,fast
data\test\Strawberry__Healthy\980.jpg,Strawberry__Healthy,light,224,224,6.31,111.82,129.15,0.0125,1,0.7604,58.68,0.8364,1,0.9992,93.19,0.6848,1,0.9999,104.79,0.6692,fast
data\test\Mango__Healthy\769.jpg,Mango__Healthy,heavy,224,224,5.38,43.72,115.23,0.01,1,0.9889,755.64,0.6038,1,1.0,627.51,0.5064,1,1.0,1187.71,0.3078,fast
data\test\Apple__Rotten\rotated_by_75_Screen Shot 2018-06-08 at 2.26.34 PM.png,Apple__Rotten,burst,376,362,154.33,121.54,123.79,0.0128,1,0.581,1251.87,0.4382,1,1.0,1223.57,0.3075,1,0.9996,2490.04,0.0041,fast
data\test\Potato__Healthy\freshPotato (594).jpg,Potato__Healthy,light,1359,1096,378.89,64.48,179.2,0.0057,1,0.8897,17.18,0.8503,1,0.9976,43.87,0.7012,1,0.9929,83.28,0.6763,fast
data\test\Bellpepper__Rotten\rottenPepper (515).jpg,Bellpepper__Rotten,light,259,194,7.0,1599.46,44.01,0.0944,0,0.2057,74.16,-0.1687,0,0.7221,206.23,-0.353,0,0.6103,62.92,-0.3169,fast
data\test\Mango__Rotten\alternaria_032.jpg,Mango__Rotten,light,224,224,5.96,180.78,135.01,0.0173,1,0.7406,53.16,0.8383,1,1.0,39.86,0.7026,1,1.0,83.38,0.6763,fast
data\test\Banana__Healthy\freshBanana (171).png,Banana__Healthy,light,320,258,131.44,1423.08,120.29,0.1097,1,0.7417,50.19,0.8393,1,0.9949,30.47,0.7057,1,0.9613,105.29,0.669,fast
data\test\Carrot__Rotten\rottenCarrot (263).jpg,Carrot__Rotten,light,100,100,3.23,791.4,233.94,0.0506,1,0.6295,41.87,0.842,1,0.9999,26.26,0.7071,1,1.0,216.83,0.6318,fast
data\test\Apple__Rotten\rotated_by_75_Screen Shot 2018-06-07 at 3.01.21 PM.png,Apple__Rotten,light,248,228,65.04,595.53,163.89,0.0318,1,0.8397,48.71,0.8398,1,0.9924,42.57,0.7017,1,0.9993,64.33,0.6827,fast
data\test\Orange__Rotten\rotated_by_75_Screen Shot 2018-06-12 at 11.31.24 PM.png,Orange__Rotten,light,222,216,60.54,496.41,185.78,0.0212,1,0.9793,25.3,0.8476,1,1.0,120.93,0.6755,1,0.9999,195.91,0.6387,fast
data\test\Apple__Rotten\rotated_by_30_Screen Shot 2018-06-07 at 2.45.55 PM.png,Apple__Rotten,light,304,286,80.08,644.64,177.66,0.0408,1,0.9514,14.14,0.8513,1,1.0,45.66,0.7006,1,1.0,95.9,0.6721,fast
data\test\Apple__Rotten\rotated_by_30_Screen Shot 2018-06-07 at 2.42.18 PM.png,Apple__Rotten,light,448,400,148.08,362.61,151.18,0.0102,1,0.9279,53.16,0.8383,1,1.0,184.53,0.6543,1,1.0,123.35,0.663,fast
data\test\Banana__Healthy\freshBanana (130).png,Banana__Healthy,light,320,258,120.46,1433.52,141.59,0.0786,1,0.5316,67.7,0.8334,1,1.0,136.16,0.6704,1,0.9999,147.13,0.655,fast
data\test\Banana__Healthy\rotated_by_30_Screen Shot 2018-06-12 at 9.39.47 PM.png,Banana__Healthy,burst,572,408,162.55,382.26,181.67,0.0177,1,0.883,969.16,0.5326,1,1.0,2146.01,0.0159,1,1.0,4445.24,0.0041,fast
data\test\Cucumber__Rotten\rottenCucumber (15).jpg,Cucumber__Rotten,light,100,100,3.72,2288.82,187.49,0.0432,1,0.9788,95.86,0.824,1,1.0,66.14,0.6938,1,0.9993,30.07,0.6941,fast
data\test\Orange__Rotten\rotated_by_30_Screen Shot 2018-06-12 at 11.39.19 PM.png,Orange__Rotten,light,292,260,80.72,84.01,51.25,0.0352,1,0.8997,124.78,0.8144,1,1.0,122.07,0.6751,1,1.0,122.22,0.6633,fast
data\test\Banana__Healthy\Banana__Healthy_augmented_168.jpg,Banana__Healthy,burst,224,224,5.29,399.21,188.73,0.0218,1,0.8853,1257.13,0.4365,1,1.0,1752.28,0.1311,1,0.9995,2040.78,0.0231,fast
data\test\Mango__Rotten\609.jpg,Mango__Rotten,light,224,224,10.47,456.86,105.96,0.108,1,0.9603,22.42,0.8485,1,1.0,169.69,0.6592,1,0.9997,61.23,0.6837,fast
data\test\Mango__Rotten\779.jpg,Mango__Rotten,heavy,224,224,6.06,81.09,97.72,0.0216,1,0.9779,621.87,0.6485,1,1.0,1152.47,0.3313,1,1.0,1032.15,0.3597,fast
data\test\Carrot__Rotten\rottenCarrot (116).jpg,Carrot__Rotten,light,100,100,6.35,2314.67,178.57,0.1724,1,0.4446,31.88,0.8454,1,0.9993,43.83,0.7012,1,0.9911,107.77,0.6682,fast
data\test\Apple__Rotten\saltandpepper_Screen Shot 2018-06-07 at 2.46.12 PM.png,Apple__Rotten,burst,312,266,81.26,3344.74,214.84,0.07,1,0.9896,1092.31,0.4915,1,1.0,1768.04,0.1258,1,1.0,73.32,0.6797,heavy
data\test\Apple__Healthy\freshApple (720).png,Apple__Healthy,light,320,258,119.17,925.99,147.33,0.0787,1,0.5996,178.22,0.7965,1,0.9952,135.99,0.6705,1,0.9657,62.14,0.6834,fast
data\test\Apple__Rotten\rotated_by_60_Screen Shot 2018-06-07 at 2.40.55 PM.png,Apple__Rotten,light,408,354,145.55,433.57,136.14,0.0132,1,0.9621,23.24,0.8483,1,1.0,190.07,0.6524,1,1.0,44.99,0.6891,fast
data\test\Banana__Rotten\saltandpepper_Screen Shot 2018-06-12 at 9.13.39 PM.png,Banana__Rotten,light,372,312,80.98,3762.05,200.7,0.0656,1,0.906,27.19,0.8469,1,0.9999,124.71,0.6742,1,0.9987,138.8,0.6578,fast
data\test\Banana__Rotten\rotated_by_30_Screen Shot 2018-06-12 at 9.01.21 PM.png,Banana__Rotten,light,602,410,169.8,389.01,172.87,0.0346,1,0.9962,37.23,0.8436,1,1.0,92.3,0.6851,1,1.0,107.12,0.6684,fast
data\test\Mango__Healthy\445.jpg,Mango__Healthy,light,224,224,2.99,15.57,142.64,0.0068,1,0.9547,47.04,0.8403,1,1.0,230.44,0.639,1,1.0,45.78,0.6889,fast
data\test\Orange__Healthy\vertical_flip_Screen Shot 2018-06-12 at 11.53.17 PM.png,Orange__Healthy,heavy,160,154,28.37,22.16,193.46,0.0172,1,0.7425,657.1,0.6367,1,0.9999,1085.53,0.3536,1,0.9996,1058.38,0.3509,fast
data\test\Orange__Healthy\Screen Shot 2018-06-13 at 12.08.54 AM.png,Orange__Healthy,light,334,306,114.44,22.74,207.58,0.0129,1,0.9519,42.59,0.8418,1,1.0,72.3,0.6917,1,0.9999,107.3,0.6683,fast
data\test\Banana__Healthy\rotated_by_45_Screen Shot 2018-06-12 at 9.40.02 PM.png,Banana__Healthy,light,766,412,112.64,349.58,163.77,0.006,1,0.9937,21.36,0.8489,1,1.0,144.47,0.6677,1,0.9999,50.69,0.6872,fast
data\test\Apple__Rotten\rottenApple (76).jpg,Apple__Rotten,heavy,3120,3614,1351.28,20.84,167.68,0.0007,0,0.5329,684.38,-0.3724,1,0.9995,1194.45,0.3172,1,1.0,1200.84,0.3034,balanced
data\test\Tomato__Healthy\freshTomato (102).png,Tomato__Healthy,heavy,480,322,190.98,551.86,115.48,0.0691,1,0.9909,194.63,0.7911,1,1.0,1065.28,0.3603,1,1.0,1267.9,0.281,fast
data\test\Mango__Rotten\rottenMango (342).jpg,Mango__Rotten,light,240,160,16.26,1368.37,127.46,0.1578,0,0.3674,68.99,-0.167,0,0.4879,27.41,-0.2933,1,0.8849,138.23,0.658,heavy
data\test\Apple__Healthy\vertical_flip_Screen Shot 2018-06-08 at 5.05.41 PM.png,Apple__Healthy,light,468,430,153.2,16.03,214.48,0.0069,0,0.3555,13.24,-0.1484,1,1.0,415.9,0.5771,1,0.9991,158.68,0.6512,heavy
data\test\Mango__Healthy\522.jpg,Mango__Healthy,light,224,224,10.79,536.34,118.7,0.1625,1,0.9744,82.32,0.8285,1,1.0,139.81,0.6692,1,1.0,184.41,0.6426,fast
data\test\Orange__Rotten\rotated_by_45_Screen Shot 2018-06-12 at 11.32.33 PM.png,Orange__Rotten,burst,288,228,64.28,586.3,142.62,0.03,1,0.7412,1287.57,0.4263,1,1.0,1726.76,0.1396,1,1.0,1356.72,0.2514,fast
data\test\Grape__Healthy\FreshGrape (45).jpg,Grape__Healthy,light,736,799,53.02,26.69,172.31,0.0054,1,0.6242,20.21,0.8493,1,0.9996,96.84,0.6835,1,0.9999,89.43,0.6743,fast
data\test\Cucumber__Rotten\rottenCucumber (380).JPG,Cucumber__Rotten,light,4032,3024,2984.73,102.6,165.7,0.0024,1,0.883,123.46,0.8148,1,1.0,27.52,0.7067,1,0.9997,88.68,0.6745,fast
data\test\Cucumber__Healthy\freshCucumber (130).jpg,Cucumber__Healthy,heavy,600,397,15.74,269.56,218.09,0.053,0,0.4746,181.72,-0.2046,1,0.9862,1090.78,0.3518,1,0.9847,1251.3,0.2865,balanced
data\test\Mango__Rotten\361.jpg,Mango__Rotten,light,224,224,3.85,78.54,144.88,0.0233,1,0.9884,18.91,0.8497,1,1.0,111.85,0.6785,1,0.9998,19.48,0.6976,fast
data\test\Carrot__Healthy\freshCarrot (74).jpg,Carrot__Healthy,light,224,224,14.39,274.7,102.33,0.0772,1,0.9471,23.96,0.848,1,1.0,102.1,0.6818,1,1.0,43.48,0.6896,fast
data\test\Orange__Healthy\rotated_by_60_Screen Shot 2018-06-13 at 12.02.33 AM.png,Orange__Healthy,heavy,292,244,80.57,561.15,136.35,0.022,1,0.9782,570.67,0.6656,1,1.0,857.64,0.4296,1,0.9999,1049.77,0.3538,fast
data\test\Strawberry__Rotten\716.jpg,Strawberry__Rotten,light,224,224,9.72,366.27,113.8,0.0616,1,0.8956,46.58,0.8405,1,1.0,100.0,0.6825,1,1.0,115.88,0.6655,fast
data\test\Strawberry__Healthy\475.jpg,Strawberry__Healthy,light,224,224,2.89,29.72,144.27,0.008,1,0.8698,66.76,0.8337,1,1.0,48.18,0.6998,1,1.0,57.71,0.6849,fast
data\test\Bellpepper__Healthy\freshPepper (561).jpg,Bellpepper__Healthy,heavy,224,224,13.88,462.93,76.81,0.0672,1,0.9944,442.09,0.7085,1,0.9999,1161.56,0.3282,1,0.9999,1228.87,0.294,fast
data\test\Orange__Rotten\rotated_by_15_Screen Shot 2018-06-12 at 11.18.41 PM.png,Orange__Rotten,heavy,274,240,65.21,537.01,186.23,0.0203,1,0.9861,638.23,0.643,1,1.0,1037.3,0.3697,1,1.0,1265.29,0.2819,fast
data\test\Apple__Rotten\rotated_by_30_Screen Shot 2018-06-08 at 2.42.30 PM.png,Apple__Rotten,light,376,406,121.73,468.14,175.6,0.0139,1,0.6597,17.3,0.8502,1,0.9997,56.53,0.697,1,0.9998,178.82,0.6445,fast
data\test\Mango__Healthy\835.jpg,Mango__Healthy,heavy,224,224,4.92,23.15,102.6,0.0053,0,0.4557,656.58,-0.3631,1,1.0,1276.18,0.29,1,1.0,1220.16,0.2969,heavy
data\test\Bellpepper__Rotten\rottenPepper (415).jpg,Bellpepper__Rotten,heavy,275,183,5.6,1162.4,193.56,0.082,0,0.312,621.75,-0.3515,1,0.9927,820.25,0.4421,1,0.9871,1239.57,0.2904,balanced
data\test\Carrot__Rotten\rottenCarrot (345).jpg,Carrot__Rotten,heavy,100,100,2.71,833.89,116.39,0.1458,1,0.5785,709.82,0.6191,1,0.9997,848.86,0.4326,1,0.9788,835.92,0.4252,fast
data\test\Carrot__Healthy\freshCarrot (259).jpg,Carrot__Healthy,light,224,224,13.38,211.89,105.15,0.044,1,0.854,25.53,0.8475,1,1.0,48.49,0.6997,1,1.0,66.98,0.6818,fast
data\test\Orange__Rotten\rottenOrange (138).jpg,Orange__Rotten,light,2133,2162,634.19,23.97,164.02,0.002,1,0.9156,34.82,0.8444,1,1.0,67.68,0.6933,1,0.9999,21.37,0.697,fast
data\test\Banana__Rotten\rotated_by_75_Screen Shot 2018-06-12 at 8.52.37 PM.png,Banana__Rotten,light,446,336,127.26,447.76,145.72,0.0423,1,0.9798,66.72,0.8338,1,1.0,106.51,0.6803,1,0.9999,107.17,0.6684,fast
data\test\Apple__Rotten\rotated_by_15_Screen Shot 2018-06-08 at 2.35.32 PM.png,Apple__Rotten,heavy,336,336,101.63,423.31,153.64,0.015,1,0.9771,674.71,0.6309,1,1.0,1184.77,0.3205,1,0.9997,1144.45,0.3222,fast
data\test\Orange__Rotten\rotated_by_60_Screen Shot 2018-06-12 at 11.44.54 PM.png,Orange__Rotten,light,352,404,130.99,479.6,169.39,0.016,1,0.9555,59.94,0.836,1,1.0,117.51,0.6767,1,1.0,83.45,0.6763,fast
data\test\Orange__Healthy\translation_Screen Shot 2018-06-13 at 12.07.32 AM.png,Orange__Healthy,heavy,614,396,217.4,544.37,158.23,0.0197,1,0.5273,474.11,0.6978,1,1.0,1301.11,0.2816,1,1.0,1368.8,0.2473,fast
data\test\Mango__Rotten\aspergillus_018.jpg,Mango__Rotten,light,224,224,7.55,382.54,151.8,0.0473,1,0.9755,14.51,0.8512,1,1.0,125.32,0.674,1,1.0,97.33,0.6716,fast
data\test\Mango__Rotten\aspergillus_053.jpg,Mango__Rotten,heavy,224,224,7.25,185.5,113.04,0.0311,1,0.9967,668.75,0.6328,1,0.9978,241.27,0.6353,1,0.9999,1024.8,0.3621,balanced
data\test\Mango__Rotten\aspergillus_119.jpg,Mango__Rotten,burst,224,224,5.89,52.67,156.47,0.0151,1,0.8944,1180.92,0.4619,1,1.0,1751.75,0.1313,1,1.0,2652.06,0.0041,fast
data\test\Banana__Rotten\rotated_by_15_Screen Shot 2018-06-12 at 9.10.41 PM.png,Banana__Rotten,light,486,426,199.65,438.27,168.95,0.06,1,0.9989,75.1,0.831,1,1.0,25.13,0.7075,1,1.0,109.75,0.6675,fast
data\test\Strawberry__Healthy\216.jpg,Strawberry__Healthy,light,224,224,6.64,244.48,84.41,0.0129,1,0.9895,73.04,0.8316,1,1.0,71.02,0.6922,1,1.0,96.93,0.6718,fast
data\test\Mango__Rotten\aspergillus_090.jpg,Mango__Rotten,heavy,224,224,7.1,1245.55,125.15,0.0392,1,0.9949,780.7,0.5955,1,1.0,1075.95,0.3568,1,1.0,1415.33,0.2318,fast
data\test\Orange__Healthy\saltandpepper_Screen Shot 2018-06-13 at 12.13.35 AM.png,Orange__Healthy,heavy,414,410,161.86,2927.24,200.33,0.0395,1,0.9333,622.9,0.6481,1,1.0,1050.22,0.3654,1,0.9998,1017.76,0.3645,fast
data\test\Cucumber__Rotten\rottenCucumber (494).jpg,Cucumber__Rotten,burst,248,203,6.12,1266.28,114.15,0.0734,0,0.8737,1016.74,-0.4833,1,0.9999,1544.95,0.2003,1,0.9496,2757.6,0.0041,balanced
data\test\Banana__Rotten\vertical_flip_Screen Shot 2018-06-12 at 9.03.40 PM.png,Banana__Rotten,light,274,398,221.41,360.44,137.57,0.1899,1,0.9838,20.66,0.8491,1,1.0,78.51,0.6897,1,1.0,204.63,0.6358,fast
data\test\Mango__Healthy\freshMango (125).jpg,Mango__Healthy,heavy,224,224,9.9,322.56,122.67,0.0439,1,0.9799,699.68,0.6225,1,1.0,3512.51,0.0159,1,1.0,1087.72,0.3411,fast
data\test\Cucumber__Healthy\freshCucumber (467).jpg,Cucumber__Healthy,heavy,100,100,2.59,922.15,200.96,0.138,1,0.6532,799.16,0.5893,1,1.0,1077.58,0.3562,1,0.9902,1027.73,0.3611,fast
data\test\Strawberry__Healthy\324.jpg,Strawberry__Healthy,light,224,224,3.07,68.84,139.97,0.0098,1,0.9698,65.2,0.8343,1,0.9999,107.5,0.68,1,0.9997,65.08,0.6824,fast
data\test\Strawberry__Healthy\911.jpg,Strawberry__Healthy,heavy,224,224,6.57,133.2,129.25,0.021,1,0.8353,620.63,0.6489,1,1.0,226.18,0.6404,1,0.9999,1047.29,0.3546,fast
data\test\Apple__Rotten\saltandpepper_Screen Shot 2018-06-07 at 2.39.53 PM.png,Apple__Rotten,light,276,232,62.96,3598.25,197.92,0.0621,1,0.931,17.13,0.8503,1,1.0,57.8,0.6966,1,0.9999,121.31,0.6636,fast
data\test\Cucumber__Healthy\freshCucumber (7).png,Cucumber__Healthy,light,454,586,488.87,1009.36,91.17,0.1147,1,0.8689,25.45,0.8475,1,1.0,63.25,0.6948,1,0.9293,172.16,0.6467,fast
data\test\Banana__Rotten\rottenBanana (165).jpg,Banana__Rotten,heavy,3070,1578,613.11,20.44,170.88,0.0013,1,0.871,623.97,0.6478,1,1.0,1212.55,0.3112,1,0.9999,1188.22,0.3076,fast
data\test\Potato__Rotten\rottenPotato (59).jpg,Potato__Rotten,burst,259,194,6.11,503.78,134.33,0.1027,1,0.8173,199.26,0.7895,1,0.9974,1762.21,0.1278,1,0.9658,2098.8,0.0041,fast
data\test\Bellpepper__Rotten\rottenPepper (503).jpg,Bellpepper__Rotten,heavy,220,229,5.61,1349.09,209.03,0.0667,1,0.3174,819.11,0.5827,1,0.9957,1023.29,0.3744,1,0.9905,1069.32,0.3473,fast
data\test\Orange__Rotten\rottenOrange (132).jpg,Orange__Rotten,heavy,2197,2343,604.11,15.19,157.92,0.0007,0,0.2991,628.61,-0.3538,1,0.9972,1050.22,0.3654,1,0.9998,1228.87,0.294,balanced
data\test\Guava__Rotten\RottenGuava (14).jpg,Guava__Rotten,light,3383,2506,1332.05,100.28,164.43,0.008,1,0.7161,99.95,0.8227,1,1.0,25.28,0.7074,1,0.9998,122.22,0.6633,fast
data\test\Carrot__Rotten\rottenCarrot (97).jpg,Carrot__Rotten,heavy,100,100,7.98,4945.46,128.39,0.2451,1,0.5794,635.04,0.6441,1,0.9969,829.1,0.4392,1,0.9536,1017.76,0.3645,fast
data\test\Banana__Healthy\rotated_by_60_Screen Shot 2018-06-12 at 9.52.37 PM.png,Banana__Healthy,burst,360,426,146.79,412.14,173.63,0.0278,1,0.9999,1411.75,0.3849,1,1.0,2212.66,0.0159,1,1.0,947.68,0.3879,heavy
data\test\Mango__Healthy\freshMango (200).png,Mango__Healthy,light,320,258,117.28,1466.04,147.76,0.0925,1,0.8489,17.13,0.8503,1,0.9994,139.66,0.6693,1,0.9934,83.56,0.6762,fast
data\test\Strawberry__Healthy\502.jpg,Strawberry__Healthy,heavy,224,224,3.38,46.57,145.74,0.0089,1,0.9208,519.38,0.6827,1,1.0,1160.49,0.3286,1,0.9999,923.42,0.396,fast
data\test\Mango__Rotten\aspergillus_004.jpg,Mango__Rotten,burst,224,224,8.33,2006.19,142.51,0.0574,1,0.9403,1411.75,0.3849,1,1.0,173.46,0.658,1,1.0,3134.26,0.0041,balanced
data\test\Orange__Rotten\rotated_by_60_Screen Shot 2018-06-12 at 11.27.12 PM.png,Orange__Rotten,light,310,266,106.97,669.67,126.92,0.0397,1,0.6301,154.64,0.8044,1,0.6689,63.49,0.6947,1,0.9295,60.87,0.6838,fast
data\test\Potato__Healthy\freshPotato (382).jpg,Potato__Healthy,light,224,224,11.68,32.05,101.36,0.007,1,0.8367,40.5,0.8425,1,1.0,111.14,0.6788,1,1.0,63.37,0.683,fast
data\test\Tomato__Healthy\freshTomato (159).png,Tomato__Healthy,light,480,322,194.96,581.32,152.74,0.0806,1,0.9998,45.69,0.8408,1,1.0,164.23,0.6611,1,1.0,62.97,0.6831,fast
data\test\Strawberry__Healthy\freshStrawberry (383).jpg,Strawberry__Healthy,light,224,224,3.99,58.64,140.07,0.0178,1,0.7049,66.68,0.8338,1,1.0,97.19,0.6834,1,1.0,109.58,0.6676,fast
data\test\Apple__Rotten\vertical_flip_Screen Shot 2018-06-08 at 2.31.33 PM.png,Apple__Rotten,heavy,300,284,63.53,43.43,203.35,0.0254,1,0.9554,709.82,0.6191,1,0.9988,1192.34,0.3179,1,0.9982,997.88,0.3711,fast
data\test\Apple__Rotten\rottenApple (17).jpg,Apple__Rotten,light,2774,2377,994.89,64.02,152.72,0.0036,0,0.3841,66.76,-0.1663,1,0.9837,115.93,0.6772,1,0.9775,30.34,0.694,heavy
data\test\Apple__Rotten\translation_Screen Shot 2018-06-07 at 2.50.31 PM.png,Apple__Rotten,heavy,374,314,103.51,814.02,166.48,0.0402,1,0.9356,609.05,0.6528,1,1.0,1361.81,0.2614,1,0.9988,1019.57,0.3639,fast
data\test\Mango__Healthy\healthy_140.jpg,Mango__Healthy,light,224,224,5.59,127.3,134.93,0.0161,1,0.7819,174.21,0.7979,1,1.0,209.07,0.6461,1,1.0,86.78,0.6752,fast
data\test\Jujube__Rotten\RottenJujube (154).jpg,Jujube__Rotten,light,706,691,58.83,11.24,162.89,0.0033,1,0.5175,33.59,0.8448,1,0.9986,81.48,0.6887,1,0.9982,140.19,0.6573,fast
data\test\Orange__Healthy\freshOrange (127).jpg,Orange__Healthy,heavy,2488,2216,552.21,13.06,168.27,0.0016,1,0.699,624.28,0.6477,1,1.0,1023.29,0.3744,1,0.9963,998.39,0.3709,fast
data\test\Cucumber__Healthy\freshCucumber (574).jpg,Cucumber__Healthy,burst,480,848,13.98,41.2,162.8,0.008,1,0.9578,476.08,0.6971,1,1.0,1788.19,0.1191,1,0.9716,2262.16,0.0041,fast
data\test\Guava__Rotten\RottenGuava (38).jpg,Guava__Rotten,light,3331,2465,1149.51,60.21,163.65,0.0044,1,0.9175,112.8,0.8184,1,0.9997,34.84,0.7042,1,0.9999,141.69,0.6568,fast
data\test\Mango__Rotten\lasio_090.jpg,Mango__Rotten,light,224,224,7.58,290.63,97.83,0.0312,1,0.9955,37.16,0.8436,1,1.0,90.99,0.6855,1,1.0,63.65,0.6829,fast
data\test\Mango__Healthy\685.jpg,Mango__Healthy,heavy,224,224,5.81,53.03,119.2,0.0123,1,0.9855,668.23,0.633,1,1.0,1131.47,0.3383,1,1.0,529.53,0.5274,fast
data\test\Banana__Healthy\freshBanana (44).jpg,Banana__Healthy,burst,1303,828,94.64,14.99,159.82,0.0042,1,0.8754,799.37,0.5892,1,0.9999,1542.84,0.201,1,0.9977,739.48,0.4573,fast
data\test\Banana__Rotten\rotated_by_15_Screen Shot 2018-06-12 at 9.19.28 PM.png,Banana__Rotten,heavy,444,288,172.81,108.18,69.71,0.0376,1,0.9988,608.02,0.6531,1,1.0,1162.08,0.328,1,0.9999,1106.66,0.3348,fast
data\test\Orange__Healthy\translation_Screen Shot 2018-06-12 at 11.52.12 PM.png,Orange__Healthy,light,504,404,194.8,542.28,154.83,0.0188,1,0.9936,42.55,0.8418,1,1.0,65.5,0.694,1,0.9997,138.94,0.6578,fast
data\test\Bellpepper__Healthy\freshPepper (398).jpg,Bellpepper__Healthy,heavy,224,224,8.28,97.92,137.52,0.0172,1,0.8989,641.81,0.6418,1,0.9999,1162.82,0.3278,1,0.9983,890.48,0.4069,fast
data\test\Orange__Healthy\freshOrange (242).jpg,Orange__Healthy,burst,416,394,180.97,2843.4,194.89,0.039,1,0.958,1600.87,0.3218,1,0.9985,1818.73,0.1089,1,0.9858,1633.38,0.159,fast
data\test\Potato__Healthy\freshPotato (306).jpg,Potato__Healthy,heavy,224,224,7.95,89.27,180.32,0.0207,1,0.9404,567.67,0.6666,1,0.9999,1201.01,0.3151,1,0.9992,1165.59,0.3151,fast
data\test\Banana__Healthy\rotated_by_60_Screen Shot 2018-06-12 at 10.02.36 PM.png,Banana__Healthy,light,580,384,89.27,381.2,173.21,0.0087,1,0.9856,50.22,0.8393,1,1.0,92.49,0.685,1,0.9999,121.31,0.6636,fast
data\test\Potato__Healthy\freshPotato (250).jpg,Potato__Healthy,light,224,224,9.76,148.62,135.89,0.0485,1,0.7081,12.94,0.8517,1,1.0,300.59,0.6155,1,0.9997,136.23,0.6587,fast
data\test\Grape__Healthy\FreshGrape (124).jpg,Grape__Healthy,heavy,975,772,76.72,49.95,153.26,0.0131,1,0.8482,624.28,0.6477,1,1.0,1228.01,0.306,1,1.0,1019.58,0.3639,fast
data\test\Mango__Healthy\healthy_139.jpg,Mango__Healthy,heavy,224,224,4.73,72.22,149.78,0.0125,1,0.9484,647.16,0.64,1,1.0,967.3,0.393,1,1.0,1033.07,0.3594,fast
data\test\Apple__Rotten\rotated_by_75_Screen Shot 2018-06-07 at 2.42.18 PM.png,Apple__Rotten,burst,448,400,151.51,289.99,159.5,0.0086,1,0.9114,1420.28,0.382,1,1.0,924.63,0.4073,1,1.0,854.83,0.4188,heavy
data\test\Strawberry__Healthy\freshStrawberry (382).jpg,Strawberry__Healthy,light,224,224,3.33,45.14,139.68,0.0135,1,0.9268,44.01,0.8413,1,1.0,143.06,0.6681,1,0.9998,76.36,0.6786,fast
data\test\Pomegranate__Healthy\FreshPomegranate (13).jpg,Pomegranate__Healthy,burst,1604,1729,385.97,27.31,124.79,0.0028,1,0.6823,1356.75,0.4032,1,1.0,1201.72,0.3148,1,0.9948,3136.14,0.0041,fast
data\test\Tomato__Rotten\rottenTomato (342).jpg,Tomato__Rotten,light,224,224,3.97,57.4,137.03,0.018,1,0.8507,427.32,0.7134,1,1.0,99.38,0.6827,1,0.9999,168.42,0.6479,fast
data\test\Banana__Healthy\rotated_by_45_Screen Shot 2018-06-12 at 9.42.49 PM.png,Banana__Healthy,heavy,584,432,148.93,415.61,165.52,0.0181,1,0.982,663.0,0.6348,1,1.0,1147.36,0.333,1,0.9999,797.29,0.438,fast
data\test\Banana__Healthy\rotated_by_75_Screen Shot 2018-06-12 at 9.49.23 PM.png,Banana__Healthy,burst,550,402,119.1,276.7,176.11,0.0081,1,0.983,11.38,0.8522,1,1.0,1243.19,0.301,1,1.0,2776.57,0.0041,fast
data\test\Mango__Healthy\881.jpg,Mango__Healthy,heavy,224,224,6.29,84.8,119.18,0.0218,1,0.9864,196.63,0.7904,1,0.9995,1132.51,0.3379,1,0.9995,766.43,0.4483,fast
data\test\Apple__Rotten\Screen Shot 2018-06-08 at 2.26.34 PM.png,Apple__Rotten,light,376,362,186.68,14.51,135.9,0.0094,1,0.416,116.5,0.8171,1,1.0,62.28,0.6951,1,1.0,201.01,0.637,fast
data\test\Carrot__Rotten\rottenCarrot (383).jpg,Carrot__Rotten,light,264,191,4.81,579.51,214.93,0.0476,1,0.5564,112.8,0.8184,1,0.9986,68.6,0.693,1,0.9921,113.52,0.6662,fast
data\test\Banana__Rotten\Screen Shot 2018-06-12 at 9.07.08 PM.png,Banana__Rotten,light,606,382,178.18,22.41,163.75,0.0088,1,0.9179,78.98,0.8297,1,0.9948,68.8,0.6929,1,1.0,107.3,0.6683,fast
data\test\Carrot__Healthy\freshCarrot (367).jpg,Carrot__Healthy,heavy,100,100,1.76,304.48,242.08,0.0554,1,0.3574,583.66,0.6612,1,0.9993,1067.04,0.3598,1,0.5779,1114.31,0.3323,fast
data\test\Orange__Rotten\rottenOrange (205).jpg,Orange__Rotten,heavy,458,424,168.03,39.38,198.41,0.0147,1,0.9735,698.18,0.623,1,1.0,1255.02,0.297,1,0.9993,1068.8,0.3474,fast
data\test\Potato__Rotten\rottenPotato (42).jpg,Potato__Rotten,heavy,259,194,3.89,35.89,50.25,0.0173,0,0.4998,726.55,-0.3865,1,0.9909,375.2,0.5907,1,0.9294,581.64,0.51,balanced
data\test\Strawberry__Rotten\190.jpg,Strawberry__Rotten,light,224,224,3.71,88.07,140.06,0.0219,1,0.9575,68.99,0.833,1,1.0,131.57,0.672,1,1.0,187.71,0.6415,fast
data\test\Mango__Healthy\healthy_071.jpg,Mango__Healthy,heavy,224,224,5.7,77.49,164.93,0.0104,1,0.6847,537.76,0.6766,1,1.0,1045.45,0.367,1,1.0,1111.51,0.3332,fast
data\test\Strawberry__Healthy\458.jpg,Strawberry__Healthy,heavy,224,224,2.96,53.69,140.07,0.0103,1,0.9911,623.91,0.6478,1,0.9974,1185.17,0.3203,1,1.0,1099.62,0.3372,fast
data\test\Pomegranate__Rotten\RottenPomegranate (57).jpg,Pomegranate__Rotten,light,411,534,63.55,702.73,191.45,0.0449,0,0.2542,117.62,-0.1832,1,1.0,114.37,0.6777,1,0.9934,484.53,0.5424,balanced
data\test\Potato__Rotten\rottenPotato (81).jpg,Potato__Rotten,light,154,327,7.47,2045.2,96.42,0.114,1,0.6371,26.9,0.847,1,0.6648,85.09,0.6875,1,0.8062,71.1,0.6804,fast
data\test\Apple__Rotten\rottenApple (464).jpg,Apple__Rotten,heavy,388,280,32.42,1522.51,112.15,0.1033,0,0.5282,709.29,-0.3807,0,0.5938,1301.11,-0.7184,0,0.4778,906.45,-0.5984,fast
data\test\Mango__Rotten\rottenMango (233).jpg,Mango__Rotten,light,224,224,6.29,97.24,124.43,0.0229,1,0.8043,92.57,0.8251,1,0.9999,22.14,0.7085,1,1.0,82.68,0.6765,fast
data\test\Apple__Healthy\rotated_by_15_Screen Shot 2018-06-08 at 5.19.15 PM.png,Apple__Healthy,light,390,406,181.32,430.44,121.65,0.0319,1,0.6897,19.71,0.8494,1,1.0,126.03,0.6738,1,1.0,128.44,0.6613,fast
data\test\Potato__Healthy\freshPotato (41).jpg,Potato__Healthy,light,265,190,6.36,910.9,138.32,0.0663,0,0.6889,45.91,-0.1593,0,0.9752,85.46,-0.3127,0,0.9883,86.06,-0.3246,fast
data\test\Orange__Healthy\vertical_flip_Screen Shot 2018-06-12 at 11.56.55 PM.png,Orange__Healthy,light,378,372,141.22,31.35,191.51,0.0123,1,0.9796,14.9,0.8511,1,1.0,76.88,0.6902,1,1.0,108.15,0.668,fast
data\test\Strawberry__Rotten\rottenStrawberry (259).jpg,Strawberry__Rotten,burst,224,224,10.71,608.42,114.62,0.1124,1,0.9969,1426.68,0.3799,1,1.0,1502.01,0.2146,1,1.0,1757.01,0.1178,fast
data\test\Pomegranate__Rotten\RottenPomegranate (49).jpg,Pomegranate__Rotten,light,4160,3120,3037.02,65.23,193.81,0.0057,0,0.3302,65.2,-0.1657,1,0.6604,206.23,0.647,1,0.5202,158.68,0.6512,heavy
data\test\Mango__Rotten\240.jpg,Mango__Rotten,light,224,224,3.65,32.14,142.42,0.0124,1,0.9909,44.01,0.8413,1,1.0,104.16,0.6811,1,0.9996,149.2,0.6543,fast
data\test\Carrot__Healthy\freshCarrot (414).jpg,Carrot__Healthy,light,2869,2869,2225.41,500.15,121.82,0.0899,1,0.8009,21.97,0.8487,1,0.9992,153.33,0.6647,1,0.996,190.31,0.6406,fast
data\test\Orange__Rotten\rotated_by_60_Screen Shot 2018-06-12 at 11.33.00 PM.png,Orange__Rotten,burst,274,240,100.67,595.84,151.87,0.0549,1,0.9991,474.58,0.6976,1,1.0,1541.81,0.2013,1,1.0,396.76,0.5717,fast
data\test\Apple__Rotten\rottenApple (143).jpg,Apple__Rotten,heavy,3120,4160,1880.96,17.99,199.56,0.0008,1,0.378,734.83,0.6108,1,0.9994,1152.9,0.3311,1,0.9994,992.26,0.373,fast
data\test\Mango__Rotten\rottenMango (388).jpg,Mango__Rotten,light,224,224,5.04,466.97,118.11,0.0416,1,0.9386,48.09,0.84,1,1.0,147.28,0.6667,1,0.9999,69.11,0.6811,fast
data\test\Strawberry__Rotten\849.jpg,Strawberry__Rotten,light,224,224,7.21,204.8,124.66,0.0248,1,0.6541,35.43,0.8442,1,0.9996,176.52,0.657,1,0.9937,62.0,0.6834,fast
data\test\Orange__Rotten\rottenOrange (177).jpg,Orange__Rotten,burst,2265,1950,610.79,33.94,150.82,0.0029,1,0.721,960.94,0.5353,1,0.9999,1431.29,0.2382,1,0.9999,2583.21,0.0041,fast
data\test\Apple__Rotten\rotated_by_60_Screen Shot 2018-06-07 at 2.43.13 PM.png,Apple__Rotten,light,458,420,188.65,367.54,109.73,0.0123,1,0.7448,47.85,0.8401,1,1.0,72.94,0.6915,1,0.9916,196.59,0.6385,fast
data\test\Carrot__Healthy\freshCarrot (263).jpg,Carrot__Healthy,burst,224,224,16.84,930.67,102.4,0.1088,1,0.9756,1015.05,0.5173,1,1.0,2146.52,0.0159,1,1.0,2776.04,0.0041,fast
data\test\Tomato__Rotten\rottenTomato (18).jpg,Tomato__Rotten,heavy,1600,1168,183.18,421.98,175.62,0.0409,1,0.4191,684.17,0.6277,1,1.0,627.51,0.5064,1,1.0,1058.9,0.3507,fast
data\test\Apple__Healthy\rotated_by_15_Screen Shot 2018-06-08 at 5.06.40 PM.png,Apple__Healthy,heavy,476,428,223.78,315.92,135.84,0.0179,1,0.9946,734.02,0.6111,1,1.0,1131.47,0.3383,1,1.0,49.62,0.6876,heavy
data\test\Banana__Healthy\freshBanana (413).jpg,Banana__Healthy,light,224,224,6.3,138.22,130.38,0.0206,1,0.9532,27.92,0.8467,1,1.0,44.94,0.7009,1,0.9997,147.01,0.6551,fast
data\test\Carrot__Healthy\freshCarrot (343).jpg,Carrot__Healthy,light,224,224,12.73,200.24,97.36,0.0404,1,0.9661,70.4,0.8325,1,1.0,131.41,0.672,1,1.0,178.7,0.6445,fast
data\test\Cucumber__Rotten\rottenCucumber (346).jpg,Cucumber__Rotten,light,262,192,4.33,525.35,201.74,0.0497,0,0.5394,123.4,-0.1852,1,0.9969,148.94,0.6662,1,0.8296,184.19,0.6427,balanced
data\test\Orange__Healthy\vertical_flip_Screen Shot 2018-06-12 at 11.55.42 PM.png,Orange__Healthy,heavy,328,332,96.87,22.22,197.68,0.0108,1,0.9893,627.68,0.6465,1,1.0,1209.46,0.3122,1,0.9991,1166.78,0.3147,fast
data\test\Mango__Healthy\freshMango (182).png,Mango__Healthy,heavy,320,258,108.19,1931.19,124.47,0.0756,1,0.5391,621.75,0.6485,1,0.9984,1086.41,0.3533,1,0.9958,1239.57,0.2904,fast
data\test\Strawberry__Healthy\freshStrawberry (544).jpg,Strawberry__Healthy,heavy,224,224,9.8,420.41,115.8,0.0597,1,0.4684,732.51,0.6116,1,1.0,987.03,0.3865,1,0.9996,1087.72,0.3411,fast
data\test\Cucumber__Healthy\freshCucumber (584).jpg,Cucumber__Healthy,burst,848,480,7.23,29.15,163.26,0.008,1,0.9948,1248.27,0.4394,1,0.9998,1895.72,0.0832,1,0.9967,1729.37,0.127,fast
data\test\Banana__Healthy\rotated_by_30_Screen Shot 2018-06-12 at 9.42.29 PM.png,Banana__Healthy,heavy,298,484,79.19,478.65,186.36,0.0104,1,0.5808,626.68,0.6469,1,1.0,1077.57,0.3562,1,1.0,1017.76,0.3645,fast
data\test\Banana__Healthy\freshBanana (43).jpg,Banana__Healthy,light,549,698,54.09,41.46,169.17,0.0085,1,0.8278,124.87,0.8143,1,0.9934,147.0,0.6668,1,0.9995,79.14,0.6777,fast
data\test\Strawberry__Healthy\610.jpg,Strawberry__Healthy,light,224,224,9.07,296.12,118.48,0.0378,1,0.8324,27.17,0.847,1,1.0,25.45,0.7074,1,1.0,149.51,0.6542,fast
data\test\Potato__Healthy\freshPotato (109).jpg,Potato__Healthy,light,100,100,4.03,1516.59,190.24,0.0425,1,0.9583,12.92,0.8517,1,0.9993,51.17,0.6988,1,0.9983,64.33,0.6827,fast
data\test\Strawberry__Rotten\75.jpg,Strawberry__Rotten,light,224,224,3.82,82.68,133.27,0.0174,1,0.9887,64.95,0.8343,1,1.0,83.87,0.6879,1,1.0,197.45,0.6382,fast
data\test\Tomato__Rotten\rottenTomato (473).jpg,Tomato__Rotten,light,224,224,10.34,598.54,114.05,0.122,0,0.7934,67.55,-0.1665,1,1.0,57.75,0.6966,1,1.0,58.83,0.6845,balanced
data\test\Mango__Healthy\738.jpg,Mango__Healthy,heavy,224,224,5.64,57.93,110.93,0.0063,1,0.8371,625.45,0.6473,1,1.0,1138.84,0.3358,1,1.0,1265.81,0.2817,fast
data\test\Grape__Healthy\FreshGrape (175).jpg,Grape__Healthy,light,885,587,76.54,129.25,148.33,0.0158,1,0.8471,84.41,0.8279,1,1.0,130.04,0.6725,1,0.9997,50.32,0.6873,fast
data\test\Potato__Healthy\freshPotato (602).jpg,Potato__Healthy,heavy,310,310,13.0,350.84,197.86,0.0337,0,0.4337,474.63,-0.3024,1,0.9453,1209.8,0.3121,1,0.9985,1114.31,0.3323,heavy
data\test\Strawberry__Rotten\237.jpg,Strawberry__Rotten,light,224,224,3.71,133.19,143.46,0.0204,1,0.9361,129.99,0.8126,1,1.0,47.96,0.6999,1,1.0,153.58,0.6529,fast
data\test\Grape__Healthy\FreshGrape (176).jpg,Grape__Healthy,heavy,719,910,81.05,151.8,152.83,0.0145,1,0.8271,656.06,0.6371,1,0.9999,1180.37,0.3219,1,0.9887,1004.66,0.3688,fast
data\test\Cucumber__Healthy\freshCucumber (85).jpg,Cucumber__Healthy,burst,848,480,39.62,30.65,164.37,0.0078,1,0.9976,1431.06,0.3784,1,1.0,1223.57,0.3075,1,0.9992,396.76,0.5717,heavy
data\test\Guava__Rotten\RottenGuava (164).jpg,Guava__Rotten,light,2766,2703,1315.58,80.73,136.2,0.0074,0,0.5167,71.09,-0.1677,1,1.0,25.89,0.7072,1,0.9972,74.42,0.6793,balanced
data\test\Guava__Rotten\RottenGuava (94).jpg,Guava__Rotten,burst,2277,2371,832.88,115.59,131.64,0.0135,1,0.8415,1015.56,0.5171,1,1.0,925.17,0.4071,1,1.0,2776.04,0.0041,fast
data\test\Orange__Rotten\saltandpepper_Screen Shot 2018-06-12 at 11.40.11 PM.png,Orange__Rotten,light,352,344,155.73,2992.22,181.79,0.0854,1,0.9876,47.19,0.8403,1,1.0,35.03,0.7042,1,1.0,61.41,0.6836,fast
data\test\Mango__Rotten\rottenMango (318).jpg,Mango__Rotten,heavy,259,194,16.38,9137.95,134.74,0.3091,0,0.6779,707.3,-0.38,1,0.8012,1111.67,0.3449,1,0.9716,923.02,0.3961,heavy
data\test\Cucumber__Healthy\freshCucumber (372).jpg,Cucumber__Healthy,heavy,224,224,18.68,819.45,104.84,0.1304,1,0.9692,570.67,0.6656,1,1.0,1111.16,0.345,1,0.9996,1017.76,0.3645,fast
data\test\Banana__Rotten\rotated_by_45_Screen Shot 2018-06-12 at 9.21.25 PM.png,Banana__Rotten,light,228,348,87.58,487.37,111.34,0.0284,1,0.9843,16.75,0.8504,1,1.0,135.24,0.6707,1,0.9999,22.06,0.6968,fast
data\test\Mango__Rotten\rottenMango (208).jpg,Mango__Rotten,burst,224,224,9.76,273.08,112.25,0.0684,1,0.9854,1458.7,0.3692,1,1.0,1722.14,0.1411,1,0.9998,3136.65,0.0041,fast
data\test\Orange__Rotten\vertical_flip_Screen Shot 2018-06-12 at 11.39.19 PM.png,Orange__Rotten,light,292,260,77.59,112.69,54.21,0.0405,1,0.8556,105.86,0.8207,1,0.9981,98.34,0.683,1,0.9999,24.02,0.6961,fast
data\test\Orange__Rotten\rotated_by_15_Screen Shot 2018-06-12 at 11.44.48 PM.png,Orange__Rotten,light,366,306,156.44,147.32,132.31,0.0201,1,0.9976,95.66,0.8241,1,1.0,27.41,0.7067,1,0.994,71.13,0.6804,fast
data\test\Apple__Rotten\vertical_flip_Screen Shot 2018-06-07 at 2.51.08 PM.png,Apple__Rotten,light,292,262,78.37,52.05,210.77,0.0371,1,0.9808,74.01,0.8313,1,0.9993,70.0,0.6925,1,0.9988,60.29,0.684,fast
data\test\Cucumber__Healthy\freshCucumber (95).jpg,Cucumber__Healthy,light,848,480,13.61,22.55,163.32,0.007,1,0.9968,19.43,0.8495,1,1.0,143.06,0.6681,1,0.9994,139.45,0.6576,fast
data\test\Orange__Rotten\vertical_flip_Screen Shot 2018-06-12 at 11.41.26 PM.png,Orange__Rotten,heavy,500,452,257.51,33.99,174.45,0.0229,0,0.5486,633.44,-0.3554,1,0.9987,1152.47,0.3313,1,0.9995,1112.51,0.3329,heavy
data\test\Banana__Rotten\rottenBanana (137).jpg,Banana__Rotten,heavy,3420,2062,925.87,34.12,179.06,0.003,1,0.9406,559.79,0.6692,1,1.0,1139.25,0.3357,1,1.0,1108.71,0.3341,fast
data\test\Banana__Rotten\rotated_by_30_Screen Shot 2018-06-12 at 9.20.20 PM.png,Banana__Rotten,light,678,396,148.7,418.75,139.78,0.018,1,0.997,95.9,0.824,1,0.9999,57.75,0.6966,1,0.9994,95.24,0.6723,fast
data\test\Strawberry__Rotten\410.jpg,Strawberry__Rotten,light,224,224,3.28,100.59,151.14,0.0082,1,0.8934,111.52,0.8188,1,1.0,26.71,0.707,1,1.0,29.21,0.6944,fast
data\test\Tomato__Rotten\rottenTomato (122).jpg,Tomato__Rotten,light,243,266,153.05,253.46,174.02,0.0705,1,0.3521,12.25,0.8519,1,0.9965,56.2,0.6971,1,0.9996,184.19,0.6427,fast
data\test\Mango__Healthy\freshMango (7).jpg,Mango__Healthy,light,224,224,3.52,33.25,139.82,0.0088,1,0.8438,58.68,0.8364,1,1.0,48.37,0.6997,1,1.0,22.92,0.6965,fast
data\test\Orange__Healthy\rotated_by_45_Screen Shot 2018-06-13 at 12.15.13 AM.png,Orange__Healthy,heavy,404,346,157.87,463.44,145.29,0.0187,1,0.9377,582.92,0.6615,1,1.0,820.25,0.4421,1,0.9999,1144.45,0.3222,fast
data\test\Apple__Rotten\Screen Shot 2018-06-07 at 2.39.26 PM.png,Apple__Rotten,heavy,344,322,100.35,26.16,205.93,0.0135,1,0.7699,814.29,0.5843,1,1.0,1162.82,0.3278,1,0.9999,1922.68,0.0625,fast
data\test\Carrot__Rotten\rottenCarrot (7).jpg,Carrot__Rotten,burst,195,259,9.86,1640.72,94.03,0.1646,1,0.5187,1254.58,0.4373,1,1.0,1722.14,0.1411,1,1.0,659.53,0.484,heavy
data\test\Orange__Healthy\translation_Screen Shot 2018-06-13 at 12.15.01 AM.png,Orange__Healthy,light,558,478,370.2,208.97,125.19,0.0265,1,0.9482,37.6,0.8435,1,1.0,73.32,0.6914,1,0.9987,107.99,0.6681,fast
data\test\Apple__Rotten\rotated_by_45_Screen Shot 2018-06-08 at 2.52.57 PM.png,Apple__Rotten,heavy,328,284,80.25,608.14,162.72,0.0165,1,0.8905,559.78,0.6692,1,0.9999,1199.07,0.3157,1,0.9999,1241.04,0.29,fast
data\test\Bellpepper__Healthy\freshPepper (292).jpg,Bellpepper__Healthy,light,224,224,7.48,57.78,130.86,0.0175,1,0.9043,59.86,0.836,1,1.0,60.22,0.6958,1,0.9997,59.92,0.6841,fast
data\test\Pomegranate__Healthy\FreshPomegranate (174).jpg,Pomegranate__Healthy,light,3781,2752,1161.48,14.62,133.96,0.0008,1,0.6429,26.9,0.847,1,0.9999,115.29,0.6774,1,0.9985,234.02,0.626,fast
data\test\Apple__Healthy\rotated_by_60_Screen Shot 2018-06-08 at 5.05.27 PM.png,Apple__Healthy,light,434,442,173.69,419.41,138.86,0.0179,1,0.7726,117.83,0.8167,1,1.0,80.32,0.6891,1,0.9998,128.8,0.6611,fast
data\test\Strawberry__Healthy\266.jpg,Strawberry__Healthy,light,224,224,5.56,103.57,94.6,0.0133,1,0.9801,32.29,0.8452,1,1.0,131.78,0.6719,1,1.0,181.86,0.6434,fast
data\test\Strawberry__Rotten\rottenStrawberry (297).jpg,Strawberry__Rotten,light,224,224,9.66,303.21,115.48,0.0402,1,0.4487,8.98,0.853,1,1.0,126.18,0.6738,1,1.0,122.64,0.6632,fast
data\test\Strawberry__Healthy\962.jpg,Strawberry__Healthy,burst,224,224,6.27,108.04,117.64,0.0129,1,0.6443,1355.17,0.4038,1,1.0,1243.19,0.301,1,0.9977,834.48,0.4256,heavy
data\test\Orange__Rotten\rotated_by_45_Screen Shot 2018-06-12 at 11.19.16 PM.png,Orange__Rotten,heavy,494,418,222.72,463.65,138.45,0.0245,1,0.7318,551.41,0.672,1,1.0,1132.76,0.3378,1,0.9935,997.88,0.3711,fast
data\test\Orange__Rotten\rotated_by_30_Screen Shot 2018-06-12 at 11.23.24 PM.png,Orange__Rotten,light,228,168,43.69,949.04,150.78,0.0297,1,0.5302,30.12,0.846,1,0.9965,53.3,0.6981,1,0.9996,61.23,0.6837,fast
data\test\Apple__Rotten\rotated_by_30_Screen Shot 2018-06-08 at 2.37.13 PM.png,Apple__Rotten,heavy,492,424,207.75,426.03,153.37,0.0318,1,0.9064,642.67,0.6415,1,0.9994,908.07,0.4128,1,0.9985,1019.57,0.3639,fast
data\test\Orange__Rotten\rotated_by_75_Screen Shot 2018-06-12 at 11.32.09 PM.png,Orange__Rotten,heavy,398,404,138.39,361.3,194.89,0.0065,1,0.8651,624.29,0.6477,1,1.0,1079.53,0.3556,1,0.9994,994.85,0.3721,fast
data\test\Banana__Healthy\Banana__Healthy_augmented_83.jpg,Banana__Healthy,burst,224,224,6.14,115.13,169.15,0.0282,1,0.8068,1015.56,0.5171,1,1.0,1611.21,0.1782,1,0.9998,636.24,0.4918,fast
data\test\Orange__Healthy\freshOrange (226).png,Orange__Healthy,heavy,480,322,166.97,312.76,129.24,0.0508,1,0.5455,638.23,0.643,1,1.0,1085.84,0.3535,1,0.9996,1220.16,0.2969,fast
data\test\Banana__Healthy\Banana__Healthy_augmented_75.jpg,Banana__Healthy,heavy,224,224,4.26,334.26,198.14,0.0222,1,0.9797,709.82,0.6191,1,1.0,542.97,0.5347,1,1.0,1108.71,0.3341,fast
data\test\Cucumber__Healthy\freshCucumber (234).jpg,Cucumber__Healthy,light,1275,936,259.88,345.74,130.87,0.032,1,0.9606,112.34,0.8185,1,0.8104,35.5,0.704,1,0.692,48.77,0.6879,fast
data\test\Mango__Rotten\rottenMango (477).jpg,Mango__Rotten,burst,224,224,3.87,65.11,109.65,0.0199,1,0.9955,1421.67,0.3816,1,1.0,2016.6,0.0429,1,1.0,2775.05,0.0041,fast
data\test\Strawberry__Rotten\rottenStrawberry (8).jpg,Strawberry__Rotten,light,2847,3127,1085.68,71.76,179.6,0.0055,1,0.6096,88.59,0.8265,1,1.0,197.44,0.65,1,1.0,135.37,0.659,fast
data\test\Orange__Rotten\rottenOrange (240).jpg,Orange__Rotten,light,336,286,143.86,134.16,203.14,0.0797,1,0.9715,21.3,0.8489,1,0.9993,80.85,0.6889,1,0.9616,149.42,0.6543,fast
data\test\Grape__Rotten\RottenGrape (41).jpg,Grape__Rotten,burst,796,587,66.91,12.79,122.58,0.0074,1,0.9612,1164.52,0.4674,1,0.9999,1757.9,0.1292,1,1.0,322.44,0.5965,heavy
data\test\Orange__Healthy\freshOrange (239).png,Orange__Healthy,light,320,258,109.2,857.83,124.53,0.0771,1,0.9435,58.67,0.8364,1,0.9997,145.0,0.6675,1,0.9999,40.99,0.6905,fast
data\test\Strawberry__Healthy\freshStrawberry (355).jpg,Strawberry__Healthy,light,224,224,2.92,41.97,147.45,0.0079,1,0.947,16.79,0.8504,1,1.0,70.42,0.6924,1,0.9754,59.11,0.6844,fast
data\test\Bellpepper__Healthy\freshPepper (443).jpg,Bellpepper__Healthy,light,224,224,9.32,82.28,115.72,0.0337,1,0.9303,84.94,0.8277,1,0.9999,28.31,0.7064,1,0.999,194.93,0.6391,fast
data\test\Apple__Healthy\rotated_by_60_Screen Shot 2018-06-08 at 5.22.48 PM.png,Apple__Healthy,light,432,424,177.52,173.85,103.99,0.0077,1,0.7239,67.08,0.8336,1,1.0,149.84,0.6659,1,0.9954,75.72,0.6789,fast
data\test\Pomegranate__Healthy\FreshPomegranate (81).jpg,Pomegranate__Healthy,light,2508,2254,664.71,20.02,127.03,0.0007,1,0.8833,111.05,0.819,1,1.0,24.32,0.7078,1,0.9968,32.42,0.6933,fast
data\test\Banana__Healthy\rotated_by_45_Screen Shot 2018-06-12 at 9.46.40 PM.png,Banana__Healthy,light,646,434,126.35,359.4,178.24,0.0108,1,0.9385,61.84,0.8354,1,1.0,63.25,0.6948,1,1.0,58.04,0.6848,fast
data\test\Apple__Healthy\rotated_by_15_Screen Shot 2018-06-08 at 5.05.06 PM.png,Apple__Healthy,light,180,160,34.72,830.08,172.78,0.0309,1,0.9727,152.84,0.805,1,1.0,172.16,0.6584,1,1.0,23.67,0.6962,fast
data\test\Bellpepper__Healthy\freshPepper (423).jpg,Bellpepper__Healthy,light,224,224,8.31,127.38,129.61,0.0242,1,0.9336,61.63,0.8355,1,1.0,91.6,0.6853,1,0.9986,152.13,0.6534,fast
data\test\Potato__Healthy\freshPotato (103).jpg,Potato__Healthy,light,100,100,4.36,1501.57,184.59,0.0439,1,0.9666,22.42,0.8485,1,1.0,48.37,0.6997,1,0.9988,198.33,0.6379,fast
data\test\Strawberry__Rotten\340.jpg,Strawberry__Rotten,light,224,224,2.86,74.38,146.92,0.0106,1,0.9214,116.1,0.8173,1,1.0,139.76,0.6692,1,1.0,53.8,0.6862,fast
data\test\Orange__Healthy\freshOrange (256).jpg,Orange__Healthy,heavy,428,412,181.02,64.14,191.37,0.0175,1,0.9942,1053.59,0.5044,1,1.0,1051.2,0.365,1,1.0,1112.0,0.333,fast
data\test\Cucumber__Rotten\rottenCucumber (465).jpg,Cucumber__Rotten,heavy,100,100,6.31,4052.66,174.84,0.1568,1,0.781,612.04,0.6518,1,0.8443,1076.47,0.3566,1,0.9977,1228.87,0.294,fast
data\test\Mango__Rotten\lasio_160.jpg,Mango__Rotten,light,224,224,7.38,1038.93,82.98,0.0409,1,0.8991,157.52,0.8035,1,1.0,112.88,0.6782,1,1.0,58.9,0.6845,fast
data\test\Banana__Rotten\rotated_by_45_Screen Shot 2018-06-12 at 9.04.15 PM.png,Banana__Rotten,heavy,574,390,328.18,295.15,96.4,0.0837,1,0.9797,639.29,0.6427,1,0.9998,1361.81,0.2614,1,0.9999,1098.59,0.3375,fast
data\test\Strawberry__Healthy\554.jpg,Strawberry__Healthy,heavy,224,224,3.49,56.54,145.74,0.0114,1,0.8835,730.99,0.6121,1,1.0,1067.04,0.3598,1,0.9999,49.62,0.6876,heavy
data\test\Banana__Rotten\Screen Shot 2018-06-12 at 8.57.22 PM.png,Banana__Rotten,heavy,500,376,326.02,123.93,156.29,0.0258,1,0.9403,732.66,0.6115,1,1.0,1079.16,0.3557,1,1.0,529.53,0.5274,fast
data\test\Banana__Rotten\rotated_by_15_Screen Shot 2018-06-12 at 9.25.00 PM.png,Banana__Rotten,light,684,396,112.8,303.23,173.23,0.0109,1,0.9932,79.8,0.8294,1,0.9999,58.6,0.6963,1,0.9998,159.16,0.651,fast
data\test\Strawberry__Healthy\819.jpg,Strawberry__Healthy,heavy,224,224,6.22,119.46,124.45,0.026,1,0.8111,661.87,0.6351,1,1.0,820.25,0.4421,1,1.0,533.09,0.5262,fast
data\test\Banana__Rotten\rotated_by_60_Screen Shot 2018-06-12 at 9.21.25 PM.png,Banana__Rotten,heavy,228,348,81.66,403.17,102.25,0.029,1,0.9932,623.91,0.6478,1,1.0,1118.95,0.3424,1,0.9998,1241.04,0.29,fast
data\test\Tomato__Rotten\rottenTomato (407).jpg,Tomato__Rotten,light,224,224,3.85,99.6,131.97,0.0243,1,0.6247,61.63,0.8355,1,0.9999,72.7,0.6916,1,0.9998,31.73,0.6935,fast
data\test\Orange__Healthy\rotated_by_75_Screen Shot 2018-06-13 at 12.09.05 AM.png,Orange__Healthy,heavy,410,350,128.77,396.44,146.82,0.0131,1,0.9881,736.04,0.6104,1,1.0,241.27,0.6353,1,1.0,890.48,0.4069,balanced
data\test\Jujube__Rotten\RottenJujube (12).jpg,Jujube__Rotten,burst,433,416,61.42,512.42,178.96,0.0333,0,0.3496,16.22,-0.1494,1,0.9757,2505.54,0.0159,1,0.9092,893.13,0.4061,heavy
data\test\Potato__Rotten\rottenPotato (491).jpg,Potato__Rotten,light,250,200,5.36,344.37,127.88,0.0553,1,0.7504,47.44,0.8402,1,0.9982,37.53,0.7033,1,0.9994,111.49,0.6669,fast
data\test\Strawberry__Healthy\freshStrawberry (271).jpg,Strawberry__Healthy,burst,100,100,4.87,1962.8,145.27,0.0747,1,0.8579,793.66,0.5912,1,1.0,2552.99,0.0159,1,0.9999,794.86,0.4389,fast
data\test\Strawberry__Healthy\851.jpg,Strawberry__Healthy,light,224,224,6.5,127.77,124.49,0.0242,1,0.9209,116.84,0.817,1,1.0,152.61,0.6649,1,0.9999,97.72,0.6715,fast
data\test\Apple__Healthy\rotated_by_45_Screen Shot 2018-06-08 at 5.15.14 PM.png,Apple__Healthy,light,232,244,56.76,825.13,144.22,0.0294,1,0.9176,79.64,0.8294,1,1.0,17.3,0.7101,1,1.0,57.68,0.6849,fast
data\test\Mango__Rotten\aspergillus_084.jpg,Mango__Rotten,heavy,224,224,7.23,191.04,135.85,0.034,1,0.9419,726.72,0.6135,1,1.0,314.67,0.6109,1,0.9989,1032.81,0.3595,fast
data\test\Apple__Healthy\rotated_by_30_Screen Shot 2018-06-08 at 5.26.36 PM.png,Apple__Healthy,light,376,394,134.61,443.08,128.58,0.0156,1,0.9817,27.44,0.8469,1,1.0,116.08,0.6771,1,1.0,45.21,0.689,fast
data\test\Apple__Healthy\freshApple (538).png,Apple__Healthy,light,480,322,225.68,339.59,122.51,0.0621,1,0.9933,23.38,0.8482,1,1.0,73.42,0.6914,1,1.0,268.91,0.6144,fast
data\test\Banana__Healthy\Banana__Healthy_augmented_279.jpg,Banana__Healthy,light,224,224,4.34,823.24,246.61,0.0177,1,0.8271,49.11,0.8396,1,1.0,101.54,0.682,1,1.0,82.68,0.6765,fast
data\test\Carrot__Rotten\rottenCarrot (449).jpg,Carrot__Rotten,heavy,183,275,4.93,359.32,201.81,0.0416,1,0.6242,580.91,0.6622,1,0.9988,1111.16,0.345,1,0.9998,847.75,0.4212,fast
data\test\Apple__Rotten\saltandpepper_Screen Shot 2018-06-08 at 2.30.40 PM.png,Apple__Rotten,burst,416,366,152.65,2760.3,177.27,0.0422,1,0.7055,306.72,0.7537,1,0.9985,1948.56,0.0656,1,0.9959,3134.26,0.0041,fast
data\test\Mango__Rotten\701.jpg,Mango__Rotten,light,224,224,6.55,109.62,114.06,0.0244,1,0.99,63.78,0.8347,1,1.0,72.3,0.6917,1,1.0,119.06,0.6644,fast
data\test\Apple__Rotten\rottenApple (311).jpg,Apple__Rotten,light,378,376,170.67,22.11,196.16,0.0116,1,0.8081,15.65,0.8508,1,1.0,41.2,0.7021,1,0.9988,163.68,0.6495,fast
data\test\Apple__Rotten\rotated_by_60_Screen Shot 2018-06-07 at 2.52.09 PM.png,Apple__Rotten,light,422,376,176.26,421.13,122.64,0.0217,1,0.989,69.02,0.833,1,1.0,138.3,0.6697,1,1.0,201.01,0.637,fast
data\test\Mango__Rotten\rottenMango (418).jpg,Mango__Rotten,light,224,224,5.72,200.35,105.94,0.0575,1,0.9992,17.17,0.8503,1,0.9999,25.45,0.7074,1,0.9958,123.06,0.6631,fast
data\test\Strawberry__Healthy\151.jpg,Strawberry__Healthy,burst,224,224,5.68,134.62,93.07,0.012,1,0.9898,1312.63,0.418,1,1.0,1611.21,0.1782,1,1.0,1387.51,0.2411,fast
data\test\Orange__Rotten\rotated_by_75_Screen Shot 2018-06-12 at 11.36.06 PM.png,Orange__Rotten,light,556,402,194.91,314.88,159.6,0.0221,1,0.9989,42.31,0.8419,1,1.0,114.37,0.6777,1,1.0,119.28,0.6643,fast
data\test\Strawberry__Rotten\rottenStrawberry (350).jpg,Strawberry__Rotten,heavy,1300,950,241.5,985.52,117.23,0.0855,1,0.9274,705.7,0.6205,1,0.9988,1301.11,0.2816,1,0.997,1047.29,0.3546,fast
data\test\Mango__Rotten\756.jpg,Mango__Rotten,heavy,224,224,6.48,119.23,97.51,0.024,1,0.9792,635.66,0.6439,1,1.0,1854.77,0.0969,1,1.0,1048.66,0.3542,fast
data\test\Cucumber__Healthy\freshCucumber (487).jpg,Cucumber__Healthy,heavy,100,100,3.93,2416.93,99.55,0.2489,1,0.9147,807.03,0.5867,1,0.9837,1066.52,0.3599,1,0.9914,889.97,0.4071,fast
data\test\Apple__Healthy\freshApple (244).jpg,Apple__Healthy,light,100,100,4.66,715.3,138.11,0.0341,1,0.6164,54.34,0.8379,1,0.9999,105.89,0.6805,1,0.9815,174.74,0.6458,fast
data\test\Carrot__Rotten\rottenCarrot (161).jpg,Carrot__Rotten,heavy,100,100,7.13,4707.26,136.32,0.1529,0,0.3688,814.81,-0.4159,1,0.9707,1131.98,0.3381,0,0.408,1040.37,-0.6431,balanced
data\test\Carrot__Rotten\rottenCarrot (498).jpg,Carrot__Rotten,heavy,276,183,10.28,2897.79,179.76,0.1882,0,0.7961,520.06,-0.3175,1,0.9983,1302.49,0.2812,1,0.9956,1241.04,0.29,heavy
data\test\Banana__Healthy\Banana__Healthy_augmented_216.jpg,Banana__Healthy,light,224,224,4.42,124.45,175.3,0.0307,1,0.6581,59.94,0.836,1,0.9998,80.71,0.6889,1,0.9987,62.0,0.6834,fast
data\test\Banana__Rotten\Screen Shot 2018-06-12 at 9.00.17 PM.png,Banana__Rotten,burst,584,422,164.55,50.58,213.37,0.0208,1,0.9999,3156.38,0.156,1,1.0,6427.56,0.0159,1,1.0,2648.49,0.0041,fast
data\test\Mango__Rotten\rottenMango (236).jpg,Mango__Rotten,heavy,224,224,5.91,79.91,122.57,0.0217,1,0.6873,740.77,0.6088,1,1.0,1192.34,0.3179,1,1.0,1000.47,0.3702,fast
data\test\Tomato__Healthy\freshTomato (261).png,Tomato__Healthy,light,480,322,194.05,355.63,119.6,0.0652,1,0.9952,85.57,0.8275,1,1.0,42.66,0.7016,1,0.9997,106.54,0.6686,fast
data\test\Orange__Healthy\rotated_by_15_Screen Shot 2018-06-13 at 12.01.10 AM.png,Orange__Healthy,light,422,398,161.92,354.77,167.2,0.0104,1,0.9782,62.68,0.8351,1,1.0,45.65,0.7006,1,1.0,116.02,0.6654,fast
data\test\Banana__Rotten\Screen Shot 2018-06-12 at 9.23.10 PM.png,Banana__Rotten,light,740,518,599.58,82.01,122.8,0.03,1,1.0,62.75,0.8351,1,0.9986,81.77,0.6886,1,1.0,117.61,0.6649,fast
data\test\Orange__Rotten\Screen Shot 2018-06-12 at 11.43.54 PM.png,Orange__Rotten,burst,276,318,136.1,32.85,158.53,0.0127,1,0.8801,1170.28,0.4655,1,1.0,586.57,0.5201,1,0.9999,2648.59,0.0041,balanced
data\test\Bellpepper__Rotten\rottenPepper (464).jpg,Bellpepper__Rotten,light,275,183,5.09,203.05,109.81,0.0307,1,0.2571,46.58,0.8405,0,0.9953,77.77,-0.3101,0,0.9646,123.06,-0.3369,fast
data\test\Tomato__Rotten\rottenTomato (503).jpg,Tomato__Rotten,heavy,224,224,8.11,211.14,122.66,0.0259,0,0.4688,196.63,-0.2096,1,1.0,1051.71,0.3649,1,0.9997,1006.19,0.3683,heavy
data\test\Apple__Healthy\rotated_by_30_Screen Shot 2018-06-08 at 5.13.54 PM.png,Apple__Healthy,light,460,464,196.27,396.53,149.11,0.0143,1,0.969,20.02,0.8493,1,1.0,184.53,0.6543,1,1.0,207.89,0.6348,fast
data\test\Mango__Rotten\318.jpg,Mango__Rotten,heavy,224,224,3.26,44.76,139.27,0.0162,1,0.9359,608.85,0.6528,1,1.0,4153.89,0.0159,1,0.9999,1040.89,0.3568,fast
data\test\Apple__Rotten\rotated_by_75_Screen Shot 2018-06-07 at 3.00.25 PM.png,Apple__Rotten,heavy,406,370,158.7,448.1,125.68,0.0523,0,0.7096,609.05,-0.3472,1,0.9998,1184.55,0.3205,1,0.9999,1099.62,0.3372,heavy
data\test\Banana__Rotten\saltandpepper_Screen Shot 2018-06-12 at 8.49.59 PM.png,Banana__Rotten,burst,564,340,64.11,3667.8,203.97,0.0315,1,0.7671,474.07,0.6978,1,0.9999,810.58,0.4454,1,0.9976,1771.81,0.1128,fast
data\test\Mango__Rotten\623.jpg,Mango__Rotten,heavy,224,224,9.43,298.47,107.52,0.0346,1,0.9493,808.06,0.5863,1,1.0,1201.01,0.3151,1,1.0,1047.29,0.3546,fast
data\test\Guava__Rotten\RottenGuava (129).jpg,Guava__Rotten,light,484,466,64.54,149.72,138.41,0.0283,1,0.9111,61.07,0.8356,1,0.9991,230.44,0.639,1,1.0,133.8,0.6595,fast
data\test\Strawberry__Healthy\freshStrawberry (571).jpg,Strawberry__Healthy,light,224,224,8.74,247.89,112.56,0.0227,1,0.7713,135.56,0.8108,1,1.0,25.28,0.7074,1,0.9997,59.64,0.6842,fast
data\test\Potato__Healthy\freshPotato (225).jpg,Potato__Healthy,light,100,100,4.27,1344.13,188.37,0.0444,1,0.9343,49.11,0.8396,1,1.0,51.17,0.6988,1,0.9998,147.01,0.6551,fast
data\test\Tomato__Healthy\freshTomato (214).jpg,Tomato__Healthy,light,224,224,5.21,436.02,103.82,0.037,0,0.4245,65.82,-0.1659,1,0.9999,92.49,0.685,1,1.0,96.56,0.6719,balanced
data\test\Apple__Rotten\rotated_by_60_Screen Shot 2018-06-07 at 3.02.51 PM.png,Apple__Rotten,heavy,306,280,69.19,578.33,189.67,0.0139,0,0.3685,181.72,-0.2046,1,1.0,1255.02,0.297,1,0.9983,1228.87,0.294,balanced
data\test\Mango__Rotten\anthracnose_072.jpg,Mango__Rotten,heavy,224,224,10.29,665.99,114.74,0.1036,1,1.0,779.14,0.596,1,1.0,1143.16,0.3344,1,1.0,994.35,0.3723,fast
data\test\Orange__Healthy\translation_Screen Shot 2018-06-13 at 12.17.05 AM.png,Orange__Healthy,light,280,292,66.27,799.86,163.05,0.0167,1,0.8807,86.49,0.8272,1,1.0,34.84,0.7042,1,0.9998,59.92,0.6841,fast
data\test\Mango__Rotten\lasio_133.jpg,Mango__Rotten,heavy,224,224,6.9,403.35,129.47,0.0216,1,0.9902,624.43,0.6476,1,1.0,1147.36,0.333,1,1.0,1099.1,0.3373,fast
data\test\Orange__Healthy\rotated_by_15_Screen Shot 2018-06-13 at 12.18.40 AM.png,Orange__Healthy,light,374,384,143.41,356.33,172.79,0.0123,1,0.9166,54.34,0.8379,1,1.0,187.43,0.6533,1,0.9999,45.58,0.6889,fast
data\test\Orange__Healthy\rotated_by_75_Screen Shot 2018-06-13 at 12.20.06 AM.png,Orange__Healthy,heavy,392,362,135.26,401.78,158.41,0.0177,0,0.7436,659.02,-0.3639,1,1.0,2582.46,0.0159,1,0.9994,1040.37,0.3569,heavy
data\test\Bellpepper__Rotten\rottenPepper (253).jpg,Bellpepper__Rotten,heavy,304,166,7.57,1773.82,209.91,0.1072,0,0.824,647.16,-0.36,1,0.6473,1194.45,0.3172,0,0.7388,1111.48,-0.6668,balanced
data\test\Banana__Rotten\rotated_by_60_Screen Shot 2018-06-12 at 8.54.37 PM.png,Banana__Rotten,light,640,414,278.31,173.39,103.96,0.0236,1,0.9993,78.45,0.8298,1,0.9985,60.6,0.6956,1,0.9997,29.21,0.6944,fast
data\test\Apple__Healthy\translation_Screen Shot 2018-06-08 at 5.25.37 PM.png,Apple__Healthy,light,390,396,118.26,574.27,185.02,0.0115,0,0.6779,84.41,-0.1721,1,1.0,120.93,0.6755,1,1.0,135.37,0.659,balanced
data\test\Potato__Healthy\freshPotato (507).jpg,Potato__Healthy,light,224,224,17.92,1167.96,114.19,0.131,1,0.6943,81.57,0.8288,1,0.9485,91.6,0.6853,1,0.6065,161.26,0.6503,fast
data\test\Banana__Rotten\rottenBanana (384).jpg,Banana__Rotten,light,224,224,5.5,87.23,81.81,0.0206,1,0.8666,20.73,0.8491,1,1.0,63.56,0.6947,1,0.9996,16.65,0.6986,fast
data\test\Apple__Healthy\rotated_by_30_Screen Shot 2018-06-08 at 5.22.20 PM.png,Apple__Healthy,burst,208,164,39.25,774.89,151.53,0.022,1,0.9627,639.5,0.6426,1,0.9998,2017.11,0.0427,1,0.9999,1475.07,0.2119,fast
data\test\Tomato__Rotten\rottenTomato (262).jpg,Tomato__Rotten,light,224,224,2.79,23.55,33.6,0.0067,1,0.6623,32.04,0.8453,1,0.9999,91.6,0.6853,1,0.9998,51.6,0.6869,fast
data\test\Mango__Healthy\828.jpg,Mango__Healthy,burst,224,224,5.65,53.67,91.12,0.0097,1,0.9301,1081.87,0.495,1,1.0,1598.24,0.1825,1,1.0,461.17,0.5502,heavy
data\test\Strawberry__Rotten\414.jpg,Strawberry__Rotten,light,224,224,3.31,80.05,144.5,0.0083,1,0.9334,113.6,0.8181,1,1.0,17.3,0.7101,1,1.0,18.45,0.698,fast
data\test\Pomegranate__Rotten\RottenPomegranate (152).jpg,Pomegranate__Rotten,light,295,395,49.61,1259.46,186.51,0.0649,1,0.1923,69.21,0.8329,1,0.9999,147.28,0.6667,1,0.8962,192.5,0.6399,fast
data\test\Apple__Rotten\saltandpepper_Screen Shot 2018-06-07 at 2.19.15 PM.png,Apple__Rotten,heavy,484,478,228.66,2880.94,157.62,0.0479,1,0.4731,627.73,0.6465,1,1.0,1131.47,0.3383,1,0.9999,569.05,0.5142,fast
data\test\Banana__Healthy\rotated_by_15_Screen Shot 2018-06-12 at 10.00.54 PM.png,Banana__Healthy,light,630,430,89.35,282.13,214.68,0.0071,1,0.9565,128.2,0.8132,1,1.0,64.76,0.6943,1,1.0,180.65,0.6438,fast
data\test\Apple__Healthy\translation_Screen Shot 2018-06-08 at 5.01.08 PM.png,Apple__Healthy,light,450,460,140.89,554.47,137.49,0.015,1,0.982,43.13,0.8416,1,1.0,17.49,0.71,1,1.0,80.07,0.6774,fast
data\test\Tomato__Healthy\freshTomato (263).png,Tomato__Healthy,light,320,258,110.54,1787.0,118.91,0.0805,1,0.6311,99.17,0.8229,1,0.9994,71.02,0.6922,1,0.9996,117.67,0.6649,fast
data\test\Banana__Rotten\rotated_by_15_Screen Shot 2018-06-12 at 9.09.22 PM.png,Banana__Rotten,light,478,290,91.27,461.52,172.42,0.0306,1,0.9719,39.65,0.8428,1,1.0,85.41,0.6874,1,0.9979,76.56,0.6786,fast
data\test\Cucumber__Rotten\rottenCucumber (328).jpg,Cucumber__Rotten,light,275,183,4.06,979.96,220.94,0.0574,1,0.9542,14.34,0.8512,1,0.9977,45.11,0.7008,1,0.9991,24.6,0.6959,fast
data\test\Mango__Rotten\263.jpg,Mango__Rotten,heavy,224,224,3.32,47.43,139.73,0.014,1,0.8611,669.26,0.6327,1,1.0,1030.6,0.3719,1,0.9999,689.27,0.4741,fast
data\test\Tomato__Rotten\rottenTomato (10).jpg,Tomato__Rotten,heavy,450,320,51.71,1756.96,125.23,0.1181,0,0.4406,708.34,-0.3804,0,0.5969,1050.22,-0.6346,0,0.493,1063.2,-0.6507,fast
data\test\Apple__Rotten\rotated_by_75_Screen Shot 2018-06-07 at 2.52.22 PM.png,Apple__Rotten,burst,318,342,126.2,369.78,150.41,0.0201,1,0.9312,1013.39,0.5178,1,1.0,543.36,0.5345,1,0.9996,1186.16,0.3083,balanced
data\test\Apple__Rotten\rotated_by_75_Screen Shot 2018-06-07 at 2.46.52 PM.png,Apple__Rotten,burst,440,394,181.36,352.02,162.07,0.0194,1,0.9698,387.11,0.7268,1,1.0,1598.24,0.1825,1,0.9999,486.16,0.5419,fast
data\test\Apple__Healthy\rotated_by_15_Screen Shot 2018-06-08 at 5.20.32 PM.png,Apple__Healthy,light,432,440,173.0,341.38,137.54,0.015,1,0.9615,58.02,0.8367,1,1.0,175.44,0.6573,1,1.0,139.45,0.6576,fast
data\test\Orange__Healthy\rotated_by_15_Screen Shot 2018-06-13 at 12.11.45 AM.png,Orange__Healthy,light,406,332,134.81,401.28,165.39,0.0176,1,0.985,72.74,0.8317,1,1.0,131.41,0.672,1,0.9991,106.54,0.6686,fast
data\test\Cucumber__Rotten\rottenCucumber (307).jpg,Cucumber__Rotten,heavy,275,183,4.38,631.92,230.58,0.0768,1,0.932,814.49,0.5842,1,0.9996,1318.74,0.2758,1,0.9998,1003.91,0.3691,fast
data\test\Strawberry__Rotten\rottenStrawberry (16).jpg,Strawberry__Rotten,light,3066,3360,1546.77,105.18,180.2,0.013,1,0.7536,55.35,0.8376,1,0.9949,168.9,0.6595,1,0.9999,197.45,0.6382,fast
data\test\Pomegranate__Rotten\RottenPomegranate (56).jpg,Pomegranate__Rotten,burst,3120,4160,2825.94,27.34,142.6,0.0004,0,0.4115,1014.52,-0.4826,1,0.991,1542.84,0.201,0,0.492,2491.55,-0.9959,balanced
data\test\Apple__Rotten\rottenApple (457).jpg,Apple__Rotten,light,700,467,88.67,458.06,151.51,0.1495,0,0.3643,116.41,-0.1828,1,0.9788,158.09,0.6631,1,0.9441,59.02,0.6844,heavy
data\test\Tomato__Healthy\freshTomato (5).jpg,Tomato__Healthy,light,224,224,8.44,258.52,105.4,0.0612,1,0.5103,70.4,0.8325,1,1.0,158.76,0.6629,1,0.9999,176.45,0.6452,fast
data\test\Apple__Healthy\vertical_flip_Screen Shot 2018-06-08 at 5.26.24 PM.png,Apple__Healthy,burst,336,374,122.44,44.4,196.49,0.0111,1,0.9839,336.64,0.7437,1,1.0,1768.04,0.1258,1,0.9988,2041.8,0.0227,fast
data\test\Bellpepper__Healthy\freshPepper (44).jpg,Bellpepper__Healthy,heavy,100,100,3.13,1441.65,119.98,0.1306,1,0.9316,627.17,0.6467,1,1.0,976.03,0.3901,1,0.9972,992.8,0.3728,fast
data\test\Carrot__Healthy\freshCarrot (137).jpg,Carrot__Healthy,light,224,224,13.76,189.34,91.68,0.0906,1,0.9724,112.0,0.8186,1,1.0,114.43,0.6777,1,0.9999,123.06,0.6631,fast
data\test\Orange__Rotten\rottenOrange (63).jpg,Orange__Rotten,light,2817,2415,1019.34,56.61,157.85,0.0024,1,0.4511,112.0,0.8186,1,0.9998,126.18,0.6738,1,0.9995,117.97,0.6648,fast
data\test\Strawberry__Rotten\126.jpg,Strawberry__Rotten,heavy,224,224,3.5,45.07,122.53,0.0113,1,0.9621,663.51,0.6346,1,1.0,1037.14,0.3697,1,1.0,1087.72,0.3411,fast
data\test\Tomato__Healthy\freshTomato (49).png,Tomato__Healthy,heavy,480,322,179.32,567.77,111.87,0.0623,1,0.9927,663.51,0.6346,1,1.0,1067.54,0.3596,1,1.0,1047.29,0.3546,fast
data\test\Orange__Healthy\Screen Shot 2018-06-13 at 12.02.45 AM.png,Orange__Healthy,light,288,264,115.6,32.93,183.85,0.0184,1,0.9906,152.84,0.805,1,1.0,71.34,0.6921,1,1.0,94.2,0.6727,fast
data\test\Apple__Rotten\vertical_flip_Screen Shot 2018-06-07 at 2.59.09 PM.png,Apple__Rotten,light,438,356,173.54,137.91,196.41,0.0473,1,0.4927,70.39,0.8325,1,0.9986,172.09,0.6584,1,0.9931,28.82,0.6945,fast
data\test\Mango__Rotten\aspergillus_093.jpg,Mango__Rotten,light,224,224,6.86,305.55,116.53,0.0303,1,0.9649,15.88,0.8507,1,1.0,77.32,0.6901,1,0.9999,134.29,0.6593,fast
data\test\Strawberry__Rotten\rottenStrawberry (228).jpg,Strawberry__Rotten,heavy,224,224,11.14,688.19,116.98,0.1332,1,0.997,647.72,0.6399,1,1.0,1318.74,0.2758,1,0.9997,922.51,0.3963,fast
data\test\Carrot__Rotten\rottenCarrot (353).jpg,Carrot__Rotten,light,100,100,2.7,332.48,182.51,0.0652,0,0.4508,25.28,-0.1524,1,0.9111,93.88,0.6845,1,0.976,193.53,0.6395,balanced
data\test\Bellpepper__Healthy\freshPepper (116).jpg,Bellpepper__Healthy,light,600,397,120.53,98.77,102.48,0.0405,1,0.746,16.13,0.8506,1,0.9842,65.79,0.6939,1,0.906,71.13,0.6804,fast
data\test\Strawberry__Healthy\freshStrawberry (480).jpg,Strawberry__Healthy,light,224,224,3.33,61.03,145.32,0.0125,1,0.9203,119.71,0.8161,1,1.0,20.3,0.7091,1,0.9989,29.67,0.6942,fast
data\test\Strawberry__Healthy\719.jpg,Strawberry__Healthy,heavy,224,224,9.48,296.49,110.82,0.0916,1,0.9491,819.11,0.5827,1,1.0,1194.97,0.3171,1,1.0,1144.97,0.322,fast
data\test\Bellpepper__Healthy\freshPepper (124).jpg,Bellpepper__Healthy,heavy,721,1024,133.88,22.95,93.56,0.0061,1,0.5168,195.79,0.7907,1,0.9893,1131.98,0.3381,1,0.9047,788.44,0.441,fast
data\test\Banana__Rotten\Screen Shot 2018-06-12 at 9.02.38 PM.png,Banana__Rotten,light,248,370,138.98,130.9,181.37,0.059,1,0.9997,65.88,0.834,1,1.0,80.28,0.6891,1,1.0,146.02,0.6554,fast
data\test\Apple__Rotten\Screen Shot 2018-06-07 at 3.06.06 PM.png,Apple__Rotten,heavy,368,364,181.78,36.98,171.53,0.0198,1,0.9646,627.2,0.6467,1,0.9998,1080.28,0.3553,1,0.9993,1087.72,0.3411,fast
data\test\Apple__Rotten\rottenApple (25).jpg,Apple__Rotten,light,3120,3170,901.71,31.14,175.47,0.0003,0,0.4535,124.87,-0.1857,1,1.0,83.26,0.6881,1,0.9999,89.83,0.6742,balanced
data\test\Strawberry__Healthy\freshStrawberry (359).jpg,Strawberry__Healthy,heavy,224,224,3.01,51.83,143.35,0.0089,1,0.9617,1049.66,0.5057,1,1.0,932.36,0.4047,1,0.9865,995.65,0.3719,fast
data\test\Mango__Healthy\1000.jpg,Mango__Healthy,burst,224,224,5.86,64.14,98.39,0.0101,0,0.5803,1411.75,-0.6151,1,0.9998,429.69,0.5725,1,0.9998,660.57,0.4837,balanced
data\test\Banana__Rotten\rotated_by_30_Screen Shot 2018-06-12 at 8.55.53 PM.png,Banana__Rotten,light,592,424,188.5,397.06,139.88,0.0234,1,0.9818,20.02,0.8493,1,1.0,90.74,0.6856,1,0.9999,98.64,0.6712,fast
data\test\Apple__Healthy\freshApple (570).png,Apple__Healthy,burst,320,258,118.51,1297.13,136.66,0.0847,1,0.9906,1426.68,0.3799,1,0.9999,1768.04,0.1258,1,0.9999,990.11,0.3737,fast
data\test\Banana__Rotten\Screen Shot 2018-06-12 at 9.03.46 PM.png,Banana__Rotten,light,568,298,307.89,149.33,146.44,0.0859,1,0.9956,89.65,0.8261,1,1.0,38.34,0.7031,1,0.9999,96.1,0.6721,fast
data\test\Banana__Rotten\translation_Screen Shot 2018-06-12 at 8.47.28 PM.png,Banana__Rotten,light,652,428,107.07,515.56,178.88,0.013,1,0.979,17.05,0.8503,1,1.0,147.28,0.6667,1,1.0,159.16,0.651,fast
data\test\Strawberry__Healthy\254.jpg,Strawberry__Healthy,light,224,224,6.13,522.09,119.13,0.0365,1,0.9622,29.99,0.846,1,1.0,49.05,0.6995,1,1.0,78.02,0.6781,fast
data\test\Orange__Healthy\rotated_by_60_Screen Shot 2018-06-13 at 12.01.32 AM.png,Orange__Healthy,light,266,212,51.2,561.64,159.07,0.0159,1,0.8702,128.16,0.8133,1,0.9887,145.0,0.6675,1,0.9982,96.13,0.6721,fast
data\test\Cucumber__Rotten\rottenCucumber (12).jpg,Cucumber__Rotten,heavy,100,100,3.95,2309.82,185.39,0.045,1,0.9892,873.59,0.5645,1,1.0,1320.81,0.2751,1,0.9999,1019.57,0.3639,fast
data\test\Banana__Healthy\Banana__Healthy_augmented_117.jpg,Banana__Healthy,heavy,224,224,4.35,70.59,198.05,0.0288,0,0.3958,505.34,-0.3126,1,0.9967,1076.47,0.3566,1,0.9918,1074.99,0.3454,balanced
data\test\Mango__Rotten\798.jpg,Mango__Rotten,heavy,224,224,6.26,102.33,111.51,0.0278,1,0.939,662.39,0.635,1,1.0,1110.22,0.3454,1,1.0,923.42,0.396,fast
data\test\Cucumber__Rotten\rottenCucumber (65).jpg,Cucumber__Rotten,light,100,100,4.68,4168.53,180.21,0.0896,1,0.9954,21.33,0.8489,1,1.0,25.1,0.7075,1,1.0,132.83,0.6598,fast
data\test\Tomato__Rotten\rottenTomato (1).png,Tomato__Rotten,heavy,260,242,104.17,1104.21,107.66,0.0714,0,0.4621,570.15,-0.3343,1,0.6256,828.6,0.4393,1,0.9741,837.15,0.4247,balanced
data\test\Bellpepper__Rotten\rottenPepper (153).jpg,Bellpepper__Rotten,heavy,100,100,2.79,1547.52,135.38,0.1723,0,0.4909,638.97,-0.3572,1,0.9948,1081.58,0.3549,1,0.8903,1106.14,0.335,balanced
data\test\Strawberry__Rotten\339.jpg,Strawberry__Rotten,burst,224,224,3.22,87.63,141.17,0.0128,1,0.9207,574.71,0.6642,1,1.0,1690.82,0.1516,1,1.0,2776.04,0.0041,fast
data\test\Mango__Rotten\826.jpg,Mango__Rotten,heavy,224,224,6.45,104.71,95.44,0.0281,1,0.9961,669.26,0.6327,1,1.0,1152.47,0.3313,1,0.9999,1047.29,0.3546,fast
data\test\Mango__Rotten\813.jpg,Mango__Rotten,burst,224,224,6.81,125.46,101.71,0.0331,1,0.9957,1432.51,0.3779,1,1.0,1597.73,0.1827,1,0.9999,1651.51,0.153,fast
data\test\Cucumber__Healthy\freshCucumber (44).jpg,Cucumber__Healthy,burst,848,480,7.24,28.93,163.06,0.0078,1,0.9949,1314.17,0.4174,1,0.9999,119.75,0.6759,1,0.9936,3159.78,0.0041,balanced
data\test\Strawberry__Rotten\436.jpg,Strawberry__Rotten,light,224,224,3.47,113.49,145.44,0.0129,1,0.9491,165.07,0.8009,1,1.0,23.36,0.7081,1,1.0,31.71,0.6935,fast
data\test\Mango__Healthy\715.jpg,Mango__Healthy,light,224,224,5.63,48.19,121.27,0.0142,1,0.9908,39.11,0.843,1,1.0,119.71,0.6759,1,1.0,112.66,0.6665,fast
data\test\Bellpepper__Healthy\freshPepper (29).jpg,Bellpepper__Healthy,light,100,100,2.49,861.24,215.36,0.1011,0,0.5898,65.83,-0.1659,1,0.9999,187.28,0.6534,1,0.9921,147.01,0.6551,heavy
data\test\Orange__Healthy\translation_Screen Shot 2018-06-13 at 12.16.45 AM.png,Orange__Healthy,burst,352,312,94.23,629.3,153.82,0.018,1,0.9725,1314.77,0.4172,1,1.0,1945.75,0.0665,1,0.9999,3134.26,0.0041,fast
data\test\Apple__Healthy\vertical_flip_Screen Shot 2018-06-08 at 5.06.19 PM.png,Apple__Healthy,heavy,200,152,21.82,6.96,224.1,0.0057,1,0.9832,441.57,0.7087,1,0.9998,1161.56,0.3282,1,0.9997,1019.05,0.364,fast
data\test\Carrot__Rotten\rottenCarrot (271).jpg,Carrot__Rotten,light,100,100,7.77,2563.11,122.93,0.1805,1,0.8064,16.26,0.8506,1,0.5543,94.2,0.6844,1,0.9996,81.47,0.6769,fast
data\test\Apple__Healthy\rotated_by_30_Screen Shot 2018-06-08 at 5.25.33 PM.png,Apple__Healthy,heavy,400,408,143.7,438.66,147.94,0.0096,1,0.967,608.34,0.653,1,0.9981,470.86,0.5587,1,1.0,1348.33,0.2542,fast
data\test\Apple__Healthy\FreshApple (45).jpg,Apple__Healthy,light,2382,1174,627.82,243.59,104.61,0.0254,0,0.2989,48.2,-0.1601,1,1.0,39.89,0.7026,1,0.9999,177.62,0.6449,balanced
data\test\Strawberry__Healthy\freshStrawberry (379).jpg,Strawberry__Healthy,burst,224,224,2.67,34.62,149.84,0.0064,1,0.9321,852.56,0.5715,1,1.0,141.56,0.6686,1,1.0,3134.77,0.0041,balanced
data\test\Potato__Healthy\freshPotato (433).jpg,Potato__Healthy,light,224,224,15.26,552.76,121.34,0.1029,1,0.9269,56.31,0.8372,1,1.0,104.94,0.6808,1,0.9993,78.02,0.6781,fast
data\test\Banana__Rotten\rotated_by_15_Screen Shot 2018-06-12 at 8.47.57 PM.png,Banana__Rotten,heavy,258,476,96.47,497.26,157.03,0.0199,1,0.6759,638.74,0.6429,1,1.0,1080.27,0.3553,1,1.0,1047.59,0.3545,fast
data\test\Apple__Healthy\freshApple (304).jpg,Apple__Healthy,light,238,224,46.86,3297.91,218.91,0.0307,1,0.9858,40.59,0.8425,1,0.9999,25.28,0.7074,1,0.9997,50.97,0.6871,fast
data\test\Potato__Healthy\freshPotato (453).jpg,Potato__Healthy,light,224,224,12.95,85.65,158.76,0.0168,1,0.874,82.96,0.8283,1,1.0,70.42,0.6924,1,0.9998,57.71,0.6849,fast
data\test\Mango__Healthy\370.jpg,Mango__Healthy,burst,224,224,2.71,7.9,145.02,0.006,1,0.9145,1170.28,0.4655,1,1.0,2088.43,0.0189,1,0.9999,2145.33,0.0041,fast
data\test\Orange__Rotten\rottenOrange (396).jpg,Orange__Rotten,heavy,224,224,4.46,190.44,131.11,0.0216,0,0.1924,706.79,-0.3799,1,0.9971,1163.24,0.3277,1,0.9988,1111.51,0.3332,heavy
data\test\Jujube__Rotten\RottenJujube (137).jpg,Jujube__Rotten,light,2501,2549,794.29,18.32,181.19,0.0005,1,0.5627,65.07,0.8343,1,0.9995,79.74,0.6893,1,0.9974,65.74,0.6822,fast
data\test\Strawberry__Rotten\rottenStrawberry (236).jpg,Strawberry__Rotten,heavy,224,224,11.06,626.19,116.01,0.1426,1,0.9985,580.57,0.6623,1,1.0,1141.65,0.3349,1,1.0,1251.81,0.2864,fast
data\test\Apple__Rotten\rotated_by_60_Screen Shot 2018-06-08 at 2.46.44 PM.png,Apple__Rotten,heavy,340,346,104.97,532.22,158.48,0.0173,1,0.7351,700.15,0.6224,1,1.0,1132.76,0.3378,1,0.9996,993.83,0.3725,fast
data\test\Carrot__Rotten\rottenCarrot (288).jpg,Carrot__Rotten,light,100,100,3.33,689.96,199.23,0.0416,1,0.5829,47.44,0.8402,1,0.9965,85.09,0.6875,1,0.9997,42.83,0.6898,fast
data\test\Cucumber__Healthy\freshCucumber (70).jpg,Cucumber__Healthy,light,848,480,7.67,22.96,164.89,0.0057,1,0.9941,18.28,0.8499,1,0.9996,143.06,0.6681,1,0.994,101.77,0.6702,fast
data\test\Tomato__Healthy\freshTomato (41).png,Tomato__Healthy,burst,480,322,216.82,399.19,134.86,0.0576,1,0.9801,288.15,0.7599,1,0.9999,2017.89,0.0424,1,0.9998,1650.47,0.1533,fast
data\test\Strawberry__Healthy\638.jpg,Strawberry__Healthy,light,224,224,9.24,322.09,117.96,0.0344,1,0.7356,57.45,0.8368,1,1.0,171.92,0.6585,1,1.0,53.51,0.6863,fast
data\test\Apple__Rotten\rotated_by_45_Screen Shot 2018-06-07 at 2.46.32 PM.png,Apple__Rotten,light,408,390,157.89,504.05,150.34,0.0159,1,0.8949,108.04,0.82,1,0.9979,38.3,0.7031,1,0.9988,118.8,0.6645,fast
data\test\Strawberry__Healthy\freshStrawberry (256).jpg,Strawberry__Healthy,light,224,224,6.16,516.25,122.15,0.0324,1,0.9735,103.09,0.8216,1,1.0,45.65,0.7006,1,1.0,140.19,0.6573,fast
data\test\Apple__Rotten\Screen Shot 2018-06-07 at 3.04.58 PM.png,Apple__Rotten,heavy,236,208,50.87,37.55,211.69,0.0185,1,0.9335,473.59,0.698,1,0.9985,1131.8,0.3381,1,0.9865,205.29,0.6356,fast
data\test\Mango__Healthy\651.jpg,Mango__Healthy,heavy,224,224,8.72,181.21,118.12,0.0129,1,0.985,586.9,0.6602,1,1.0,1151.96,0.3314,1,1.0,1241.04,0.29,fast
data\test\Potato__Rotten\rottenPotato (103).jpg,Potato__Rotten,burst,600,400,36.3,934.91,218.37,0.0795,1,0.749,997.6,0.5231,1,0.9916,1726.76,0.1396,1,0.9533,10134.62,0.0041,fast
data\test\Strawberry__Rotten\35.jpg,Strawberry__Rotten,light,224,224,4.54,111.64,115.74,0.0243,1,0.9574,209.38,0.7861,1,1.0,62.22,0.6951,1,1.0,126.01,0.6621,fast
data\test\Mango__Healthy\533.jpg,Mango__Healthy,light,224,224,10.7,529.43,111.57,0.1856,1,0.9792,69.17,0.8329,1,1.0,131.41,0.672,1,1.0,92.16,0.6734,fast
data\test\Banana__Rotten\rottenBanana (277).jpg,Banana__Rotten,heavy,262,192,8.05,2988.45,162.53,0.0801,0,0.5183,642.95,-0.3586,0,0.9372,1067.54,-0.6404,0,0.5078,1251.81,-0.7136,fast
data\test\Carrot__Healthy\freshCarrot (86).jpg,Carrot__Healthy,light,224,224,25.75,55.71,168.31,0.0078,1,0.4112,427.32,0.7134,1,0.9997,158.09,0.6631,1,0.9984,80.07,0.6774,fast
data\test\Mango__Healthy\787.jpg,Mango__Healthy,heavy,224,224,5.91,56.47,118.45,0.0236,1,0.9428,581.42,0.662,1,1.0,1076.47,0.3566,1,0.9998,923.02,0.3961,fast
data\test\Potato__Rotten\rottenPotato (169).jpg,Potato__Rotten,light,262,192,5.32,1063.63,129.44,0.043,0,0.6251,61.63,-0.1645,0,0.8222,116.95,-0.3232,0,0.5715,184.41,-0.3574,fast
data\test\Apple__Rotten\rotated_by_60_Screen Shot 2018-06-08 at 2.28.12 PM.png,Apple__Rotten,heavy,304,282,81.57,614.44,157.26,0.0199,1,0.9898,520.06,0.6825,1,0.9999,1168.32,0.326,1,1.0,1024.86,0.3621,fast
data\test\Apple__Rotten\rottenApple (162).jpg,Apple__Rotten,light,3418,2994,1269.53,32.47,150.19,0.0004,0,0.5136,51.09,-0.161,1,1.0,77.72,0.6899,1,0.9989,91.65,0.6735,balanced
data\test\Apple__Rotten\Screen Shot 2018-06-07 at 2.43.07 PM.png,Apple__Rotten,burst,234,270,90.08,47.84,154.69,0.0215,1,0.6728,1459.22,0.369,1,0.9844,1496.78,0.2163,1,0.9952,636.24,0.4918,heavy
data\test\Apple__Healthy\freshApple (743).png,Apple__Healthy,burst,320,258,123.83,1099.9,140.5,0.088,1,0.9102,1458.17,0.3694,1,1.0,1759.46,0.1287,1,0.9992,3134.26,0.0041,fast
data\test\Orange__Healthy\freshOrange (175).jpg,Orange__Healthy,light,2531,1748,539.18,14.6,173.86,0.0007,1,0.9523,55.48,0.8375,1,0.9991,78.23,0.6898,1,0.9515,484.53,0.5424,fast
data\test\Mango__Healthy\444.jpg,Mango__Healthy,light,224,224,3.03,16.03,142.09,0.007,1,0.9515,159.75,0.8027,1,1.0,17.49,0.71,1,1.0,65.21,0.6824,fast
data\test\Apple__Rotten\rottenApple (301).jpg,Apple__Rotten,light,402,364,178.44,24.3,172.42,0.0108,1,0.5597,28.31,0.8466,1,1.0,230.44,0.639,1,0.9998,103.55,0.6696,fast
data\test\Grape__Healthy\FreshGrape (177).jpg,Grape__Healthy,light,780,745,67.23,16.98,134.05,0.0064,1,0.6304,116.41,0.8172,1,0.9999,104.17,0.6811,1,0.9986,203.77,0.6361,fast
data\test\Apple__Rotten\rotated_by_30_Screen Shot 2018-06-07 at 2.21.09 PM.png,Apple__Rotten,light,364,328,125.11,535.88,141.83,0.0288,1,0.9872,70.01,0.8327,1,1.0,84.37,0.6877,1,1.0,154.11,0.6527,fast
data\test\Carrot__Healthy\freshCarrot (556).jpg,Carrot__Healthy,heavy,224,224,14.73,354.5,99.64,0.0592,1,0.9574,658.49,0.6363,1,1.0,1255.02,0.297,1,1.0,796.77,0.4382,fast
data\test\Mango__Healthy\43.jpg,Mango__Healthy,light,224,224,3.07,16.02,59.63,0.0054,1,0.9196,105.86,0.8207,1,1.0,68.82,0.6929,1,1.0,27.27,0.695,fast
data\test\Banana__Healthy\rotated_by_15_Screen Shot 2018-06-12 at 9.45.28 PM.png,Banana__Healthy,heavy,610,464,123.75,267.38,211.17,0.0059,1,0.9838,699.06,0.6227,1,1.0,1080.19,0.3554,1,1.0,1267.55,0.2811,fast
data\test\Orange__Rotten\rotated_by_15_Screen Shot 2018-06-12 at 11.28.00 PM.png,Orange__Rotten,heavy,394,328,112.08,402.33,186.7,0.0121,0,0.7315,505.34,-0.3126,1,0.9999,1208.94,0.3124,1,0.9998,1005.67,0.3685,heavy
data\test\Banana__Healthy\rotated_by_60_Screen Shot 2018-06-12 at 9.56.39 PM.png,Banana__Healthy,light,566,388,143.95,352.97,167.13,0.0104,1,0.995,124.78,0.8144,1,1.0,69.88,0.6925,1,1.0,50.32,0.6873,fast
data\test\Strawberry__Healthy\freshStrawberry (71).jpg,Strawberry__Healthy,heavy,1519,2706,832.0,426.94,160.66,0.0424,1,0.9784,340.73,0.7423,1,0.9997,1079.68,0.3555,1,0.9999,1005.67,0.3685,fast
data\test\Strawberry__Rotten\377.jpg,Strawberry__Rotten,light,224,224,3.37,121.09,138.8,0.0154,1,0.9516,129.4,0.8128,1,1.0,84.85,0.6875,1,1.0,75.72,0.6789,fast
data\test\Cucumber__Rotten\rottenCucumber (19).jpg,Cucumber__Rotten,light,100,100,3.71,2119.52,189.05,0.0396,1,0.964,37.41,0.8435,1,1.0,25.79,0.7073,1,0.9996,50.27,0.6874,fast
data\test\Banana__Healthy\Banana__Healthy_augmented_52.jpg,Banana__Healthy,heavy,224,224,4.07,86.91,203.76,0.0195,0,0.4627,643.17,-0.3586,1,1.0,1080.27,0.3553,1,1.0,1019.57,0.3639,heavy
data\test\Apple__Healthy\vertical_flip_Screen Shot 2018-06-08 at 5.23.26 PM.png,Apple__Healthy,burst,196,158,24.29,10.35,223.22,0.014,1,0.9681,1254.06,0.4375,1,1.0,1085.58,0.3536,1,0.9999,7507.99,0.0041,fast
data\test\Apple__Rotten\rottenApple (101).jpg,Apple__Rotten,heavy,2183,2154,638.58,23.39,156.27,0.0001,1,0.5375,641.81,0.6418,1,0.9994,1361.29,0.2616,1,0.9963,1024.85,0.3621,fast
data\test\Orange__Rotten\saltandpepper_Screen Shot 2018-06-12 at 11.37.41 PM.png,Orange__Rotten,heavy,332,328,130.16,3101.97,196.24,0.0704,1,0.9988,739.22,0.6093,1,1.0,908.07,0.4128,1,1.0,837.15,0.4247,fast
data\test\Jujube__Rotten\RottenJujube (188).jpg,Jujube__Rotten,burst,3217,2280,905.52,22.52,158.45,0.0013,1,0.4256,1012.86,0.518,1,0.5164,1365.89,0.26,1,0.6561,3157.5,0.0041,fast
data\test\Apple__Rotten\rotated_by_15_Screen Shot 2018-06-07 at 2.54.58 PM.png,Apple__Rotten,heavy,232,272,66.03,603.92,182.34,0.0342,1,0.8967,756.16,0.6037,1,1.0,1162.08,0.328,1,1.0,1099.62,0.3372,fast
data\test\Banana__Healthy\Banana__Healthy_augmented_73.jpg,Banana__Healthy,heavy,224,224,5.78,310.22,186.11,0.0391,1,0.9694,667.05,0.6334,1,1.0,829.1,0.4392,1,0.9994,1058.9,0.3507,fast
data\test\Banana__Healthy\freshBanana (422).jpg,Banana__Healthy,heavy,625,350,19.09,90.97,159.99,0.0228,1,0.9227,581.09,0.6621,1,1.0,1208.94,0.3124,1,0.9999,1202.99,0.3027,fast
data\test\Mango__Rotten\rottenMango (527).jpg,Mango__Rotten,light,224,224,3.95,279.73,146.59,0.0275,1,0.8907,49.72,0.8394,1,1.0,101.54,0.682,1,1.0,51.55,0.6869,fast
data\test\Tomato__Healthy\freshTomato (177).png,Tomato__Healthy,heavy,480,322,176.11,441.8,157.31,0.0664,1,0.9986,295.98,0.7572,1,1.0,1065.28,0.3603,1,1.0,1278.02,0.2776,fast
data\test\Mango__Rotten\aspergillus_128.jpg,Mango__Rotten,light,224,224,6.8,181.94,117.37,0.0194,1,0.9485,78.23,0.8299,1,0.8772,34.7,0.7043,1,0.9742,68.09,0.6814,fast
data\test\Apple__Rotten\rotated_by_75_Screen Shot 2018-06-07 at 2.20.29 PM.png,Apple__Rotten,light,318,302,73.4,491.41,195.11,0.0217,1,0.8684,62.5,0.8352,1,0.9995,140.28,0.6691,1,1.0,227.0,0.6284,fast
data\test\Mango__Healthy\876.jpg,Mango__Healthy,burst,224,224,6.07,68.71,110.98,0.0275,1,0.9923,928.8,0.5461,1,1.0,2594.96,0.0159,1,1.0,1120.76,0.3301,fast
data\test\Bellpepper__Rotten\rottenPepper (472).jpg,Bellpepper__Rotten,light,225,225,8.45,1078.53,102.38,0.0959,0,0.8188,58.49,-0.1635,1,0.9877,77.96,0.6898,1,0.9994,197.04,0.6384,balanced
data\test\Banana__Rotten\rottenBanana (561).jpg,Banana__Rotten,heavy,224,224,7.93,193.57,125.4,0.0272,1,0.8291,582.42,0.6617,1,1.0,1138.84,0.3358,1,0.9998,1165.08,0.3153,fast
data\test\Mango__Rotten\82.jpg,Mango__Rotten,heavy,224,224,4.52,314.42,131.34,0.037,1,0.4221,808.06,0.5863,1,0.9991,908.07,0.4128,1,0.9999,1024.3,0.3623,fast
data\test\Apple__Healthy\rotated_by_60_Screen Shot 2018-06-08 at 5.18.26 PM.png,Apple__Healthy,heavy,364,402,126.47,473.04,139.33,0.0219,1,0.9859,474.11,0.6978,1,1.0,1133.27,0.3377,1,1.0,998.91,0.3708,fast
data\test\Orange__Healthy\vertical_flip_Screen Shot 2018-06-13 at 12.18.34 AM.png,Orange__Healthy,light,374,360,169.15,32.57,184.49,0.0139,0,0.6709,428.83,-0.2871,1,1.0,87.03,0.6868,1,0.9989,47.38,0.6883,heavy
data\test\Tomato__Rotten\rottenTomato (79).jpg,Tomato__Rotten,light,387,271,240.66,377.19,168.23,0.1071,0,0.4317,89.82,-0.174,1,0.9871,80.7,0.6889,1,0.9685,184.19,0.6427,balanced
data\test\Banana__Rotten\rotated_by_30_Screen Shot 2018-06-12 at 9.21.00 PM.png,Banana__Rotten,burst,250,372,87.58,501.02,148.02,0.027,1,0.9756,1248.27,0.4394,1,0.9998,1394.73,0.2504,1,1.0,1401.54,0.2364,fast
data\test\Potato__Healthy\freshPotato (298).jpg,Potato__Healthy,burst,224,224,6.29,61.5,172.25,0.0169,1,0.437,1568.06,0.3327,1,0.9999,775.98,0.4569,1,0.9858,1930.26,0.0599,balanced
data\test\Jujube__Rotten\RottenJujube (131).jpg,Jujube__Rotten,heavy,3447,2532,1076.47,16.67,190.4,0.0004,1,0.6285,631.18,0.6454,1,1.0,1199.07,0.3157,1,1.0,1068.28,0.3476,fast
data\test\Orange__Rotten\saltandpepper_Screen Shot 2018-06-12 at 11.45.12 PM.png,Orange__Rotten,light,290,300,137.8,3282.69,171.77,0.1356,1,0.9963,18.79,0.8498,1,0.9988,48.76,0.6996,1,0.9961,54.14,0.6861,fast
data\test\Banana__Rotten\saltandpepper_Screen Shot 2018-06-12 at 9.13.48 PM.png,Banana__Rotten,light,720,326,449.18,2412.9,150.35,0.1383,1,0.9779,28.68,0.8465,1,0.9604,142.33,0.6684,1,1.0,53.39,0.6863,fast
data\test\Mango__Healthy\freshMango (152).png,Mango__Healthy,heavy,320,258,108.52,1207.32,157.55,0.0937,1,0.7771,925.7,0.5471,1,0.9979,1077.57,0.3562,1,0.9924,1112.74,0.3328,fast
data\test\Apple__Healthy\rotated_by_15_Screen Shot 2018-06-08 at 5.19.35 PM.png,Apple__Healthy,heavy,422,434,215.97,360.94,140.13,0.0313,1,0.9892,627.73,0.6465,1,1.0,1168.32,0.326,1,1.0,1278.53,0.2774,fast
data\test\Bellpepper__Rotten\rottenPepper (480).jpg,Bellpepper__Rotten,light,275,183,10.44,4263.08,137.72,0.1284,1,0.6001,25.3,0.8476,0,0.9431,108.6,-0.3204,1,0.6231,41.34,0.6903,fast
data\test\Strawberry__Rotten\852.jpg,Strawberry__Rotten,light,224,224,7.63,262.0,127.86,0.0463,1,0.9321,76.09,0.8306,1,1.0,37.53,0.7033,1,0.9995,71.45,0.6803,fast
data\test\Bellpepper__Healthy\freshPepper (408).jpg,Bellpepper__Healthy,burst,224,224,6.71,72.0,218.7,0.0223,0,0.4538,1077.53,-0.5036,1,0.9977,658.22,0.4962,1,0.961,2489.37,0.0041,balanced
data\test\Guava__Healthy\FreshGuava (59).jpg,Guava__Healthy,heavy,815,881,83.31,26.88,146.29,0.0073,1,0.9962,655.57,0.6372,1,1.0,829.1,0.4392,1,0.9998,1112.51,0.3329,fast
data\test\Orange__Healthy\Screen Shot 2018-06-12 at 11.58.28 PM.png,Orange__Healthy,heavy,458,392,251.25,42.13,188.67,0.0215,1,0.948,627.68,0.6465,1,1.0,1085.53,0.3536,1,0.9998,1239.57,0.2904,fast
data\test\Strawberry__Rotten\208.jpg,Strawberry__Rotten,light,224,224,3.13,46.37,141.09,0.0128,1,0.8655,51.09,0.839,1,1.0,91.8,0.6852,1,0.9999,173.78,0.6461,fast
data\test\Banana__Rotten\translation_Screen Shot 2018-06-12 at 9.11.58 PM.png,Banana__Rotten,heavy,260,342,65.27,940.84,178.48,0.0326,1,0.9632,702.22,0.6217,1,1.0,977.06,0.3898,1,1.0,1047.29,0.3546,fast
data\test\Strawberry__Rotten\862.jpg,Strawberry__Rotten,light,224,224,6.96,186.94,124.64,0.0252,1,0.6929,20.02,0.8493,1,1.0,106.77,0.6802,1,0.9996,47.44,0.6883,fast
data\test\Potato__Rotten\rottenPotato (215).jpg,Potato__Rotten,light,268,188,8.43,1532.37,166.87,0.1535,1,0.6349,11.58,0.8522,1,0.9991,55.66,0.6973,1,0.9996,126.03,0.6621,fast
data\test\Potato__Healthy\freshPotato (481).jpg,Potato__Healthy,heavy,224,224,61.28,303.36,123.79,0.0437,1,0.793,644.73,0.6409,1,1.0,1301.11,0.2816,1,0.9995,1111.48,0.3332,fast
data\test\Potato__Healthy\freshPotato (519).jpg,Potato__Healthy,burst,224,224,7.76,78.5,146.27,0.019,1,0.8753,1426.55,0.3799,1,1.0,1790.77,0.1182,1,0.9929,424.08,0.5626,heavy
data\test\Apple__Healthy\rotated_by_60_Screen Shot 2018-06-08 at 5.15.09 PM.png,Apple__Healthy,burst,312,302,91.05,581.7,148.14,0.0321,1,0.8186,960.43,0.5355,1,1.0,2213.2,0.0159,1,0.9998,1215.35,0.2985,fast
data\test\Banana__Healthy\rotated_by_75_Screen Shot 2018-06-12 at 10.05.35 PM.png,Banana__Healthy,light,532,316,56.42,303.98,144.15,0.0062,1,0.9249,42.31,0.8419,1,1.0,114.5,0.6777,1,1.0,116.62,0.6652,fast
data\test\Apple__Rotten\saltandpepper_Screen Shot 2018-06-07 at 2.25.16 PM.png,Apple__Rotten,heavy,258,252,60.13,3103.56,199.24,0.0529,1,0.9766,924.66,0.5474,1,0.9999,1085.53,0.3536,1,0.9996,993.83,0.3725,fast
data\test\Apple__Healthy\rotated_by_15_Screen Shot 2018-06-08 at 5.18.51 PM.png,Apple__Healthy,light,374,390,114.18,373.11,179.2,0.0082,1,0.9953,113.6,0.8181,1,1.0,47.38,0.7001,1,1.0,50.97,0.6871,fast
data\test\Mango__Rotten\647.jpg,Mango__Rotten,light,224,224,11.3,541.59,104.88,0.2118,1,0.9911,104.55,0.8211,1,1.0,34.58,0.7043,1,1.0,26.04,0.6954,fast
data\test\Banana__Healthy\freshBanana (104).jpg,Banana__Healthy,burst,1482,950,129.21,22.16,154.34,0.0038,0,0.3865,1254.06,-0.5625,1,1.0,2146.52,0.0159,1,0.9848,3140.49,0.0041,balanced
data\test\Mango__Healthy\healthy_086.jpg,Mango__Healthy,light,224,224,4.23,88.91,117.75,0.0132,1,0.9704,58.36,0.8365,1,1.0,27.9,0.7066,1,1.0,211.33,0.6336,fast
data\test\Apple__Healthy\freshApple (824).png,Apple__Healthy,heavy,320,258,110.75,1046.51,102.67,0.0546,0,0.6234,594.16,-0.3423,1,0.9998,1079.53,0.3556,1,0.9989,1241.04,0.29,balanced
data\test\Strawberry__Healthy\freshStrawberry (86).jpg,Strawberry__Healthy,light,1509,2063,396.45,27.67,140.69,0.0049,1,0.997,61.63,0.8355,1,1.0,90.99,0.6855,1,0.9998,83.16,0.6764,fast
data\test\Bellpepper__Healthy\freshPepper (571).jpg,Bellpepper__Healthy,light,224,224,6.51,30.14,129.82,0.0087,1,0.888,77.74,0.8301,1,0.996,70.0,0.6925,1,0.9865,59.92,0.6841,fast
data\test\Banana__Rotten\saltandpepper_Screen Shot 2018-06-12 at 9.01.46 PM.png,Banana__Rotten,light,338,212,42.94,3446.81,223.96,0.0449,1,0.8065,281.47,0.7621,1,0.9999,60.39,0.6957,1,0.9998,193.53,0.6395,fast
data\test\Apple__Healthy\rotated_by_15_Screen Shot 2018-06-08 at 5.02.38 PM.png,Apple__Healthy,light,410,358,120.52,387.9,179.54,0.0128,1,0.877,39.88,0.8427,1,0.9908,139.81,0.6692,1,0.9983,98.89,0.6711,fast
data\test\Strawberry__Healthy\686.jpg,Strawberry__Healthy,heavy,224,224,9.05,324.57,115.17,0.0702,1,0.9475,583.66,0.6612,1,1.0,1137.79,0.3362,1,1.0,994.85,0.3721,fast
data\test\Potato__Rotten\rottenPotato (416).jpg,Potato__Rotten,light,262,193,17.06,10921.74,122.68,0.3378,1,0.7292,14.9,0.8511,1,0.9998,106.73,0.6802,1,0.9998,31.73,0.6935,fast
data\test\Carrot__Healthy\freshCarrot (128).jpg,Carrot__Healthy,light,224,224,15.32,450.25,130.12,0.0469,1,0.8795,124.87,0.8143,1,0.9999,21.13,0.7088,1,0.9964,203.76,0.6361,fast
data\test\Mango__Rotten\226.jpg,Mango__Rotten,light,224,224,3.8,78.33,143.12,0.0147,1,0.9829,34.04,0.8447,1,1.0,47.96,0.6999,1,0.9998,213.9,0.6327,fast
data\test\Strawberry__Rotten\534.jpg,Strawberry__Rotten,light,224,224,11.93,1070.81,113.48,0.1544,1,0.9991,46.57,0.8405,1,1.0,54.8,0.6976,1,1.0,65.43,0.6823,fast
data\test\Strawberry__Rotten\rottenStrawberry (185).jpg,Strawberry__Rotten,heavy,3000,3293,1066.65,51.28,193.31,0.0069,1,0.7559,582.42,0.6617,1,0.9978,1255.02,0.297,1,0.8759,533.09,0.5262,fast
data\test\Strawberry__Rotten\57.jpg,Strawberry__Rotten,light,224,224,3.63,55.06,127.47,0.016,1,0.9854,48.53,0.8398,1,1.0,124.43,0.6743,1,1.0,123.35,0.663,fast
data\test\Apple__Healthy\rotated_by_30_Screen Shot 2018-06-08 at 5.13.25 PM.png,Apple__Healthy,heavy,318,292,85.67,599.89,175.28,0.0194,1,0.9918,807.55,0.5865,1,0.9999,1162.08,0.328,1,1.0,1200.94,0.3033,fast
data\test\Strawberry__Healthy\freshStrawberry (603).jpg,Strawberry__Healthy,light,224,224,9.22,348.93,112.86,0.0617,1,0.8568,17.97,0.85,1,1.0,124.91,0.6742,1,1.0,59.11,0.6844,fast
data\test\Orange__Healthy\Screen Shot 2018-06-13 at 12.20.25 AM.png,Orange__Healthy,heavy,284,292,94.55,34.31,193.24,0.0143,0,0.5333,700.15,-0.3776,1,1.0,202.6,0.6483,1,0.9999,1009.73,0.3672,balanced
data\test\Apple__Healthy\translation_Screen Shot 2018-06-08 at 5.34.14 PM.png,Apple__Healthy,light,458,434,216.79,592.14,127.6,0.0274,0,0.5843,81.08,-0.171,1,1.0,20.3,0.7091,1,0.9987,194.93,0.6391,balanced
data\test\Banana__Rotten\rottenBanana (268).jpg,Banana__Rotten,light,225,225,3.55,549.84,223.75,0.0356,0,0.209,138.09,-0.1901,1,0.9989,202.14,0.6484,1,0.9985,121.79,0.6635,heavy
data\test\Banana__Healthy\rotated_by_30_Screen Shot 2018-06-12 at 9.43.03 PM.png,Banana__Healthy,light,330,360,61.76,516.34,204.38,0.0132,1,0.7599,41.53,0.8422,1,0.9986,54.8,0.6976,1,0.9887,129.06,0.6611,fast
data\test\Apple__Rotten\rottenApple (400).jpg,Apple__Rotten,light,328,284,72.37,782.19,163.09,0.0145,1,0.8769,51.78,0.8387,1,0.9999,109.23,0.6794,1,1.0,174.74,0.6458,fast
data\test\Banana__Rotten\translation_Screen Shot 2018-06-12 at 8.56.54 PM.png,Banana__Rotten,light,632,404,203.71,501.02,177.61,0.0276,1,0.5874,42.85,0.8417,1,1.0,114.37,0.6777,1,1.0,96.17,0.672,fast
data\test\Apple__Healthy\saltandpepper_Screen Shot 2018-06-08 at 5.25.54 PM.png,Apple__Healthy,heavy,410,364,132.69,2952.84,208.82,0.0362,1,0.9713,738.11,0.6097,1,0.9997,376.23,0.5903,1,0.9991,1099.62,0.3372,fast
data\test\Strawberry__Rotten\rottenStrawberry (65).jpg,Strawberry__Rotten,heavy,3120,3026,1210.15,28.92,170.44,0.0028,1,0.8702,739.73,0.6091,1,1.0,1030.09,0.3721,1,1.0,923.95,0.3958,fast
data\test\Mango__Rotten\aspergillus_166.jpg,Mango__Rotten,light,224,224,7.3,205.65,146.05,0.0253,1,0.9841,46.57,0.8405,1,1.0,206.29,0.647,1,1.0,58.04,0.6848,fast
data\test\Mango__Healthy\693.jpg,Mango__Healthy,light,224,224,5.71,57.05,121.04,0.0162,1,0.9965,89.52,0.8261,1,1.0,26.97,0.7069,1,1.0,89.07,0.6744,fast
data\test\Orange__Rotten\rotated_by_15_Screen Shot 2018-06-12 at 11.20.30 PM.png,Orange__Rotten,light,434,422,185.55,26.22,97.45,0.0098,0,0.8418,122.37,-0.1848,1,0.9999,91.6,0.6853,1,0.9988,117.9,0.6648,balanced
data\test\Orange__Rotten\rotated_by_75_Screen Shot 2018-06-12 at 11.30.16 PM.png,Orange__Rotten,light,458,432,236.2,45.37,125.8,0.0091,1,0.9975,93.79,0.8247,1,1.0,139.5,0.6693,1,1.0,147.16,0.655,fast
data\test\Orange__Rotten\rotated_by_30_Screen Shot 2018-06-12 at 11.27.30 PM.png,Orange__Rotten,heavy,676,470,346.85,328.82,165.32,0.03,1,0.982,676.79,0.6302,1,1.0,1076.47,0.3566,1,1.0,1238.02,0.291,fast
data\test\Apple__Healthy\freshApple (315).jpg,Apple__Healthy,light,432,464,188.37,3141.48,169.02,0.0495,1,0.9655,73.84,0.8314,1,1.0,43.87,0.7012,1,1.0,137.27,0.6583,fast
data\test\Bellpepper__Rotten\rottenPepper (225).jpg,Bellpepper__Rotten,light,275,183,5.38,605.65,181.29,0.0567,1,0.6374,24.61,0.8478,1,0.9973,100.04,0.6825,1,0.9956,107.99,0.6681,fast
data\test\Apple__Rotten\rottenApple (488).jpg,Apple__Rotten,light,100,100,7.39,3417.75,110.78,0.2014,0,0.3034,46.57,-0.1595,0,0.6842,94.0,-0.3155,0,0.4534,155.46,-0.3478,fast
data\test\Carrot__Healthy\freshCarrot (368).jpg,Carrot__Healthy,light,100,100,1.79,269.74,231.64,0.057,0,0.5515,33.47,-0.1551,1,0.9977,77.05,0.6902,1,0.7763,135.37,0.659,balanced
data\test\Orange__Rotten\rotated_by_30_Screen Shot 2018-06-12 at 11.45.42 PM.png,Orange__Rotten,light,308,320,144.33,596.48,151.02,0.0872,1,0.9992,112.8,0.8184,1,1.0,80.28,0.6891,1,1.0,227.51,0.6282,fast
data\test\Potato__Healthy\freshPotato (474).jpg,Potato__Healthy,heavy,224,224,45.86,211.87,132.9,0.0264,1,0.6696,647.68,0.6399,1,1.0,458.07,0.563,1,1.0,1024.28,0.3623,fast
data\test\Carrot__Healthy\freshCarrot (291).jpg,Carrot__Healthy,heavy,224,224,14.29,336.9,94.08,0.0906,1,0.9071,736.04,0.6104,1,1.0,1067.54,0.3596,1,1.0,581.89,0.5099,fast
data\test\Bellpepper__Rotten\rottenPepper (634).jpg,Bellpepper__Rotten,light,260,194,4.31,585.97,191.35,0.037,0,0.3773,73.39,-0.1685,1,0.6129,229.7,0.6392,0,0.5472,149.82,-0.3459,balanced
data\test\Grape__Rotten\RottenGrape (26).jpg,Grape__Rotten,heavy,912,685,92.92,55.5,145.67,0.0091,1,0.7381,581.42,0.662,1,1.0,1030.09,0.3721,1,1.0,994.35,0.3723,fast
data\test\Apple__Healthy\rotated_by_75_Screen Shot 2018-06-08 at 5.25.37 PM.png,Apple__Healthy,heavy,390,396,126.48,349.78,196.11,0.0104,1,0.584,621.75,0.6485,1,1.0,1967.01,0.0594,1,0.9998,997.88,0.3711,fast
data\test\Strawberry__Healthy\freshStrawberry (158).jpg,Strawberry__Healthy,burst,1383,2004,398.46,52.01,132.33,0.0168,1,0.9987,1081.85,0.495,1,1.0,1577.7,0.1893,1,0.9999,3219.4,0.0041,fast
data\test\Mango__Healthy\freshMango (121).png,Mango__Healthy,light,320,258,123.94,1321.67,129.3,0.1025,1,0.7665,33.98,0.8447,1,0.9986,58.35,0.6964,1,0.9996,65.7,0.6822,fast
data\test\Apple__Healthy\FreshApple (19).jpg,Apple__Healthy,light,2363,2311,743.27,23.61,159.77,0.0015,0,0.7511,122.37,-0.1848,1,1.0,46.36,0.7004,1,1.0,146.02,0.6554,balanced
data\test\Bellpepper__Rotten\rottenPepper (324).jpg,Bellpepper__Rotten,light,100,100,1.54,513.34,203.31,0.0634,0,0.2976,61.07,-0.1644,1,0.9986,176.65,0.6569,1,0.9608,130.46,0.6606,heavy
data\test\Strawberry__Rotten\rottenStrawberry (334).jpg,Strawberry__Rotten,heavy,224,224,10.8,654.45,116.63,0.1251,1,0.9979,622.9,0.6481,1,1.0,1065.28,0.3603,1,1.0,1041.4,0.3566,fast
data\test\Apple__Healthy\Screen Shot 2018-06-08 at 5.16.44 PM.png,Apple__Healthy,light,402,404,181.82,35.61,175.83,0.0143,1,0.9883,159.75,0.8027,1,1.0,60.43,0.6957,1,0.9998,89.83,0.6742,fast
data\test\Carrot__Healthy\freshCarrot (584).jpg,Carrot__Healthy,burst,224,224,10.96,73.78,95.11,0.0335,1,0.9022,404.53,0.721,1,0.9995,1691.34,0.1514,1,0.9999,661.14,0.4835,fast
data\test\Orange__Healthy\freshOrange (198).jpg,Orange__Healthy,heavy,3043,3936,1668.47,25.44,160.26,0.0003,1,0.591,668.75,0.6328,1,0.9946,1030.6,0.3719,1,0.9944,837.15,0.4247,fast
data\test\Potato__Healthy\freshPotato (490).jpg,Potato__Healthy,heavy,224,224,12.62,37.08,71.12,0.0134,1,0.5072,642.95,0.6414,1,1.0,464.97,0.5607,1,0.9999,1112.74,0.3328,fast
data\test\Potato__Healthy\freshPotato (1).jpg,Potato__Healthy,heavy,1280,1911,515.87,805.23,155.23,0.1049,0,0.9966,623.22,-0.352,1,0.5771,1168.32,0.326,1,0.8301,1241.04,0.29,balanced
data\test\Orange__Rotten\saltandpepper_Screen Shot 2018-06-12 at 11.40.36 PM.png,Orange__Rotten,heavy,516,476,274.87,2704.64,180.09,0.0559,1,0.726,594.16,0.6577,1,0.9999,1301.49,0.2815,1,0.999,1029.31,0.3606,fast
data\test\Mango__Healthy\466.jpg,Mango__Healthy,heavy,224,224,2.76,16.22,141.72,0.006,1,0.9385,732.51,0.6116,1,1.0,909.1,0.4125,1,1.0,1004.92,0.3688,fast
data\test\Strawberry__Rotten\437.jpg,Strawberry__Rotten,light,224,224,3.25,85.36,142.29,0.0098,1,0.9566,87.08,0.827,1,1.0,210.83,0.6455,1,1.0,107.12,0.6684,fast
data\test\Mango__Rotten\lasio_075.jpg,Mango__Rotten,light,224,224,10.11,1144.1,83.39,0.1066,0,0.4675,44.39,-0.1588,1,0.988,145.8,0.6672,1,0.9115,139.01,0.6577,balanced
data\test\Orange__Healthy\Screen Shot 2018-06-13 at 12.03.27 AM.png,Orange__Healthy,heavy,308,244,98.96,296.43,182.31,0.0272,1,0.993,506.33,0.687,1,0.9244,1067.54,0.3596,1,0.9981,996.73,0.3715,fast
data\test\Jujube__Rotten\RottenJujube (1).jpg,Jujube__Rotten,heavy,3313,2627,1425.44,55.96,125.98,0.0004,0,0.4048,562.4,-0.3317,0,0.6823,1064.26,-0.6393,0,0.5286,1004.66,-0.6312,fast
data\test\Mango__Rotten\aspergillus_037.jpg,Mango__Rotten,light,224,224,7.5,752.16,108.56,0.0364,1,0.9843,71.45,0.8322,1,1.0,109.44,0.6793,1,0.9994,139.83,0.6575,fast
data\test\Potato__Healthy\freshPotato (353).jpg,Potato__Healthy,burst,224,224,52.05,264.17,128.12,0.0438,1,0.8008,1256.12,0.4368,1,0.9996,1405.3,0.2469,1,0.998,2652.06,0.0041,fast
data\test\Bellpepper__Healthy\freshPepper (313).jpg,Bellpepper__Healthy,light,224,224,13.79,276.24,81.21,0.0662,1,0.9843,427.32,0.7134,1,0.9998,20.21,0.7091,1,0.9999,162.97,0.6497,fast
data\test\Orange__Healthy\rotated_by_30_Screen Shot 2018-06-13 at 12.04.12 AM.png,Orange__Healthy,light,456,360,178.95,368.78,151.37,0.0206,1,0.9977,123.46,0.8148,1,0.9999,67.02,0.6935,1,1.0,84.31,0.676,fast
data\test\Mango__Rotten\alternaria_009.jpg,Mango__Rotten,burst,224,224,7.9,1290.48,119.5,0.0436,1,0.9904,1079.8,0.4957,1,1.0,991.19,0.3851,1,1.0,10783.84,0.0041,fast
data\test\Banana__Healthy\rotated_by_30_Screen Shot 2018-06-12 at 9.42.03 PM.png,Banana__Healthy,light,608,402,242.43,201.95,143.67,0.0191,1,0.9977,119.71,0.8161,1,1.0,71.34,0.6921,1,0.9999,62.0,0.6834,fast
data\test\Grape__Rotten\RottenGrape (86).jpg,Grape__Rotten,light,984,778,123.26,42.71,131.13,0.0125,1,0.912,82.32,0.8285,1,0.9999,90.89,0.6855,1,1.0,164.63,0.6492,fast
data\test\Orange__Rotten\rottenOrange (29).jpg,Orange__Rotten,heavy,663,715,70.23,23.19,157.65,0.0062,0,0.7084,472.53,-0.3017,1,0.9619,1301.62,0.2815,1,0.9695,1239.57,0.2904,heavy
data\test\Banana__Healthy\rotated_by_60_Screen Shot 2018-06-12 at 10.06.44 PM.png,Banana__Healthy,heavy,530,390,114.19,394.66,180.53,0.0106,1,0.9761,474.63,0.6976,1,1.0,1361.29,0.2616,1,1.0,1265.81,0.2817,fast
data\test\Pomegranate__Rotten\RottenPomegranate (72).jpg,Pomegranate__Rotten,heavy,3553,3105,1645.67,126.61,184.43,0.0168,1,0.2852,706.79,0.6201,1,0.9993,1553.15,0.1975,0,0.8613,1203.44,-0.6975,fast
data\test\Orange__Rotten\rotated_by_15_Screen Shot 2018-06-12 at 11.42.56 PM.png,Orange__Rotten,burst,394,368,171.77,418.96,148.88,0.0395,1,0.5457,1181.97,0.4616,1,1.0,1223.57,0.3075,1,0.9997,2590.03,0.0041,fast
data\test\Strawberry__Rotten\460.jpg,Strawberry__Rotten,heavy,224,224,3.17,74.84,140.82,0.0101,1,0.9501,738.11,0.6097,1,1.0,1152.9,0.3311,1,1.0,1187.71,0.3078,fast
data\test\Orange__Rotten\vertical_flip_Screen Shot 2018-06-12 at 11.44.16 PM.png,Orange__Rotten,light,260,252,86.46,50.09,140.6,0.0242,1,0.3086,72.39,0.8319,1,0.9998,107.5,0.68,1,0.9984,52.32,0.6867,fast
data\test\Apple__Healthy\rotated_by_30_Screen Shot 2018-06-08 at 5.23.31 PM.png,Apple__Healthy,light,196,170,27.35,949.51,184.4,0.0246,1,0.9696,118.3,0.8165,1,1.0,148.77,0.6662,1,1.0,62.92,0.6831,fast
data\test\Carrot__Healthy\freshCarrot (347).jpg,Carrot__Healthy,light,224,224,12.75,172.63,95.8,0.0434,1,0.9602,74.01,0.8313,1,1.0,57.8,0.6966,1,1.0,32.05,0.6934,fast
data\test\Carrot__Rotten\rottenCarrot (285).jpg,Carrot__Rotten,light,100,100,4.56,901.09,204.61,0.0854,1,0.5778,43.13,0.8416,1,0.9909,86.51,0.687,1,0.9997,32.25,0.6934,fast
data\test\Potato__Healthy\freshPotato (600).jpg,Potato__Healthy,heavy,4000,3000,2169.72,54.13,174.56,0.0026,0,0.4019,701.65,-0.3781,0,0.9432,1161.56,-0.6718,1,0.8013,1158.64,0.3175,heavy
data\test\Strawberry__Rotten\rottenStrawberry (452).jpg,Strawberry__Rotten,light,224,224,4.54,111.64,115.74,0.0243,1,0.9574,72.85,0.8317,1,1.0,135.24,0.6707,1,1.0,111.5,0.6669,fast
data\test\Orange__Rotten\Screen Shot 2018-06-12 at 11.25.11 PM.png,Orange__Rotten,heavy,480,370,269.89,68.83,192.0,0.036,1,0.9996,797.02,0.59,1,1.0,1090.26,0.352,1,0.9954,1241.04,0.29,fast
data\test\Strawberry__Healthy\freshStrawberry (509).jpg,Strawberry__Healthy,heavy,224,224,3.41,59.76,141.09,0.0103,1,0.7202,1053.59,0.5044,1,1.0,1184.55,0.3205,1,1.0,1158.25,0.3176,fast
data\test\Banana__Rotten\rotated_by_45_Screen Shot 2018-06-12 at 9.11.58 PM.png,Banana__Rotten,light,260,342,62.07,749.24,179.82,0.0309,1,0.8265,73.0,0.8317,1,1.0,73.94,0.6912,1,0.9995,122.84,0.6631,fast
data\test\Apple__Healthy\rotated_by_60_Screen Shot 2018-06-08 at 5.32.38 PM.png,Apple__Healthy,heavy,352,330,85.79,553.99,131.95,0.0189,1,0.9079,2650.16,0.156,1,0.9998,1066.52,0.3599,1,0.9989,1040.89,0.3568,balanced
data\test\Banana__Rotten\rotated_by_45_Screen Shot 2018-06-12 at 9.06.13 PM.png,Banana__Rotten,heavy,608,372,206.51,548.98,85.17,0.0247,1,0.9977,1293.71,0.4243,1,1.0,1173.04,0.3244,1,0.9999,1278.53,0.2774,fast
data\test\Banana__Rotten\rottenBanana (195).jpg,Banana__Rotten,light,3784,2598,1314.46,69.2,192.27,0.0033,1,0.5047,96.8,0.8237,1,1.0,128.49,0.673,1,1.0,53.8,0.6862,fast
data\test\Apple__Rotten\translation_Screen Shot 2018-06-08 at 2.40.13 PM.png,Apple__Rotten,light,344,338,111.84,736.79,133.11,0.0277,1,0.9563,84.34,0.8279,1,0.9999,38.23,0.7031,1,0.9996,45.73,0.6889,fast
data\test\Apple__Healthy\rotated_by_30_Screen Shot 2018-06-08 at 5.26.05 PM.png,Apple__Healthy,heavy,462,466,215.97,373.39,123.5,0.0149,1,0.9758,631.18,0.6454,1,1.0,1085.84,0.3535,1,1.0,1028.8,0.3608,fast
data\test\Apple__Healthy\translation_Screen Shot 2018-06-08 at 5.17.34 PM.png,Apple__Healthy,burst,366,404,137.41,656.01,128.04,0.0162,1,0.959,1602.48,0.3212,1,0.9999,1894.68,0.0836,1,0.9985,4232.23,0.0041,fast
data\test\Banana__Healthy\rotated_by_30_Screen Shot 2018-06-12 at 9.44.06 PM.png,Banana__Healthy,light,500,452,150.05,376.91,189.3,0.0145,1,0.9971,31.88,0.8454,1,1.0,89.19,0.6861,1,1.0,137.54,0.6582,fast
data\test\Strawberry__Healthy\576.jpg,Strawberry__Healthy,light,224,224,9.4,386.16,107.72,0.0651,1,0.9541,107.09,0.8203,1,1.0,78.23,0.6898,1,1.0,64.33,0.6827,fast
data\test\Apple__Healthy\rotated_by_45_Screen Shot 2018-06-08 at 5.03.59 PM.png,Apple__Healthy,light,414,418,165.42,451.15,161.01,0.0168,1,0.9916,22.69,0.8484,1,0.9828,110.76,0.6789,1,0.9992,65.7,0.6822,fast
data\test\Mango__Healthy\391.jpg,Mango__Healthy,heavy,224,224,3.27,15.95,139.62,0.0044,1,0.8524,519.36,0.6827,1,0.9976,828.6,0.4393,1,0.9996,921.56,0.3966,fast
data\test\Apple__Healthy\rotated_by_60_Screen Shot 2018-06-08 at 5.01.15 PM.png,Apple__Healthy,light,382,422,121.49,453.85,172.38,0.0136,1,0.9834,58.68,0.8364,1,1.0,170.28,0.659,1,1.0,121.27,0.6637,fast
data\test\Banana__Healthy\rotated_by_15_Screen Shot 2018-06-12 at 9.57.17 PM.png,Banana__Healthy,light,612,422,196.28,295.37,206.21,0.0129,1,0.9975,20.12,0.8493,1,1.0,131.78,0.6719,1,0.9999,190.1,0.6407,fast
data\test\Orange__Rotten\rotated_by_60_Screen Shot 2018-06-12 at 11.43.36 PM.png,Orange__Rotten,light,384,336,142.42,439.56,135.01,0.0188,1,0.7957,62.75,0.8351,1,0.9986,152.88,0.6648,1,0.926,29.34,0.6943,fast
data\test\Orange__Rotten\vertical_flip_Screen Shot 2018-06-12 at 11.46.17 PM.png,Orange__Rotten,heavy,438,408,206.95,93.62,190.0,0.0502,1,0.9993,620.63,0.6489,1,0.9996,1066.52,0.3599,1,0.9771,1076.02,0.345,fast
data\test\Apple__Healthy\rotated_by_30_Screen Shot 2018-06-08 at 5.23.14 PM.png,Apple__Healthy,light,182,188,26.31,930.95,188.73,0.0189,1,0.9364,45.69,0.8408,1,0.9953,210.83,0.6455,1,0.9999,201.01,0.637,fast
data\test\Apple__Rotten\rotated_by_30_Screen Shot 2018-06-08 at 2.47.03 PM.png,Apple__Rotten,heavy,412,354,139.49,477.23,164.2,0.0154,1,0.9827,656.06,0.6371,1,0.9983,1152.9,0.3311,1,1.0,1076.54,0.3449,fast
data\test\Mango__Healthy\806.jpg,Mango__Healthy,heavy,224,224,5.04,31.57,113.86,0.0072,1,0.8576,739.84,0.6091,1,0.9998,375.2,0.5907,1,0.9999,1024.34,0.3623,fast
data\test\Orange__Healthy\rotated_by_75_Screen Shot 2018-06-13 at 12.07.10 AM.png,Orange__Healthy,light,488,428,199.29,321.58,163.78,0.0145,1,0.9542,71.57,0.8321,1,1.0,66.14,0.6938,1,1.0,89.07,0.6744,fast
data\test\Apple__Rotten\rottenApple (107).jpg,Apple__Rotten,light,2494,2492,638.18,11.96,162.62,0.0003,1,0.2552,37.6,0.8435,1,0.9322,41.33,0.7021,1,0.9917,113.52,0.6662,fast
data\test\Mango__Rotten\115.jpg,Mango__Rotten,heavy,224,224,4.85,87.18,102.24,0.0284,1,0.9977,739.04,0.6094,1,1.0,1209.76,0.3121,1,0.9979,994.35,0.3723,fast
data\test\Strawberry__Healthy\286.jpg,Strawberry__Healthy,heavy,224,224,6.63,212.6,88.74,0.0198,1,0.9929,628.61,0.6462,1,1.0,1301.11,0.2816,1,1.0,889.41,0.4073,fast
data\test\Banana__Healthy\rotated_by_60_Screen Shot 2018-06-12 at 9.51.29 PM.png,Banana__Healthy,heavy,596,398,125.12,374.81,171.67,0.015,1,0.9734,551.41,0.672,1,1.0,1185.78,0.3201,1,1.0,1098.59,0.3375,fast
data\test\Mango__Rotten\aspergillus_101.jpg,Mango__Rotten,burst,224,224,6.17,156.44,144.66,0.0375,1,0.9508,1336.08,0.4101,1,1.0,2212.69,0.0159,1,1.0,2041.8,0.0227,fast
data\test\Banana__Rotten\rotated_by_75_Screen Shot 2018-06-12 at 9.03.12 PM.png,Banana__Rotten,heavy,612,426,205.26,344.93,114.97,0.0388,1,1.0,814.49,0.5842,1,1.0,226.18,0.6404,1,1.0,1049.17,0.354,balanced
data\test\Pomegranate__Healthy\FreshPomegranate (15).jpg,Pomegranate__Healthy,heavy,1510,1627,353.06,32.71,104.21,0.0029,1,0.8397,194.74,0.791,1,0.9999,1042.98,0.3678,1,0.9996,1024.34,0.3623,fast
data\test\Orange__Healthy\rotated_by_30_Screen Shot 2018-06-12 at 11.56.35 PM.png,Orange__Healthy,light,390,350,131.42,415.27,142.58,0.0143,1,0.885,61.23,0.8356,1,1.0,115.29,0.6774,1,0.9999,92.99,0.6731,fast
data\test\Orange__Rotten\rottenOrange (382).jpg,Orange__Rotten,burst,224,224,5.23,216.32,142.35,0.0286,1,0.5327,1697.3,0.2896,1,0.9999,1430.21,0.2386,1,0.9896,1651.51,0.153,fast
data\test\Banana__Rotten\saltandpepper_Screen Shot 2018-06-12 at 9.07.31 PM.png,Banana__Rotten,light,452,380,138.42,3087.14,172.47,0.0449,1,0.9985,12.18,0.852,1,1.0,89.75,0.6859,1,1.0,137.27,0.6583,fast
data\test\Cucumber__Healthy\freshCucumber (528).jpg,Cucumber__Healthy,heavy,4032,3024,1826.96,34.92,153.92,0.0031,1,0.9527,797.02,0.59,1,1.0,1276.77,0.2898,1,0.9985,1076.02,0.345,fast
data\test\Cucumber__Healthy\freshCucumber (66).jpg,Cucumber__Healthy,heavy,848,480,7.02,21.99,163.41,0.0072,1,0.9848,819.11,0.5827,1,0.9998,1148.78,0.3325,1,0.9988,1251.81,0.2864,fast
data\test\Strawberry__Healthy\385.jpg,Strawberry__Healthy,light,224,224,3.34,59.25,145.0,0.0126,1,0.9355,76.09,0.8306,1,1.0,26.95,0.7069,1,0.9998,154.01,0.6527,fast
data\test\Banana__Rotten\vertical_flip_Screen Shot 2018-06-12 at 8.55.15 PM.png,Banana__Rotten,light,626,388,162.9,49.84,215.33,0.0379,1,0.9877,122.37,0.8152,1,1.0,104.3,0.6811,1,1.0,130.46,0.6606,fast
data\test\Banana__Rotten\rotated_by_75_Screen Shot 2018-06-12 at 9.07.39 PM.png,Banana__Rotten,heavy,582,332,149.93,269.16,82.89,0.0233,1,0.9996,181.72,0.7954,1,1.0,1032.23,0.3714,1,1.0,994.33,0.3723,fast
data\test\Guava__Healthy\FreshGuava (96).jpg,Guava__Healthy,heavy,1200,1600,97.01,22.52,162.07,0.0046,1,0.9971,639.5,0.6426,1,1.0,1146.85,0.3331,1,1.0,1251.81,0.2864,fast
data\test\Strawberry__Healthy\263.jpg,Strawberry__Healthy,heavy,224,224,5.33,98.23,103.48,0.0128,1,0.9338,580.03,0.6624,1,1.0,1064.26,0.3607,1,1.0,1019.05,0.364,fast
data\test\Banana__Rotten\rottenBanana (334).jpg,Banana__Rotten,light,224,224,5.09,236.83,136.72,0.0403,1,0.9878,42.55,0.8418,1,1.0,111.14,0.6788,1,0.9999,133.8,0.6595,fast
data\test\Orange__Healthy\Screen Shot 2018-06-12 at 11.55.00 PM.png,Orange__Healthy,light,180,196,52.76,28.23,179.43,0.0111,1,0.859,85.02,0.8276,1,0.9993,32.55,0.705,1,0.9934,43.46,0.6896,fast
data\test\Strawberry__Healthy\615.jpg,Strawberry__Healthy,light,224,224,7.83,227.55,121.65,0.0255,1,0.6754,30.92,0.8457,1,1.0,48.18,0.6998,1,0.9994,149.42,0.6543,fast
data\test\Orange__Rotten\rotated_by_15_Screen Shot 2018-06-12 at 11.45.28 PM.png,Orange__Rotten,burst,392,360,156.71,442.69,154.58,0.045,1,0.9924,473.77,0.6979,1,1.0,1243.19,0.301,1,0.9999,1615.13,0.1651,fast
data\test\Potato__Healthy\freshPotato (177).jpg,Potato__Healthy,burst,100,100,4.39,1259.47,180.54,0.0457,1,0.9226,1567.55,0.3329,1,1.0,1763.73,0.1273,1,1.0,854.83,0.4188,heavy
data\test\Banana__Rotten\Screen Shot 2018-06-12 at 9.07.39 PM.png,Banana__Rotten,light,582,332,210.55,62.95,169.45,0.0267,1,0.9995,110.46,0.8192,1,1.0,107.01,0.6802,1,1.0,60.32,0.684,fast
data\test\Mango__Healthy\freshMango (144).png,Mango__Healthy,light,320,258,105.19,885.84,114.36,0.0654,1,0.3856,78.45,0.8298,1,0.9999,70.57,0.6923,1,0.9999,59.02,0.6844,fast
data\test\Orange__Healthy\translation_Screen Shot 2018-06-13 at 12.00.54 AM.png,Orange__Healthy,heavy,338,266,75.76,458.6,146.46,0.0078,1,0.9348,570.15,0.6657,1,1.0,202.09,0.6484,1,0.9987,923.42,0.396,fast
data\test\Potato__Healthy\freshPotato (591).jpg,Potato__Healthy,heavy,1396,785,149.12,73.39,196.82,0.0157,1,0.8669,708.78,0.6195,1,0.9937,1131.98,0.3381,1,0.9268,1158.1,0.3176,fast
data\test\Mango__Healthy\424.jpg,Mango__Healthy,heavy,224,224,2.69,11.22,142.54,0.0054,1,0.9425,701.65,0.6219,1,1.0,1195.49,0.3169,1,1.0,997.88,0.3711,fast
data\test\Apple__Healthy\rotated_by_75_Screen Shot 2018-06-08 at 5.26.24 PM.png,Apple__Healthy,heavy,336,374,113.14,430.09,168.91,0.0139,1,0.9327,631.18,0.6454,1,1.0,1184.55,0.3205,1,0.9999,1019.57,0.3639,fast
data\test\Potato__Healthy\freshPotato (119).jpg,Potato__Healthy,light,224,224,10.45,37.91,95.28,0.0045,0,0.3571,107.09,-0.1797,1,0.9999,209.07,0.6461,1,0.9982,51.03,0.6871,heavy
data\test\Potato__Healthy\freshPotato (265).jpg,Potato__Healthy,light,100,100,4.6,1673.9,181.13,0.0554,1,0.9468,93.91,0.8247,1,1.0,91.8,0.6852,1,0.9999,130.33,0.6606,fast
data\test\Banana__Rotten\vertical_flip_Screen Shot 2018-06-12 at 8.58.13 PM.png,Banana__Rotten,light,272,382,119.37,111.27,194.78,0.051,1,0.3238,42.59,0.8418,1,1.0,109.22,0.6794,1,1.0,83.38,0.6763,fast
data\test\Bellpepper__Healthy\freshPepper (381).jpg,Bellpepper__Healthy,heavy,224,224,7.9,63.64,115.23,0.0175,1,0.8363,668.75,0.6328,1,0.9996,1435.59,0.2368,1,0.9942,1415.33,0.2318,fast
data\test\Mango__Healthy\861.jpg,Mango__Healthy,light,224,224,5.45,59.22,108.83,0.0098,1,0.6514,65.2,0.8343,1,1.0,93.55,0.6846,1,0.999,96.17,0.672,fast
data\test\Orange__Rotten\rottenOrange (65).jpg,Orange__Rotten,light,2810,2672,998.88,24.73,166.26,0.0003,1,0.2721,65.2,0.8343,1,0.9997,19.25,0.7094,1,0.9947,137.54,0.6582,fast
data\test\Grape__Rotten\RottenGrape (85).jpg,Grape__Rotten,heavy,1040,780,47.56,22.03,140.04,0.0083,1,0.9887,699.06,0.6227,1,0.9991,1050.77,0.3652,1,1.0,1346.25,0.2548,fast
data\test\Mango__Rotten\rottenMango (439).jpg,Mango__Rotten,heavy,224,224,5.42,616.22,101.51,0.0461,1,0.9992,732.14,0.6117,1,1.0,1087.44,0.353,1,0.9995,1228.87,0.294,fast
data\test\Apple__Healthy\freshApple (606).png,Apple__Healthy,heavy,320,258,111.24,1572.75,125.74,0.0745,1,0.8842,607.3,0.6533,1,0.9999,1111.67,0.3449,1,0.9998,994.35,0.3723,fast
data\test\Apple__Rotten\rotated_by_45_Screen Shot 2018-06-07 at 2.44.05 PM.png,Apple__Rotten,heavy,256,250,89.87,550.71,118.15,0.0304,1,0.9111,551.41,0.672,1,0.9999,908.07,0.4128,1,0.9997,1028.8,0.3608,fast
data\test\Apple__Healthy\freshApple (298).jpg,Apple__Healthy,light,100,100,4.5,1602.83,93.84,0.0395,1,0.8872,63.89,0.8347,1,0.9993,186.52,0.6536,1,0.9738,90.44,0.6739,fast
data\test\Mango__Healthy\766.jpg,Mango__Healthy,heavy,224,224,5.62,45.61,121.41,0.0105,1,0.8616,628.61,0.6462,1,1.0,1045.45,0.367,1,1.0,1108.71,0.3341,fast
data\test\Mango__Rotten\anthracnose_064.jpg,Mango__Rotten,light,224,224,8.49,404.08,125.76,0.104,1,0.9716,25.28,0.8476,1,0.9991,182.01,0.6551,1,1.0,148.74,0.6545,fast
data\test\Apple__Rotten\rottenApple (316).jpg,Apple__Rotten,light,432,386,154.43,330.91,156.65,0.0152,1,0.7934,140.97,0.809,1,1.0,70.26,0.6924,1,0.9999,63.43,0.683,fast
data\test\Banana__Rotten\saltandpepper_Screen Shot 2018-06-12 at 9.22.19 PM.png,Banana__Rotten,light,464,354,90.83,3325.17,194.78,0.0457,1,0.9825,20.63,0.8491,1,1.0,130.07,0.6725,1,0.9999,50.32,0.6873,fast
data\test\Jujube__Rotten\RottenJujube (48).jpg,Jujube__Rotten,light,2814,2716,942.1,30.04,179.72,0.0027,1,0.6014,111.71,0.8187,1,0.9998,97.69,0.6833,1,0.9998,180.28,0.644,fast
data\test\Potato__Rotten\rottenPotato (304).jpg,Potato__Rotten,heavy,195,259,8.34,1634.09,179.83,0.104,1,0.3923,703.56,0.6212,1,0.9996,1080.71,0.3552,1,0.9932,1047.29,0.3546,fast
data\test\Orange__Rotten\rotated_by_75_Screen Shot 2018-06-12 at 11.22.47 PM.png,Orange__Rotten,light,458,392,188.18,383.86,150.92,0.0365,1,0.996,26.23,0.8473,1,1.0,154.97,0.6641,1,1.0,126.6,0.6619,fast
data\test\Strawberry__Rotten\587.jpg,Strawberry__Rotten,light,224,224,11.22,714.8,119.68,0.1317,1,0.9981,113.6,0.8181,1,1.0,121.57,0.6753,1,1.0,180.28,0.644,fast
data\test\Orange__Healthy\freshOrange (71).jpg,Orange__Healthy,light,3260,2800,935.29,12.24,162.91,0.001,1,0.9165,47.46,0.8402,1,1.0,91.49,0.6853,1,0.9928,103.56,0.6696,fast
data\test\Banana__Rotten\vertical_flip_Screen Shot 2018-06-12 at 8.53.15 PM.png,Banana__Rotten,heavy,294,246,70.95,26.32,122.22,0.0187,1,0.618,559.27,0.6694,1,0.9994,1032.23,0.3714,1,0.9999,1018.27,0.3643,fast
data\test\Guava__Rotten\RottenGuava (15).jpg,Guava__Rotten,light,3384,2541,1165.94,33.2,141.49,0.0031,1,0.4843,20.69,0.8491,1,0.9999,105.89,0.6805,1,0.9989,117.9,0.6648,fast
data\test\Orange__Healthy\rotated_by_60_Screen Shot 2018-06-12 at 11.56.55 PM.png,Orange__Healthy,light,378,372,137.96,408.01,153.06,0.0175,1,0.9955,14.66,0.8511,1,1.0,110.95,0.6788,1,1.0,83.89,0.6761,fast
data\test\Strawberry__Healthy\432.jpg,Strawberry__Healthy,light,224,224,3.81,67.33,132.89,0.0148,1,0.9383,427.32,0.7134,1,1.0,139.5,0.6693,1,1.0,137.27,0.6583,fast
data\test\Mango__Rotten\335.jpg,Mango__Rotten,burst,224,224,5.66,187.14,129.6,0.0358,1,0.9957,1170.28,0.4655,1,1.0,1394.73,0.2504,1,0.9989,1287.21,0.2745,fast
data\test\Mango__Rotten\rottenMango (349).jpg,Mango__Rotten,heavy,224,224,3.67,47.13,76.96,0.0175,1,0.9827,632.92,0.6448,1,1.0,1080.27,0.3553,1,0.9998,1004.42,0.3689,fast
data\test\Apple__Healthy\Screen Shot 2018-06-08 at 5.21.44 PM.png,Apple__Healthy,heavy,372,370,190.64,131.58,156.09,0.0256,1,0.9911,732.5,0.6116,1,1.0,1064.76,0.3605,1,1.0,1076.02,0.345,fast
data\test\Tomato__Rotten\rottenTomato (461).jpg,Tomato__Rotten,light,224,224,10.25,444.84,110.56,0.1461,0,0.4177,82.96,-0.1717,1,1.0,239.36,0.636,1,1.0,241.56,0.6235,balanced
data\test\Apple__Rotten\Screen Shot 2018-06-07 at 2.24.02 PM.png,Apple__Rotten,heavy,336,330,147.68,54.95,175.94,0.0211,1,0.8793,656.58,0.6369,1,1.0,723.04,0.4746,1,0.9996,1058.38,0.3509,fast
data\test\Jujube__Rotten\RottenJujube (28).jpg,Jujube__Rotten,heavy,2705,2472,826.76,26.71,149.74,0.0018,1,0.4067,642.95,0.6414,1,1.0,1209.8,0.3121,1,0.9999,1158.64,0.3175,fast
data\test\Orange__Healthy\freshOrange (89).png,Orange__Healthy,light,320,258,127.77,2478.65,115.52,0.1268,1,0.868,60.89,0.8357,1,0.9985,83.87,0.6879,1,0.9985,140.19,0.6573,fast
data\test\Strawberry__Rotten\949.jpg,Strawberry__Rotten,heavy,224,224,7.25,194.64,130.83,0.0399,1,0.9667,638.74,0.6429,1,1.0,5790.88,0.0159,1,0.9999,1040.37,0.3569,fast
data\test\Banana__Rotten\rotated_by_45_Screen Shot 2018-06-12 at 8.51.00 PM.png,Banana__Rotten,light,430,354,54.28,591.24,168.92,0.0148,1,0.9804,21.78,0.8488,1,1.0,48.76,0.6996,1,0.9973,183.69,0.6428,fast
data\test\Orange__Healthy\rotated_by_45_Screen Shot 2018-06-13 at 12.20.39 AM.png,Orange__Healthy,burst,280,264,73.73,670.62,138.21,0.0237,1,0.4767,1697.81,0.2894,1,0.9898,276.08,0.6237,1,0.9995,1215.87,0.2984,balanced
data\test\Mango__Rotten\anthracnose_087.jpg,Mango__Rotten,light,441,633,53.79,104.78,105.14,0.0166,0,0.5966,89.68,-0.1739,1,0.9106,76.88,0.6902,1,0.9991,205.48,0.6356,balanced
data\test\Potato__Rotten\rottenPotato (239).jpg,Potato__Rotten,burst,100,100,2.15,557.4,185.51,0.0616,0,0.5266,1599.87,-0.6779,0,0.4119,276.08,-0.3763,1,0.9489,2488.05,0.0041,heavy
data\test\Bellpepper__Healthy\freshPepper (27).jpg,Bellpepper__Healthy,heavy,100,100,2.78,448.43,113.85,0.105,1,0.8554,611.53,0.6519,1,0.9939,1050.77,0.3652,1,0.9653,889.41,0.4073,fast
data\test\Jujube__Rotten\RottenJujube (132).jpg,Jujube__Rotten,burst,2973,2284,786.47,14.7,188.24,0.0005,1,0.7084,1458.71,0.3692,1,1.0,2593.92,0.0159,1,1.0,2583.22,0.0041,fast
data\test\Orange__Healthy\freshOrange (159).png,Orange__Healthy,light,480,322,182.71,398.01,121.09,0.0582,1,0.5021,69.33,0.8329,1,1.0,94.0,0.6845,1,0.9999,136.02,0.6587,fast
data\test\Banana__Healthy\rotated_by_60_Screen Shot 2018-06-12 at 10.00.37 PM.png,Banana__Healthy,light,518,332,61.62,430.96,175.94,0.0074,1,0.9812,18.91,0.8497,1,1.0,229.7,0.6392,1,1.0,163.58,0.6495,fast
data\test\Mango__Healthy\23.jpg,Mango__Healthy,burst,224,224,3.38,90.92,57.29,0.0092,1,0.8996,1600.35,0.3219,1,1.0,1895.72,0.0832,1,1.0,1604.5,0.1687,fast
data\test\Mango__Healthy\freshMango (196).jpg,Mango__Healthy,light,224,224,5.47,44.65,121.63,0.0141,1,0.9926,71.65,0.8321,1,1.0,122.07,0.6751,1,1.0,73.07,0.6797,fast
data\test\Apple__Healthy\rotated_by_75_Screen Shot 2018-06-08 at 5.20.32 PM.png,Apple__Healthy,heavy,432,440,165.49,341.51,137.45,0.0147,1,0.9523,756.16,0.6037,1,1.0,1168.32,0.326,1,0.9999,994.33,0.3723,fast
data\test\Mango__Rotten\rottenMango (427).jpg,Mango__Rotten,heavy,224,224,4.0,131.33,99.7,0.0271,1,0.9951,738.11,0.6097,1,1.0,1030.09,0.3721,1,1.0,1018.27,0.3643,fast
data\test\Apple__Healthy\freshApple (802).png,Apple__Healthy,light,320,258,108.28,1504.34,127.32,0.0665,1,0.6776,45.53,0.8408,1,1.0,153.79,0.6645,1,0.9999,118.88,0.6645,fast
data\test\Carrot__Healthy\freshCarrot (163).jpg,Carrot__Healthy,burst,224,224,15.98,413.97,101.2,0.1107,1,0.9266,1432.51,0.3779,1,1.0,1430.75,0.2384,1,0.9987,2757.94,0.0041,fast
data\test\Strawberry__Healthy\94.jpg,Strawberry__Healthy,light,224,224,7.29,332.79,89.41,0.0288,1,0.9857,63.18,0.8349,1,1.0,201.97,0.6485,1,0.9999,88.68,0.6745,fast
data\test\Orange__Rotten\rotated_by_30_Screen Shot 2018-06-12 at 11.23.29 PM.png,Orange__Rotten,light,164,126,28.05,1195.71,125.03,0.0414,0,0.7242,65.88,-0.166,1,0.9999,97.14,0.6834,1,1.0,103.55,0.6696,balanced
data\test\Strawberry__Healthy\585.jpg,Strawberry__Healthy,light,224,224,8.69,243.47,121.32,0.0372,1,0.9383,78.98,0.8297,1,1.0,76.88,0.6902,1,1.0,203.77,0.6361,fast
data\test\Apple__Rotten\rotated_by_45_Screen Shot 2018-06-08 at 2.37.13 PM.png,Apple__Rotten,light,492,424,206.68,472.24,148.25,0.0329,1,0.9251,51.19,0.8389,1,0.9991,132.53,0.6716,1,0.9995,241.56,0.6235,fast
data\test\Pomegranate__Healthy\FreshPomegranate (6).jpg,Pomegranate__Healthy,light,2686,2331,539.53,10.95,150.67,0.0002,1,0.5277,25.28,0.8476,1,0.9877,77.94,0.6899,1,0.9998,94.2,0.6727,fast
data\test\Strawberry__Rotten\12.jpg,Strawberry__Rotten,light,224,224,3.53,76.08,128.35,0.0185,1,0.9676,20.66,0.8491,1,1.0,158.38,0.663,1,1.0,17.96,0.6981,fast
data\test\Bellpepper__Rotten\rottenPepper (485).jpg,Bellpepper__Rotten,light,267,188,6.4,885.66,232.2,0.0287,0,0.3531,59.1,-0.1637,1,0.9834,92.21,0.6851,1,0.9859,58.62,0.6846,balanced
data\test\Apple__Rotten\saltandpepper_Screen Shot 2018-06-07 at 2.38.04 PM.png,Apple__Rotten,light,588,440,243.09,2940.75,176.02,0.052,1,0.8918,29.09,0.8463,1,0.9998,129.98,0.6725,1,0.9999,25.88,0.6955,fast
data\test\Banana__Healthy\Banana__Healthy_augmented_178.jpg,Banana__Healthy,heavy,224,224,5.54,506.74,176.53,0.0316,1,0.9914,676.79,0.6302,1,1.0,1067.04,0.3598,1,1.0,995.65,0.3719,fast
data\test\Banana__Healthy\freshBanana (21).jpg,Banana__Healthy,light,1200,1600,69.31,9.84,163.77,0.0028,1,0.8359,78.45,0.8298,1,1.0,83.87,0.6879,1,1.0,19.95,0.6975,fast
data\test\Cucumber__Healthy\freshCucumber (10).jpg,Cucumber__Healthy,light,4032,3024,1341.91,26.78,154.96,0.0031,1,0.7747,35.63,0.8441,1,0.9999,32.99,0.7049,1,0.9974,50.27,0.6874,fast
data\test\Mango__Healthy\514.jpg,Mango__Healthy,heavy,224,224,10.75,557.6,120.88,0.1667,1,0.9845,733.51,0.6112,1,1.0,1301.62,0.2815,1,1.0,1023.75,0.3625,fast
data\test\Potato__Healthy\freshPotato (260).jpg,Potato__Healthy,light,100,100,4.54,1592.99,182.14,0.0505,1,0.9455,61.63,0.8355,1,1.0,120.51,0.6756,1,1.0,65.03,0.6824,fast
data\test\Apple__Rotten\rottenApple (200).jpg,Apple__Rotten,light,4160,3120,1210.73,23.27,203.02,0.0004,0,0.3377,51.35,-0.1611,1,0.9981,92.27,0.6851,1,0.8589,51.6,0.6869,heavy
data\test\Banana__Rotten\saltandpepper_Screen Shot 2018-06-12 at 9.17.33 PM.png,Banana__Rotten,burst,556,342,72.0,3415.68,224.42,0.0353,1,0.8689,1006.86,0.52,1,1.0,810.58,0.4454,1,0.9997,8313.35,0.0041,fast
data\test\Jujube__Healthy\FreshJujube (7).jpg,Jujube__Healthy,heavy,2277,2721,705.62,13.69,173.92,0.0004,1,0.7726,999.65,0.5224,1,0.9985,1185.78,0.3201,1,0.9984,1017.76,0.3645,fast
data\test\Mango__Healthy\166.jpg,Mango__Healthy,light,224,224,3.69,34.08,85.81,0.0078,1,0.9362,58.22,0.8366,1,1.0,186.52,0.6536,1,0.9999,105.6,0.6689,fast
data\test\Apple__Healthy\freshApple (682).png,Apple__Healthy,light,320,258,115.79,1770.43,116.98,0.104,1,0.8827,63.77,0.8347,1,1.0,127.88,0.6732,1,0.9999,90.44,0.6739,fast
data\test\Jujube__Healthy\FreshJujube (123).jpg,Jujube__Healthy,heavy,2318,2170,579.91,17.4,164.98,0.0013,1,0.8132,658.5,0.6363,1,0.9978,977.06,0.3898,1,0.999,1048.56,0.3542,fast
data\test\Orange__Rotten\rottenOrange (226).jpg,Orange__Rotten,burst,382,364,204.82,155.05,205.16,0.073,1,0.9994,926.08,0.547,1,1.0,1610.69,0.1783,1,1.0,2488.73,0.0041,fast
data\test\Banana__Healthy\rotated_by_60_Screen Shot 2018-06-12 at 9.45.40 PM.png,Banana__Healthy,light,564,450,147.79,361.26,181.0,0.0135,1,0.9773,76.77,0.8304,1,1.0,72.96,0.6915,1,0.9999,41.87,0.6902,fast
data\test\Banana__Healthy\Banana__Healthy_augmented_132.jpg,Banana__Healthy,light,224,224,7.32,161.45,170.17,0.0328,1,0.9496,61.47,0.8355,1,1.0,239.36,0.636,1,0.9998,111.04,0.6671,fast
data\test\Potato__Healthy\freshPotato (327).jpg,Potato__Healthy,heavy,100,100,4.33,1325.69,177.16,0.0403,1,0.9282,551.41,0.672,1,0.9999,820.25,0.4421,1,0.9998,1058.38,0.3509,fast
data\test\Jujube__Rotten\RottenJujube (72).jpg,Jujube__Rotten,burst,2992,2730,990.34,20.75,176.46,0.001,1,0.7039,1006.85,0.52,1,0.9991,2594.45,0.0159,1,0.9754,796.42,0.4383,fast
data\test\Banana__Rotten\rotated_by_60_Screen Shot 2018-06-12 at 9.26.13 PM.png,Banana__Rotten,light,632,392,177.94,441.78,128.55,0.0288,1,0.9855,29.62,0.8461,1,0.9999,139.85,0.6692,1,0.9999,76.36,0.6786,fast
data\test\Potato__Rotten\rottenPotato (269).jpg,Potato__Rotten,heavy,309,163,9.15,2450.36,154.19,0.1278,1,0.6247,519.54,0.6826,1,0.9995,1032.23,0.3714,1,0.9985,1076.54,0.3449,fast
data\test\Strawberry__Healthy\93.jpg,Strawberry__Healthy,light,224,224,7.54,393.3,91.61,0.0288,1,0.9807,59.94,0.836,1,1.0,122.15,0.6751,1,0.9999,140.54,0.6572,fast
data\test\Orange__Rotten\vertical_flip_Screen Shot 2018-06-12 at 11.29.14 PM.png,Orange__Rotten,heavy,312,292,111.81,211.92,178.16,0.0926,1,0.8642,623.91,0.6478,1,0.9993,1051.71,0.3649,1,0.9949,1240.53,0.2901,fast
data\test\Apple__Rotten\saltandpepper_Screen Shot 2018-06-07 at 2.20.29 PM.png,Apple__Rotten,light,318,302,73.4,3538.82,221.23,0.0443,1,0.9784,70.37,0.8325,1,1.0,147.28,0.6667,1,1.0,92.39,0.6733,fast
data\test\Mango__Rotten\rottenMango (518).jpg,Mango__Rotten,light,224,224,3.21,25.3,137.41,0.0098,1,0.6852,50.26,0.8392,1,1.0,59.74,0.6959,1,0.9999,24.44,0.696,fast
data\test\Apple__Rotten\rotated_by_60_Screen Shot 2018-06-07 at 2.46.04 PM.png,Apple__Rotten,light,322,294,84.03,624.56,173.97,0.0407,1,0.9874,105.86,0.8207,1,1.0,142.98,0.6681,1,1.0,55.93,0.6855,fast
data\test\Mango__Healthy\162.jpg,Mango__Healthy,light,224,224,4.56,143.15,127.0,0.0138,1,0.9372,93.66,0.8248,1,0.9999,135.05,0.6708,1,1.0,193.53,0.6395,fast
data\test\Banana__Rotten\rotated_by_60_Screen Shot 2018-06-12 at 9.03.46 PM.png,Banana__Rotten,heavy,568,298,192.42,290.55,81.68,0.0567,1,0.9981,643.19,0.6414,1,1.0,1321.33,0.2749,1,1.0,1112.74,0.3328,fast
data\test\Banana__Healthy\freshBanana (98).png,Banana__Healthy,light,480,322,188.0,393.15,127.52,0.0493,1,0.995,79.7,0.8294,1,1.0,127.88,0.6732,1,0.9999,172.16,0.6467,fast
data\test\Orange__Rotten\translation_Screen Shot 2018-06-12 at 11.37.45 PM.png,Orange__Rotten,heavy,382,364,168.02,791.94,166.74,0.0764,1,0.9997,581.42,0.662,1,1.0,3836.98,0.0159,1,1.0,1144.97,0.322,fast
data\test\Orange__Healthy\freshOrange (48).png,Orange__Healthy,light,320,258,97.84,654.03,118.88,0.071,1,0.8314,28.33,0.8466,1,0.9999,106.77,0.6802,1,0.9983,98.09,0.6714,fast
data\test\Mango__Healthy\freshMango (61).jpg,Mango__Healthy,burst,224,224,2.96,18.52,143.95,0.0066,1,0.9465,929.8,0.5457,1,1.0,1597.73,0.1827,1,1.0,2648.59,0.0041,fast
data\test\Bellpepper__Healthy\freshPepper (581).jpg,Bellpepper__Healthy,light,224,224,11.02,255.34,123.17,0.0589,1,0.9759,18.79,0.8498,1,0.9993,82.34,0.6884,1,0.9999,131.08,0.6604,fast
data\test\Mango__Rotten\728.jpg,Mango__Rotten,light,224,224,6.49,105.81,118.31,0.0265,1,0.9723,49.11,0.8396,1,1.0,112.72,0.6782,1,1.0,192.5,0.6399,fast
data\test\Strawberry__Healthy\239.jpg,Strawberry__Healthy,heavy,224,224,6.11,152.22,91.76,0.0135,1,0.9908,2650.16,0.156,1,1.0,1067.54,0.3596,1,1.0,1227.86,0.2944,balanced
