timestamp,count,__name__,exported_tier,instance,job,predicted_class,tier
1786676342.264,2,predictions_total,balanced,balanced:8002,balanced-service,Apple__Healthy,balanced
1786676347.264,3,predictions_total,balanced,balanced:8002,balanced-service,Apple__Healthy,balanced
1786676352.264,4,predictions_total,balanced,balanced:8002,balanced-service,Apple__Healthy,balanced
1786676357.264,5,predictions_total,balanced,balanced:8002,balanced-service,Apple__Healthy,balanced
1786676362.264,8,predictions_total,balanced,balanced:8002,balanced-service,Apple__Healthy,balanced
1786676367.264,8,predictions_total,balanced,balanced:8002,balanced-service,Apple__Healthy,balanced
1786676372.264,10,predictions_total,balanced,balanced:8002,balanced-service,Apple__Healthy,balanced
1786676377.264,11,predictions_total,balanced,balanced:8002,balanced-service,Apple__Healthy,balanced
1786676382.264,11,predictions_total,balanced,balanced:8002,balanced-service,Apple__Healthy,balanced
1786676387.264,14,predictions_total,balanced,balanced:8002,balanced-service,Apple__Healthy,balanced
1786676392.264,15,predictions_total,balanced,balanced:8002,balanced-service,Apple__Healthy,balanced
1786676397.264,16,predictions_total,balanced,balanced:8002,balanced-service,Apple__Healthy,balanced
1786676402.264,16,predictions_total,balanced,balanced:8002,balanced-service,Apple__Healthy,balanced
1786676407.264,16,predictions_total,balanced,balanced:8002,balanced-service,Apple__Healthy,balanced
1786676412.264,16,predictions_total,balanced,balanced:8002,balanced-service,Apple__Healthy,balanced
1786676417.264,16,predictions_total,balanced,balanced:8002,balanced-service,Apple__Healthy,balanced
1786676422.264,16,predictions_total,balanced,balanced:8002,balanced-service,Apple__Healthy,balanced
1786676427.264,16,predictions_total,balanced,balanced:8002,balanced-service,Apple__Healthy,balanced
1786676432.264,16,predictions_total,balanced,balanced:8002,balanced-service,Apple__Healthy,balanced
1786676437.264,16,predictions_total,balanced,balanced:8002,balanced-service,Apple__Healthy,balanced
1786676442.264,16,predictions_total,balanced,balanced:8002,balanced-service,Apple__Healthy,balanced
1786676447.264,16,predictions_total,balanced,balanced:8002,balanced-service,Apple__Healthy,balanced
1786676452.264,16,predictions_total,balanced,balanced:8002,balanced-service,Apple__Healthy,balanced
1786676457.264,16,predictions_total,balanced,balanced:8002,balanced-service,Apple__Healthy,balanced
1786676462.264,16,predictions_total,balanced,balanced:8002,balanced-service,Apple__Healthy,balanced
1786676467.264,16,predictions_total,balanced,balanced:8002,balanced-service,Apple__Healthy,balanced
1786676472.264,16,predictions_total,balanced,balanced:8002,balanced-service,Apple__Healthy,balanced
1786676477.264,16,predictions_total,balanced,balanced:8002,balanced-service,Apple__Healthy,balanced
1786676482.264,16,predictions_total,balanced,balanced:8002,balanced-service,Apple__Healthy,balanced
1786676487.264,16,predictions_total,balanced,balanced:8002,balanced-service,Apple__Healthy,balanced
1786676492.264,16,predictions_total,balanced,balanced:8002,balanced-service,Apple__Healthy,balanced
1786676497.264,16,predictions_total,balanced,balanced:8002,balanced-service,Apple__Healthy,balanced
1786676502.264,16,predictions_total,balanced,balanced:8002,balanced-service,Apple__Healthy,balanced
1786676507.264,16,predictions_total,balanced,balanced:8002,balanced-service,Apple__Healthy,balanced
1786676512.264,16,predictions_total,balanced,balanced:8002,balanced-service,Apple__Healthy,balanced
1786676517.264,16,predictions_total,balanced,balanced:8002,balanced-service,Apple__Healthy,balanced
1786676522.264,16,predictions_total,balanced,balanced:8002,balanced-service,Apple__Healthy,balanced
1786676527.264,16,predictions_total,balanced,balanced:8002,balanced-service,Apple__Healthy,balanced
1786676532.264,16,predictions_total,balanced,balanced:8002,balanced-service,Apple__Healthy,balanced
1786676537.264,16,predictions_total,balanced,balanced:8002,balanced-service,Apple__Healthy,balanced
1786676542.264,16,predictions_total,balanced,balanced:8002,balanced-service,Apple__Healthy,balanced
1786676547.264,16,predictions_total,balanced,balanced:8002,balanced-service,Apple__Healthy,balanced
1786676552.264,16,predictions_total,balanced,balanced:8002,balanced-service,Apple__Healthy,balanced
1786676557.264,16,predictions_total,balanced,balanced:8002,balanced-service,Apple__Healthy,balanced
1786676562.264,16,predictions_total,balanced,balanced:8002,balanced-service,Apple__Healthy,balanced
1786676567.264,16,predictions_total,balanced,balanced:8002,balanced-service,Apple__Healthy,balanced
1786676572.264,16,predictions_total,balanced,balanced:8002,balanced-service,Apple__Healthy,balanced
1786676577.264,16,predictions_total,balanced,balanced:8002,balanced-service,Apple__Healthy,balanced
1786676582.264,16,predictions_total,balanced,balanced:8002,balanced-service,Apple__Healthy,balanced
1786676587.264,16,predictions_total,balanced,balanced:8002,balanced-service,Apple__Healthy,balanced
1786676592.264,16,predictions_total,balanced,balanced:8002,balanced-service,Apple__Healthy,balanced
1786676597.264,16,predictions_total,balanced,balanced:8002,balanced-service,Apple__Healthy,balanced
1786676602.264,16,predictions_total,balanced,balanced:8002,balanced-service,Apple__Healthy,balanced
1786676607.264,16,predictions_total,balanced,balanced:8002,balanced-service,Apple__Healthy,balanced
1786676612.264,16,predictions_total,balanced,balanced:8002,balanced-service,Apple__Healthy,balanced
1786676617.264,16,predictions_total,balanced,balanced:8002,balanced-service,Apple__Healthy,balanced
1786676622.264,16,predictions_total,balanced,balanced:8002,balanced-service,Apple__Healthy,balanced
1786676627.264,16,predictions_total,balanced,balanced:8002,balanced-service,Apple__Healthy,balanced
1786676632.264,16,predictions_total,balanced,balanced:8002,balanced-service,Apple__Healthy,balanced
1786676637.264,16,predictions_total,balanced,balanced:8002,balanced-service,Apple__Healthy,balanced
1786676642.264,16,predictions_total,balanced,balanced:8002,balanced-service,Apple__Healthy,balanced
1786676647.264,16,predictions_total,balanced,balanced:8002,balanced-service,Apple__Healthy,balanced
1786676652.264,16,predictions_total,balanced,balanced:8002,balanced-service,Apple__Healthy,balanced
1786676657.264,17,predictions_total,balanced,balanced:8002,balanced-service,Apple__Healthy,balanced
1786676662.264,17,predictions_total,balanced,balanced:8002,balanced-service,Apple__Healthy,balanced
1786676667.264,18,predictions_total,balanced,balanced:8002,balanced-service,Apple__Healthy,balanced
1786676672.264,18,predictions_total,balanced,balanced:8002,balanced-service,Apple__Healthy,balanced
1786676677.264,18,predictions_total,balanced,balanced:8002,balanced-service,Apple__Healthy,balanced
1786676682.264,18,predictions_total,balanced,balanced:8002,balanced-service,Apple__Healthy,balanced
1786676687.264,18,predictions_total,balanced,balanced:8002,balanced-service,Apple__Healthy,balanced
1786676692.264,18,predictions_total,balanced,balanced:8002,balanced-service,Apple__Healthy,balanced
1786676697.264,18,predictions_total,balanced,balanced:8002,balanced-service,Apple__Healthy,balanced
1786676702.264,18,predictions_total,balanced,balanced:8002,balanced-service,Apple__Healthy,balanced
1786676707.264,18,predictions_total,balanced,balanced:8002,balanced-service,Apple__Healthy,balanced
1786676712.264,18,predictions_total,balanced,balanced:8002,balanced-service,Apple__Healthy,balanced
1786676717.264,18,predictions_total,balanced,balanced:8002,balanced-service,Apple__Healthy,balanced
1786676722.264,18,predictions_total,balanced,balanced:8002,balanced-service,Apple__Healthy,balanced
1786676727.264,18,predictions_total,balanced,balanced:8002,balanced-service,Apple__Healthy,balanced
1786676732.264,18,predictions_total,balanced,balanced:8002,balanced-service,Apple__Healthy,balanced
1786676737.264,18,predictions_total,balanced,balanced:8002,balanced-service,Apple__Healthy,balanced
1786676742.264,18,predictions_total,balanced,balanced:8002,balanced-service,Apple__Healthy,balanced
1786676747.264,18,predictions_total,balanced,balanced:8002,balanced-service,Apple__Healthy,balanced
1786676752.264,18,predictions_total,balanced,balanced:8002,balanced-service,Apple__Healthy,balanced
1786676757.264,18,predictions_total,balanced,balanced:8002,balanced-service,Apple__Healthy,balanced
1786676762.264,18,predictions_total,balanced,balanced:8002,balanced-service,Apple__Healthy,balanced
1786676767.264,20,predictions_total,balanced,balanced:8002,balanced-service,Apple__Healthy,balanced
1786676772.264,23,predictions_total,balanced,balanced:8002,balanced-service,Apple__Healthy,balanced
1786676777.264,23,predictions_total,balanced,balanced:8002,balanced-service,Apple__Healthy,balanced
1786676782.264,23,predictions_total,balanced,balanced:8002,balanced-service,Apple__Healthy,balanced
1786676787.264,25,predictions_total,balanced,balanced:8002,balanced-service,Apple__Healthy,balanced
1786676792.264,26,predictions_total,balanced,balanced:8002,balanced-service,Apple__Healthy,balanced
1786676797.264,27,predictions_total,balanced,balanced:8002,balanced-service,Apple__Healthy,balanced
1786676802.264,31,predictions_total,balanced,balanced:8002,balanced-service,Apple__Healthy,balanced
1786676807.264,35,predictions_total,balanced,balanced:8002,balanced-service,Apple__Healthy,balanced
1786676812.264,36,predictions_total,balanced,balanced:8002,balanced-service,Apple__Healthy,balanced
1786676817.264,37,predictions_total,balanced,balanced:8002,balanced-service,Apple__Healthy,balanced
1786676822.264,37,predictions_total,balanced,balanced:8002,balanced-service,Apple__Healthy,balanced
1786676827.264,40,predictions_total,balanced,balanced:8002,balanced-service,Apple__Healthy,balanced
1786676832.264,40,predictions_total,balanced,balanced:8002,balanced-service,Apple__Healthy,balanced
1786676837.264,41,predictions_total,balanced,balanced:8002,balanced-service,Apple__Healthy,balanced
1786676842.264,41,predictions_total,balanced,balanced:8002,balanced-service,Apple__Healthy,balanced
1786676847.264,42,predictions_total,balanced,balanced:8002,balanced-service,Apple__Healthy,balanced
1786676852.264,43,predictions_total,balanced,balanced:8002,balanced-service,Apple__Healthy,balanced
1786676857.264,45,predictions_total,balanced,balanced:8002,balanced-service,Apple__Healthy,balanced
1786676862.264,51,predictions_total,balanced,balanced:8002,balanced-service,Apple__Healthy,balanced
1786676867.264,51,predictions_total,balanced,balanced:8002,balanced-service,Apple__Healthy,balanced
1786676872.264,51,predictions_total,balanced,balanced:8002,balanced-service,Apple__Healthy,balanced
1786676877.264,51,predictions_total,balanced,balanced:8002,balanced-service,Apple__Healthy,balanced
1786676882.264,51,predictions_total,balanced,balanced:8002,balanced-service,Apple__Healthy,balanced
1786676887.264,51,predictions_total,balanced,balanced:8002,balanced-service,Apple__Healthy,balanced
1786676892.264,51,predictions_total,balanced,balanced:8002,balanced-service,Apple__Healthy,balanced
1786676897.264,51,predictions_total,balanced,balanced:8002,balanced-service,Apple__Healthy,balanced
1786676902.264,51,predictions_total,balanced,balanced:8002,balanced-service,Apple__Healthy,balanced
1786676907.264,51,predictions_total,balanced,balanced:8002,balanced-service,Apple__Healthy,balanced
1786676912.264,51,predictions_total,balanced,balanced:8002,balanced-service,Apple__Healthy,balanced
1786676917.264,51,predictions_total,balanced,balanced:8002,balanced-service,Apple__Healthy,balanced
1786676922.264,51,predictions_total,balanced,balanced:8002,balanced-service,Apple__Healthy,balanced
1786676927.264,51,predictions_total,balanced,balanced:8002,balanced-service,Apple__Healthy,balanced
1786676932.264,51,predictions_total,balanced,balanced:8002,balanced-service,Apple__Healthy,balanced
1786676937.264,51,predictions_total,balanced,balanced:8002,balanced-service,Apple__Healthy,balanced
1786676942.264,51,predictions_total,balanced,balanced:8002,balanced-service,Apple__Healthy,balanced
1786676947.264,51,predictions_total,balanced,balanced:8002,balanced-service,Apple__Healthy,balanced
1786676952.264,51,predictions_total,balanced,balanced:8002,balanced-service,Apple__Healthy,balanced
1786676957.264,51,predictions_total,balanced,balanced:8002,balanced-service,Apple__Healthy,balanced
1786676962.264,51,predictions_total,balanced,balanced:8002,balanced-service,Apple__Healthy,balanced
1786676967.264,51,predictions_total,balanced,balanced:8002,balanced-service,Apple__Healthy,balanced
1786676972.264,51,predictions_total,balanced,balanced:8002,balanced-service,Apple__Healthy,balanced
1786676977.264,51,predictions_total,balanced,balanced:8002,balanced-service,Apple__Healthy,balanced
1786676982.264,51,predictions_total,balanced,balanced:8002,balanced-service,Apple__Healthy,balanced
1786676987.264,51,predictions_total,balanced,balanced:8002,balanced-service,Apple__Healthy,balanced
1786676992.264,51,predictions_total,balanced,balanced:8002,balanced-service,Apple__Healthy,balanced
1786676997.264,51,predictions_total,balanced,balanced:8002,balanced-service,Apple__Healthy,balanced
1786677002.264,51,predictions_total,balanced,balanced:8002,balanced-service,Apple__Healthy,balanced
1786677007.264,51,predictions_total,balanced,balanced:8002,balanced-service,Apple__Healthy,balanced
1786677012.264,51,predictions_total,balanced,balanced:8002,balanced-service,Apple__Healthy,balanced
1786677017.264,51,predictions_total,balanced,balanced:8002,balanced-service,Apple__Healthy,balanced
1786677022.264,51,predictions_total,balanced,balanced:8002,balanced-service,Apple__Healthy,balanced
1786677027.264,51,predictions_total,balanced,balanced:8002,balanced-service,Apple__Healthy,balanced
1786677032.264,51,predictions_total,balanced,balanced:8002,balanced-service,Apple__Healthy,balanced
1786677037.264,51,predictions_total,balanced,balanced:8002,balanced-service,Apple__Healthy,balanced
1786677042.264,51,predictions_total,balanced,balanced:8002,balanced-service,Apple__Healthy,balanced
1786677047.264,51,predictions_total,balanced,balanced:8002,balanced-service,Apple__Healthy,balanced
1786677052.264,51,predictions_total,balanced,balanced:8002,balanced-service,Apple__Healthy,balanced
1786677057.264,51,predictions_total,balanced,balanced:8002,balanced-service,Apple__Healthy,balanced
1786677062.264,51,predictions_total,balanced,balanced:8002,balanced-service,Apple__Healthy,balanced
1786677067.264,51,predictions_total,balanced,balanced:8002,balanced-service,Apple__Healthy,balanced
1786677072.264,51,predictions_total,balanced,balanced:8002,balanced-service,Apple__Healthy,balanced
1786677077.264,51,predictions_total,balanced,balanced:8002,balanced-service,Apple__Healthy,balanced
1786677082.264,51,predictions_total,balanced,balanced:8002,balanced-service,Apple__Healthy,balanced
1786677087.264,51,predictions_total,balanced,balanced:8002,balanced-service,Apple__Healthy,balanced
1786677092.264,51,predictions_total,balanced,balanced:8002,balanced-service,Apple__Healthy,balanced
1786677097.264,51,predictions_total,balanced,balanced:8002,balanced-service,Apple__Healthy,balanced
1786677102.264,51,predictions_total,balanced,balanced:8002,balanced-service,Apple__Healthy,balanced
1786677107.264,51,predictions_total,balanced,balanced:8002,balanced-service,Apple__Healthy,balanced
1786677112.264,51,predictions_total,balanced,balanced:8002,balanced-service,Apple__Healthy,balanced
1786677117.264,51,predictions_total,balanced,balanced:8002,balanced-service,Apple__Healthy,balanced
1786677122.264,51,predictions_total,balanced,balanced:8002,balanced-service,Apple__Healthy,balanced
1786677127.264,51,predictions_total,balanced,balanced:8002,balanced-service,Apple__Healthy,balanced
1786677132.264,51,predictions_total,balanced,balanced:8002,balanced-service,Apple__Healthy,balanced
1786677137.264,51,predictions_total,balanced,balanced:8002,balanced-service,Apple__Healthy,balanced
1786677142.264,51,predictions_total,balanced,balanced:8002,balanced-service,Apple__Healthy,balanced
1786677147.264,51,predictions_total,balanced,balanced:8002,balanced-service,Apple__Healthy,balanced
1786677152.264,51,predictions_total,balanced,balanced:8002,balanced-service,Apple__Healthy,balanced
1786677157.264,51,predictions_total,balanced,balanced:8002,balanced-service,Apple__Healthy,balanced
1786677162.264,51,predictions_total,balanced,balanced:8002,balanced-service,Apple__Healthy,balanced
1786677167.264,51,predictions_total,balanced,balanced:8002,balanced-service,Apple__Healthy,balanced
1786677172.264,51,predictions_total,balanced,balanced:8002,balanced-service,Apple__Healthy,balanced
1786677177.264,51,predictions_total,balanced,balanced:8002,balanced-service,Apple__Healthy,balanced
1786677182.264,51,predictions_total,balanced,balanced:8002,balanced-service,Apple__Healthy,balanced
1786677187.264,51,predictions_total,balanced,balanced:8002,balanced-service,Apple__Healthy,balanced
1786677192.264,51,predictions_total,balanced,balanced:8002,balanced-service,Apple__Healthy,balanced
1786677197.264,51,predictions_total,balanced,balanced:8002,balanced-service,Apple__Healthy,balanced
1786677202.264,51,predictions_total,balanced,balanced:8002,balanced-service,Apple__Healthy,balanced
1786677207.264,51,predictions_total,balanced,balanced:8002,balanced-service,Apple__Healthy,balanced
1786677212.264,51,predictions_total,balanced,balanced:8002,balanced-service,Apple__Healthy,balanced
1786677217.264,51,predictions_total,balanced,balanced:8002,balanced-service,Apple__Healthy,balanced
1786677222.264,51,predictions_total,balanced,balanced:8002,balanced-service,Apple__Healthy,balanced
1786677227.264,51,predictions_total,balanced,balanced:8002,balanced-service,Apple__Healthy,balanced
1786677232.264,51,predictions_total,balanced,balanced:8002,balanced-service,Apple__Healthy,balanced
1786677237.264,51,predictions_total,balanced,balanced:8002,balanced-service,Apple__Healthy,balanced
1786677242.264,51,predictions_total,balanced,balanced:8002,balanced-service,Apple__Healthy,balanced
1786677247.264,51,predictions_total,balanced,balanced:8002,balanced-service,Apple__Healthy,balanced
1786677252.264,51,predictions_total,balanced,balanced:8002,balanced-service,Apple__Healthy,balanced
1786677257.264,51,predictions_total,balanced,balanced:8002,balanced-service,Apple__Healthy,balanced
1786677262.264,51,predictions_total,balanced,balanced:8002,balanced-service,Apple__Healthy,balanced
1786677267.264,51,predictions_total,balanced,balanced:8002,balanced-service,Apple__Healthy,balanced
1786677272.264,51,predictions_total,balanced,balanced:8002,balanced-service,Apple__Healthy,balanced
1786677277.264,51,predictions_total,balanced,balanced:8002,balanced-service,Apple__Healthy,balanced
1786677282.264,51,predictions_total,balanced,balanced:8002,balanced-service,Apple__Healthy,balanced
1786677287.264,51,predictions_total,balanced,balanced:8002,balanced-service,Apple__Healthy,balanced
1786677292.264,52,predictions_total,balanced,balanced:8002,balanced-service,Apple__Healthy,balanced
1786677297.264,52,predictions_total,balanced,balanced:8002,balanced-service,Apple__Healthy,balanced
1786677302.264,52,predictions_total,balanced,balanced:8002,balanced-service,Apple__Healthy,balanced
1786677307.264,52,predictions_total,balanced,balanced:8002,balanced-service,Apple__Healthy,balanced
1786677312.264,53,predictions_total,balanced,balanced:8002,balanced-service,Apple__Healthy,balanced
1786677317.264,53,predictions_total,balanced,balanced:8002,balanced-service,Apple__Healthy,balanced
1786677322.264,53,predictions_total,balanced,balanced:8002,balanced-service,Apple__Healthy,balanced
1786677327.264,53,predictions_total,balanced,balanced:8002,balanced-service,Apple__Healthy,balanced
1786677332.264,53,predictions_total,balanced,balanced:8002,balanced-service,Apple__Healthy,balanced
1786677337.264,53,predictions_total,balanced,balanced:8002,balanced-service,Apple__Healthy,balanced
1786677342.264,54,predictions_total,balanced,balanced:8002,balanced-service,Apple__Healthy,balanced
1786677347.264,54,predictions_total,balanced,balanced:8002,balanced-service,Apple__Healthy,balanced
1786677352.264,56,predictions_total,balanced,balanced:8002,balanced-service,Apple__Healthy,balanced
1786677357.264,60,predictions_total,balanced,balanced:8002,balanced-service,Apple__Healthy,balanced
1786677362.264,62,predictions_total,balanced,balanced:8002,balanced-service,Apple__Healthy,balanced
1786677367.264,65,predictions_total,balanced,balanced:8002,balanced-service,Apple__Healthy,balanced
1786677372.264,65,predictions_total,balanced,balanced:8002,balanced-service,Apple__Healthy,balanced
1786677377.264,66,predictions_total,balanced,balanced:8002,balanced-service,Apple__Healthy,balanced
1786677382.264,66,predictions_total,balanced,balanced:8002,balanced-service,Apple__Healthy,balanced
1786677387.264,68,predictions_total,balanced,balanced:8002,balanced-service,Apple__Healthy,balanced
1786677392.264,70,predictions_total,balanced,balanced:8002,balanced-service,Apple__Healthy,balanced
1786677397.264,70,predictions_total,balanced,balanced:8002,balanced-service,Apple__Healthy,balanced
1786677402.264,71,predictions_total,balanced,balanced:8002,balanced-service,Apple__Healthy,balanced
1786677407.264,72,predictions_total,balanced,balanced:8002,balanced-service,Apple__Healthy,balanced
1786677412.264,74,predictions_total,balanced,balanced:8002,balanced-service,Apple__Healthy,balanced
1786677417.264,76,predictions_total,balanced,balanced:8002,balanced-service,Apple__Healthy,balanced
1786677422.264,79,predictions_total,balanced,balanced:8002,balanced-service,Apple__Healthy,balanced
1786677427.264,80,predictions_total,balanced,balanced:8002,balanced-service,Apple__Healthy,balanced
1786677432.264,81,predictions_total,balanced,balanced:8002,balanced-service,Apple__Healthy,balanced
1786677437.264,82,predictions_total,balanced,balanced:8002,balanced-service,Apple__Healthy,balanced
1786677442.264,82,predictions_total,balanced,balanced:8002,balanced-service,Apple__Healthy,balanced
1786677447.264,82,predictions_total,balanced,balanced:8002,balanced-service,Apple__Healthy,balanced
1786676337.264,1,predictions_total,balanced,balanced:8002,balanced-service,Apple__Rotten,balanced
1786676342.264,3,predictions_total,balanced,balanced:8002,balanced-service,Apple__Rotten,balanced
1786676347.264,4,predictions_total,balanced,balanced:8002,balanced-service,Apple__Rotten,balanced
1786676352.264,5,predictions_total,balanced,balanced:8002,balanced-service,Apple__Rotten,balanced
1786676357.264,7,predictions_total,balanced,balanced:8002,balanced-service,Apple__Rotten,balanced
1786676362.264,7,predictions_total,balanced,balanced:8002,balanced-service,Apple__Rotten,balanced
1786676367.264,7,predictions_total,balanced,balanced:8002,balanced-service,Apple__Rotten,balanced
1786676372.264,7,predictions_total,balanced,balanced:8002,balanced-service,Apple__Rotten,balanced
1786676377.264,7,predictions_total,balanced,balanced:8002,balanced-service,Apple__Rotten,balanced
1786676382.264,9,predictions_total,balanced,balanced:8002,balanced-service,Apple__Rotten,balanced
1786676387.264,10,predictions_total,balanced,balanced:8002,balanced-service,Apple__Rotten,balanced
1786676392.264,12,predictions_total,balanced,balanced:8002,balanced-service,Apple__Rotten,balanced
1786676397.264,15,predictions_total,balanced,balanced:8002,balanced-service,Apple__Rotten,balanced
1786676402.264,15,predictions_total,balanced,balanced:8002,balanced-service,Apple__Rotten,balanced
1786676407.264,15,predictions_total,balanced,balanced:8002,balanced-service,Apple__Rotten,balanced
1786676412.264,15,predictions_total,balanced,balanced:8002,balanced-service,Apple__Rotten,balanced
1786676417.264,15,predictions_total,balanced,balanced:8002,balanced-service,Apple__Rotten,balanced
1786676422.264,15,predictions_total,balanced,balanced:8002,balanced-service,Apple__Rotten,balanced
1786676427.264,15,predictions_total,balanced,balanced:8002,balanced-service,Apple__Rotten,balanced
1786676432.264,15,predictions_total,balanced,balanced:8002,balanced-service,Apple__Rotten,balanced
1786676437.264,15,predictions_total,balanced,balanced:8002,balanced-service,Apple__Rotten,balanced
1786676442.264,15,predictions_total,balanced,balanced:8002,balanced-service,Apple__Rotten,balanced
1786676447.264,15,predictions_total,balanced,balanced:8002,balanced-service,Apple__Rotten,balanced
1786676452.264,15,predictions_total,balanced,balanced:8002,balanced-service,Apple__Rotten,balanced
1786676457.264,15,predictions_total,balanced,balanced:8002,balanced-service,Apple__Rotten,balanced
1786676462.264,15,predictions_total,balanced,balanced:8002,balanced-service,Apple__Rotten,balanced
1786676467.264,15,predictions_total,balanced,balanced:8002,balanced-service,Apple__Rotten,balanced
1786676472.264,15,predictions_total,balanced,balanced:8002,balanced-service,Apple__Rotten,balanced
1786676477.264,15,predictions_total,balanced,balanced:8002,balanced-service,Apple__Rotten,balanced
1786676482.264,15,predictions_total,balanced,balanced:8002,balanced-service,Apple__Rotten,balanced
1786676487.264,15,predictions_total,balanced,balanced:8002,balanced-service,Apple__Rotten,balanced
1786676492.264,15,predictions_total,balanced,balanced:8002,balanced-service,Apple__Rotten,balanced
1786676497.264,15,predictions_total,balanced,balanced:8002,balanced-service,Apple__Rotten,balanced
1786676502.264,15,predictions_total,balanced,balanced:8002,balanced-service,Apple__Rotten,balanced
1786676507.264,15,predictions_total,balanced,balanced:8002,balanced-service,Apple__Rotten,balanced
1786676512.264,15,predictions_total,balanced,balanced:8002,balanced-service,Apple__Rotten,balanced
1786676517.264,15,predictions_total,balanced,balanced:8002,balanced-service,Apple__Rotten,balanced
1786676522.264,15,predictions_total,balanced,balanced:8002,balanced-service,Apple__Rotten,balanced
1786676527.264,15,predictions_total,balanced,balanced:8002,balanced-service,Apple__Rotten,balanced
1786676532.264,15,predictions_total,balanced,balanced:8002,balanced-service,Apple__Rotten,balanced
1786676537.264,15,predictions_total,balanced,balanced:8002,balanced-service,Apple__Rotten,balanced
1786676542.264,15,predictions_total,balanced,balanced:8002,balanced-service,Apple__Rotten,balanced
1786676547.264,15,predictions_total,balanced,balanced:8002,balanced-service,Apple__Rotten,balanced
1786676552.264,15,predictions_total,balanced,balanced:8002,balanced-service,Apple__Rotten,balanced
1786676557.264,15,predictions_total,balanced,balanced:8002,balanced-service,Apple__Rotten,balanced
1786676562.264,15,predictions_total,balanced,balanced:8002,balanced-service,Apple__Rotten,balanced
1786676567.264,15,predictions_total,balanced,balanced:8002,balanced-service,Apple__Rotten,balanced
1786676572.264,15,predictions_total,balanced,balanced:8002,balanced-service,Apple__Rotten,balanced
1786676577.264,15,predictions_total,balanced,balanced:8002,balanced-service,Apple__Rotten,balanced
1786676582.264,15,predictions_total,balanced,balanced:8002,balanced-service,Apple__Rotten,balanced
1786676587.264,15,predictions_total,balanced,balanced:8002,balanced-service,Apple__Rotten,balanced
1786676592.264,15,predictions_total,balanced,balanced:8002,balanced-service,Apple__Rotten,balanced
1786676597.264,15,predictions_total,balanced,balanced:8002,balanced-service,Apple__Rotten,balanced
1786676602.264,15,predictions_total,balanced,balanced:8002,balanced-service,Apple__Rotten,balanced
1786676607.264,15,predictions_total,balanced,balanced:8002,balanced-service,Apple__Rotten,balanced
1786676612.264,15,predictions_total,balanced,balanced:8002,balanced-service,Apple__Rotten,balanced
1786676617.264,15,predictions_total,balanced,balanced:8002,balanced-service,Apple__Rotten,balanced
1786676622.264,15,predictions_total,balanced,balanced:8002,balanced-service,Apple__Rotten,balanced
1786676627.264,15,predictions_total,balanced,balanced:8002,balanced-service,Apple__Rotten,balanced
1786676632.264,15,predictions_total,balanced,balanced:8002,balanced-service,Apple__Rotten,balanced
1786676637.264,15,predictions_total,balanced,balanced:8002,balanced-service,Apple__Rotten,balanced
1786676642.264,16,predictions_total,balanced,balanced:8002,balanced-service,Apple__Rotten,balanced
1786676647.264,17,predictions_total,balanced,balanced:8002,balanced-service,Apple__Rotten,balanced
1786676652.264,18,predictions_total,balanced,balanced:8002,balanced-service,Apple__Rotten,balanced
1786676657.264,18,predictions_total,balanced,balanced:8002,balanced-service,Apple__Rotten,balanced
1786676662.264,20,predictions_total,balanced,balanced:8002,balanced-service,Apple__Rotten,balanced
1786676667.264,21,predictions_total,balanced,balanced:8002,balanced-service,Apple__Rotten,balanced
1786676672.264,22,predictions_total,balanced,balanced:8002,balanced-service,Apple__Rotten,balanced
1786676677.264,22,predictions_total,balanced,balanced:8002,balanced-service,Apple__Rotten,balanced
1786676682.264,23,predictions_total,balanced,balanced:8002,balanced-service,Apple__Rotten,balanced
1786676687.264,24,predictions_total,balanced,balanced:8002,balanced-service,Apple__Rotten,balanced
1786676692.264,26,predictions_total,balanced,balanced:8002,balanced-service,Apple__Rotten,balanced
1786676697.264,28,predictions_total,balanced,balanced:8002,balanced-service,Apple__Rotten,balanced
1786676702.264,29,predictions_total,balanced,balanced:8002,balanced-service,Apple__Rotten,balanced
1786676707.264,30,predictions_total,balanced,balanced:8002,balanced-service,Apple__Rotten,balanced
1786676712.264,30,predictions_total,balanced,balanced:8002,balanced-service,Apple__Rotten,balanced
1786676717.264,30,predictions_total,balanced,balanced:8002,balanced-service,Apple__Rotten,balanced
1786676722.264,30,predictions_total,balanced,balanced:8002,balanced-service,Apple__Rotten,balanced
1786676727.264,30,predictions_total,balanced,balanced:8002,balanced-service,Apple__Rotten,balanced
1786676732.264,30,predictions_total,balanced,balanced:8002,balanced-service,Apple__Rotten,balanced
1786676737.264,30,predictions_total,balanced,balanced:8002,balanced-service,Apple__Rotten,balanced
1786676742.264,30,predictions_total,balanced,balanced:8002,balanced-service,Apple__Rotten,balanced
1786676747.264,30,predictions_total,balanced,balanced:8002,balanced-service,Apple__Rotten,balanced
1786676752.264,30,predictions_total,balanced,balanced:8002,balanced-service,Apple__Rotten,balanced
1786676757.264,30,predictions_total,balanced,balanced:8002,balanced-service,Apple__Rotten,balanced
1786676762.264,30,predictions_total,balanced,balanced:8002,balanced-service,Apple__Rotten,balanced
1786676767.264,30,predictions_total,balanced,balanced:8002,balanced-service,Apple__Rotten,balanced
1786676772.264,32,predictions_total,balanced,balanced:8002,balanced-service,Apple__Rotten,balanced
1786676777.264,33,predictions_total,balanced,balanced:8002,balanced-service,Apple__Rotten,balanced
1786676782.264,34,predictions_total,balanced,balanced:8002,balanced-service,Apple__Rotten,balanced
1786676787.264,34,predictions_total,balanced,balanced:8002,balanced-service,Apple__Rotten,balanced
1786676792.264,34,predictions_total,balanced,balanced:8002,balanced-service,Apple__Rotten,balanced
1786676797.264,34,predictions_total,balanced,balanced:8002,balanced-service,Apple__Rotten,balanced
1786676802.264,34,predictions_total,balanced,balanced:8002,balanced-service,Apple__Rotten,balanced
1786676807.264,34,predictions_total,balanced,balanced:8002,balanced-service,Apple__Rotten,balanced
1786676812.264,36,predictions_total,balanced,balanced:8002,balanced-service,Apple__Rotten,balanced
1786676817.264,36,predictions_total,balanced,balanced:8002,balanced-service,Apple__Rotten,balanced
1786676822.264,39,predictions_total,balanced,balanced:8002,balanced-service,Apple__Rotten,balanced
1786676827.264,40,predictions_total,balanced,balanced:8002,balanced-service,Apple__Rotten,balanced
1786676832.264,41,predictions_total,balanced,balanced:8002,balanced-service,Apple__Rotten,balanced
1786676837.264,41,predictions_total,balanced,balanced:8002,balanced-service,Apple__Rotten,balanced
1786676842.264,41,predictions_total,balanced,balanced:8002,balanced-service,Apple__Rotten,balanced
1786676847.264,41,predictions_total,balanced,balanced:8002,balanced-service,Apple__Rotten,balanced
1786676852.264,41,predictions_total,balanced,balanced:8002,balanced-service,Apple__Rotten,balanced
1786676857.264,45,predictions_total,balanced,balanced:8002,balanced-service,Apple__Rotten,balanced
1786676862.264,46,predictions_total,balanced,balanced:8002,balanced-service,Apple__Rotten,balanced
1786676867.264,46,predictions_total,balanced,balanced:8002,balanced-service,Apple__Rotten,balanced
1786676872.264,46,predictions_total,balanced,balanced:8002,balanced-service,Apple__Rotten,balanced
1786676877.264,46,predictions_total,balanced,balanced:8002,balanced-service,Apple__Rotten,balanced
1786676882.264,46,predictions_total,balanced,balanced:8002,balanced-service,Apple__Rotten,balanced
1786676887.264,46,predictions_total,balanced,balanced:8002,balanced-service,Apple__Rotten,balanced
1786676892.264,46,predictions_total,balanced,balanced:8002,balanced-service,Apple__Rotten,balanced
1786676897.264,46,predictions_total,balanced,balanced:8002,balanced-service,Apple__Rotten,balanced
1786676902.264,46,predictions_total,balanced,balanced:8002,balanced-service,Apple__Rotten,balanced
1786676907.264,46,predictions_total,balanced,balanced:8002,balanced-service,Apple__Rotten,balanced
1786676912.264,46,predictions_total,balanced,balanced:8002,balanced-service,Apple__Rotten,balanced
1786676917.264,46,predictions_total,balanced,balanced:8002,balanced-service,Apple__Rotten,balanced
1786676922.264,46,predictions_total,balanced,balanced:8002,balanced-service,Apple__Rotten,balanced
1786676927.264,46,predictions_total,balanced,balanced:8002,balanced-service,Apple__Rotten,balanced
1786676932.264,46,predictions_total,balanced,balanced:8002,balanced-service,Apple__Rotten,balanced
1786676937.264,46,predictions_total,balanced,balanced:8002,balanced-service,Apple__Rotten,balanced
1786676942.264,46,predictions_total,balanced,balanced:8002,balanced-service,Apple__Rotten,balanced
1786676947.264,46,predictions_total,balanced,balanced:8002,balanced-service,Apple__Rotten,balanced
1786676952.264,46,predictions_total,balanced,balanced:8002,balanced-service,Apple__Rotten,balanced
1786676957.264,46,predictions_total,balanced,balanced:8002,balanced-service,Apple__Rotten,balanced
1786676962.264,46,predictions_total,balanced,balanced:8002,balanced-service,Apple__Rotten,balanced
1786676967.264,46,predictions_total,balanced,balanced:8002,balanced-service,Apple__Rotten,balanced
1786676972.264,46,predictions_total,balanced,balanced:8002,balanced-service,Apple__Rotten,balanced
1786676977.264,46,predictions_total,balanced,balanced:8002,balanced-service,Apple__Rotten,balanced
1786676982.264,46,predictions_total,balanced,balanced:8002,balanced-service,Apple__Rotten,balanced
1786676987.264,46,predictions_total,balanced,balanced:8002,balanced-service,Apple__Rotten,balanced
1786676992.264,46,predictions_total,balanced,balanced:8002,balanced-service,Apple__Rotten,balanced
1786676997.264,46,predictions_total,balanced,balanced:8002,balanced-service,Apple__Rotten,balanced
1786677002.264,46,predictions_total,balanced,balanced:8002,balanced-service,Apple__Rotten,balanced
1786677007.264,46,predictions_total,balanced,balanced:8002,balanced-service,Apple__Rotten,balanced
1786677012.264,46,predictions_total,balanced,balanced:8002,balanced-service,Apple__Rotten,balanced
1786677017.264,46,predictions_total,balanced,balanced:8002,balanced-service,Apple__Rotten,balanced
1786677022.264,46,predictions_total,balanced,balanced:8002,balanced-service,Apple__Rotten,balanced
1786677027.264,46,predictions_total,balanced,balanced:8002,balanced-service,Apple__Rotten,balanced
1786677032.264,46,predictions_total,balanced,balanced:8002,balanced-service,Apple__Rotten,balanced
1786677037.264,46,predictions_total,balanced,balanced:8002,balanced-service,Apple__Rotten,balanced
1786677042.264,46,predictions_total,balanced,balanced:8002,balanced-service,Apple__Rotten,balanced
1786677047.264,46,predictions_total,balanced,balanced:8002,balanced-service,Apple__Rotten,balanced
1786677052.264,46,predictions_total,balanced,balanced:8002,balanced-service,Apple__Rotten,balanced
1786677057.264,46,predictions_total,balanced,balanced:8002,balanced-service,Apple__Rotten,balanced
1786677062.264,46,predictions_total,balanced,balanced:8002,balanced-service,Apple__Rotten,balanced
1786677067.264,46,predictions_total,balanced,balanced:8002,balanced-service,Apple__Rotten,balanced
1786677072.264,46,predictions_total,balanced,balanced:8002,balanced-service,Apple__Rotten,balanced
1786677077.264,46,predictions_total,balanced,balanced:8002,balanced-service,Apple__Rotten,balanced
1786677082.264,46,predictions_total,balanced,balanced:8002,balanced-service,Apple__Rotten,balanced
1786677087.264,46,predictions_total,balanced,balanced:8002,balanced-service,Apple__Rotten,balanced
1786677092.264,46,predictions_total,balanced,balanced:8002,balanced-service,Apple__Rotten,balanced
1786677097.264,46,predictions_total,balanced,balanced:8002,balanced-service,Apple__Rotten,balanced
1786677102.264,46,predictions_total,balanced,balanced:8002,balanced-service,Apple__Rotten,balanced
1786677107.264,46,predictions_total,balanced,balanced:8002,balanced-service,Apple__Rotten,balanced
1786677112.264,46,predictions_total,balanced,balanced:8002,balanced-service,Apple__Rotten,balanced
1786677117.264,46,predictions_total,balanced,balanced:8002,balanced-service,Apple__Rotten,balanced
1786677122.264,46,predictions_total,balanced,balanced:8002,balanced-service,Apple__Rotten,balanced
1786677127.264,46,predictions_total,balanced,balanced:8002,balanced-service,Apple__Rotten,balanced
1786677132.264,46,predictions_total,balanced,balanced:8002,balanced-service,Apple__Rotten,balanced
1786677137.264,46,predictions_total,balanced,balanced:8002,balanced-service,Apple__Rotten,balanced
1786677142.264,46,predictions_total,balanced,balanced:8002,balanced-service,Apple__Rotten,balanced
1786677147.264,46,predictions_total,balanced,balanced:8002,balanced-service,Apple__Rotten,balanced
1786677152.264,46,predictions_total,balanced,balanced:8002,balanced-service,Apple__Rotten,balanced
1786677157.264,46,predictions_total,balanced,balanced:8002,balanced-service,Apple__Rotten,balanced
1786677162.264,46,predictions_total,balanced,balanced:8002,balanced-service,Apple__Rotten,balanced
1786677167.264,46,predictions_total,balanced,balanced:8002,balanced-service,Apple__Rotten,balanced
1786677172.264,46,predictions_total,balanced,balanced:8002,balanced-service,Apple__Rotten,balanced
1786677177.264,46,predictions_total,balanced,balanced:8002,balanced-service,Apple__Rotten,balanced
1786677182.264,46,predictions_total,balanced,balanced:8002,balanced-service,Apple__Rotten,balanced
1786677187.264,46,predictions_total,balanced,balanced:8002,balanced-service,Apple__Rotten,balanced
1786677192.264,46,predictions_total,balanced,balanced:8002,balanced-service,Apple__Rotten,balanced
1786677197.264,46,predictions_total,balanced,balanced:8002,balanced-service,Apple__Rotten,balanced
1786677202.264,46,predictions_total,balanced,balanced:8002,balanced-service,Apple__Rotten,balanced
1786677207.264,46,predictions_total,balanced,balanced:8002,balanced-service,Apple__Rotten,balanced
1786677212.264,46,predictions_total,balanced,balanced:8002,balanced-service,Apple__Rotten,balanced
1786677217.264,46,predictions_total,balanced,balanced:8002,balanced-service,Apple__Rotten,balanced
1786677222.264,46,predictions_total,balanced,balanced:8002,balanced-service,Apple__Rotten,balanced
1786677227.264,46,predictions_total,balanced,balanced:8002,balanced-service,Apple__Rotten,balanced
1786677232.264,46,predictions_total,balanced,balanced:8002,balanced-service,Apple__Rotten,balanced
1786677237.264,47,predictions_total,balanced,balanced:8002,balanced-service,Apple__Rotten,balanced
1786677242.264,47,predictions_total,balanced,balanced:8002,balanced-service,Apple__Rotten,balanced
1786677247.264,47,predictions_total,balanced,balanced:8002,balanced-service,Apple__Rotten,balanced
1786677252.264,49,predictions_total,balanced,balanced:8002,balanced-service,Apple__Rotten,balanced
1786677257.264,51,predictions_total,balanced,balanced:8002,balanced-service,Apple__Rotten,balanced
1786677262.264,52,predictions_total,balanced,balanced:8002,balanced-service,Apple__Rotten,balanced
1786677267.264,53,predictions_total,balanced,balanced:8002,balanced-service,Apple__Rotten,balanced
1786677272.264,53,predictions_total,balanced,balanced:8002,balanced-service,Apple__Rotten,balanced
1786677277.264,54,predictions_total,balanced,balanced:8002,balanced-service,Apple__Rotten,balanced
1786677282.264,54,predictions_total,balanced,balanced:8002,balanced-service,Apple__Rotten,balanced
1786677287.264,57,predictions_total,balanced,balanced:8002,balanced-service,Apple__Rotten,balanced
1786677292.264,60,predictions_total,balanced,balanced:8002,balanced-service,Apple__Rotten,balanced
1786677297.264,60,predictions_total,balanced,balanced:8002,balanced-service,Apple__Rotten,balanced
1786677302.264,60,predictions_total,balanced,balanced:8002,balanced-service,Apple__Rotten,balanced
1786677307.264,61,predictions_total,balanced,balanced:8002,balanced-service,Apple__Rotten,balanced
1786677312.264,61,predictions_total,balanced,balanced:8002,balanced-service,Apple__Rotten,balanced
1786677317.264,62,predictions_total,balanced,balanced:8002,balanced-service,Apple__Rotten,balanced
1786677322.264,62,predictions_total,balanced,balanced:8002,balanced-service,Apple__Rotten,balanced
1786677327.264,64,predictions_total,balanced,balanced:8002,balanced-service,Apple__Rotten,balanced
1786677332.264,64,predictions_total,balanced,balanced:8002,balanced-service,Apple__Rotten,balanced
1786677337.264,65,predictions_total,balanced,balanced:8002,balanced-service,Apple__Rotten,balanced
1786677342.264,65,predictions_total,balanced,balanced:8002,balanced-service,Apple__Rotten,balanced
1786677347.264,65,predictions_total,balanced,balanced:8002,balanced-service,Apple__Rotten,balanced
1786677352.264,67,predictions_total,balanced,balanced:8002,balanced-service,Apple__Rotten,balanced
1786677357.264,68,predictions_total,balanced,balanced:8002,balanced-service,Apple__Rotten,balanced
1786677362.264,70,predictions_total,balanced,balanced:8002,balanced-service,Apple__Rotten,balanced
1786677367.264,70,predictions_total,balanced,balanced:8002,balanced-service,Apple__Rotten,balanced
1786677372.264,71,predictions_total,balanced,balanced:8002,balanced-service,Apple__Rotten,balanced
1786677377.264,71,predictions_total,balanced,balanced:8002,balanced-service,Apple__Rotten,balanced
1786677382.264,71,predictions_total,balanced,balanced:8002,balanced-service,Apple__Rotten,balanced
1786677387.264,72,predictions_total,balanced,balanced:8002,balanced-service,Apple__Rotten,balanced
1786677392.264,73,predictions_total,balanced,balanced:8002,balanced-service,Apple__Rotten,balanced
1786677397.264,73,predictions_total,balanced,balanced:8002,balanced-service,Apple__Rotten,balanced
1786677402.264,74,predictions_total,balanced,balanced:8002,balanced-service,Apple__Rotten,balanced
1786677407.264,74,predictions_total,balanced,balanced:8002,balanced-service,Apple__Rotten,balanced
1786677412.264,75,predictions_total,balanced,balanced:8002,balanced-service,Apple__Rotten,balanced
1786677417.264,76,predictions_total,balanced,balanced:8002,balanced-service,Apple__Rotten,balanced
1786677422.264,77,predictions_total,balanced,balanced:8002,balanced-service,Apple__Rotten,balanced
1786677427.264,79,predictions_total,balanced,balanced:8002,balanced-service,Apple__Rotten,balanced
1786677432.264,79,predictions_total,balanced,balanced:8002,balanced-service,Apple__Rotten,balanced
1786677437.264,79,predictions_total,balanced,balanced:8002,balanced-service,Apple__Rotten,balanced
1786677442.264,79,predictions_total,balanced,balanced:8002,balanced-service,Apple__Rotten,balanced
1786677447.264,79,predictions_total,balanced,balanced:8002,balanced-service,Apple__Rotten,balanced
1786676347.264,1,predictions_total,balanced,balanced:8002,balanced-service,Banana__Healthy,balanced
1786676352.264,1,predictions_total,balanced,balanced:8002,balanced-service,Banana__Healthy,balanced
1786676357.264,2,predictions_total,balanced,balanced:8002,balanced-service,Banana__Healthy,balanced
1786676362.264,2,predictions_total,balanced,balanced:8002,balanced-service,Banana__Healthy,balanced
1786676367.264,2,predictions_total,balanced,balanced:8002,balanced-service,Banana__Healthy,balanced
1786676372.264,3,predictions_total,balanced,balanced:8002,balanced-service,Banana__Healthy,balanced
1786676377.264,4,predictions_total,balanced,balanced:8002,balanced-service,Banana__Healthy,balanced
1786676382.264,4,predictions_total,balanced,balanced:8002,balanced-service,Banana__Healthy,balanced
1786676387.264,4,predictions_total,balanced,balanced:8002,balanced-service,Banana__Healthy,balanced
1786676392.264,6,predictions_total,balanced,balanced:8002,balanced-service,Banana__Healthy,balanced
1786676397.264,6,predictions_total,balanced,balanced:8002,balanced-service,Banana__Healthy,balanced
1786676402.264,6,predictions_total,balanced,balanced:8002,balanced-service,Banana__Healthy,balanced
1786676407.264,6,predictions_total,balanced,balanced:8002,balanced-service,Banana__Healthy,balanced
1786676412.264,6,predictions_total,balanced,balanced:8002,balanced-service,Banana__Healthy,balanced
1786676417.264,6,predictions_total,balanced,balanced:8002,balanced-service,Banana__Healthy,balanced
1786676422.264,6,predictions_total,balanced,balanced:8002,balanced-service,Banana__Healthy,balanced
1786676427.264,6,predictions_total,balanced,balanced:8002,balanced-service,Banana__Healthy,balanced
1786676432.264,6,predictions_total,balanced,balanced:8002,balanced-service,Banana__Healthy,balanced
1786676437.264,6,predictions_total,balanced,balanced:8002,balanced-service,Banana__Healthy,balanced
1786676442.264,6,predictions_total,balanced,balanced:8002,balanced-service,Banana__Healthy,balanced
1786676447.264,6,predictions_total,balanced,balanced:8002,balanced-service,Banana__Healthy,balanced
1786676452.264,6,predictions_total,balanced,balanced:8002,balanced-service,Banana__Healthy,balanced
1786676457.264,6,predictions_total,balanced,balanced:8002,balanced-service,Banana__Healthy,balanced
1786676462.264,6,predictions_total,balanced,balanced:8002,balanced-service,Banana__Healthy,balanced
1786676467.264,6,predictions_total,balanced,balanced:8002,balanced-service,Banana__Healthy,balanced
1786676472.264,6,predictions_total,balanced,balanced:8002,balanced-service,Banana__Healthy,balanced
1786676477.264,6,predictions_total,balanced,balanced:8002,balanced-service,Banana__Healthy,balanced
1786676482.264,6,predictions_total,balanced,balanced:8002,balanced-service,Banana__Healthy,balanced
1786676487.264,6,predictions_total,balanced,balanced:8002,balanced-service,Banana__Healthy,balanced
1786676492.264,6,predictions_total,balanced,balanced:8002,balanced-service,Banana__Healthy,balanced
1786676497.264,6,predictions_total,balanced,balanced:8002,balanced-service,Banana__Healthy,balanced
1786676502.264,6,predictions_total,balanced,balanced:8002,balanced-service,Banana__Healthy,balanced
1786676507.264,6,predictions_total,balanced,balanced:8002,balanced-service,Banana__Healthy,balanced
1786676512.264,6,predictions_total,balanced,balanced:8002,balanced-service,Banana__Healthy,balanced
1786676517.264,6,predictions_total,balanced,balanced:8002,balanced-service,Banana__Healthy,balanced
1786676522.264,6,predictions_total,balanced,balanced:8002,balanced-service,Banana__Healthy,balanced
1786676527.264,6,predictions_total,balanced,balanced:8002,balanced-service,Banana__Healthy,balanced
1786676532.264,6,predictions_total,balanced,balanced:8002,balanced-service,Banana__Healthy,balanced
1786676537.264,6,predictions_total,balanced,balanced:8002,balanced-service,Banana__Healthy,balanced
1786676542.264,6,predictions_total,balanced,balanced:8002,balanced-service,Banana__Healthy,balanced
1786676547.264,6,predictions_total,balanced,balanced:8002,balanced-service,Banana__Healthy,balanced
1786676552.264,6,predictions_total,balanced,balanced:8002,balanced-service,Banana__Healthy,balanced
1786676557.264,6,predictions_total,balanced,balanced:8002,balanced-service,Banana__Healthy,balanced
1786676562.264,6,predictions_total,balanced,balanced:8002,balanced-service,Banana__Healthy,balanced
1786676567.264,6,predictions_total,balanced,balanced:8002,balanced-service,Banana__Healthy,balanced
1786676572.264,6,predictions_total,balanced,balanced:8002,balanced-service,Banana__Healthy,balanced
1786676577.264,6,predictions_total,balanced,balanced:8002,balanced-service,Banana__Healthy,balanced
1786676582.264,6,predictions_total,balanced,balanced:8002,balanced-service,Banana__Healthy,balanced
1786676587.264,6,predictions_total,balanced,balanced:8002,balanced-service,Banana__Healthy,balanced
1786676592.264,6,predictions_total,balanced,balanced:8002,balanced-service,Banana__Healthy,balanced
1786676597.264,6,predictions_total,balanced,balanced:8002,balanced-service,Banana__Healthy,balanced
1786676602.264,6,predictions_total,balanced,balanced:8002,balanced-service,Banana__Healthy,balanced
1786676607.264,6,predictions_total,balanced,balanced:8002,balanced-service,Banana__Healthy,balanced
1786676612.264,6,predictions_total,balanced,balanced:8002,balanced-service,Banana__Healthy,balanced
1786676617.264,6,predictions_total,balanced,balanced:8002,balanced-service,Banana__Healthy,balanced
1786676622.264,6,predictions_total,balanced,balanced:8002,balanced-service,Banana__Healthy,balanced
1786676627.264,6,predictions_total,balanced,balanced:8002,balanced-service,Banana__Healthy,balanced
1786676632.264,6,predictions_total,balanced,balanced:8002,balanced-service,Banana__Healthy,balanced
1786676637.264,6,predictions_total,balanced,balanced:8002,balanced-service,Banana__Healthy,balanced
1786676642.264,6,predictions_total,balanced,balanced:8002,balanced-service,Banana__Healthy,balanced
1786676647.264,9,predictions_total,balanced,balanced:8002,balanced-service,Banana__Healthy,balanced
1786676652.264,10,predictions_total,balanced,balanced:8002,balanced-service,Banana__Healthy,balanced
1786676657.264,11,predictions_total,balanced,balanced:8002,balanced-service,Banana__Healthy,balanced
1786676662.264,14,predictions_total,balanced,balanced:8002,balanced-service,Banana__Healthy,balanced
1786676667.264,14,predictions_total,balanced,balanced:8002,balanced-service,Banana__Healthy,balanced
1786676672.264,14,predictions_total,balanced,balanced:8002,balanced-service,Banana__Healthy,balanced
1786676677.264,14,predictions_total,balanced,balanced:8002,balanced-service,Banana__Healthy,balanced
1786676682.264,17,predictions_total,balanced,balanced:8002,balanced-service,Banana__Healthy,balanced
1786676687.264,17,predictions_total,balanced,balanced:8002,balanced-service,Banana__Healthy,balanced
1786676692.264,17,predictions_total,balanced,balanced:8002,balanced-service,Banana__Healthy,balanced
1786676697.264,18,predictions_total,balanced,balanced:8002,balanced-service,Banana__Healthy,balanced
1786676702.264,20,predictions_total,balanced,balanced:8002,balanced-service,Banana__Healthy,balanced
1786676707.264,21,predictions_total,balanced,balanced:8002,balanced-service,Banana__Healthy,balanced
1786676712.264,21,predictions_total,balanced,balanced:8002,balanced-service,Banana__Healthy,balanced
1786676717.264,21,predictions_total,balanced,balanced:8002,balanced-service,Banana__Healthy,balanced
1786676722.264,21,predictions_total,balanced,balanced:8002,balanced-service,Banana__Healthy,balanced
1786676727.264,21,predictions_total,balanced,balanced:8002,balanced-service,Banana__Healthy,balanced
1786676732.264,22,predictions_total,balanced,balanced:8002,balanced-service,Banana__Healthy,balanced
1786676737.264,25,predictions_total,balanced,balanced:8002,balanced-service,Banana__Healthy,balanced
1786676742.264,26,predictions_total,balanced,balanced:8002,balanced-service,Banana__Healthy,balanced
1786676747.264,26,predictions_total,balanced,balanced:8002,balanced-service,Banana__Healthy,balanced
1786676752.264,26,predictions_total,balanced,balanced:8002,balanced-service,Banana__Healthy,balanced
1786676757.264,26,predictions_total,balanced,balanced:8002,balanced-service,Banana__Healthy,balanced
1786676762.264,26,predictions_total,balanced,balanced:8002,balanced-service,Banana__Healthy,balanced
1786676767.264,27,predictions_total,balanced,balanced:8002,balanced-service,Banana__Healthy,balanced
1786676772.264,27,predictions_total,balanced,balanced:8002,balanced-service,Banana__Healthy,balanced
1786676777.264,28,predictions_total,balanced,balanced:8002,balanced-service,Banana__Healthy,balanced
1786676782.264,28,predictions_total,balanced,balanced:8002,balanced-service,Banana__Healthy,balanced
1786676787.264,29,predictions_total,balanced,balanced:8002,balanced-service,Banana__Healthy,balanced
1786676792.264,30,predictions_total,balanced,balanced:8002,balanced-service,Banana__Healthy,balanced
1786676797.264,30,predictions_total,balanced,balanced:8002,balanced-service,Banana__Healthy,balanced
1786676802.264,30,predictions_total,balanced,balanced:8002,balanced-service,Banana__Healthy,balanced
1786676807.264,30,predictions_total,balanced,balanced:8002,balanced-service,Banana__Healthy,balanced
1786676812.264,31,predictions_total,balanced,balanced:8002,balanced-service,Banana__Healthy,balanced
1786676817.264,32,predictions_total,balanced,balanced:8002,balanced-service,Banana__Healthy,balanced
1786676822.264,33,predictions_total,balanced,balanced:8002,balanced-service,Banana__Healthy,balanced
1786676827.264,33,predictions_total,balanced,balanced:8002,balanced-service,Banana__Healthy,balanced
1786676832.264,33,predictions_total,balanced,balanced:8002,balanced-service,Banana__Healthy,balanced
1786676837.264,34,predictions_total,balanced,balanced:8002,balanced-service,Banana__Healthy,balanced
1786676842.264,34,predictions_total,balanced,balanced:8002,balanced-service,Banana__Healthy,balanced
1786676847.264,35,predictions_total,balanced,balanced:8002,balanced-service,Banana__Healthy,balanced
1786676852.264,36,predictions_total,balanced,balanced:8002,balanced-service,Banana__Healthy,balanced
1786676857.264,36,predictions_total,balanced,balanced:8002,balanced-service,Banana__Healthy,balanced
1786676862.264,37,predictions_total,balanced,balanced:8002,balanced-service,Banana__Healthy,balanced
1786676867.264,37,predictions_total,balanced,balanced:8002,balanced-service,Banana__Healthy,balanced
1786676872.264,37,predictions_total,balanced,balanced:8002,balanced-service,Banana__Healthy,balanced
1786676877.264,37,predictions_total,balanced,balanced:8002,balanced-service,Banana__Healthy,balanced
1786676882.264,37,predictions_total,balanced,balanced:8002,balanced-service,Banana__Healthy,balanced
1786676887.264,37,predictions_total,balanced,balanced:8002,balanced-service,Banana__Healthy,balanced
1786676892.264,37,predictions_total,balanced,balanced:8002,balanced-service,Banana__Healthy,balanced
1786676897.264,37,predictions_total,balanced,balanced:8002,balanced-service,Banana__Healthy,balanced
1786676902.264,37,predictions_total,balanced,balanced:8002,balanced-service,Banana__Healthy,balanced
1786676907.264,37,predictions_total,balanced,balanced:8002,balanced-service,Banana__Healthy,balanced
1786676912.264,37,predictions_total,balanced,balanced:8002,balanced-service,Banana__Healthy,balanced
1786676917.264,37,predictions_total,balanced,balanced:8002,balanced-service,Banana__Healthy,balanced
1786676922.264,37,predictions_total,balanced,balanced:8002,balanced-service,Banana__Healthy,balanced
1786676927.264,37,predictions_total,balanced,balanced:8002,balanced-service,Banana__Healthy,balanced
1786676932.264,37,predictions_total,balanced,balanced:8002,balanced-service,Banana__Healthy,balanced
1786676937.264,37,predictions_total,balanced,balanced:8002,balanced-service,Banana__Healthy,balanced
1786676942.264,37,predictions_total,balanced,balanced:8002,balanced-service,Banana__Healthy,balanced
1786676947.264,37,predictions_total,balanced,balanced:8002,balanced-service,Banana__Healthy,balanced
1786676952.264,37,predictions_total,balanced,balanced:8002,balanced-service,Banana__Healthy,balanced
1786676957.264,37,predictions_total,balanced,balanced:8002,balanced-service,Banana__Healthy,balanced
1786676962.264,37,predictions_total,balanced,balanced:8002,balanced-service,Banana__Healthy,balanced
1786676967.264,37,predictions_total,balanced,balanced:8002,balanced-service,Banana__Healthy,balanced
1786676972.264,37,predictions_total,balanced,balanced:8002,balanced-service,Banana__Healthy,balanced
1786676977.264,37,predictions_total,balanced,balanced:8002,balanced-service,Banana__Healthy,balanced
1786676982.264,37,predictions_total,balanced,balanced:8002,balanced-service,Banana__Healthy,balanced
1786676987.264,37,predictions_total,balanced,balanced:8002,balanced-service,Banana__Healthy,balanced
1786676992.264,37,predictions_total,balanced,balanced:8002,balanced-service,Banana__Healthy,balanced
1786676997.264,37,predictions_total,balanced,balanced:8002,balanced-service,Banana__Healthy,balanced
1786677002.264,37,predictions_total,balanced,balanced:8002,balanced-service,Banana__Healthy,balanced
1786677007.264,37,predictions_total,balanced,balanced:8002,balanced-service,Banana__Healthy,balanced
1786677012.264,37,predictions_total,balanced,balanced:8002,balanced-service,Banana__Healthy,balanced
1786677017.264,37,predictions_total,balanced,balanced:8002,balanced-service,Banana__Healthy,balanced
1786677022.264,37,predictions_total,balanced,balanced:8002,balanced-service,Banana__Healthy,balanced
1786677027.264,37,predictions_total,balanced,balanced:8002,balanced-service,Banana__Healthy,balanced
1786677032.264,37,predictions_total,balanced,balanced:8002,balanced-service,Banana__Healthy,balanced
1786677037.264,37,predictions_total,balanced,balanced:8002,balanced-service,Banana__Healthy,balanced
1786677042.264,37,predictions_total,balanced,balanced:8002,balanced-service,Banana__Healthy,balanced
1786677047.264,37,predictions_total,balanced,balanced:8002,balanced-service,Banana__Healthy,balanced
1786677052.264,37,predictions_total,balanced,balanced:8002,balanced-service,Banana__Healthy,balanced
1786677057.264,37,predictions_total,balanced,balanced:8002,balanced-service,Banana__Healthy,balanced
1786677062.264,37,predictions_total,balanced,balanced:8002,balanced-service,Banana__Healthy,balanced
1786677067.264,37,predictions_total,balanced,balanced:8002,balanced-service,Banana__Healthy,balanced
1786677072.264,37,predictions_total,balanced,balanced:8002,balanced-service,Banana__Healthy,balanced
1786677077.264,37,predictions_total,balanced,balanced:8002,balanced-service,Banana__Healthy,balanced
1786677082.264,37,predictions_total,balanced,balanced:8002,balanced-service,Banana__Healthy,balanced
1786677087.264,37,predictions_total,balanced,balanced:8002,balanced-service,Banana__Healthy,balanced
1786677092.264,37,predictions_total,balanced,balanced:8002,balanced-service,Banana__Healthy,balanced
1786677097.264,37,predictions_total,balanced,balanced:8002,balanced-service,Banana__Healthy,balanced
1786677102.264,37,predictions_total,balanced,balanced:8002,balanced-service,Banana__Healthy,balanced
1786677107.264,37,predictions_total,balanced,balanced:8002,balanced-service,Banana__Healthy,balanced
1786677112.264,37,predictions_total,balanced,balanced:8002,balanced-service,Banana__Healthy,balanced
1786677117.264,37,predictions_total,balanced,balanced:8002,balanced-service,Banana__Healthy,balanced
1786677122.264,37,predictions_total,balanced,balanced:8002,balanced-service,Banana__Healthy,balanced
1786677127.264,37,predictions_total,balanced,balanced:8002,balanced-service,Banana__Healthy,balanced
1786677132.264,37,predictions_total,balanced,balanced:8002,balanced-service,Banana__Healthy,balanced
1786677137.264,37,predictions_total,balanced,balanced:8002,balanced-service,Banana__Healthy,balanced
1786677142.264,37,predictions_total,balanced,balanced:8002,balanced-service,Banana__Healthy,balanced
1786677147.264,37,predictions_total,balanced,balanced:8002,balanced-service,Banana__Healthy,balanced
1786677152.264,37,predictions_total,balanced,balanced:8002,balanced-service,Banana__Healthy,balanced
1786677157.264,37,predictions_total,balanced,balanced:8002,balanced-service,Banana__Healthy,balanced
1786677162.264,37,predictions_total,balanced,balanced:8002,balanced-service,Banana__Healthy,balanced
1786677167.264,37,predictions_total,balanced,balanced:8002,balanced-service,Banana__Healthy,balanced
1786677172.264,37,predictions_total,balanced,balanced:8002,balanced-service,Banana__Healthy,balanced
1786677177.264,37,predictions_total,balanced,balanced:8002,balanced-service,Banana__Healthy,balanced
1786677182.264,37,predictions_total,balanced,balanced:8002,balanced-service,Banana__Healthy,balanced
1786677187.264,37,predictions_total,balanced,balanced:8002,balanced-service,Banana__Healthy,balanced
1786677192.264,37,predictions_total,balanced,balanced:8002,balanced-service,Banana__Healthy,balanced
1786677197.264,37,predictions_total,balanced,balanced:8002,balanced-service,Banana__Healthy,balanced
1786677202.264,37,predictions_total,balanced,balanced:8002,balanced-service,Banana__Healthy,balanced
1786677207.264,37,predictions_total,balanced,balanced:8002,balanced-service,Banana__Healthy,balanced
1786677212.264,37,predictions_total,balanced,balanced:8002,balanced-service,Banana__Healthy,balanced
1786677217.264,37,predictions_total,balanced,balanced:8002,balanced-service,Banana__Healthy,balanced
1786677222.264,37,predictions_total,balanced,balanced:8002,balanced-service,Banana__Healthy,balanced
1786677227.264,37,predictions_total,balanced,balanced:8002,balanced-service,Banana__Healthy,balanced
1786677232.264,37,predictions_total,balanced,balanced:8002,balanced-service,Banana__Healthy,balanced
1786677237.264,39,predictions_total,balanced,balanced:8002,balanced-service,Banana__Healthy,balanced
1786677242.264,41,predictions_total,balanced,balanced:8002,balanced-service,Banana__Healthy,balanced
1786677247.264,43,predictions_total,balanced,balanced:8002,balanced-service,Banana__Healthy,balanced
1786677252.264,43,predictions_total,balanced,balanced:8002,balanced-service,Banana__Healthy,balanced
1786677257.264,45,predictions_total,balanced,balanced:8002,balanced-service,Banana__Healthy,balanced
1786677262.264,46,predictions_total,balanced,balanced:8002,balanced-service,Banana__Healthy,balanced
1786677267.264,46,predictions_total,balanced,balanced:8002,balanced-service,Banana__Healthy,balanced
1786677272.264,47,predictions_total,balanced,balanced:8002,balanced-service,Banana__Healthy,balanced
1786677277.264,50,predictions_total,balanced,balanced:8002,balanced-service,Banana__Healthy,balanced
1786677282.264,50,predictions_total,balanced,balanced:8002,balanced-service,Banana__Healthy,balanced
1786677287.264,50,predictions_total,balanced,balanced:8002,balanced-service,Banana__Healthy,balanced
1786677292.264,52,predictions_total,balanced,balanced:8002,balanced-service,Banana__Healthy,balanced
1786677297.264,53,predictions_total,balanced,balanced:8002,balanced-service,Banana__Healthy,balanced
1786677302.264,53,predictions_total,balanced,balanced:8002,balanced-service,Banana__Healthy,balanced
1786677307.264,54,predictions_total,balanced,balanced:8002,balanced-service,Banana__Healthy,balanced
1786677312.264,55,predictions_total,balanced,balanced:8002,balanced-service,Banana__Healthy,balanced
1786677317.264,57,predictions_total,balanced,balanced:8002,balanced-service,Banana__Healthy,balanced
1786677322.264,58,predictions_total,balanced,balanced:8002,balanced-service,Banana__Healthy,balanced
1786677327.264,59,predictions_total,balanced,balanced:8002,balanced-service,Banana__Healthy,balanced
1786677332.264,59,predictions_total,balanced,balanced:8002,balanced-service,Banana__Healthy,balanced
1786677337.264,61,predictions_total,balanced,balanced:8002,balanced-service,Banana__Healthy,balanced
1786677342.264,61,predictions_total,balanced,balanced:8002,balanced-service,Banana__Healthy,balanced
1786677347.264,61,predictions_total,balanced,balanced:8002,balanced-service,Banana__Healthy,balanced
1786677352.264,62,predictions_total,balanced,balanced:8002,balanced-service,Banana__Healthy,balanced
1786677357.264,63,predictions_total,balanced,balanced:8002,balanced-service,Banana__Healthy,balanced
1786677362.264,64,predictions_total,balanced,balanced:8002,balanced-service,Banana__Healthy,balanced
1786677367.264,64,predictions_total,balanced,balanced:8002,balanced-service,Banana__Healthy,balanced
1786677372.264,64,predictions_total,balanced,balanced:8002,balanced-service,Banana__Healthy,balanced
1786677377.264,64,predictions_total,balanced,balanced:8002,balanced-service,Banana__Healthy,balanced
1786677382.264,64,predictions_total,balanced,balanced:8002,balanced-service,Banana__Healthy,balanced
1786677387.264,65,predictions_total,balanced,balanced:8002,balanced-service,Banana__Healthy,balanced
1786677392.264,65,predictions_total,balanced,balanced:8002,balanced-service,Banana__Healthy,balanced
1786677397.264,66,predictions_total,balanced,balanced:8002,balanced-service,Banana__Healthy,balanced
1786677402.264,66,predictions_total,balanced,balanced:8002,balanced-service,Banana__Healthy,balanced
1786677407.264,67,predictions_total,balanced,balanced:8002,balanced-service,Banana__Healthy,balanced
1786677412.264,68,predictions_total,balanced,balanced:8002,balanced-service,Banana__Healthy,balanced
1786677417.264,68,predictions_total,balanced,balanced:8002,balanced-service,Banana__Healthy,balanced
1786677422.264,69,predictions_total,balanced,balanced:8002,balanced-service,Banana__Healthy,balanced
1786677427.264,71,predictions_total,balanced,balanced:8002,balanced-service,Banana__Healthy,balanced
1786677432.264,73,predictions_total,balanced,balanced:8002,balanced-service,Banana__Healthy,balanced
1786677437.264,75,predictions_total,balanced,balanced:8002,balanced-service,Banana__Healthy,balanced
1786677442.264,75,predictions_total,balanced,balanced:8002,balanced-service,Banana__Healthy,balanced
1786677447.264,75,predictions_total,balanced,balanced:8002,balanced-service,Banana__Healthy,balanced
1786676327.264,2,predictions_total,balanced,balanced:8002,balanced-service,Banana__Rotten,balanced
1786676332.264,2,predictions_total,balanced,balanced:8002,balanced-service,Banana__Rotten,balanced
1786676337.264,2,predictions_total,balanced,balanced:8002,balanced-service,Banana__Rotten,balanced
1786676342.264,3,predictions_total,balanced,balanced:8002,balanced-service,Banana__Rotten,balanced
1786676347.264,4,predictions_total,balanced,balanced:8002,balanced-service,Banana__Rotten,balanced
1786676352.264,4,predictions_total,balanced,balanced:8002,balanced-service,Banana__Rotten,balanced
1786676357.264,4,predictions_total,balanced,balanced:8002,balanced-service,Banana__Rotten,balanced
1786676362.264,4,predictions_total,balanced,balanced:8002,balanced-service,Banana__Rotten,balanced
1786676367.264,4,predictions_total,balanced,balanced:8002,balanced-service,Banana__Rotten,balanced
1786676372.264,4,predictions_total,balanced,balanced:8002,balanced-service,Banana__Rotten,balanced
1786676377.264,7,predictions_total,balanced,balanced:8002,balanced-service,Banana__Rotten,balanced
1786676382.264,7,predictions_total,balanced,balanced:8002,balanced-service,Banana__Rotten,balanced
1786676387.264,8,predictions_total,balanced,balanced:8002,balanced-service,Banana__Rotten,balanced
1786676392.264,10,predictions_total,balanced,balanced:8002,balanced-service,Banana__Rotten,balanced
1786676397.264,11,predictions_total,balanced,balanced:8002,balanced-service,Banana__Rotten,balanced
1786676402.264,11,predictions_total,balanced,balanced:8002,balanced-service,Banana__Rotten,balanced
1786676407.264,11,predictions_total,balanced,balanced:8002,balanced-service,Banana__Rotten,balanced
1786676412.264,11,predictions_total,balanced,balanced:8002,balanced-service,Banana__Rotten,balanced
1786676417.264,11,predictions_total,balanced,balanced:8002,balanced-service,Banana__Rotten,balanced
1786676422.264,11,predictions_total,balanced,balanced:8002,balanced-service,Banana__Rotten,balanced
1786676427.264,11,predictions_total,balanced,balanced:8002,balanced-service,Banana__Rotten,balanced
1786676432.264,11,predictions_total,balanced,balanced:8002,balanced-service,Banana__Rotten,balanced
1786676437.264,11,predictions_total,balanced,balanced:8002,balanced-service,Banana__Rotten,balanced
1786676442.264,11,predictions_total,balanced,balanced:8002,balanced-service,Banana__Rotten,balanced
1786676447.264,11,predictions_total,balanced,balanced:8002,balanced-service,Banana__Rotten,balanced
1786676452.264,11,predictions_total,balanced,balanced:8002,balanced-service,Banana__Rotten,balanced
1786676457.264,11,predictions_total,balanced,balanced:8002,balanced-service,Banana__Rotten,balanced
1786676462.264,11,predictions_total,balanced,balanced:8002,balanced-service,Banana__Rotten,balanced
1786676467.264,11,predictions_total,balanced,balanced:8002,balanced-service,Banana__Rotten,balanced
1786676472.264,11,predictions_total,balanced,balanced:8002,balanced-service,Banana__Rotten,balanced
1786676477.264,11,predictions_total,balanced,balanced:8002,balanced-service,Banana__Rotten,balanced
1786676482.264,11,predictions_total,balanced,balanced:8002,balanced-service,Banana__Rotten,balanced
1786676487.264,11,predictions_total,balanced,balanced:8002,balanced-service,Banana__Rotten,balanced
1786676492.264,11,predictions_total,balanced,balanced:8002,balanced-service,Banana__Rotten,balanced
1786676497.264,11,predictions_total,balanced,balanced:8002,balanced-service,Banana__Rotten,balanced
1786676502.264,11,predictions_total,balanced,balanced:8002,balanced-service,Banana__Rotten,balanced
1786676507.264,11,predictions_total,balanced,balanced:8002,balanced-service,Banana__Rotten,balanced
1786676512.264,11,predictions_total,balanced,balanced:8002,balanced-service,Banana__Rotten,balanced
1786676517.264,11,predictions_total,balanced,balanced:8002,balanced-service,Banana__Rotten,balanced
1786676522.264,11,predictions_total,balanced,balanced:8002,balanced-service,Banana__Rotten,balanced
1786676527.264,11,predictions_total,balanced,balanced:8002,balanced-service,Banana__Rotten,balanced
1786676532.264,11,predictions_total,balanced,balanced:8002,balanced-service,Banana__Rotten,balanced
1786676537.264,11,predictions_total,balanced,balanced:8002,balanced-service,Banana__Rotten,balanced
1786676542.264,11,predictions_total,balanced,balanced:8002,balanced-service,Banana__Rotten,balanced
1786676547.264,11,predictions_total,balanced,balanced:8002,balanced-service,Banana__Rotten,balanced
1786676552.264,11,predictions_total,balanced,balanced:8002,balanced-service,Banana__Rotten,balanced
1786676557.264,11,predictions_total,balanced,balanced:8002,balanced-service,Banana__Rotten,balanced
1786676562.264,11,predictions_total,balanced,balanced:8002,balanced-service,Banana__Rotten,balanced
1786676567.264,11,predictions_total,balanced,balanced:8002,balanced-service,Banana__Rotten,balanced
1786676572.264,11,predictions_total,balanced,balanced:8002,balanced-service,Banana__Rotten,balanced
1786676577.264,11,predictions_total,balanced,balanced:8002,balanced-service,Banana__Rotten,balanced
1786676582.264,11,predictions_total,balanced,balanced:8002,balanced-service,Banana__Rotten,balanced
1786676587.264,11,predictions_total,balanced,balanced:8002,balanced-service,Banana__Rotten,balanced
1786676592.264,11,predictions_total,balanced,balanced:8002,balanced-service,Banana__Rotten,balanced
1786676597.264,11,predictions_total,balanced,balanced:8002,balanced-service,Banana__Rotten,balanced
1786676602.264,11,predictions_total,balanced,balanced:8002,balanced-service,Banana__Rotten,balanced
1786676607.264,11,predictions_total,balanced,balanced:8002,balanced-service,Banana__Rotten,balanced
1786676612.264,11,predictions_total,balanced,balanced:8002,balanced-service,Banana__Rotten,balanced
1786676617.264,11,predictions_total,balanced,balanced:8002,balanced-service,Banana__Rotten,balanced
1786676622.264,11,predictions_total,balanced,balanced:8002,balanced-service,Banana__Rotten,balanced
1786676627.264,11,predictions_total,balanced,balanced:8002,balanced-service,Banana__Rotten,balanced
1786676632.264,11,predictions_total,balanced,balanced:8002,balanced-service,Banana__Rotten,balanced
1786676637.264,11,predictions_total,balanced,balanced:8002,balanced-service,Banana__Rotten,balanced
1786676642.264,11,predictions_total,balanced,balanced:8002,balanced-service,Banana__Rotten,balanced
1786676647.264,11,predictions_total,balanced,balanced:8002,balanced-service,Banana__Rotten,balanced
1786676652.264,11,predictions_total,balanced,balanced:8002,balanced-service,Banana__Rotten,balanced
1786676657.264,11,predictions_total,balanced,balanced:8002,balanced-service,Banana__Rotten,balanced
1786676662.264,11,predictions_total,balanced,balanced:8002,balanced-service,Banana__Rotten,balanced
1786676667.264,11,predictions_total,balanced,balanced:8002,balanced-service,Banana__Rotten,balanced
1786676672.264,11,predictions_total,balanced,balanced:8002,balanced-service,Banana__Rotten,balanced
1786676677.264,11,predictions_total,balanced,balanced:8002,balanced-service,Banana__Rotten,balanced
1786676682.264,11,predictions_total,balanced,balanced:8002,balanced-service,Banana__Rotten,balanced
1786676687.264,11,predictions_total,balanced,balanced:8002,balanced-service,Banana__Rotten,balanced
1786676692.264,11,predictions_total,balanced,balanced:8002,balanced-service,Banana__Rotten,balanced
1786676697.264,11,predictions_total,balanced,balanced:8002,balanced-service,Banana__Rotten,balanced
1786676702.264,11,predictions_total,balanced,balanced:8002,balanced-service,Banana__Rotten,balanced
1786676707.264,11,predictions_total,balanced,balanced:8002,balanced-service,Banana__Rotten,balanced
1786676712.264,11,predictions_total,balanced,balanced:8002,balanced-service,Banana__Rotten,balanced
1786676717.264,11,predictions_total,balanced,balanced:8002,balanced-service,Banana__Rotten,balanced
1786676722.264,11,predictions_total,balanced,balanced:8002,balanced-service,Banana__Rotten,balanced
1786676727.264,11,predictions_total,balanced,balanced:8002,balanced-service,Banana__Rotten,balanced
1786676732.264,11,predictions_total,balanced,balanced:8002,balanced-service,Banana__Rotten,balanced
1786676737.264,11,predictions_total,balanced,balanced:8002,balanced-service,Banana__Rotten,balanced
1786676742.264,11,predictions_total,balanced,balanced:8002,balanced-service,Banana__Rotten,balanced
1786676747.264,11,predictions_total,balanced,balanced:8002,balanced-service,Banana__Rotten,balanced
1786676752.264,11,predictions_total,balanced,balanced:8002,balanced-service,Banana__Rotten,balanced
1786676757.264,11,predictions_total,balanced,balanced:8002,balanced-service,Banana__Rotten,balanced
1786676762.264,11,predictions_total,balanced,balanced:8002,balanced-service,Banana__Rotten,balanced
1786676767.264,11,predictions_total,balanced,balanced:8002,balanced-service,Banana__Rotten,balanced
1786676772.264,12,predictions_total,balanced,balanced:8002,balanced-service,Banana__Rotten,balanced
1786676777.264,12,predictions_total,balanced,balanced:8002,balanced-service,Banana__Rotten,balanced
1786676782.264,13,predictions_total,balanced,balanced:8002,balanced-service,Banana__Rotten,balanced
1786676787.264,13,predictions_total,balanced,balanced:8002,balanced-service,Banana__Rotten,balanced
1786676792.264,13,predictions_total,balanced,balanced:8002,balanced-service,Banana__Rotten,balanced
1786676797.264,13,predictions_total,balanced,balanced:8002,balanced-service,Banana__Rotten,balanced
1786676802.264,13,predictions_total,balanced,balanced:8002,balanced-service,Banana__Rotten,balanced
1786676807.264,14,predictions_total,balanced,balanced:8002,balanced-service,Banana__Rotten,balanced
1786676812.264,14,predictions_total,balanced,balanced:8002,balanced-service,Banana__Rotten,balanced
1786676817.264,15,predictions_total,balanced,balanced:8002,balanced-service,Banana__Rotten,balanced
1786676822.264,15,predictions_total,balanced,balanced:8002,balanced-service,Banana__Rotten,balanced
1786676827.264,15,predictions_total,balanced,balanced:8002,balanced-service,Banana__Rotten,balanced
1786676832.264,15,predictions_total,balanced,balanced:8002,balanced-service,Banana__Rotten,balanced
1786676837.264,15,predictions_total,balanced,balanced:8002,balanced-service,Banana__Rotten,balanced
1786676842.264,16,predictions_total,balanced,balanced:8002,balanced-service,Banana__Rotten,balanced
1786676847.264,17,predictions_total,balanced,balanced:8002,balanced-service,Banana__Rotten,balanced
1786676852.264,17,predictions_total,balanced,balanced:8002,balanced-service,Banana__Rotten,balanced
1786676857.264,18,predictions_total,balanced,balanced:8002,balanced-service,Banana__Rotten,balanced
1786676862.264,20,predictions_total,balanced,balanced:8002,balanced-service,Banana__Rotten,balanced
1786676867.264,20,predictions_total,balanced,balanced:8002,balanced-service,Banana__Rotten,balanced
1786676872.264,20,predictions_total,balanced,balanced:8002,balanced-service,Banana__Rotten,balanced
1786676877.264,20,predictions_total,balanced,balanced:8002,balanced-service,Banana__Rotten,balanced
1786676882.264,20,predictions_total,balanced,balanced:8002,balanced-service,Banana__Rotten,balanced
1786676887.264,20,predictions_total,balanced,balanced:8002,balanced-service,Banana__Rotten,balanced
1786676892.264,20,predictions_total,balanced,balanced:8002,balanced-service,Banana__Rotten,balanced
1786676897.264,20,predictions_total,balanced,balanced:8002,balanced-service,Banana__Rotten,balanced
1786676902.264,20,predictions_total,balanced,balanced:8002,balanced-service,Banana__Rotten,balanced
1786676907.264,20,predictions_total,balanced,balanced:8002,balanced-service,Banana__Rotten,balanced
1786676912.264,20,predictions_total,balanced,balanced:8002,balanced-service,Banana__Rotten,balanced
1786676917.264,20,predictions_total,balanced,balanced:8002,balanced-service,Banana__Rotten,balanced
1786676922.264,20,predictions_total,balanced,balanced:8002,balanced-service,Banana__Rotten,balanced
1786676927.264,20,predictions_total,balanced,balanced:8002,balanced-service,Banana__Rotten,balanced
1786676932.264,20,predictions_total,balanced,balanced:8002,balanced-service,Banana__Rotten,balanced
1786676937.264,20,predictions_total,balanced,balanced:8002,balanced-service,Banana__Rotten,balanced
1786676942.264,20,predictions_total,balanced,balanced:8002,balanced-service,Banana__Rotten,balanced
1786676947.264,20,predictions_total,balanced,balanced:8002,balanced-service,Banana__Rotten,balanced
1786676952.264,20,predictions_total,balanced,balanced:8002,balanced-service,Banana__Rotten,balanced
1786676957.264,20,predictions_total,balanced,balanced:8002,balanced-service,Banana__Rotten,balanced
1786676962.264,20,predictions_total,balanced,balanced:8002,balanced-service,Banana__Rotten,balanced
1786676967.264,20,predictions_total,balanced,balanced:8002,balanced-service,Banana__Rotten,balanced
1786676972.264,20,predictions_total,balanced,balanced:8002,balanced-service,Banana__Rotten,balanced
1786676977.264,20,predictions_total,balanced,balanced:8002,balanced-service,Banana__Rotten,balanced
1786676982.264,20,predictions_total,balanced,balanced:8002,balanced-service,Banana__Rotten,balanced
1786676987.264,20,predictions_total,balanced,balanced:8002,balanced-service,Banana__Rotten,balanced
1786676992.264,20,predictions_total,balanced,balanced:8002,balanced-service,Banana__Rotten,balanced
1786676997.264,20,predictions_total,balanced,balanced:8002,balanced-service,Banana__Rotten,balanced
1786677002.264,20,predictions_total,balanced,balanced:8002,balanced-service,Banana__Rotten,balanced
1786677007.264,20,predictions_total,balanced,balanced:8002,balanced-service,Banana__Rotten,balanced
1786677012.264,20,predictions_total,balanced,balanced:8002,balanced-service,Banana__Rotten,balanced
1786677017.264,20,predictions_total,balanced,balanced:8002,balanced-service,Banana__Rotten,balanced
1786677022.264,20,predictions_total,balanced,balanced:8002,balanced-service,Banana__Rotten,balanced
1786677027.264,20,predictions_total,balanced,balanced:8002,balanced-service,Banana__Rotten,balanced
1786677032.264,20,predictions_total,balanced,balanced:8002,balanced-service,Banana__Rotten,balanced
1786677037.264,20,predictions_total,balanced,balanced:8002,balanced-service,Banana__Rotten,balanced
1786677042.264,20,predictions_total,balanced,balanced:8002,balanced-service,Banana__Rotten,balanced
1786677047.264,20,predictions_total,balanced,balanced:8002,balanced-service,Banana__Rotten,balanced
1786677052.264,20,predictions_total,balanced,balanced:8002,balanced-service,Banana__Rotten,balanced
1786677057.264,20,predictions_total,balanced,balanced:8002,balanced-service,Banana__Rotten,balanced
1786677062.264,20,predictions_total,balanced,balanced:8002,balanced-service,Banana__Rotten,balanced
1786677067.264,20,predictions_total,balanced,balanced:8002,balanced-service,Banana__Rotten,balanced
1786677072.264,20,predictions_total,balanced,balanced:8002,balanced-service,Banana__Rotten,balanced
1786677077.264,20,predictions_total,balanced,balanced:8002,balanced-service,Banana__Rotten,balanced
1786677082.264,20,predictions_total,balanced,balanced:8002,balanced-service,Banana__Rotten,balanced
1786677087.264,20,predictions_total,balanced,balanced:8002,balanced-service,Banana__Rotten,balanced
1786677092.264,20,predictions_total,balanced,balanced:8002,balanced-service,Banana__Rotten,balanced
1786677097.264,20,predictions_total,balanced,balanced:8002,balanced-service,Banana__Rotten,balanced
1786677102.264,20,predictions_total,balanced,balanced:8002,balanced-service,Banana__Rotten,balanced
1786677107.264,20,predictions_total,balanced,balanced:8002,balanced-service,Banana__Rotten,balanced
1786677112.264,20,predictions_total,balanced,balanced:8002,balanced-service,Banana__Rotten,balanced
1786677117.264,20,predictions_total,balanced,balanced:8002,balanced-service,Banana__Rotten,balanced
1786677122.264,20,predictions_total,balanced,balanced:8002,balanced-service,Banana__Rotten,balanced
1786677127.264,20,predictions_total,balanced,balanced:8002,balanced-service,Banana__Rotten,balanced
1786677132.264,20,predictions_total,balanced,balanced:8002,balanced-service,Banana__Rotten,balanced
1786677137.264,20,predictions_total,balanced,balanced:8002,balanced-service,Banana__Rotten,balanced
1786677142.264,20,predictions_total,balanced,balanced:8002,balanced-service,Banana__Rotten,balanced
1786677147.264,20,predictions_total,balanced,balanced:8002,balanced-service,Banana__Rotten,balanced
1786677152.264,20,predictions_total,balanced,balanced:8002,balanced-service,Banana__Rotten,balanced
1786677157.264,20,predictions_total,balanced,balanced:8002,balanced-service,Banana__Rotten,balanced
1786677162.264,20,predictions_total,balanced,balanced:8002,balanced-service,Banana__Rotten,balanced
1786677167.264,20,predictions_total,balanced,balanced:8002,balanced-service,Banana__Rotten,balanced
1786677172.264,20,predictions_total,balanced,balanced:8002,balanced-service,Banana__Rotten,balanced
1786677177.264,20,predictions_total,balanced,balanced:8002,balanced-service,Banana__Rotten,balanced
1786677182.264,20,predictions_total,balanced,balanced:8002,balanced-service,Banana__Rotten,balanced
1786677187.264,20,predictions_total,balanced,balanced:8002,balanced-service,Banana__Rotten,balanced
1786677192.264,20,predictions_total,balanced,balanced:8002,balanced-service,Banana__Rotten,balanced
1786677197.264,20,predictions_total,balanced,balanced:8002,balanced-service,Banana__Rotten,balanced
1786677202.264,20,predictions_total,balanced,balanced:8002,balanced-service,Banana__Rotten,balanced
1786677207.264,20,predictions_total,balanced,balanced:8002,balanced-service,Banana__Rotten,balanced
1786677212.264,20,predictions_total,balanced,balanced:8002,balanced-service,Banana__Rotten,balanced
1786677217.264,20,predictions_total,balanced,balanced:8002,balanced-service,Banana__Rotten,balanced
1786677222.264,20,predictions_total,balanced,balanced:8002,balanced-service,Banana__Rotten,balanced
1786677227.264,20,predictions_total,balanced,balanced:8002,balanced-service,Banana__Rotten,balanced
1786677232.264,20,predictions_total,balanced,balanced:8002,balanced-service,Banana__Rotten,balanced
1786677237.264,20,predictions_total,balanced,balanced:8002,balanced-service,Banana__Rotten,balanced
1786677242.264,20,predictions_total,balanced,balanced:8002,balanced-service,Banana__Rotten,balanced
1786677247.264,20,predictions_total,balanced,balanced:8002,balanced-service,Banana__Rotten,balanced
1786677252.264,20,predictions_total,balanced,balanced:8002,balanced-service,Banana__Rotten,balanced
1786677257.264,20,predictions_total,balanced,balanced:8002,balanced-service,Banana__Rotten,balanced
1786677262.264,20,predictions_total,balanced,balanced:8002,balanced-service,Banana__Rotten,balanced
1786677267.264,20,predictions_total,balanced,balanced:8002,balanced-service,Banana__Rotten,balanced
1786677272.264,20,predictions_total,balanced,balanced:8002,balanced-service,Banana__Rotten,balanced
1786677277.264,20,predictions_total,balanced,balanced:8002,balanced-service,Banana__Rotten,balanced
1786677282.264,20,predictions_total,balanced,balanced:8002,balanced-service,Banana__Rotten,balanced
1786677287.264,20,predictions_total,balanced,balanced:8002,balanced-service,Banana__Rotten,balanced
1786677292.264,20,predictions_total,balanced,balanced:8002,balanced-service,Banana__Rotten,balanced
1786677297.264,20,predictions_total,balanced,balanced:8002,balanced-service,Banana__Rotten,balanced
1786677302.264,20,predictions_total,balanced,balanced:8002,balanced-service,Banana__Rotten,balanced
1786677307.264,20,predictions_total,balanced,balanced:8002,balanced-service,Banana__Rotten,balanced
1786677312.264,20,predictions_total,balanced,balanced:8002,balanced-service,Banana__Rotten,balanced
1786677317.264,20,predictions_total,balanced,balanced:8002,balanced-service,Banana__Rotten,balanced
1786677322.264,20,predictions_total,balanced,balanced:8002,balanced-service,Banana__Rotten,balanced
1786677327.264,20,predictions_total,balanced,balanced:8002,balanced-service,Banana__Rotten,balanced
1786677332.264,20,predictions_total,balanced,balanced:8002,balanced-service,Banana__Rotten,balanced
1786677337.264,20,predictions_total,balanced,balanced:8002,balanced-service,Banana__Rotten,balanced
1786677342.264,20,predictions_total,balanced,balanced:8002,balanced-service,Banana__Rotten,balanced
1786677347.264,20,predictions_total,balanced,balanced:8002,balanced-service,Banana__Rotten,balanced
1786677352.264,20,predictions_total,balanced,balanced:8002,balanced-service,Banana__Rotten,balanced
1786677357.264,21,predictions_total,balanced,balanced:8002,balanced-service,Banana__Rotten,balanced
1786677362.264,22,predictions_total,balanced,balanced:8002,balanced-service,Banana__Rotten,balanced
1786677367.264,22,predictions_total,balanced,balanced:8002,balanced-service,Banana__Rotten,balanced
1786677372.264,22,predictions_total,balanced,balanced:8002,balanced-service,Banana__Rotten,balanced
1786677377.264,22,predictions_total,balanced,balanced:8002,balanced-service,Banana__Rotten,balanced
1786677382.264,24,predictions_total,balanced,balanced:8002,balanced-service,Banana__Rotten,balanced
1786677387.264,24,predictions_total,balanced,balanced:8002,balanced-service,Banana__Rotten,balanced
1786677392.264,25,predictions_total,balanced,balanced:8002,balanced-service,Banana__Rotten,balanced
1786677397.264,28,predictions_total,balanced,balanced:8002,balanced-service,Banana__Rotten,balanced
1786677402.264,28,predictions_total,balanced,balanced:8002,balanced-service,Banana__Rotten,balanced
1786677407.264,28,predictions_total,balanced,balanced:8002,balanced-service,Banana__Rotten,balanced
1786677412.264,29,predictions_total,balanced,balanced:8002,balanced-service,Banana__Rotten,balanced
1786677417.264,30,predictions_total,balanced,balanced:8002,balanced-service,Banana__Rotten,balanced
1786677422.264,30,predictions_total,balanced,balanced:8002,balanced-service,Banana__Rotten,balanced
1786677427.264,30,predictions_total,balanced,balanced:8002,balanced-service,Banana__Rotten,balanced
1786677432.264,30,predictions_total,balanced,balanced:8002,balanced-service,Banana__Rotten,balanced
1786677437.264,30,predictions_total,balanced,balanced:8002,balanced-service,Banana__Rotten,balanced
1786677442.264,30,predictions_total,balanced,balanced:8002,balanced-service,Banana__Rotten,balanced
1786677447.264,30,predictions_total,balanced,balanced:8002,balanced-service,Banana__Rotten,balanced
1786676327.264,2,predictions_total,balanced,balanced:8002,balanced-service,Bellpepper__Rotten,balanced
1786676332.264,2,predictions_total,balanced,balanced:8002,balanced-service,Bellpepper__Rotten,balanced
1786676337.264,2,predictions_total,balanced,balanced:8002,balanced-service,Bellpepper__Rotten,balanced
1786676342.264,3,predictions_total,balanced,balanced:8002,balanced-service,Bellpepper__Rotten,balanced
1786676347.264,6,predictions_total,balanced,balanced:8002,balanced-service,Bellpepper__Rotten,balanced
1786676352.264,7,predictions_total,balanced,balanced:8002,balanced-service,Bellpepper__Rotten,balanced
1786676357.264,7,predictions_total,balanced,balanced:8002,balanced-service,Bellpepper__Rotten,balanced
1786676362.264,9,predictions_total,balanced,balanced:8002,balanced-service,Bellpepper__Rotten,balanced
1786676367.264,9,predictions_total,balanced,balanced:8002,balanced-service,Bellpepper__Rotten,balanced
1786676372.264,9,predictions_total,balanced,balanced:8002,balanced-service,Bellpepper__Rotten,balanced
1786676377.264,11,predictions_total,balanced,balanced:8002,balanced-service,Bellpepper__Rotten,balanced
1786676382.264,12,predictions_total,balanced,balanced:8002,balanced-service,Bellpepper__Rotten,balanced
1786676387.264,15,predictions_total,balanced,balanced:8002,balanced-service,Bellpepper__Rotten,balanced
1786676392.264,16,predictions_total,balanced,balanced:8002,balanced-service,Bellpepper__Rotten,balanced
1786676397.264,18,predictions_total,balanced,balanced:8002,balanced-service,Bellpepper__Rotten,balanced
1786676402.264,18,predictions_total,balanced,balanced:8002,balanced-service,Bellpepper__Rotten,balanced
1786676407.264,18,predictions_total,balanced,balanced:8002,balanced-service,Bellpepper__Rotten,balanced
1786676412.264,18,predictions_total,balanced,balanced:8002,balanced-service,Bellpepper__Rotten,balanced
1786676417.264,18,predictions_total,balanced,balanced:8002,balanced-service,Bellpepper__Rotten,balanced
1786676422.264,18,predictions_total,balanced,balanced:8002,balanced-service,Bellpepper__Rotten,balanced
1786676427.264,18,predictions_total,balanced,balanced:8002,balanced-service,Bellpepper__Rotten,balanced
1786676432.264,18,predictions_total,balanced,balanced:8002,balanced-service,Bellpepper__Rotten,balanced
1786676437.264,18,predictions_total,balanced,balanced:8002,balanced-service,Bellpepper__Rotten,balanced
1786676442.264,18,predictions_total,balanced,balanced:8002,balanced-service,Bellpepper__Rotten,balanced
1786676447.264,18,predictions_total,balanced,balanced:8002,balanced-service,Bellpepper__Rotten,balanced
1786676452.264,18,predictions_total,balanced,balanced:8002,balanced-service,Bellpepper__Rotten,balanced
1786676457.264,18,predictions_total,balanced,balanced:8002,balanced-service,Bellpepper__Rotten,balanced
1786676462.264,18,predictions_total,balanced,balanced:8002,balanced-service,Bellpepper__Rotten,balanced
1786676467.264,18,predictions_total,balanced,balanced:8002,balanced-service,Bellpepper__Rotten,balanced
1786676472.264,18,predictions_total,balanced,balanced:8002,balanced-service,Bellpepper__Rotten,balanced
1786676477.264,18,predictions_total,balanced,balanced:8002,balanced-service,Bellpepper__Rotten,balanced
1786676482.264,18,predictions_total,balanced,balanced:8002,balanced-service,Bellpepper__Rotten,balanced
1786676487.264,18,predictions_total,balanced,balanced:8002,balanced-service,Bellpepper__Rotten,balanced
1786676492.264,18,predictions_total,balanced,balanced:8002,balanced-service,Bellpepper__Rotten,balanced
1786676497.264,18,predictions_total,balanced,balanced:8002,balanced-service,Bellpepper__Rotten,balanced
1786676502.264,18,predictions_total,balanced,balanced:8002,balanced-service,Bellpepper__Rotten,balanced
1786676507.264,18,predictions_total,balanced,balanced:8002,balanced-service,Bellpepper__Rotten,balanced
1786676512.264,18,predictions_total,balanced,balanced:8002,balanced-service,Bellpepper__Rotten,balanced
1786676517.264,18,predictions_total,balanced,balanced:8002,balanced-service,Bellpepper__Rotten,balanced
1786676522.264,18,predictions_total,balanced,balanced:8002,balanced-service,Bellpepper__Rotten,balanced
1786676527.264,18,predictions_total,balanced,balanced:8002,balanced-service,Bellpepper__Rotten,balanced
1786676532.264,18,predictions_total,balanced,balanced:8002,balanced-service,Bellpepper__Rotten,balanced
1786676537.264,18,predictions_total,balanced,balanced:8002,balanced-service,Bellpepper__Rotten,balanced
1786676542.264,18,predictions_total,balanced,balanced:8002,balanced-service,Bellpepper__Rotten,balanced
1786676547.264,18,predictions_total,balanced,balanced:8002,balanced-service,Bellpepper__Rotten,balanced
1786676552.264,18,predictions_total,balanced,balanced:8002,balanced-service,Bellpepper__Rotten,balanced
1786676557.264,18,predictions_total,balanced,balanced:8002,balanced-service,Bellpepper__Rotten,balanced
1786676562.264,18,predictions_total,balanced,balanced:8002,balanced-service,Bellpepper__Rotten,balanced
1786676567.264,18,predictions_total,balanced,balanced:8002,balanced-service,Bellpepper__Rotten,balanced
1786676572.264,18,predictions_total,balanced,balanced:8002,balanced-service,Bellpepper__Rotten,balanced
1786676577.264,18,predictions_total,balanced,balanced:8002,balanced-service,Bellpepper__Rotten,balanced
1786676582.264,18,predictions_total,balanced,balanced:8002,balanced-service,Bellpepper__Rotten,balanced
1786676587.264,18,predictions_total,balanced,balanced:8002,balanced-service,Bellpepper__Rotten,balanced
1786676592.264,18,predictions_total,balanced,balanced:8002,balanced-service,Bellpepper__Rotten,balanced
1786676597.264,18,predictions_total,balanced,balanced:8002,balanced-service,Bellpepper__Rotten,balanced
1786676602.264,18,predictions_total,balanced,balanced:8002,balanced-service,Bellpepper__Rotten,balanced
1786676607.264,18,predictions_total,balanced,balanced:8002,balanced-service,Bellpepper__Rotten,balanced
1786676612.264,18,predictions_total,balanced,balanced:8002,balanced-service,Bellpepper__Rotten,balanced
1786676617.264,18,predictions_total,balanced,balanced:8002,balanced-service,Bellpepper__Rotten,balanced
1786676622.264,18,predictions_total,balanced,balanced:8002,balanced-service,Bellpepper__Rotten,balanced
1786676627.264,18,predictions_total,balanced,balanced:8002,balanced-service,Bellpepper__Rotten,balanced
1786676632.264,18,predictions_total,balanced,balanced:8002,balanced-service,Bellpepper__Rotten,balanced
1786676637.264,18,predictions_total,balanced,balanced:8002,balanced-service,Bellpepper__Rotten,balanced
1786676642.264,19,predictions_total,balanced,balanced:8002,balanced-service,Bellpepper__Rotten,balanced
1786676647.264,20,predictions_total,balanced,balanced:8002,balanced-service,Bellpepper__Rotten,balanced
1786676652.264,22,predictions_total,balanced,balanced:8002,balanced-service,Bellpepper__Rotten,balanced
1786676657.264,24,predictions_total,balanced,balanced:8002,balanced-service,Bellpepper__Rotten,balanced
1786676662.264,25,predictions_total,balanced,balanced:8002,balanced-service,Bellpepper__Rotten,balanced
1786676667.264,25,predictions_total,balanced,balanced:8002,balanced-service,Bellpepper__Rotten,balanced
1786676672.264,25,predictions_total,balanced,balanced:8002,balanced-service,Bellpepper__Rotten,balanced
1786676677.264,25,predictions_total,balanced,balanced:8002,balanced-service,Bellpepper__Rotten,balanced
1786676682.264,27,predictions_total,balanced,balanced:8002,balanced-service,Bellpepper__Rotten,balanced
1786676687.264,28,predictions_total,balanced,balanced:8002,balanced-service,Bellpepper__Rotten,balanced
1786676692.264,30,predictions_total,balanced,balanced:8002,balanced-service,Bellpepper__Rotten,balanced
1786676697.264,34,predictions_total,balanced,balanced:8002,balanced-service,Bellpepper__Rotten,balanced
1786676702.264,35,predictions_total,balanced,balanced:8002,balanced-service,Bellpepper__Rotten,balanced
1786676707.264,37,predictions_total,balanced,balanced:8002,balanced-service,Bellpepper__Rotten,balanced
1786676712.264,39,predictions_total,balanced,balanced:8002,balanced-service,Bellpepper__Rotten,balanced
1786676717.264,40,predictions_total,balanced,balanced:8002,balanced-service,Bellpepper__Rotten,balanced
1786676722.264,41,predictions_total,balanced,balanced:8002,balanced-service,Bellpepper__Rotten,balanced
1786676727.264,42,predictions_total,balanced,balanced:8002,balanced-service,Bellpepper__Rotten,balanced
1786676732.264,42,predictions_total,balanced,balanced:8002,balanced-service,Bellpepper__Rotten,balanced
1786676737.264,44,predictions_total,balanced,balanced:8002,balanced-service,Bellpepper__Rotten,balanced
1786676742.264,48,predictions_total,balanced,balanced:8002,balanced-service,Bellpepper__Rotten,balanced
1786676747.264,48,predictions_total,balanced,balanced:8002,balanced-service,Bellpepper__Rotten,balanced
1786676752.264,48,predictions_total,balanced,balanced:8002,balanced-service,Bellpepper__Rotten,balanced
1786676757.264,48,predictions_total,balanced,balanced:8002,balanced-service,Bellpepper__Rotten,balanced
1786676762.264,48,predictions_total,balanced,balanced:8002,balanced-service,Bellpepper__Rotten,balanced
1786676767.264,48,predictions_total,balanced,balanced:8002,balanced-service,Bellpepper__Rotten,balanced
1786676772.264,51,predictions_total,balanced,balanced:8002,balanced-service,Bellpepper__Rotten,balanced
1786676777.264,51,predictions_total,balanced,balanced:8002,balanced-service,Bellpepper__Rotten,balanced
1786676782.264,52,predictions_total,balanced,balanced:8002,balanced-service,Bellpepper__Rotten,balanced
1786676787.264,53,predictions_total,balanced,balanced:8002,balanced-service,Bellpepper__Rotten,balanced
1786676792.264,54,predictions_total,balanced,balanced:8002,balanced-service,Bellpepper__Rotten,balanced
1786676797.264,54,predictions_total,balanced,balanced:8002,balanced-service,Bellpepper__Rotten,balanced
1786676802.264,54,predictions_total,balanced,balanced:8002,balanced-service,Bellpepper__Rotten,balanced
1786676807.264,55,predictions_total,balanced,balanced:8002,balanced-service,Bellpepper__Rotten,balanced
1786676812.264,56,predictions_total,balanced,balanced:8002,balanced-service,Bellpepper__Rotten,balanced
1786676817.264,56,predictions_total,balanced,balanced:8002,balanced-service,Bellpepper__Rotten,balanced
1786676822.264,59,predictions_total,balanced,balanced:8002,balanced-service,Bellpepper__Rotten,balanced
1786676827.264,59,predictions_total,balanced,balanced:8002,balanced-service,Bellpepper__Rotten,balanced
1786676832.264,61,predictions_total,balanced,balanced:8002,balanced-service,Bellpepper__Rotten,balanced
1786676837.264,62,predictions_total,balanced,balanced:8002,balanced-service,Bellpepper__Rotten,balanced
1786676842.264,64,predictions_total,balanced,balanced:8002,balanced-service,Bellpepper__Rotten,balanced
1786676847.264,65,predictions_total,balanced,balanced:8002,balanced-service,Bellpepper__Rotten,balanced
1786676852.264,67,predictions_total,balanced,balanced:8002,balanced-service,Bellpepper__Rotten,balanced
1786676857.264,69,predictions_total,balanced,balanced:8002,balanced-service,Bellpepper__Rotten,balanced
1786676862.264,69,predictions_total,balanced,balanced:8002,balanced-service,Bellpepper__Rotten,balanced
1786676867.264,69,predictions_total,balanced,balanced:8002,balanced-service,Bellpepper__Rotten,balanced
1786676872.264,69,predictions_total,balanced,balanced:8002,balanced-service,Bellpepper__Rotten,balanced
1786676877.264,69,predictions_total,balanced,balanced:8002,balanced-service,Bellpepper__Rotten,balanced
1786676882.264,69,predictions_total,balanced,balanced:8002,balanced-service,Bellpepper__Rotten,balanced
1786676887.264,69,predictions_total,balanced,balanced:8002,balanced-service,Bellpepper__Rotten,balanced
1786676892.264,69,predictions_total,balanced,balanced:8002,balanced-service,Bellpepper__Rotten,balanced
1786676897.264,69,predictions_total,balanced,balanced:8002,balanced-service,Bellpepper__Rotten,balanced
1786676902.264,69,predictions_total,balanced,balanced:8002,balanced-service,Bellpepper__Rotten,balanced
1786676907.264,69,predictions_total,balanced,balanced:8002,balanced-service,Bellpepper__Rotten,balanced
1786676912.264,69,predictions_total,balanced,balanced:8002,balanced-service,Bellpepper__Rotten,balanced
1786676917.264,69,predictions_total,balanced,balanced:8002,balanced-service,Bellpepper__Rotten,balanced
1786676922.264,69,predictions_total,balanced,balanced:8002,balanced-service,Bellpepper__Rotten,balanced
1786676927.264,69,predictions_total,balanced,balanced:8002,balanced-service,Bellpepper__Rotten,balanced
1786676932.264,69,predictions_total,balanced,balanced:8002,balanced-service,Bellpepper__Rotten,balanced
1786676937.264,69,predictions_total,balanced,balanced:8002,balanced-service,Bellpepper__Rotten,balanced
1786676942.264,69,predictions_total,balanced,balanced:8002,balanced-service,Bellpepper__Rotten,balanced
1786676947.264,69,predictions_total,balanced,balanced:8002,balanced-service,Bellpepper__Rotten,balanced
1786676952.264,69,predictions_total,balanced,balanced:8002,balanced-service,Bellpepper__Rotten,balanced
1786676957.264,69,predictions_total,balanced,balanced:8002,balanced-service,Bellpepper__Rotten,balanced
1786676962.264,69,predictions_total,balanced,balanced:8002,balanced-service,Bellpepper__Rotten,balanced
1786676967.264,69,predictions_total,balanced,balanced:8002,balanced-service,Bellpepper__Rotten,balanced
1786676972.264,69,predictions_total,balanced,balanced:8002,balanced-service,Bellpepper__Rotten,balanced
1786676977.264,69,predictions_total,balanced,balanced:8002,balanced-service,Bellpepper__Rotten,balanced
1786676982.264,69,predictions_total,balanced,balanced:8002,balanced-service,Bellpepper__Rotten,balanced
1786676987.264,69,predictions_total,balanced,balanced:8002,balanced-service,Bellpepper__Rotten,balanced
1786676992.264,69,predictions_total,balanced,balanced:8002,balanced-service,Bellpepper__Rotten,balanced
1786676997.264,69,predictions_total,balanced,balanced:8002,balanced-service,Bellpepper__Rotten,balanced
1786677002.264,69,predictions_total,balanced,balanced:8002,balanced-service,Bellpepper__Rotten,balanced
1786677007.264,69,predictions_total,balanced,balanced:8002,balanced-service,Bellpepper__Rotten,balanced
1786677012.264,69,predictions_total,balanced,balanced:8002,balanced-service,Bellpepper__Rotten,balanced
1786677017.264,69,predictions_total,balanced,balanced:8002,balanced-service,Bellpepper__Rotten,balanced
1786677022.264,69,predictions_total,balanced,balanced:8002,balanced-service,Bellpepper__Rotten,balanced
1786677027.264,69,predictions_total,balanced,balanced:8002,balanced-service,Bellpepper__Rotten,balanced
1786677032.264,69,predictions_total,balanced,balanced:8002,balanced-service,Bellpepper__Rotten,balanced
1786677037.264,69,predictions_total,balanced,balanced:8002,balanced-service,Bellpepper__Rotten,balanced
1786677042.264,69,predictions_total,balanced,balanced:8002,balanced-service,Bellpepper__Rotten,balanced
1786677047.264,69,predictions_total,balanced,balanced:8002,balanced-service,Bellpepper__Rotten,balanced
1786677052.264,69,predictions_total,balanced,balanced:8002,balanced-service,Bellpepper__Rotten,balanced
1786677057.264,69,predictions_total,balanced,balanced:8002,balanced-service,Bellpepper__Rotten,balanced
1786677062.264,69,predictions_total,balanced,balanced:8002,balanced-service,Bellpepper__Rotten,balanced
1786677067.264,69,predictions_total,balanced,balanced:8002,balanced-service,Bellpepper__Rotten,balanced
1786677072.264,69,predictions_total,balanced,balanced:8002,balanced-service,Bellpepper__Rotten,balanced
1786677077.264,69,predictions_total,balanced,balanced:8002,balanced-service,Bellpepper__Rotten,balanced
1786677082.264,69,predictions_total,balanced,balanced:8002,balanced-service,Bellpepper__Rotten,balanced
1786677087.264,69,predictions_total,balanced,balanced:8002,balanced-service,Bellpepper__Rotten,balanced
1786677092.264,69,predictions_total,balanced,balanced:8002,balanced-service,Bellpepper__Rotten,balanced
1786677097.264,69,predictions_total,balanced,balanced:8002,balanced-service,Bellpepper__Rotten,balanced
1786677102.264,69,predictions_total,balanced,balanced:8002,balanced-service,Bellpepper__Rotten,balanced
1786677107.264,69,predictions_total,balanced,balanced:8002,balanced-service,Bellpepper__Rotten,balanced
1786677112.264,69,predictions_total,balanced,balanced:8002,balanced-service,Bellpepper__Rotten,balanced
1786677117.264,69,predictions_total,balanced,balanced:8002,balanced-service,Bellpepper__Rotten,balanced
1786677122.264,69,predictions_total,balanced,balanced:8002,balanced-service,Bellpepper__Rotten,balanced
1786677127.264,69,predictions_total,balanced,balanced:8002,balanced-service,Bellpepper__Rotten,balanced
1786677132.264,69,predictions_total,balanced,balanced:8002,balanced-service,Bellpepper__Rotten,balanced
1786677137.264,69,predictions_total,balanced,balanced:8002,balanced-service,Bellpepper__Rotten,balanced
1786677142.264,69,predictions_total,balanced,balanced:8002,balanced-service,Bellpepper__Rotten,balanced
1786677147.264,69,predictions_total,balanced,balanced:8002,balanced-service,Bellpepper__Rotten,balanced
1786677152.264,69,predictions_total,balanced,balanced:8002,balanced-service,Bellpepper__Rotten,balanced
1786677157.264,69,predictions_total,balanced,balanced:8002,balanced-service,Bellpepper__Rotten,balanced
1786677162.264,69,predictions_total,balanced,balanced:8002,balanced-service,Bellpepper__Rotten,balanced
1786677167.264,69,predictions_total,balanced,balanced:8002,balanced-service,Bellpepper__Rotten,balanced
1786677172.264,69,predictions_total,balanced,balanced:8002,balanced-service,Bellpepper__Rotten,balanced
1786677177.264,69,predictions_total,balanced,balanced:8002,balanced-service,Bellpepper__Rotten,balanced
1786677182.264,69,predictions_total,balanced,balanced:8002,balanced-service,Bellpepper__Rotten,balanced
1786677187.264,69,predictions_total,balanced,balanced:8002,balanced-service,Bellpepper__Rotten,balanced
1786677192.264,69,predictions_total,balanced,balanced:8002,balanced-service,Bellpepper__Rotten,balanced
1786677197.264,69,predictions_total,balanced,balanced:8002,balanced-service,Bellpepper__Rotten,balanced
1786677202.264,69,predictions_total,balanced,balanced:8002,balanced-service,Bellpepper__Rotten,balanced
1786677207.264,69,predictions_total,balanced,balanced:8002,balanced-service,Bellpepper__Rotten,balanced
1786677212.264,69,predictions_total,balanced,balanced:8002,balanced-service,Bellpepper__Rotten,balanced
1786677217.264,69,predictions_total,balanced,balanced:8002,balanced-service,Bellpepper__Rotten,balanced
1786677222.264,69,predictions_total,balanced,balanced:8002,balanced-service,Bellpepper__Rotten,balanced
1786677227.264,69,predictions_total,balanced,balanced:8002,balanced-service,Bellpepper__Rotten,balanced
1786677232.264,69,predictions_total,balanced,balanced:8002,balanced-service,Bellpepper__Rotten,balanced
1786677237.264,69,predictions_total,balanced,balanced:8002,balanced-service,Bellpepper__Rotten,balanced
1786677242.264,70,predictions_total,balanced,balanced:8002,balanced-service,Bellpepper__Rotten,balanced
1786677247.264,72,predictions_total,balanced,balanced:8002,balanced-service,Bellpepper__Rotten,balanced
1786677252.264,75,predictions_total,balanced,balanced:8002,balanced-service,Bellpepper__Rotten,balanced
1786677257.264,76,predictions_total,balanced,balanced:8002,balanced-service,Bellpepper__Rotten,balanced
1786677262.264,78,predictions_total,balanced,balanced:8002,balanced-service,Bellpepper__Rotten,balanced
1786677267.264,79,predictions_total,balanced,balanced:8002,balanced-service,Bellpepper__Rotten,balanced
1786677272.264,80,predictions_total,balanced,balanced:8002,balanced-service,Bellpepper__Rotten,balanced
1786677277.264,81,predictions_total,balanced,balanced:8002,balanced-service,Bellpepper__Rotten,balanced
1786677282.264,83,predictions_total,balanced,balanced:8002,balanced-service,Bellpepper__Rotten,balanced
1786677287.264,84,predictions_total,balanced,balanced:8002,balanced-service,Bellpepper__Rotten,balanced
1786677292.264,86,predictions_total,balanced,balanced:8002,balanced-service,Bellpepper__Rotten,balanced
1786677297.264,89,predictions_total,balanced,balanced:8002,balanced-service,Bellpepper__Rotten,balanced
1786677302.264,93,predictions_total,balanced,balanced:8002,balanced-service,Bellpepper__Rotten,balanced
1786677307.264,94,predictions_total,balanced,balanced:8002,balanced-service,Bellpepper__Rotten,balanced
1786677312.264,96,predictions_total,balanced,balanced:8002,balanced-service,Bellpepper__Rotten,balanced
1786677317.264,100,predictions_total,balanced,balanced:8002,balanced-service,Bellpepper__Rotten,balanced
1786677322.264,101,predictions_total,balanced,balanced:8002,balanced-service,Bellpepper__Rotten,balanced
1786677327.264,103,predictions_total,balanced,balanced:8002,balanced-service,Bellpepper__Rotten,balanced
1786677332.264,104,predictions_total,balanced,balanced:8002,balanced-service,Bellpepper__Rotten,balanced
1786677337.264,105,predictions_total,balanced,balanced:8002,balanced-service,Bellpepper__Rotten,balanced
1786677342.264,107,predictions_total,balanced,balanced:8002,balanced-service,Bellpepper__Rotten,balanced
1786677347.264,107,predictions_total,balanced,balanced:8002,balanced-service,Bellpepper__Rotten,balanced
1786677352.264,111,predictions_total,balanced,balanced:8002,balanced-service,Bellpepper__Rotten,balanced
1786677357.264,111,predictions_total,balanced,balanced:8002,balanced-service,Bellpepper__Rotten,balanced
1786677362.264,112,predictions_total,balanced,balanced:8002,balanced-service,Bellpepper__Rotten,balanced
1786677367.264,112,predictions_total,balanced,balanced:8002,balanced-service,Bellpepper__Rotten,balanced
1786677372.264,112,predictions_total,balanced,balanced:8002,balanced-service,Bellpepper__Rotten,balanced
1786677377.264,112,predictions_total,balanced,balanced:8002,balanced-service,Bellpepper__Rotten,balanced
1786677382.264,115,predictions_total,balanced,balanced:8002,balanced-service,Bellpepper__Rotten,balanced
1786677387.264,116,predictions_total,balanced,balanced:8002,balanced-service,Bellpepper__Rotten,balanced
1786677392.264,118,predictions_total,balanced,balanced:8002,balanced-service,Bellpepper__Rotten,balanced
1786677397.264,120,predictions_total,balanced,balanced:8002,balanced-service,Bellpepper__Rotten,balanced
1786677402.264,121,predictions_total,balanced,balanced:8002,balanced-service,Bellpepper__Rotten,balanced
1786677407.264,122,predictions_total,balanced,balanced:8002,balanced-service,Bellpepper__Rotten,balanced
1786677412.264,122,predictions_total,balanced,balanced:8002,balanced-service,Bellpepper__Rotten,balanced
1786677417.264,122,predictions_total,balanced,balanced:8002,balanced-service,Bellpepper__Rotten,balanced
1786677422.264,122,predictions_total,balanced,balanced:8002,balanced-service,Bellpepper__Rotten,balanced
1786677427.264,125,predictions_total,balanced,balanced:8002,balanced-service,Bellpepper__Rotten,balanced
1786677432.264,129,predictions_total,balanced,balanced:8002,balanced-service,Bellpepper__Rotten,balanced
1786677437.264,133,predictions_total,balanced,balanced:8002,balanced-service,Bellpepper__Rotten,balanced
1786677442.264,133,predictions_total,balanced,balanced:8002,balanced-service,Bellpepper__Rotten,balanced
1786677447.264,133,predictions_total,balanced,balanced:8002,balanced-service,Bellpepper__Rotten,balanced
1786676642.264,1,predictions_total,balanced,balanced:8002,balanced-service,Carrot__Healthy,balanced
1786676647.264,1,predictions_total,balanced,balanced:8002,balanced-service,Carrot__Healthy,balanced
1786676652.264,1,predictions_total,balanced,balanced:8002,balanced-service,Carrot__Healthy,balanced
1786676657.264,2,predictions_total,balanced,balanced:8002,balanced-service,Carrot__Healthy,balanced
1786676662.264,2,predictions_total,balanced,balanced:8002,balanced-service,Carrot__Healthy,balanced
1786676667.264,3,predictions_total,balanced,balanced:8002,balanced-service,Carrot__Healthy,balanced
1786676672.264,3,predictions_total,balanced,balanced:8002,balanced-service,Carrot__Healthy,balanced
1786676677.264,3,predictions_total,balanced,balanced:8002,balanced-service,Carrot__Healthy,balanced
1786676682.264,4,predictions_total,balanced,balanced:8002,balanced-service,Carrot__Healthy,balanced
1786676687.264,4,predictions_total,balanced,balanced:8002,balanced-service,Carrot__Healthy,balanced
1786676692.264,5,predictions_total,balanced,balanced:8002,balanced-service,Carrot__Healthy,balanced
1786676697.264,5,predictions_total,balanced,balanced:8002,balanced-service,Carrot__Healthy,balanced
1786676702.264,5,predictions_total,balanced,balanced:8002,balanced-service,Carrot__Healthy,balanced
1786676707.264,6,predictions_total,balanced,balanced:8002,balanced-service,Carrot__Healthy,balanced
1786676712.264,7,predictions_total,balanced,balanced:8002,balanced-service,Carrot__Healthy,balanced
1786676717.264,7,predictions_total,balanced,balanced:8002,balanced-service,Carrot__Healthy,balanced
1786676722.264,7,predictions_total,balanced,balanced:8002,balanced-service,Carrot__Healthy,balanced
1786676727.264,7,predictions_total,balanced,balanced:8002,balanced-service,Carrot__Healthy,balanced
1786676732.264,7,predictions_total,balanced,balanced:8002,balanced-service,Carrot__Healthy,balanced
1786676737.264,7,predictions_total,balanced,balanced:8002,balanced-service,Carrot__Healthy,balanced
1786676742.264,7,predictions_total,balanced,balanced:8002,balanced-service,Carrot__Healthy,balanced
1786676747.264,7,predictions_total,balanced,balanced:8002,balanced-service,Carrot__Healthy,balanced
1786676752.264,7,predictions_total,balanced,balanced:8002,balanced-service,Carrot__Healthy,balanced
1786676757.264,7,predictions_total,balanced,balanced:8002,balanced-service,Carrot__Healthy,balanced
1786676762.264,7,predictions_total,balanced,balanced:8002,balanced-service,Carrot__Healthy,balanced
1786676767.264,7,predictions_total,balanced,balanced:8002,balanced-service,Carrot__Healthy,balanced
1786676772.264,7,predictions_total,balanced,balanced:8002,balanced-service,Carrot__Healthy,balanced
1786676777.264,7,predictions_total,balanced,balanced:8002,balanced-service,Carrot__Healthy,balanced
1786676782.264,7,predictions_total,balanced,balanced:8002,balanced-service,Carrot__Healthy,balanced
1786676787.264,7,predictions_total,balanced,balanced:8002,balanced-service,Carrot__Healthy,balanced
1786676792.264,7,predictions_total,balanced,balanced:8002,balanced-service,Carrot__Healthy,balanced
1786676797.264,7,predictions_total,balanced,balanced:8002,balanced-service,Carrot__Healthy,balanced
1786676802.264,7,predictions_total,balanced,balanced:8002,balanced-service,Carrot__Healthy,balanced
1786676807.264,7,predictions_total,balanced,balanced:8002,balanced-service,Carrot__Healthy,balanced
1786676812.264,7,predictions_total,balanced,balanced:8002,balanced-service,Carrot__Healthy,balanced
1786676817.264,7,predictions_total,balanced,balanced:8002,balanced-service,Carrot__Healthy,balanced
1786676822.264,7,predictions_total,balanced,balanced:8002,balanced-service,Carrot__Healthy,balanced
1786676827.264,7,predictions_total,balanced,balanced:8002,balanced-service,Carrot__Healthy,balanced
1786676832.264,7,predictions_total,balanced,balanced:8002,balanced-service,Carrot__Healthy,balanced
1786676837.264,7,predictions_total,balanced,balanced:8002,balanced-service,Carrot__Healthy,balanced
1786676842.264,7,predictions_total,balanced,balanced:8002,balanced-service,Carrot__Healthy,balanced
1786676847.264,7,predictions_total,balanced,balanced:8002,balanced-service,Carrot__Healthy,balanced
1786676852.264,7,predictions_total,balanced,balanced:8002,balanced-service,Carrot__Healthy,balanced
1786676857.264,7,predictions_total,balanced,balanced:8002,balanced-service,Carrot__Healthy,balanced
1786676862.264,7,predictions_total,balanced,balanced:8002,balanced-service,Carrot__Healthy,balanced
1786676867.264,7,predictions_total,balanced,balanced:8002,balanced-service,Carrot__Healthy,balanced
1786676872.264,7,predictions_total,balanced,balanced:8002,balanced-service,Carrot__Healthy,balanced
1786676877.264,7,predictions_total,balanced,balanced:8002,balanced-service,Carrot__Healthy,balanced
1786676882.264,7,predictions_total,balanced,balanced:8002,balanced-service,Carrot__Healthy,balanced
1786676887.264,7,predictions_total,balanced,balanced:8002,balanced-service,Carrot__Healthy,balanced
1786676892.264,7,predictions_total,balanced,balanced:8002,balanced-service,Carrot__Healthy,balanced
1786676897.264,7,predictions_total,balanced,balanced:8002,balanced-service,Carrot__Healthy,balanced
1786676902.264,7,predictions_total,balanced,balanced:8002,balanced-service,Carrot__Healthy,balanced
1786676907.264,7,predictions_total,balanced,balanced:8002,balanced-service,Carrot__Healthy,balanced
1786676912.264,7,predictions_total,balanced,balanced:8002,balanced-service,Carrot__Healthy,balanced
1786676917.264,7,predictions_total,balanced,balanced:8002,balanced-service,Carrot__Healthy,balanced
1786676922.264,7,predictions_total,balanced,balanced:8002,balanced-service,Carrot__Healthy,balanced
1786676927.264,7,predictions_total,balanced,balanced:8002,balanced-service,Carrot__Healthy,balanced
1786676932.264,7,predictions_total,balanced,balanced:8002,balanced-service,Carrot__Healthy,balanced
1786676937.264,7,predictions_total,balanced,balanced:8002,balanced-service,Carrot__Healthy,balanced
1786676942.264,7,predictions_total,balanced,balanced:8002,balanced-service,Carrot__Healthy,balanced
1786676947.264,7,predictions_total,balanced,balanced:8002,balanced-service,Carrot__Healthy,balanced
1786676952.264,7,predictions_total,balanced,balanced:8002,balanced-service,Carrot__Healthy,balanced
1786676957.264,7,predictions_total,balanced,balanced:8002,balanced-service,Carrot__Healthy,balanced
1786676962.264,7,predictions_total,balanced,balanced:8002,balanced-service,Carrot__Healthy,balanced
1786676967.264,7,predictions_total,balanced,balanced:8002,balanced-service,Carrot__Healthy,balanced
1786676972.264,7,predictions_total,balanced,balanced:8002,balanced-service,Carrot__Healthy,balanced
1786676977.264,7,predictions_total,balanced,balanced:8002,balanced-service,Carrot__Healthy,balanced
1786676982.264,7,predictions_total,balanced,balanced:8002,balanced-service,Carrot__Healthy,balanced
1786676987.264,7,predictions_total,balanced,balanced:8002,balanced-service,Carrot__Healthy,balanced
1786676992.264,7,predictions_total,balanced,balanced:8002,balanced-service,Carrot__Healthy,balanced
1786676997.264,7,predictions_total,balanced,balanced:8002,balanced-service,Carrot__Healthy,balanced
1786677002.264,7,predictions_total,balanced,balanced:8002,balanced-service,Carrot__Healthy,balanced
1786677007.264,7,predictions_total,balanced,balanced:8002,balanced-service,Carrot__Healthy,balanced
1786677012.264,7,predictions_total,balanced,balanced:8002,balanced-service,Carrot__Healthy,balanced
1786677017.264,7,predictions_total,balanced,balanced:8002,balanced-service,Carrot__Healthy,balanced
1786677022.264,7,predictions_total,balanced,balanced:8002,balanced-service,Carrot__Healthy,balanced
1786677027.264,7,predictions_total,balanced,balanced:8002,balanced-service,Carrot__Healthy,balanced
1786677032.264,7,predictions_total,balanced,balanced:8002,balanced-service,Carrot__Healthy,balanced
1786677037.264,7,predictions_total,balanced,balanced:8002,balanced-service,Carrot__Healthy,balanced
1786677042.264,7,predictions_total,balanced,balanced:8002,balanced-service,Carrot__Healthy,balanced
1786677047.264,7,predictions_total,balanced,balanced:8002,balanced-service,Carrot__Healthy,balanced
1786677052.264,7,predictions_total,balanced,balanced:8002,balanced-service,Carrot__Healthy,balanced
1786677057.264,7,predictions_total,balanced,balanced:8002,balanced-service,Carrot__Healthy,balanced
1786677062.264,7,predictions_total,balanced,balanced:8002,balanced-service,Carrot__Healthy,balanced
1786677067.264,7,predictions_total,balanced,balanced:8002,balanced-service,Carrot__Healthy,balanced
1786677072.264,7,predictions_total,balanced,balanced:8002,balanced-service,Carrot__Healthy,balanced
1786677077.264,7,predictions_total,balanced,balanced:8002,balanced-service,Carrot__Healthy,balanced
1786677082.264,7,predictions_total,balanced,balanced:8002,balanced-service,Carrot__Healthy,balanced
1786677087.264,7,predictions_total,balanced,balanced:8002,balanced-service,Carrot__Healthy,balanced
1786677092.264,7,predictions_total,balanced,balanced:8002,balanced-service,Carrot__Healthy,balanced
1786677097.264,7,predictions_total,balanced,balanced:8002,balanced-service,Carrot__Healthy,balanced
1786677102.264,7,predictions_total,balanced,balanced:8002,balanced-service,Carrot__Healthy,balanced
1786677107.264,7,predictions_total,balanced,balanced:8002,balanced-service,Carrot__Healthy,balanced
1786677112.264,7,predictions_total,balanced,balanced:8002,balanced-service,Carrot__Healthy,balanced
1786677117.264,7,predictions_total,balanced,balanced:8002,balanced-service,Carrot__Healthy,balanced
1786677122.264,7,predictions_total,balanced,balanced:8002,balanced-service,Carrot__Healthy,balanced
1786677127.264,7,predictions_total,balanced,balanced:8002,balanced-service,Carrot__Healthy,balanced
1786677132.264,7,predictions_total,balanced,balanced:8002,balanced-service,Carrot__Healthy,balanced
1786677137.264,7,predictions_total,balanced,balanced:8002,balanced-service,Carrot__Healthy,balanced
1786677142.264,7,predictions_total,balanced,balanced:8002,balanced-service,Carrot__Healthy,balanced
1786677147.264,7,predictions_total,balanced,balanced:8002,balanced-service,Carrot__Healthy,balanced
1786677152.264,7,predictions_total,balanced,balanced:8002,balanced-service,Carrot__Healthy,balanced
1786677157.264,7,predictions_total,balanced,balanced:8002,balanced-service,Carrot__Healthy,balanced
1786677162.264,7,predictions_total,balanced,balanced:8002,balanced-service,Carrot__Healthy,balanced
1786677167.264,7,predictions_total,balanced,balanced:8002,balanced-service,Carrot__Healthy,balanced
1786677172.264,7,predictions_total,balanced,balanced:8002,balanced-service,Carrot__Healthy,balanced
1786677177.264,7,predictions_total,balanced,balanced:8002,balanced-service,Carrot__Healthy,balanced
1786677182.264,7,predictions_total,balanced,balanced:8002,balanced-service,Carrot__Healthy,balanced
1786677187.264,7,predictions_total,balanced,balanced:8002,balanced-service,Carrot__Healthy,balanced
1786677192.264,7,predictions_total,balanced,balanced:8002,balanced-service,Carrot__Healthy,balanced
1786677197.264,7,predictions_total,balanced,balanced:8002,balanced-service,Carrot__Healthy,balanced
1786677202.264,7,predictions_total,balanced,balanced:8002,balanced-service,Carrot__Healthy,balanced
1786677207.264,7,predictions_total,balanced,balanced:8002,balanced-service,Carrot__Healthy,balanced
1786677212.264,7,predictions_total,balanced,balanced:8002,balanced-service,Carrot__Healthy,balanced
1786677217.264,7,predictions_total,balanced,balanced:8002,balanced-service,Carrot__Healthy,balanced
1786677222.264,7,predictions_total,balanced,balanced:8002,balanced-service,Carrot__Healthy,balanced
1786677227.264,7,predictions_total,balanced,balanced:8002,balanced-service,Carrot__Healthy,balanced
1786677232.264,7,predictions_total,balanced,balanced:8002,balanced-service,Carrot__Healthy,balanced
1786677237.264,8,predictions_total,balanced,balanced:8002,balanced-service,Carrot__Healthy,balanced
1786677242.264,8,predictions_total,balanced,balanced:8002,balanced-service,Carrot__Healthy,balanced
1786677247.264,8,predictions_total,balanced,balanced:8002,balanced-service,Carrot__Healthy,balanced
1786677252.264,8,predictions_total,balanced,balanced:8002,balanced-service,Carrot__Healthy,balanced
1786677257.264,8,predictions_total,balanced,balanced:8002,balanced-service,Carrot__Healthy,balanced
1786677262.264,9,predictions_total,balanced,balanced:8002,balanced-service,Carrot__Healthy,balanced
1786677267.264,9,predictions_total,balanced,balanced:8002,balanced-service,Carrot__Healthy,balanced
1786677272.264,10,predictions_total,balanced,balanced:8002,balanced-service,Carrot__Healthy,balanced
1786677277.264,10,predictions_total,balanced,balanced:8002,balanced-service,Carrot__Healthy,balanced
1786677282.264,10,predictions_total,balanced,balanced:8002,balanced-service,Carrot__Healthy,balanced
1786677287.264,10,predictions_total,balanced,balanced:8002,balanced-service,Carrot__Healthy,balanced
1786677292.264,10,predictions_total,balanced,balanced:8002,balanced-service,Carrot__Healthy,balanced
1786677297.264,10,predictions_total,balanced,balanced:8002,balanced-service,Carrot__Healthy,balanced
1786677302.264,12,predictions_total,balanced,balanced:8002,balanced-service,Carrot__Healthy,balanced
1786677307.264,12,predictions_total,balanced,balanced:8002,balanced-service,Carrot__Healthy,balanced
1786677312.264,12,predictions_total,balanced,balanced:8002,balanced-service,Carrot__Healthy,balanced
1786677317.264,12,predictions_total,balanced,balanced:8002,balanced-service,Carrot__Healthy,balanced
1786677322.264,12,predictions_total,balanced,balanced:8002,balanced-service,Carrot__Healthy,balanced
1786677327.264,12,predictions_total,balanced,balanced:8002,balanced-service,Carrot__Healthy,balanced
1786677332.264,12,predictions_total,balanced,balanced:8002,balanced-service,Carrot__Healthy,balanced
1786677337.264,12,predictions_total,balanced,balanced:8002,balanced-service,Carrot__Healthy,balanced
1786677342.264,12,predictions_total,balanced,balanced:8002,balanced-service,Carrot__Healthy,balanced
1786677347.264,12,predictions_total,balanced,balanced:8002,balanced-service,Carrot__Healthy,balanced
1786677352.264,12,predictions_total,balanced,balanced:8002,balanced-service,Carrot__Healthy,balanced
1786677357.264,12,predictions_total,balanced,balanced:8002,balanced-service,Carrot__Healthy,balanced
1786677362.264,12,predictions_total,balanced,balanced:8002,balanced-service,Carrot__Healthy,balanced
1786677367.264,12,predictions_total,balanced,balanced:8002,balanced-service,Carrot__Healthy,balanced
1786677372.264,12,predictions_total,balanced,balanced:8002,balanced-service,Carrot__Healthy,balanced
1786677377.264,12,predictions_total,balanced,balanced:8002,balanced-service,Carrot__Healthy,balanced
1786677382.264,12,predictions_total,balanced,balanced:8002,balanced-service,Carrot__Healthy,balanced
1786677387.264,12,predictions_total,balanced,balanced:8002,balanced-service,Carrot__Healthy,balanced
1786677392.264,12,predictions_total,balanced,balanced:8002,balanced-service,Carrot__Healthy,balanced
1786677397.264,12,predictions_total,balanced,balanced:8002,balanced-service,Carrot__Healthy,balanced
1786677402.264,12,predictions_total,balanced,balanced:8002,balanced-service,Carrot__Healthy,balanced
1786677407.264,12,predictions_total,balanced,balanced:8002,balanced-service,Carrot__Healthy,balanced
1786677412.264,12,predictions_total,balanced,balanced:8002,balanced-service,Carrot__Healthy,balanced
1786677417.264,12,predictions_total,balanced,balanced:8002,balanced-service,Carrot__Healthy,balanced
1786677422.264,12,predictions_total,balanced,balanced:8002,balanced-service,Carrot__Healthy,balanced
1786677427.264,12,predictions_total,balanced,balanced:8002,balanced-service,Carrot__Healthy,balanced
1786677432.264,12,predictions_total,balanced,balanced:8002,balanced-service,Carrot__Healthy,balanced
1786677437.264,12,predictions_total,balanced,balanced:8002,balanced-service,Carrot__Healthy,balanced
1786677442.264,12,predictions_total,balanced,balanced:8002,balanced-service,Carrot__Healthy,balanced
1786677447.264,12,predictions_total,balanced,balanced:8002,balanced-service,Carrot__Healthy,balanced
1786676662.264,1,predictions_total,balanced,balanced:8002,balanced-service,Carrot__Rotten,balanced
1786676667.264,2,predictions_total,balanced,balanced:8002,balanced-service,Carrot__Rotten,balanced
1786676672.264,2,predictions_total,balanced,balanced:8002,balanced-service,Carrot__Rotten,balanced
1786676677.264,2,predictions_total,balanced,balanced:8002,balanced-service,Carrot__Rotten,balanced
1786676682.264,2,predictions_total,balanced,balanced:8002,balanced-service,Carrot__Rotten,balanced
1786676687.264,2,predictions_total,balanced,balanced:8002,balanced-service,Carrot__Rotten,balanced
1786676692.264,2,predictions_total,balanced,balanced:8002,balanced-service,Carrot__Rotten,balanced
1786676697.264,2,predictions_total,balanced,balanced:8002,balanced-service,Carrot__Rotten,balanced
1786676702.264,2,predictions_total,balanced,balanced:8002,balanced-service,Carrot__Rotten,balanced
1786676707.264,3,predictions_total,balanced,balanced:8002,balanced-service,Carrot__Rotten,balanced
1786676712.264,3,predictions_total,balanced,balanced:8002,balanced-service,Carrot__Rotten,balanced
1786676717.264,3,predictions_total,balanced,balanced:8002,balanced-service,Carrot__Rotten,balanced
1786676722.264,4,predictions_total,balanced,balanced:8002,balanced-service,Carrot__Rotten,balanced
1786676727.264,4,predictions_total,balanced,balanced:8002,balanced-service,Carrot__Rotten,balanced
1786676732.264,4,predictions_total,balanced,balanced:8002,balanced-service,Carrot__Rotten,balanced
1786676737.264,4,predictions_total,balanced,balanced:8002,balanced-service,Carrot__Rotten,balanced
1786676742.264,4,predictions_total,balanced,balanced:8002,balanced-service,Carrot__Rotten,balanced
1786676747.264,4,predictions_total,balanced,balanced:8002,balanced-service,Carrot__Rotten,balanced
1786676752.264,4,predictions_total,balanced,balanced:8002,balanced-service,Carrot__Rotten,balanced
1786676757.264,4,predictions_total,balanced,balanced:8002,balanced-service,Carrot__Rotten,balanced
1786676762.264,4,predictions_total,balanced,balanced:8002,balanced-service,Carrot__Rotten,balanced
1786676767.264,4,predictions_total,balanced,balanced:8002,balanced-service,Carrot__Rotten,balanced
1786676772.264,4,predictions_total,balanced,balanced:8002,balanced-service,Carrot__Rotten,balanced
1786676777.264,4,predictions_total,balanced,balanced:8002,balanced-service,Carrot__Rotten,balanced
1786676782.264,4,predictions_total,balanced,balanced:8002,balanced-service,Carrot__Rotten,balanced
1786676787.264,4,predictions_total,balanced,balanced:8002,balanced-service,Carrot__Rotten,balanced
1786676792.264,4,predictions_total,balanced,balanced:8002,balanced-service,Carrot__Rotten,balanced
1786676797.264,4,predictions_total,balanced,balanced:8002,balanced-service,Carrot__Rotten,balanced
1786676802.264,4,predictions_total,balanced,balanced:8002,balanced-service,Carrot__Rotten,balanced
1786676807.264,4,predictions_total,balanced,balanced:8002,balanced-service,Carrot__Rotten,balanced
1786676812.264,4,predictions_total,balanced,balanced:8002,balanced-service,Carrot__Rotten,balanced
1786676817.264,4,predictions_total,balanced,balanced:8002,balanced-service,Carrot__Rotten,balanced
1786676822.264,4,predictions_total,balanced,balanced:8002,balanced-service,Carrot__Rotten,balanced
1786676827.264,4,predictions_total,balanced,balanced:8002,balanced-service,Carrot__Rotten,balanced
1786676832.264,4,predictions_total,balanced,balanced:8002,balanced-service,Carrot__Rotten,balanced
1786676837.264,4,predictions_total,balanced,balanced:8002,balanced-service,Carrot__Rotten,balanced
1786676842.264,4,predictions_total,balanced,balanced:8002,balanced-service,Carrot__Rotten,balanced
1786676847.264,4,predictions_total,balanced,balanced:8002,balanced-service,Carrot__Rotten,balanced
1786676852.264,4,predictions_total,balanced,balanced:8002,balanced-service,Carrot__Rotten,balanced
1786676857.264,4,predictions_total,balanced,balanced:8002,balanced-service,Carrot__Rotten,balanced
1786676862.264,4,predictions_total,balanced,balanced:8002,balanced-service,Carrot__Rotten,balanced
1786676867.264,4,predictions_total,balanced,balanced:8002,balanced-service,Carrot__Rotten,balanced
1786676872.264,4,predictions_total,balanced,balanced:8002,balanced-service,Carrot__Rotten,balanced
1786676877.264,4,predictions_total,balanced,balanced:8002,balanced-service,Carrot__Rotten,balanced
1786676882.264,4,predictions_total,balanced,balanced:8002,balanced-service,Carrot__Rotten,balanced
1786676887.264,4,predictions_total,balanced,balanced:8002,balanced-service,Carrot__Rotten,balanced
1786676892.264,4,predictions_total,balanced,balanced:8002,balanced-service,Carrot__Rotten,balanced
1786676897.264,4,predictions_total,balanced,balanced:8002,balanced-service,Carrot__Rotten,balanced
1786676902.264,4,predictions_total,balanced,balanced:8002,balanced-service,Carrot__Rotten,balanced
1786676907.264,4,predictions_total,balanced,balanced:8002,balanced-service,Carrot__Rotten,balanced
1786676912.264,4,predictions_total,balanced,balanced:8002,balanced-service,Carrot__Rotten,balanced
1786676917.264,4,predictions_total,balanced,balanced:8002,balanced-service,Carrot__Rotten,balanced
1786676922.264,4,predictions_total,balanced,balanced:8002,balanced-service,Carrot__Rotten,balanced
1786676927.264,4,predictions_total,balanced,balanced:8002,balanced-service,Carrot__Rotten,balanced
1786676932.264,4,predictions_total,balanced,balanced:8002,balanced-service,Carrot__Rotten,balanced
1786676937.264,4,predictions_total,balanced,balanced:8002,balanced-service,Carrot__Rotten,balanced
1786676942.264,4,predictions_total,balanced,balanced:8002,balanced-service,Carrot__Rotten,balanced
1786676947.264,4,predictions_total,balanced,balanced:8002,balanced-service,Carrot__Rotten,balanced
1786676952.264,4,predictions_total,balanced,balanced:8002,balanced-service,Carrot__Rotten,balanced
1786676957.264,4,predictions_total,balanced,balanced:8002,balanced-service,Carrot__Rotten,balanced
1786676962.264,4,predictions_total,balanced,balanced:8002,balanced-service,Carrot__Rotten,balanced
1786676967.264,4,predictions_total,balanced,balanced:8002,balanced-service,Carrot__Rotten,balanced
1786676972.264,4,predictions_total,balanced,balanced:8002,balanced-service,Carrot__Rotten,balanced
1786676977.264,4,predictions_total,balanced,balanced:8002,balanced-service,Carrot__Rotten,balanced
1786676982.264,4,predictions_total,balanced,balanced:8002,balanced-service,Carrot__Rotten,balanced
1786676987.264,4,predictions_total,balanced,balanced:8002,balanced-service,Carrot__Rotten,balanced
1786676992.264,4,predictions_total,balanced,balanced:8002,balanced-service,Carrot__Rotten,balanced
1786676997.264,4,predictions_total,balanced,balanced:8002,balanced-service,Carrot__Rotten,balanced
1786677002.264,4,predictions_total,balanced,balanced:8002,balanced-service,Carrot__Rotten,balanced
1786677007.264,4,predictions_total,balanced,balanced:8002,balanced-service,Carrot__Rotten,balanced
1786677012.264,4,predictions_total,balanced,balanced:8002,balanced-service,Carrot__Rotten,balanced
1786677017.264,4,predictions_total,balanced,balanced:8002,balanced-service,Carrot__Rotten,balanced
1786677022.264,4,predictions_total,balanced,balanced:8002,balanced-service,Carrot__Rotten,balanced
1786677027.264,4,predictions_total,balanced,balanced:8002,balanced-service,Carrot__Rotten,balanced
1786677032.264,4,predictions_total,balanced,balanced:8002,balanced-service,Carrot__Rotten,balanced
1786677037.264,4,predictions_total,balanced,balanced:8002,balanced-service,Carrot__Rotten,balanced
1786677042.264,4,predictions_total,balanced,balanced:8002,balanced-service,Carrot__Rotten,balanced
1786677047.264,4,predictions_total,balanced,balanced:8002,balanced-service,Carrot__Rotten,balanced
1786677052.264,4,predictions_total,balanced,balanced:8002,balanced-service,Carrot__Rotten,balanced
1786677057.264,4,predictions_total,balanced,balanced:8002,balanced-service,Carrot__Rotten,balanced
1786677062.264,4,predictions_total,balanced,balanced:8002,balanced-service,Carrot__Rotten,balanced
1786677067.264,4,predictions_total,balanced,balanced:8002,balanced-service,Carrot__Rotten,balanced
1786677072.264,4,predictions_total,balanced,balanced:8002,balanced-service,Carrot__Rotten,balanced
1786677077.264,4,predictions_total,balanced,balanced:8002,balanced-service,Carrot__Rotten,balanced
1786677082.264,4,predictions_total,balanced,balanced:8002,balanced-service,Carrot__Rotten,balanced
1786677087.264,4,predictions_total,balanced,balanced:8002,balanced-service,Carrot__Rotten,balanced
1786677092.264,4,predictions_total,balanced,balanced:8002,balanced-service,Carrot__Rotten,balanced
1786677097.264,4,predictions_total,balanced,balanced:8002,balanced-service,Carrot__Rotten,balanced
1786677102.264,4,predictions_total,balanced,balanced:8002,balanced-service,Carrot__Rotten,balanced
1786677107.264,4,predictions_total,balanced,balanced:8002,balanced-service,Carrot__Rotten,balanced
1786677112.264,4,predictions_total,balanced,balanced:8002,balanced-service,Carrot__Rotten,balanced
1786677117.264,4,predictions_total,balanced,balanced:8002,balanced-service,Carrot__Rotten,balanced
1786677122.264,4,predictions_total,balanced,balanced:8002,balanced-service,Carrot__Rotten,balanced
1786677127.264,4,predictions_total,balanced,balanced:8002,balanced-service,Carrot__Rotten,balanced
1786677132.264,4,predictions_total,balanced,balanced:8002,balanced-service,Carrot__Rotten,balanced
1786677137.264,4,predictions_total,balanced,balanced:8002,balanced-service,Carrot__Rotten,balanced
1786677142.264,4,predictions_total,balanced,balanced:8002,balanced-service,Carrot__Rotten,balanced
1786677147.264,4,predictions_total,balanced,balanced:8002,balanced-service,Carrot__Rotten,balanced
1786677152.264,4,predictions_total,balanced,balanced:8002,balanced-service,Carrot__Rotten,balanced
1786677157.264,4,predictions_total,balanced,balanced:8002,balanced-service,Carrot__Rotten,balanced
1786677162.264,4,predictions_total,balanced,balanced:8002,balanced-service,Carrot__Rotten,balanced
1786677167.264,4,predictions_total,balanced,balanced:8002,balanced-service,Carrot__Rotten,balanced
1786677172.264,4,predictions_total,balanced,balanced:8002,balanced-service,Carrot__Rotten,balanced
1786677177.264,4,predictions_total,balanced,balanced:8002,balanced-service,Carrot__Rotten,balanced
1786677182.264,4,predictions_total,balanced,balanced:8002,balanced-service,Carrot__Rotten,balanced
1786677187.264,4,predictions_total,balanced,balanced:8002,balanced-service,Carrot__Rotten,balanced
1786677192.264,4,predictions_total,balanced,balanced:8002,balanced-service,Carrot__Rotten,balanced
1786677197.264,4,predictions_total,balanced,balanced:8002,balanced-service,Carrot__Rotten,balanced
1786677202.264,4,predictions_total,balanced,balanced:8002,balanced-service,Carrot__Rotten,balanced
1786677207.264,4,predictions_total,balanced,balanced:8002,balanced-service,Carrot__Rotten,balanced
1786677212.264,4,predictions_total,balanced,balanced:8002,balanced-service,Carrot__Rotten,balanced
1786677217.264,4,predictions_total,balanced,balanced:8002,balanced-service,Carrot__Rotten,balanced
1786677222.264,4,predictions_total,balanced,balanced:8002,balanced-service,Carrot__Rotten,balanced
1786677227.264,4,predictions_total,balanced,balanced:8002,balanced-service,Carrot__Rotten,balanced
1786677232.264,4,predictions_total,balanced,balanced:8002,balanced-service,Carrot__Rotten,balanced
1786677237.264,4,predictions_total,balanced,balanced:8002,balanced-service,Carrot__Rotten,balanced
1786677242.264,4,predictions_total,balanced,balanced:8002,balanced-service,Carrot__Rotten,balanced
1786677247.264,4,predictions_total,balanced,balanced:8002,balanced-service,Carrot__Rotten,balanced
1786677252.264,4,predictions_total,balanced,balanced:8002,balanced-service,Carrot__Rotten,balanced
1786677257.264,5,predictions_total,balanced,balanced:8002,balanced-service,Carrot__Rotten,balanced
1786677262.264,5,predictions_total,balanced,balanced:8002,balanced-service,Carrot__Rotten,balanced
1786677267.264,5,predictions_total,balanced,balanced:8002,balanced-service,Carrot__Rotten,balanced
1786677272.264,5,predictions_total,balanced,balanced:8002,balanced-service,Carrot__Rotten,balanced
1786677277.264,5,predictions_total,balanced,balanced:8002,balanced-service,Carrot__Rotten,balanced
1786677282.264,7,predictions_total,balanced,balanced:8002,balanced-service,Carrot__Rotten,balanced
1786677287.264,7,predictions_total,balanced,balanced:8002,balanced-service,Carrot__Rotten,balanced
1786677292.264,7,predictions_total,balanced,balanced:8002,balanced-service,Carrot__Rotten,balanced
1786677297.264,7,predictions_total,balanced,balanced:8002,balanced-service,Carrot__Rotten,balanced
1786677302.264,7,predictions_total,balanced,balanced:8002,balanced-service,Carrot__Rotten,balanced
1786677307.264,7,predictions_total,balanced,balanced:8002,balanced-service,Carrot__Rotten,balanced
1786677312.264,7,predictions_total,balanced,balanced:8002,balanced-service,Carrot__Rotten,balanced
1786677317.264,7,predictions_total,balanced,balanced:8002,balanced-service,Carrot__Rotten,balanced
1786677322.264,7,predictions_total,balanced,balanced:8002,balanced-service,Carrot__Rotten,balanced
1786677327.264,8,predictions_total,balanced,balanced:8002,balanced-service,Carrot__Rotten,balanced
1786677332.264,8,predictions_total,balanced,balanced:8002,balanced-service,Carrot__Rotten,balanced
1786677337.264,8,predictions_total,balanced,balanced:8002,balanced-service,Carrot__Rotten,balanced
1786677342.264,8,predictions_total,balanced,balanced:8002,balanced-service,Carrot__Rotten,balanced
1786677347.264,8,predictions_total,balanced,balanced:8002,balanced-service,Carrot__Rotten,balanced
1786677352.264,8,predictions_total,balanced,balanced:8002,balanced-service,Carrot__Rotten,balanced
1786677357.264,8,predictions_total,balanced,balanced:8002,balanced-service,Carrot__Rotten,balanced
1786677362.264,8,predictions_total,balanced,balanced:8002,balanced-service,Carrot__Rotten,balanced
1786677367.264,8,predictions_total,balanced,balanced:8002,balanced-service,Carrot__Rotten,balanced
1786677372.264,8,predictions_total,balanced,balanced:8002,balanced-service,Carrot__Rotten,balanced
1786677377.264,8,predictions_total,balanced,balanced:8002,balanced-service,Carrot__Rotten,balanced
1786677382.264,8,predictions_total,balanced,balanced:8002,balanced-service,Carrot__Rotten,balanced
1786677387.264,8,predictions_total,balanced,balanced:8002,balanced-service,Carrot__Rotten,balanced
1786677392.264,8,predictions_total,balanced,balanced:8002,balanced-service,Carrot__Rotten,balanced
1786677397.264,8,predictions_total,balanced,balanced:8002,balanced-service,Carrot__Rotten,balanced
1786677402.264,8,predictions_total,balanced,balanced:8002,balanced-service,Carrot__Rotten,balanced
1786677407.264,8,predictions_total,balanced,balanced:8002,balanced-service,Carrot__Rotten,balanced
1786677412.264,8,predictions_total,balanced,balanced:8002,balanced-service,Carrot__Rotten,balanced
1786677417.264,8,predictions_total,balanced,balanced:8002,balanced-service,Carrot__Rotten,balanced
1786677422.264,8,predictions_total,balanced,balanced:8002,balanced-service,Carrot__Rotten,balanced
1786677427.264,8,predictions_total,balanced,balanced:8002,balanced-service,Carrot__Rotten,balanced
1786677432.264,8,predictions_total,balanced,balanced:8002,balanced-service,Carrot__Rotten,balanced
1786677437.264,8,predictions_total,balanced,balanced:8002,balanced-service,Carrot__Rotten,balanced
1786677442.264,8,predictions_total,balanced,balanced:8002,balanced-service,Carrot__Rotten,balanced
1786677447.264,8,predictions_total,balanced,balanced:8002,balanced-service,Carrot__Rotten,balanced
1786676327.264,1,predictions_total,balanced,balanced:8002,balanced-service,Cucumber__Healthy,balanced
1786676332.264,1,predictions_total,balanced,balanced:8002,balanced-service,Cucumber__Healthy,balanced
1786676337.264,1,predictions_total,balanced,balanced:8002,balanced-service,Cucumber__Healthy,balanced
1786676342.264,1,predictions_total,balanced,balanced:8002,balanced-service,Cucumber__Healthy,balanced
1786676347.264,1,predictions_total,balanced,balanced:8002,balanced-service,Cucumber__Healthy,balanced
1786676352.264,3,predictions_total,balanced,balanced:8002,balanced-service,Cucumber__Healthy,balanced
1786676357.264,4,predictions_total,balanced,balanced:8002,balanced-service,Cucumber__Healthy,balanced
1786676362.264,5,predictions_total,balanced,balanced:8002,balanced-service,Cucumber__Healthy,balanced
1786676367.264,5,predictions_total,balanced,balanced:8002,balanced-service,Cucumber__Healthy,balanced
1786676372.264,5,predictions_total,balanced,balanced:8002,balanced-service,Cucumber__Healthy,balanced
1786676377.264,6,predictions_total,balanced,balanced:8002,balanced-service,Cucumber__Healthy,balanced
1786676382.264,6,predictions_total,balanced,balanced:8002,balanced-service,Cucumber__Healthy,balanced
1786676387.264,9,predictions_total,balanced,balanced:8002,balanced-service,Cucumber__Healthy,balanced
1786676392.264,11,predictions_total,balanced,balanced:8002,balanced-service,Cucumber__Healthy,balanced
1786676397.264,15,predictions_total,balanced,balanced:8002,balanced-service,Cucumber__Healthy,balanced
1786676402.264,15,predictions_total,balanced,balanced:8002,balanced-service,Cucumber__Healthy,balanced
1786676407.264,15,predictions_total,balanced,balanced:8002,balanced-service,Cucumber__Healthy,balanced
1786676412.264,15,predictions_total,balanced,balanced:8002,balanced-service,Cucumber__Healthy,balanced
1786676417.264,15,predictions_total,balanced,balanced:8002,balanced-service,Cucumber__Healthy,balanced
1786676422.264,15,predictions_total,balanced,balanced:8002,balanced-service,Cucumber__Healthy,balanced
1786676427.264,15,predictions_total,balanced,balanced:8002,balanced-service,Cucumber__Healthy,balanced
1786676432.264,15,predictions_total,balanced,balanced:8002,balanced-service,Cucumber__Healthy,balanced
1786676437.264,15,predictions_total,balanced,balanced:8002,balanced-service,Cucumber__Healthy,balanced
1786676442.264,15,predictions_total,balanced,balanced:8002,balanced-service,Cucumber__Healthy,balanced
1786676447.264,15,predictions_total,balanced,balanced:8002,balanced-service,Cucumber__Healthy,balanced
1786676452.264,15,predictions_total,balanced,balanced:8002,balanced-service,Cucumber__Healthy,balanced
1786676457.264,15,predictions_total,balanced,balanced:8002,balanced-service,Cucumber__Healthy,balanced
1786676462.264,15,predictions_total,balanced,balanced:8002,balanced-service,Cucumber__Healthy,balanced
1786676467.264,15,predictions_total,balanced,balanced:8002,balanced-service,Cucumber__Healthy,balanced
1786676472.264,15,predictions_total,balanced,balanced:8002,balanced-service,Cucumber__Healthy,balanced
1786676477.264,15,predictions_total,balanced,balanced:8002,balanced-service,Cucumber__Healthy,balanced
1786676482.264,15,predictions_total,balanced,balanced:8002,balanced-service,Cucumber__Healthy,balanced
1786676487.264,15,predictions_total,balanced,balanced:8002,balanced-service,Cucumber__Healthy,balanced
1786676492.264,15,predictions_total,balanced,balanced:8002,balanced-service,Cucumber__Healthy,balanced
1786676497.264,15,predictions_total,balanced,balanced:8002,balanced-service,Cucumber__Healthy,balanced
1786676502.264,15,predictions_total,balanced,balanced:8002,balanced-service,Cucumber__Healthy,balanced
1786676507.264,15,predictions_total,balanced,balanced:8002,balanced-service,Cucumber__Healthy,balanced
1786676512.264,15,predictions_total,balanced,balanced:8002,balanced-service,Cucumber__Healthy,balanced
1786676517.264,15,predictions_total,balanced,balanced:8002,balanced-service,Cucumber__Healthy,balanced
1786676522.264,15,predictions_total,balanced,balanced:8002,balanced-service,Cucumber__Healthy,balanced
1786676527.264,15,predictions_total,balanced,balanced:8002,balanced-service,Cucumber__Healthy,balanced
1786676532.264,15,predictions_total,balanced,balanced:8002,balanced-service,Cucumber__Healthy,balanced
1786676537.264,15,predictions_total,balanced,balanced:8002,balanced-service,Cucumber__Healthy,balanced
1786676542.264,15,predictions_total,balanced,balanced:8002,balanced-service,Cucumber__Healthy,balanced
1786676547.264,15,predictions_total,balanced,balanced:8002,balanced-service,Cucumber__Healthy,balanced
1786676552.264,15,predictions_total,balanced,balanced:8002,balanced-service,Cucumber__Healthy,balanced
1786676557.264,15,predictions_total,balanced,balanced:8002,balanced-service,Cucumber__Healthy,balanced
1786676562.264,15,predictions_total,balanced,balanced:8002,balanced-service,Cucumber__Healthy,balanced
1786676567.264,15,predictions_total,balanced,balanced:8002,balanced-service,Cucumber__Healthy,balanced
1786676572.264,15,predictions_total,balanced,balanced:8002,balanced-service,Cucumber__Healthy,balanced
1786676577.264,15,predictions_total,balanced,balanced:8002,balanced-service,Cucumber__Healthy,balanced
1786676582.264,15,predictions_total,balanced,balanced:8002,balanced-service,Cucumber__Healthy,balanced
1786676587.264,15,predictions_total,balanced,balanced:8002,balanced-service,Cucumber__Healthy,balanced
1786676592.264,15,predictions_total,balanced,balanced:8002,balanced-service,Cucumber__Healthy,balanced
1786676597.264,15,predictions_total,balanced,balanced:8002,balanced-service,Cucumber__Healthy,balanced
1786676602.264,15,predictions_total,balanced,balanced:8002,balanced-service,Cucumber__Healthy,balanced
1786676607.264,15,predictions_total,balanced,balanced:8002,balanced-service,Cucumber__Healthy,balanced
1786676612.264,15,predictions_total,balanced,balanced:8002,balanced-service,Cucumber__Healthy,balanced
1786676617.264,15,predictions_total,balanced,balanced:8002,balanced-service,Cucumber__Healthy,balanced
1786676622.264,15,predictions_total,balanced,balanced:8002,balanced-service,Cucumber__Healthy,balanced
1786676627.264,15,predictions_total,balanced,balanced:8002,balanced-service,Cucumber__Healthy,balanced
1786676632.264,15,predictions_total,balanced,balanced:8002,balanced-service,Cucumber__Healthy,balanced
1786676637.264,15,predictions_total,balanced,balanced:8002,balanced-service,Cucumber__Healthy,balanced
1786676642.264,15,predictions_total,balanced,balanced:8002,balanced-service,Cucumber__Healthy,balanced
1786676647.264,15,predictions_total,balanced,balanced:8002,balanced-service,Cucumber__Healthy,balanced
1786676652.264,15,predictions_total,balanced,balanced:8002,balanced-service,Cucumber__Healthy,balanced
1786676657.264,15,predictions_total,balanced,balanced:8002,balanced-service,Cucumber__Healthy,balanced
1786676662.264,15,predictions_total,balanced,balanced:8002,balanced-service,Cucumber__Healthy,balanced
1786676667.264,15,predictions_total,balanced,balanced:8002,balanced-service,Cucumber__Healthy,balanced
1786676672.264,15,predictions_total,balanced,balanced:8002,balanced-service,Cucumber__Healthy,balanced
1786676677.264,15,predictions_total,balanced,balanced:8002,balanced-service,Cucumber__Healthy,balanced
1786676682.264,15,predictions_total,balanced,balanced:8002,balanced-service,Cucumber__Healthy,balanced
1786676687.264,15,predictions_total,balanced,balanced:8002,balanced-service,Cucumber__Healthy,balanced
1786676692.264,15,predictions_total,balanced,balanced:8002,balanced-service,Cucumber__Healthy,balanced
1786676697.264,15,predictions_total,balanced,balanced:8002,balanced-service,Cucumber__Healthy,balanced
1786676702.264,15,predictions_total,balanced,balanced:8002,balanced-service,Cucumber__Healthy,balanced
1786676707.264,15,predictions_total,balanced,balanced:8002,balanced-service,Cucumber__Healthy,balanced
1786676712.264,16,predictions_total,balanced,balanced:8002,balanced-service,Cucumber__Healthy,balanced
1786676717.264,16,predictions_total,balanced,balanced:8002,balanced-service,Cucumber__Healthy,balanced
1786676722.264,16,predictions_total,balanced,balanced:8002,balanced-service,Cucumber__Healthy,balanced
1786676727.264,16,predictions_total,balanced,balanced:8002,balanced-service,Cucumber__Healthy,balanced
1786676732.264,16,predictions_total,balanced,balanced:8002,balanced-service,Cucumber__Healthy,balanced
1786676737.264,16,predictions_total,balanced,balanced:8002,balanced-service,Cucumber__Healthy,balanced
1786676742.264,16,predictions_total,balanced,balanced:8002,balanced-service,Cucumber__Healthy,balanced
1786676747.264,16,predictions_total,balanced,balanced:8002,balanced-service,Cucumber__Healthy,balanced
1786676752.264,16,predictions_total,balanced,balanced:8002,balanced-service,Cucumber__Healthy,balanced
1786676757.264,16,predictions_total,balanced,balanced:8002,balanced-service,Cucumber__Healthy,balanced
1786676762.264,16,predictions_total,balanced,balanced:8002,balanced-service,Cucumber__Healthy,balanced
1786676767.264,17,predictions_total,balanced,balanced:8002,balanced-service,Cucumber__Healthy,balanced
1786676772.264,17,predictions_total,balanced,balanced:8002,balanced-service,Cucumber__Healthy,balanced
1786676777.264,17,predictions_total,balanced,balanced:8002,balanced-service,Cucumber__Healthy,balanced
1786676782.264,18,predictions_total,balanced,balanced:8002,balanced-service,Cucumber__Healthy,balanced
1786676787.264,18,predictions_total,balanced,balanced:8002,balanced-service,Cucumber__Healthy,balanced
1786676792.264,18,predictions_total,balanced,balanced:8002,balanced-service,Cucumber__Healthy,balanced
1786676797.264,18,predictions_total,balanced,balanced:8002,balanced-service,Cucumber__Healthy,balanced
1786676802.264,18,predictions_total,balanced,balanced:8002,balanced-service,Cucumber__Healthy,balanced
1786676807.264,18,predictions_total,balanced,balanced:8002,balanced-service,Cucumber__Healthy,balanced
1786676812.264,19,predictions_total,balanced,balanced:8002,balanced-service,Cucumber__Healthy,balanced
1786676817.264,19,predictions_total,balanced,balanced:8002,balanced-service,Cucumber__Healthy,balanced
1786676822.264,21,predictions_total,balanced,balanced:8002,balanced-service,Cucumber__Healthy,balanced
1786676827.264,23,predictions_total,balanced,balanced:8002,balanced-service,Cucumber__Healthy,balanced
1786676832.264,23,predictions_total,balanced,balanced:8002,balanced-service,Cucumber__Healthy,balanced
1786676837.264,23,predictions_total,balanced,balanced:8002,balanced-service,Cucumber__Healthy,balanced
1786676842.264,28,predictions_total,balanced,balanced:8002,balanced-service,Cucumber__Healthy,balanced
1786676847.264,29,predictions_total,balanced,balanced:8002,balanced-service,Cucumber__Healthy,balanced
1786676852.264,29,predictions_total,balanced,balanced:8002,balanced-service,Cucumber__Healthy,balanced
1786676857.264,30,predictions_total,balanced,balanced:8002,balanced-service,Cucumber__Healthy,balanced
1786676862.264,33,predictions_total,balanced,balanced:8002,balanced-service,Cucumber__Healthy,balanced
1786676867.264,33,predictions_total,balanced,balanced:8002,balanced-service,Cucumber__Healthy,balanced
1786676872.264,33,predictions_total,balanced,balanced:8002,balanced-service,Cucumber__Healthy,balanced
1786676877.264,33,predictions_total,balanced,balanced:8002,balanced-service,Cucumber__Healthy,balanced
1786676882.264,33,predictions_total,balanced,balanced:8002,balanced-service,Cucumber__Healthy,balanced
1786676887.264,33,predictions_total,balanced,balanced:8002,balanced-service,Cucumber__Healthy,balanced
1786676892.264,33,predictions_total,balanced,balanced:8002,balanced-service,Cucumber__Healthy,balanced
1786676897.264,33,predictions_total,balanced,balanced:8002,balanced-service,Cucumber__Healthy,balanced
1786676902.264,33,predictions_total,balanced,balanced:8002,balanced-service,Cucumber__Healthy,balanced
1786676907.264,33,predictions_total,balanced,balanced:8002,balanced-service,Cucumber__Healthy,balanced
1786676912.264,33,predictions_total,balanced,balanced:8002,balanced-service,Cucumber__Healthy,balanced
1786676917.264,33,predictions_total,balanced,balanced:8002,balanced-service,Cucumber__Healthy,balanced
1786676922.264,33,predictions_total,balanced,balanced:8002,balanced-service,Cucumber__Healthy,balanced
1786676927.264,33,predictions_total,balanced,balanced:8002,balanced-service,Cucumber__Healthy,balanced
1786676932.264,33,predictions_total,balanced,balanced:8002,balanced-service,Cucumber__Healthy,balanced
1786676937.264,33,predictions_total,balanced,balanced:8002,balanced-service,Cucumber__Healthy,balanced
1786676942.264,33,predictions_total,balanced,balanced:8002,balanced-service,Cucumber__Healthy,balanced
1786676947.264,33,predictions_total,balanced,balanced:8002,balanced-service,Cucumber__Healthy,balanced
1786676952.264,33,predictions_total,balanced,balanced:8002,balanced-service,Cucumber__Healthy,balanced
1786676957.264,33,predictions_total,balanced,balanced:8002,balanced-service,Cucumber__Healthy,balanced
1786676962.264,33,predictions_total,balanced,balanced:8002,balanced-service,Cucumber__Healthy,balanced
1786676967.264,33,predictions_total,balanced,balanced:8002,balanced-service,Cucumber__Healthy,balanced
1786676972.264,33,predictions_total,balanced,balanced:8002,balanced-service,Cucumber__Healthy,balanced
1786676977.264,33,predictions_total,balanced,balanced:8002,balanced-service,Cucumber__Healthy,balanced
1786676982.264,33,predictions_total,balanced,balanced:8002,balanced-service,Cucumber__Healthy,balanced
1786676987.264,33,predictions_total,balanced,balanced:8002,balanced-service,Cucumber__Healthy,balanced
1786676992.264,33,predictions_total,balanced,balanced:8002,balanced-service,Cucumber__Healthy,balanced
1786676997.264,33,predictions_total,balanced,balanced:8002,balanced-service,Cucumber__Healthy,balanced
1786677002.264,33,predictions_total,balanced,balanced:8002,balanced-service,Cucumber__Healthy,balanced
1786677007.264,33,predictions_total,balanced,balanced:8002,balanced-service,Cucumber__Healthy,balanced
1786677012.264,33,predictions_total,balanced,balanced:8002,balanced-service,Cucumber__Healthy,balanced
1786677017.264,33,predictions_total,balanced,balanced:8002,balanced-service,Cucumber__Healthy,balanced
1786677022.264,33,predictions_total,balanced,balanced:8002,balanced-service,Cucumber__Healthy,balanced
1786677027.264,33,predictions_total,balanced,balanced:8002,balanced-service,Cucumber__Healthy,balanced
1786677032.264,33,predictions_total,balanced,balanced:8002,balanced-service,Cucumber__Healthy,balanced
1786677037.264,33,predictions_total,balanced,balanced:8002,balanced-service,Cucumber__Healthy,balanced
1786677042.264,33,predictions_total,balanced,balanced:8002,balanced-service,Cucumber__Healthy,balanced
1786677047.264,33,predictions_total,balanced,balanced:8002,balanced-service,Cucumber__Healthy,balanced
1786677052.264,33,predictions_total,balanced,balanced:8002,balanced-service,Cucumber__Healthy,balanced
1786677057.264,33,predictions_total,balanced,balanced:8002,balanced-service,Cucumber__Healthy,balanced
1786677062.264,33,predictions_total,balanced,balanced:8002,balanced-service,Cucumber__Healthy,balanced
1786677067.264,33,predictions_total,balanced,balanced:8002,balanced-service,Cucumber__Healthy,balanced
1786677072.264,33,predictions_total,balanced,balanced:8002,balanced-service,Cucumber__Healthy,balanced
1786677077.264,33,predictions_total,balanced,balanced:8002,balanced-service,Cucumber__Healthy,balanced
1786677082.264,33,predictions_total,balanced,balanced:8002,balanced-service,Cucumber__Healthy,balanced
1786677087.264,33,predictions_total,balanced,balanced:8002,balanced-service,Cucumber__Healthy,balanced
1786677092.264,33,predictions_total,balanced,balanced:8002,balanced-service,Cucumber__Healthy,balanced
1786677097.264,33,predictions_total,balanced,balanced:8002,balanced-service,Cucumber__Healthy,balanced
1786677102.264,33,predictions_total,balanced,balanced:8002,balanced-service,Cucumber__Healthy,balanced
1786677107.264,33,predictions_total,balanced,balanced:8002,balanced-service,Cucumber__Healthy,balanced
1786677112.264,33,predictions_total,balanced,balanced:8002,balanced-service,Cucumber__Healthy,balanced
1786677117.264,33,predictions_total,balanced,balanced:8002,balanced-service,Cucumber__Healthy,balanced
1786677122.264,33,predictions_total,balanced,balanced:8002,balanced-service,Cucumber__Healthy,balanced
1786677127.264,33,predictions_total,balanced,balanced:8002,balanced-service,Cucumber__Healthy,balanced
1786677132.264,33,predictions_total,balanced,balanced:8002,balanced-service,Cucumber__Healthy,balanced
1786677137.264,33,predictions_total,balanced,balanced:8002,balanced-service,Cucumber__Healthy,balanced
1786677142.264,33,predictions_total,balanced,balanced:8002,balanced-service,Cucumber__Healthy,balanced
1786677147.264,33,predictions_total,balanced,balanced:8002,balanced-service,Cucumber__Healthy,balanced
1786677152.264,33,predictions_total,balanced,balanced:8002,balanced-service,Cucumber__Healthy,balanced
1786677157.264,33,predictions_total,balanced,balanced:8002,balanced-service,Cucumber__Healthy,balanced
1786677162.264,33,predictions_total,balanced,balanced:8002,balanced-service,Cucumber__Healthy,balanced
1786677167.264,33,predictions_total,balanced,balanced:8002,balanced-service,Cucumber__Healthy,balanced
1786677172.264,33,predictions_total,balanced,balanced:8002,balanced-service,Cucumber__Healthy,balanced
1786677177.264,33,predictions_total,balanced,balanced:8002,balanced-service,Cucumber__Healthy,balanced
1786677182.264,33,predictions_total,balanced,balanced:8002,balanced-service,Cucumber__Healthy,balanced
1786677187.264,33,predictions_total,balanced,balanced:8002,balanced-service,Cucumber__Healthy,balanced
1786677192.264,33,predictions_total,balanced,balanced:8002,balanced-service,Cucumber__Healthy,balanced
1786677197.264,33,predictions_total,balanced,balanced:8002,balanced-service,Cucumber__Healthy,balanced
1786677202.264,33,predictions_total,balanced,balanced:8002,balanced-service,Cucumber__Healthy,balanced
1786677207.264,33,predictions_total,balanced,balanced:8002,balanced-service,Cucumber__Healthy,balanced
1786677212.264,33,predictions_total,balanced,balanced:8002,balanced-service,Cucumber__Healthy,balanced
1786677217.264,33,predictions_total,balanced,balanced:8002,balanced-service,Cucumber__Healthy,balanced
1786677222.264,33,predictions_total,balanced,balanced:8002,balanced-service,Cucumber__Healthy,balanced
1786677227.264,33,predictions_total,balanced,balanced:8002,balanced-service,Cucumber__Healthy,balanced
1786677232.264,33,predictions_total,balanced,balanced:8002,balanced-service,Cucumber__Healthy,balanced
1786677237.264,33,predictions_total,balanced,balanced:8002,balanced-service,Cucumber__Healthy,balanced
1786677242.264,33,predictions_total,balanced,balanced:8002,balanced-service,Cucumber__Healthy,balanced
1786677247.264,34,predictions_total,balanced,balanced:8002,balanced-service,Cucumber__Healthy,balanced
1786677252.264,34,predictions_total,balanced,balanced:8002,balanced-service,Cucumber__Healthy,balanced
1786677257.264,35,predictions_total,balanced,balanced:8002,balanced-service,Cucumber__Healthy,balanced
1786677262.264,35,predictions_total,balanced,balanced:8002,balanced-service,Cucumber__Healthy,balanced
1786677267.264,35,predictions_total,balanced,balanced:8002,balanced-service,Cucumber__Healthy,balanced
1786677272.264,35,predictions_total,balanced,balanced:8002,balanced-service,Cucumber__Healthy,balanced
1786677277.264,35,predictions_total,balanced,balanced:8002,balanced-service,Cucumber__Healthy,balanced
1786677282.264,36,predictions_total,balanced,balanced:8002,balanced-service,Cucumber__Healthy,balanced
1786677287.264,37,predictions_total,balanced,balanced:8002,balanced-service,Cucumber__Healthy,balanced
1786677292.264,37,predictions_total,balanced,balanced:8002,balanced-service,Cucumber__Healthy,balanced
1786677297.264,38,predictions_total,balanced,balanced:8002,balanced-service,Cucumber__Healthy,balanced
1786677302.264,38,predictions_total,balanced,balanced:8002,balanced-service,Cucumber__Healthy,balanced
1786677307.264,39,predictions_total,balanced,balanced:8002,balanced-service,Cucumber__Healthy,balanced
1786677312.264,39,predictions_total,balanced,balanced:8002,balanced-service,Cucumber__Healthy,balanced
1786677317.264,39,predictions_total,balanced,balanced:8002,balanced-service,Cucumber__Healthy,balanced
1786677322.264,41,predictions_total,balanced,balanced:8002,balanced-service,Cucumber__Healthy,balanced
1786677327.264,44,predictions_total,balanced,balanced:8002,balanced-service,Cucumber__Healthy,balanced
1786677332.264,44,predictions_total,balanced,balanced:8002,balanced-service,Cucumber__Healthy,balanced
1786677337.264,44,predictions_total,balanced,balanced:8002,balanced-service,Cucumber__Healthy,balanced
1786677342.264,44,predictions_total,balanced,balanced:8002,balanced-service,Cucumber__Healthy,balanced
1786677347.264,44,predictions_total,balanced,balanced:8002,balanced-service,Cucumber__Healthy,balanced
1786677352.264,44,predictions_total,balanced,balanced:8002,balanced-service,Cucumber__Healthy,balanced
1786677357.264,44,predictions_total,balanced,balanced:8002,balanced-service,Cucumber__Healthy,balanced
1786677362.264,44,predictions_total,balanced,balanced:8002,balanced-service,Cucumber__Healthy,balanced
1786677367.264,44,predictions_total,balanced,balanced:8002,balanced-service,Cucumber__Healthy,balanced
1786677372.264,44,predictions_total,balanced,balanced:8002,balanced-service,Cucumber__Healthy,balanced
1786677377.264,44,predictions_total,balanced,balanced:8002,balanced-service,Cucumber__Healthy,balanced
1786677382.264,45,predictions_total,balanced,balanced:8002,balanced-service,Cucumber__Healthy,balanced
1786677387.264,49,predictions_total,balanced,balanced:8002,balanced-service,Cucumber__Healthy,balanced
1786677392.264,50,predictions_total,balanced,balanced:8002,balanced-service,Cucumber__Healthy,balanced
1786677397.264,50,predictions_total,balanced,balanced:8002,balanced-service,Cucumber__Healthy,balanced
1786677402.264,50,predictions_total,balanced,balanced:8002,balanced-service,Cucumber__Healthy,balanced
1786677407.264,50,predictions_total,balanced,balanced:8002,balanced-service,Cucumber__Healthy,balanced
1786677412.264,50,predictions_total,balanced,balanced:8002,balanced-service,Cucumber__Healthy,balanced
1786677417.264,50,predictions_total,balanced,balanced:8002,balanced-service,Cucumber__Healthy,balanced
1786677422.264,55,predictions_total,balanced,balanced:8002,balanced-service,Cucumber__Healthy,balanced
1786677427.264,59,predictions_total,balanced,balanced:8002,balanced-service,Cucumber__Healthy,balanced
1786677432.264,62,predictions_total,balanced,balanced:8002,balanced-service,Cucumber__Healthy,balanced
1786677437.264,63,predictions_total,balanced,balanced:8002,balanced-service,Cucumber__Healthy,balanced
1786677442.264,63,predictions_total,balanced,balanced:8002,balanced-service,Cucumber__Healthy,balanced
1786677447.264,63,predictions_total,balanced,balanced:8002,balanced-service,Cucumber__Healthy,balanced
1786676357.264,1,predictions_total,balanced,balanced:8002,balanced-service,Cucumber__Rotten,balanced
1786676362.264,1,predictions_total,balanced,balanced:8002,balanced-service,Cucumber__Rotten,balanced
1786676367.264,1,predictions_total,balanced,balanced:8002,balanced-service,Cucumber__Rotten,balanced
1786676372.264,3,predictions_total,balanced,balanced:8002,balanced-service,Cucumber__Rotten,balanced
1786676377.264,3,predictions_total,balanced,balanced:8002,balanced-service,Cucumber__Rotten,balanced
1786676382.264,3,predictions_total,balanced,balanced:8002,balanced-service,Cucumber__Rotten,balanced
1786676387.264,3,predictions_total,balanced,balanced:8002,balanced-service,Cucumber__Rotten,balanced
1786676392.264,3,predictions_total,balanced,balanced:8002,balanced-service,Cucumber__Rotten,balanced
1786676397.264,3,predictions_total,balanced,balanced:8002,balanced-service,Cucumber__Rotten,balanced
1786676402.264,3,predictions_total,balanced,balanced:8002,balanced-service,Cucumber__Rotten,balanced
1786676407.264,3,predictions_total,balanced,balanced:8002,balanced-service,Cucumber__Rotten,balanced
1786676412.264,3,predictions_total,balanced,balanced:8002,balanced-service,Cucumber__Rotten,balanced
1786676417.264,3,predictions_total,balanced,balanced:8002,balanced-service,Cucumber__Rotten,balanced
1786676422.264,3,predictions_total,balanced,balanced:8002,balanced-service,Cucumber__Rotten,balanced
1786676427.264,3,predictions_total,balanced,balanced:8002,balanced-service,Cucumber__Rotten,balanced
1786676432.264,3,predictions_total,balanced,balanced:8002,balanced-service,Cucumber__Rotten,balanced
1786676437.264,3,predictions_total,balanced,balanced:8002,balanced-service,Cucumber__Rotten,balanced
1786676442.264,3,predictions_total,balanced,balanced:8002,balanced-service,Cucumber__Rotten,balanced
1786676447.264,3,predictions_total,balanced,balanced:8002,balanced-service,Cucumber__Rotten,balanced
1786676452.264,3,predictions_total,balanced,balanced:8002,balanced-service,Cucumber__Rotten,balanced
1786676457.264,3,predictions_total,balanced,balanced:8002,balanced-service,Cucumber__Rotten,balanced
1786676462.264,3,predictions_total,balanced,balanced:8002,balanced-service,Cucumber__Rotten,balanced
1786676467.264,3,predictions_total,balanced,balanced:8002,balanced-service,Cucumber__Rotten,balanced
1786676472.264,3,predictions_total,balanced,balanced:8002,balanced-service,Cucumber__Rotten,balanced
1786676477.264,3,predictions_total,balanced,balanced:8002,balanced-service,Cucumber__Rotten,balanced
1786676482.264,3,predictions_total,balanced,balanced:8002,balanced-service,Cucumber__Rotten,balanced
1786676487.264,3,predictions_total,balanced,balanced:8002,balanced-service,Cucumber__Rotten,balanced
1786676492.264,3,predictions_total,balanced,balanced:8002,balanced-service,Cucumber__Rotten,balanced
1786676497.264,3,predictions_total,balanced,balanced:8002,balanced-service,Cucumber__Rotten,balanced
1786676502.264,3,predictions_total,balanced,balanced:8002,balanced-service,Cucumber__Rotten,balanced
1786676507.264,3,predictions_total,balanced,balanced:8002,balanced-service,Cucumber__Rotten,balanced
1786676512.264,3,predictions_total,balanced,balanced:8002,balanced-service,Cucumber__Rotten,balanced
1786676517.264,3,predictions_total,balanced,balanced:8002,balanced-service,Cucumber__Rotten,balanced
1786676522.264,3,predictions_total,balanced,balanced:8002,balanced-service,Cucumber__Rotten,balanced
1786676527.264,3,predictions_total,balanced,balanced:8002,balanced-service,Cucumber__Rotten,balanced
1786676532.264,3,predictions_total,balanced,balanced:8002,balanced-service,Cucumber__Rotten,balanced
1786676537.264,3,predictions_total,balanced,balanced:8002,balanced-service,Cucumber__Rotten,balanced
1786676542.264,3,predictions_total,balanced,balanced:8002,balanced-service,Cucumber__Rotten,balanced
1786676547.264,3,predictions_total,balanced,balanced:8002,balanced-service,Cucumber__Rotten,balanced
1786676552.264,3,predictions_total,balanced,balanced:8002,balanced-service,Cucumber__Rotten,balanced
1786676557.264,3,predictions_total,balanced,balanced:8002,balanced-service,Cucumber__Rotten,balanced
1786676562.264,3,predictions_total,balanced,balanced:8002,balanced-service,Cucumber__Rotten,balanced
1786676567.264,3,predictions_total,balanced,balanced:8002,balanced-service,Cucumber__Rotten,balanced
1786676572.264,3,predictions_total,balanced,balanced:8002,balanced-service,Cucumber__Rotten,balanced
1786676577.264,3,predictions_total,balanced,balanced:8002,balanced-service,Cucumber__Rotten,balanced
1786676582.264,3,predictions_total,balanced,balanced:8002,balanced-service,Cucumber__Rotten,balanced
1786676587.264,3,predictions_total,balanced,balanced:8002,balanced-service,Cucumber__Rotten,balanced
1786676592.264,3,predictions_total,balanced,balanced:8002,balanced-service,Cucumber__Rotten,balanced
1786676597.264,3,predictions_total,balanced,balanced:8002,balanced-service,Cucumber__Rotten,balanced
1786676602.264,3,predictions_total,balanced,balanced:8002,balanced-service,Cucumber__Rotten,balanced
1786676607.264,3,predictions_total,balanced,balanced:8002,balanced-service,Cucumber__Rotten,balanced
1786676612.264,3,predictions_total,balanced,balanced:8002,balanced-service,Cucumber__Rotten,balanced
1786676617.264,3,predictions_total,balanced,balanced:8002,balanced-service,Cucumber__Rotten,balanced
1786676622.264,3,predictions_total,balanced,balanced:8002,balanced-service,Cucumber__Rotten,balanced
1786676627.264,3,predictions_total,balanced,balanced:8002,balanced-service,Cucumber__Rotten,balanced
1786676632.264,3,predictions_total,balanced,balanced:8002,balanced-service,Cucumber__Rotten,balanced
1786676637.264,3,predictions_total,balanced,balanced:8002,balanced-service,Cucumber__Rotten,balanced
1786676642.264,4,predictions_total,balanced,balanced:8002,balanced-service,Cucumber__Rotten,balanced
1786676647.264,5,predictions_total,balanced,balanced:8002,balanced-service,Cucumber__Rotten,balanced
1786676652.264,5,predictions_total,balanced,balanced:8002,balanced-service,Cucumber__Rotten,balanced
1786676657.264,5,predictions_total,balanced,balanced:8002,balanced-service,Cucumber__Rotten,balanced
1786676662.264,5,predictions_total,balanced,balanced:8002,balanced-service,Cucumber__Rotten,balanced
1786676667.264,5,predictions_total,balanced,balanced:8002,balanced-service,Cucumber__Rotten,balanced
1786676672.264,6,predictions_total,balanced,balanced:8002,balanced-service,Cucumber__Rotten,balanced
1786676677.264,6,predictions_total,balanced,balanced:8002,balanced-service,Cucumber__Rotten,balanced
1786676682.264,6,predictions_total,balanced,balanced:8002,balanced-service,Cucumber__Rotten,balanced
1786676687.264,6,predictions_total,balanced,balanced:8002,balanced-service,Cucumber__Rotten,balanced
1786676692.264,7,predictions_total,balanced,balanced:8002,balanced-service,Cucumber__Rotten,balanced
1786676697.264,7,predictions_total,balanced,balanced:8002,balanced-service,Cucumber__Rotten,balanced
1786676702.264,7,predictions_total,balanced,balanced:8002,balanced-service,Cucumber__Rotten,balanced
1786676707.264,7,predictions_total,balanced,balanced:8002,balanced-service,Cucumber__Rotten,balanced
1786676712.264,7,predictions_total,balanced,balanced:8002,balanced-service,Cucumber__Rotten,balanced
1786676717.264,7,predictions_total,balanced,balanced:8002,balanced-service,Cucumber__Rotten,balanced
1786676722.264,7,predictions_total,balanced,balanced:8002,balanced-service,Cucumber__Rotten,balanced
1786676727.264,7,predictions_total,balanced,balanced:8002,balanced-service,Cucumber__Rotten,balanced
1786676732.264,7,predictions_total,balanced,balanced:8002,balanced-service,Cucumber__Rotten,balanced
1786676737.264,7,predictions_total,balanced,balanced:8002,balanced-service,Cucumber__Rotten,balanced
1786676742.264,7,predictions_total,balanced,balanced:8002,balanced-service,Cucumber__Rotten,balanced
1786676747.264,7,predictions_total,balanced,balanced:8002,balanced-service,Cucumber__Rotten,balanced
1786676752.264,7,predictions_total,balanced,balanced:8002,balanced-service,Cucumber__Rotten,balanced
1786676757.264,7,predictions_total,balanced,balanced:8002,balanced-service,Cucumber__Rotten,balanced
1786676762.264,7,predictions_total,balanced,balanced:8002,balanced-service,Cucumber__Rotten,balanced
1786676767.264,7,predictions_total,balanced,balanced:8002,balanced-service,Cucumber__Rotten,balanced
1786676772.264,9,predictions_total,balanced,balanced:8002,balanced-service,Cucumber__Rotten,balanced
1786676777.264,10,predictions_total,balanced,balanced:8002,balanced-service,Cucumber__Rotten,balanced
1786676782.264,10,predictions_total,balanced,balanced:8002,balanced-service,Cucumber__Rotten,balanced
1786676787.264,10,predictions_total,balanced,balanced:8002,balanced-service,Cucumber__Rotten,balanced
1786676792.264,10,predictions_total,balanced,balanced:8002,balanced-service,Cucumber__Rotten,balanced
1786676797.264,10,predictions_total,balanced,balanced:8002,balanced-service,Cucumber__Rotten,balanced
1786676802.264,11,predictions_total,balanced,balanced:8002,balanced-service,Cucumber__Rotten,balanced
1786676807.264,13,predictions_total,balanced,balanced:8002,balanced-service,Cucumber__Rotten,balanced
1786676812.264,13,predictions_total,balanced,balanced:8002,balanced-service,Cucumber__Rotten,balanced
1786676817.264,14,predictions_total,balanced,balanced:8002,balanced-service,Cucumber__Rotten,balanced
1786676822.264,14,predictions_total,balanced,balanced:8002,balanced-service,Cucumber__Rotten,balanced
1786676827.264,15,predictions_total,balanced,balanced:8002,balanced-service,Cucumber__Rotten,balanced
1786676832.264,15,predictions_total,balanced,balanced:8002,balanced-service,Cucumber__Rotten,balanced
1786676837.264,15,predictions_total,balanced,balanced:8002,balanced-service,Cucumber__Rotten,balanced
1786676842.264,15,predictions_total,balanced,balanced:8002,balanced-service,Cucumber__Rotten,balanced
1786676847.264,15,predictions_total,balanced,balanced:8002,balanced-service,Cucumber__Rotten,balanced
1786676852.264,15,predictions_total,balanced,balanced:8002,balanced-service,Cucumber__Rotten,balanced
1786676857.264,15,predictions_total,balanced,balanced:8002,balanced-service,Cucumber__Rotten,balanced
1786676862.264,16,predictions_total,balanced,balanced:8002,balanced-service,Cucumber__Rotten,balanced
1786676867.264,16,predictions_total,balanced,balanced:8002,balanced-service,Cucumber__Rotten,balanced
1786676872.264,16,predictions_total,balanced,balanced:8002,balanced-service,Cucumber__Rotten,balanced
1786676877.264,16,predictions_total,balanced,balanced:8002,balanced-service,Cucumber__Rotten,balanced
1786676882.264,16,predictions_total,balanced,balanced:8002,balanced-service,Cucumber__Rotten,balanced
1786676887.264,16,predictions_total,balanced,balanced:8002,balanced-service,Cucumber__Rotten,balanced
1786676892.264,16,predictions_total,balanced,balanced:8002,balanced-service,Cucumber__Rotten,balanced
1786676897.264,16,predictions_total,balanced,balanced:8002,balanced-service,Cucumber__Rotten,balanced
1786676902.264,16,predictions_total,balanced,balanced:8002,balanced-service,Cucumber__Rotten,balanced
1786676907.264,16,predictions_total,balanced,balanced:8002,balanced-service,Cucumber__Rotten,balanced
1786676912.264,16,predictions_total,balanced,balanced:8002,balanced-service,Cucumber__Rotten,balanced
1786676917.264,16,predictions_total,balanced,balanced:8002,balanced-service,Cucumber__Rotten,balanced
1786676922.264,16,predictions_total,balanced,balanced:8002,balanced-service,Cucumber__Rotten,balanced
1786676927.264,16,predictions_total,balanced,balanced:8002,balanced-service,Cucumber__Rotten,balanced
1786676932.264,16,predictions_total,balanced,balanced:8002,balanced-service,Cucumber__Rotten,balanced
1786676937.264,16,predictions_total,balanced,balanced:8002,balanced-service,Cucumber__Rotten,balanced
1786676942.264,16,predictions_total,balanced,balanced:8002,balanced-service,Cucumber__Rotten,balanced
1786676947.264,16,predictions_total,balanced,balanced:8002,balanced-service,Cucumber__Rotten,balanced
1786676952.264,16,predictions_total,balanced,balanced:8002,balanced-service,Cucumber__Rotten,balanced
1786676957.264,16,predictions_total,balanced,balanced:8002,balanced-service,Cucumber__Rotten,balanced
1786676962.264,16,predictions_total,balanced,balanced:8002,balanced-service,Cucumber__Rotten,balanced
1786676967.264,16,predictions_total,balanced,balanced:8002,balanced-service,Cucumber__Rotten,balanced
1786676972.264,16,predictions_total,balanced,balanced:8002,balanced-service,Cucumber__Rotten,balanced
1786676977.264,16,predictions_total,balanced,balanced:8002,balanced-service,Cucumber__Rotten,balanced
1786676982.264,16,predictions_total,balanced,balanced:8002,balanced-service,Cucumber__Rotten,balanced
1786676987.264,16,predictions_total,balanced,balanced:8002,balanced-service,Cucumber__Rotten,balanced
1786676992.264,16,predictions_total,balanced,balanced:8002,balanced-service,Cucumber__Rotten,balanced
1786676997.264,16,predictions_total,balanced,balanced:8002,balanced-service,Cucumber__Rotten,balanced
1786677002.264,16,predictions_total,balanced,balanced:8002,balanced-service,Cucumber__Rotten,balanced
1786677007.264,16,predictions_total,balanced,balanced:8002,balanced-service,Cucumber__Rotten,balanced
1786677012.264,16,predictions_total,balanced,balanced:8002,balanced-service,Cucumber__Rotten,balanced
1786677017.264,16,predictions_total,balanced,balanced:8002,balanced-service,Cucumber__Rotten,balanced
1786677022.264,16,predictions_total,balanced,balanced:8002,balanced-service,Cucumber__Rotten,balanced
1786677027.264,16,predictions_total,balanced,balanced:8002,balanced-service,Cucumber__Rotten,balanced
1786677032.264,16,predictions_total,balanced,balanced:8002,balanced-service,Cucumber__Rotten,balanced
1786677037.264,16,predictions_total,balanced,balanced:8002,balanced-service,Cucumber__Rotten,balanced
1786677042.264,16,predictions_total,balanced,balanced:8002,balanced-service,Cucumber__Rotten,balanced
1786677047.264,16,predictions_total,balanced,balanced:8002,balanced-service,Cucumber__Rotten,balanced
1786677052.264,16,predictions_total,balanced,balanced:8002,balanced-service,Cucumber__Rotten,balanced
1786677057.264,16,predictions_total,balanced,balanced:8002,balanced-service,Cucumber__Rotten,balanced
1786677062.264,16,predictions_total,balanced,balanced:8002,balanced-service,Cucumber__Rotten,balanced
1786677067.264,16,predictions_total,balanced,balanced:8002,balanced-service,Cucumber__Rotten,balanced
1786677072.264,16,predictions_total,balanced,balanced:8002,balanced-service,Cucumber__Rotten,balanced
1786677077.264,16,predictions_total,balanced,balanced:8002,balanced-service,Cucumber__Rotten,balanced
1786677082.264,16,predictions_total,balanced,balanced:8002,balanced-service,Cucumber__Rotten,balanced
1786677087.264,16,predictions_total,balanced,balanced:8002,balanced-service,Cucumber__Rotten,balanced
1786677092.264,16,predictions_total,balanced,balanced:8002,balanced-service,Cucumber__Rotten,balanced
1786677097.264,16,predictions_total,balanced,balanced:8002,balanced-service,Cucumber__Rotten,balanced
1786677102.264,16,predictions_total,balanced,balanced:8002,balanced-service,Cucumber__Rotten,balanced
1786677107.264,16,predictions_total,balanced,balanced:8002,balanced-service,Cucumber__Rotten,balanced
1786677112.264,16,predictions_total,balanced,balanced:8002,balanced-service,Cucumber__Rotten,balanced
1786677117.264,16,predictions_total,balanced,balanced:8002,balanced-service,Cucumber__Rotten,balanced
1786677122.264,16,predictions_total,balanced,balanced:8002,balanced-service,Cucumber__Rotten,balanced
1786677127.264,16,predictions_total,balanced,balanced:8002,balanced-service,Cucumber__Rotten,balanced
1786677132.264,16,predictions_total,balanced,balanced:8002,balanced-service,Cucumber__Rotten,balanced
1786677137.264,16,predictions_total,balanced,balanced:8002,balanced-service,Cucumber__Rotten,balanced
1786677142.264,16,predictions_total,balanced,balanced:8002,balanced-service,Cucumber__Rotten,balanced
1786677147.264,16,predictions_total,balanced,balanced:8002,balanced-service,Cucumber__Rotten,balanced
1786677152.264,16,predictions_total,balanced,balanced:8002,balanced-service,Cucumber__Rotten,balanced
1786677157.264,16,predictions_total,balanced,balanced:8002,balanced-service,Cucumber__Rotten,balanced
1786677162.264,16,predictions_total,balanced,balanced:8002,balanced-service,Cucumber__Rotten,balanced
1786677167.264,16,predictions_total,balanced,balanced:8002,balanced-service,Cucumber__Rotten,balanced
1786677172.264,16,predictions_total,balanced,balanced:8002,balanced-service,Cucumber__Rotten,balanced
1786677177.264,16,predictions_total,balanced,balanced:8002,balanced-service,Cucumber__Rotten,balanced
1786677182.264,16,predictions_total,balanced,balanced:8002,balanced-service,Cucumber__Rotten,balanced
1786677187.264,16,predictions_total,balanced,balanced:8002,balanced-service,Cucumber__Rotten,balanced
1786677192.264,16,predictions_total,balanced,balanced:8002,balanced-service,Cucumber__Rotten,balanced
1786677197.264,16,predictions_total,balanced,balanced:8002,balanced-service,Cucumber__Rotten,balanced
1786677202.264,16,predictions_total,balanced,balanced:8002,balanced-service,Cucumber__Rotten,balanced
1786677207.264,16,predictions_total,balanced,balanced:8002,balanced-service,Cucumber__Rotten,balanced
1786677212.264,16,predictions_total,balanced,balanced:8002,balanced-service,Cucumber__Rotten,balanced
1786677217.264,16,predictions_total,balanced,balanced:8002,balanced-service,Cucumber__Rotten,balanced
1786677222.264,16,predictions_total,balanced,balanced:8002,balanced-service,Cucumber__Rotten,balanced
1786677227.264,16,predictions_total,balanced,balanced:8002,balanced-service,Cucumber__Rotten,balanced
1786677232.264,16,predictions_total,balanced,balanced:8002,balanced-service,Cucumber__Rotten,balanced
1786677237.264,16,predictions_total,balanced,balanced:8002,balanced-service,Cucumber__Rotten,balanced
1786677242.264,17,predictions_total,balanced,balanced:8002,balanced-service,Cucumber__Rotten,balanced
1786677247.264,17,predictions_total,balanced,balanced:8002,balanced-service,Cucumber__Rotten,balanced
1786677252.264,18,predictions_total,balanced,balanced:8002,balanced-service,Cucumber__Rotten,balanced
1786677257.264,18,predictions_total,balanced,balanced:8002,balanced-service,Cucumber__Rotten,balanced
1786677262.264,18,predictions_total,balanced,balanced:8002,balanced-service,Cucumber__Rotten,balanced
1786677267.264,18,predictions_total,balanced,balanced:8002,balanced-service,Cucumber__Rotten,balanced
1786677272.264,18,predictions_total,balanced,balanced:8002,balanced-service,Cucumber__Rotten,balanced
1786677277.264,18,predictions_total,balanced,balanced:8002,balanced-service,Cucumber__Rotten,balanced
1786677282.264,18,predictions_total,balanced,balanced:8002,balanced-service,Cucumber__Rotten,balanced
1786677287.264,18,predictions_total,balanced,balanced:8002,balanced-service,Cucumber__Rotten,balanced
1786677292.264,18,predictions_total,balanced,balanced:8002,balanced-service,Cucumber__Rotten,balanced
1786677297.264,18,predictions_total,balanced,balanced:8002,balanced-service,Cucumber__Rotten,balanced
1786677302.264,18,predictions_total,balanced,balanced:8002,balanced-service,Cucumber__Rotten,balanced
1786677307.264,18,predictions_total,balanced,balanced:8002,balanced-service,Cucumber__Rotten,balanced
1786677312.264,18,predictions_total,balanced,balanced:8002,balanced-service,Cucumber__Rotten,balanced
1786677317.264,18,predictions_total,balanced,balanced:8002,balanced-service,Cucumber__Rotten,balanced
1786677322.264,18,predictions_total,balanced,balanced:8002,balanced-service,Cucumber__Rotten,balanced
1786677327.264,18,predictions_total,balanced,balanced:8002,balanced-service,Cucumber__Rotten,balanced
1786677332.264,18,predictions_total,balanced,balanced:8002,balanced-service,Cucumber__Rotten,balanced
1786677337.264,18,predictions_total,balanced,balanced:8002,balanced-service,Cucumber__Rotten,balanced
1786677342.264,18,predictions_total,balanced,balanced:8002,balanced-service,Cucumber__Rotten,balanced
1786677347.264,18,predictions_total,balanced,balanced:8002,balanced-service,Cucumber__Rotten,balanced
1786677352.264,18,predictions_total,balanced,balanced:8002,balanced-service,Cucumber__Rotten,balanced
1786677357.264,18,predictions_total,balanced,balanced:8002,balanced-service,Cucumber__Rotten,balanced
1786677362.264,19,predictions_total,balanced,balanced:8002,balanced-service,Cucumber__Rotten,balanced
1786677367.264,19,predictions_total,balanced,balanced:8002,balanced-service,Cucumber__Rotten,balanced
1786677372.264,19,predictions_total,balanced,balanced:8002,balanced-service,Cucumber__Rotten,balanced
1786677377.264,20,predictions_total,balanced,balanced:8002,balanced-service,Cucumber__Rotten,balanced
1786677382.264,20,predictions_total,balanced,balanced:8002,balanced-service,Cucumber__Rotten,balanced
1786677387.264,20,predictions_total,balanced,balanced:8002,balanced-service,Cucumber__Rotten,balanced
1786677392.264,20,predictions_total,balanced,balanced:8002,balanced-service,Cucumber__Rotten,balanced
1786677397.264,20,predictions_total,balanced,balanced:8002,balanced-service,Cucumber__Rotten,balanced
1786677402.264,20,predictions_total,balanced,balanced:8002,balanced-service,Cucumber__Rotten,balanced
1786677407.264,20,predictions_total,balanced,balanced:8002,balanced-service,Cucumber__Rotten,balanced
1786677412.264,21,predictions_total,balanced,balanced:8002,balanced-service,Cucumber__Rotten,balanced
1786677417.264,21,predictions_total,balanced,balanced:8002,balanced-service,Cucumber__Rotten,balanced
1786677422.264,21,predictions_total,balanced,balanced:8002,balanced-service,Cucumber__Rotten,balanced
1786677427.264,21,predictions_total,balanced,balanced:8002,balanced-service,Cucumber__Rotten,balanced
1786677432.264,21,predictions_total,balanced,balanced:8002,balanced-service,Cucumber__Rotten,balanced
1786677437.264,21,predictions_total,balanced,balanced:8002,balanced-service,Cucumber__Rotten,balanced
1786677442.264,21,predictions_total,balanced,balanced:8002,balanced-service,Cucumber__Rotten,balanced
1786677447.264,21,predictions_total,balanced,balanced:8002,balanced-service,Cucumber__Rotten,balanced
1786676337.264,1,predictions_total,balanced,balanced:8002,balanced-service,Guava__Healthy,balanced
1786676342.264,1,predictions_total,balanced,balanced:8002,balanced-service,Guava__Healthy,balanced
1786676347.264,1,predictions_total,balanced,balanced:8002,balanced-service,Guava__Healthy,balanced
1786676352.264,2,predictions_total,balanced,balanced:8002,balanced-service,Guava__Healthy,balanced
1786676357.264,3,predictions_total,balanced,balanced:8002,balanced-service,Guava__Healthy,balanced
1786676362.264,4,predictions_total,balanced,balanced:8002,balanced-service,Guava__Healthy,balanced
1786676367.264,4,predictions_total,balanced,balanced:8002,balanced-service,Guava__Healthy,balanced
1786676372.264,4,predictions_total,balanced,balanced:8002,balanced-service,Guava__Healthy,balanced
1786676377.264,4,predictions_total,balanced,balanced:8002,balanced-service,Guava__Healthy,balanced
1786676382.264,5,predictions_total,balanced,balanced:8002,balanced-service,Guava__Healthy,balanced
1786676387.264,5,predictions_total,balanced,balanced:8002,balanced-service,Guava__Healthy,balanced
1786676392.264,5,predictions_total,balanced,balanced:8002,balanced-service,Guava__Healthy,balanced
1786676397.264,6,predictions_total,balanced,balanced:8002,balanced-service,Guava__Healthy,balanced
1786676402.264,6,predictions_total,balanced,balanced:8002,balanced-service,Guava__Healthy,balanced
1786676407.264,6,predictions_total,balanced,balanced:8002,balanced-service,Guava__Healthy,balanced
1786676412.264,6,predictions_total,balanced,balanced:8002,balanced-service,Guava__Healthy,balanced
1786676417.264,6,predictions_total,balanced,balanced:8002,balanced-service,Guava__Healthy,balanced
1786676422.264,6,predictions_total,balanced,balanced:8002,balanced-service,Guava__Healthy,balanced
1786676427.264,6,predictions_total,balanced,balanced:8002,balanced-service,Guava__Healthy,balanced
1786676432.264,6,predictions_total,balanced,balanced:8002,balanced-service,Guava__Healthy,balanced
1786676437.264,6,predictions_total,balanced,balanced:8002,balanced-service,Guava__Healthy,balanced
1786676442.264,6,predictions_total,balanced,balanced:8002,balanced-service,Guava__Healthy,balanced
1786676447.264,6,predictions_total,balanced,balanced:8002,balanced-service,Guava__Healthy,balanced
1786676452.264,6,predictions_total,balanced,balanced:8002,balanced-service,Guava__Healthy,balanced
1786676457.264,6,predictions_total,balanced,balanced:8002,balanced-service,Guava__Healthy,balanced
1786676462.264,6,predictions_total,balanced,balanced:8002,balanced-service,Guava__Healthy,balanced
1786676467.264,6,predictions_total,balanced,balanced:8002,balanced-service,Guava__Healthy,balanced
1786676472.264,6,predictions_total,balanced,balanced:8002,balanced-service,Guava__Healthy,balanced
1786676477.264,6,predictions_total,balanced,balanced:8002,balanced-service,Guava__Healthy,balanced
1786676482.264,6,predictions_total,balanced,balanced:8002,balanced-service,Guava__Healthy,balanced
1786676487.264,6,predictions_total,balanced,balanced:8002,balanced-service,Guava__Healthy,balanced
1786676492.264,6,predictions_total,balanced,balanced:8002,balanced-service,Guava__Healthy,balanced
1786676497.264,6,predictions_total,balanced,balanced:8002,balanced-service,Guava__Healthy,balanced
1786676502.264,6,predictions_total,balanced,balanced:8002,balanced-service,Guava__Healthy,balanced
1786676507.264,6,predictions_total,balanced,balanced:8002,balanced-service,Guava__Healthy,balanced
1786676512.264,6,predictions_total,balanced,balanced:8002,balanced-service,Guava__Healthy,balanced
1786676517.264,6,predictions_total,balanced,balanced:8002,balanced-service,Guava__Healthy,balanced
1786676522.264,6,predictions_total,balanced,balanced:8002,balanced-service,Guava__Healthy,balanced
1786676527.264,6,predictions_total,balanced,balanced:8002,balanced-service,Guava__Healthy,balanced
1786676532.264,6,predictions_total,balanced,balanced:8002,balanced-service,Guava__Healthy,balanced
1786676537.264,6,predictions_total,balanced,balanced:8002,balanced-service,Guava__Healthy,balanced
1786676542.264,6,predictions_total,balanced,balanced:8002,balanced-service,Guava__Healthy,balanced
1786676547.264,6,predictions_total,balanced,balanced:8002,balanced-service,Guava__Healthy,balanced
1786676552.264,6,predictions_total,balanced,balanced:8002,balanced-service,Guava__Healthy,balanced
1786676557.264,6,predictions_total,balanced,balanced:8002,balanced-service,Guava__Healthy,balanced
1786676562.264,6,predictions_total,balanced,balanced:8002,balanced-service,Guava__Healthy,balanced
1786676567.264,6,predictions_total,balanced,balanced:8002,balanced-service,Guava__Healthy,balanced
1786676572.264,6,predictions_total,balanced,balanced:8002,balanced-service,Guava__Healthy,balanced
1786676577.264,6,predictions_total,balanced,balanced:8002,balanced-service,Guava__Healthy,balanced
1786676582.264,6,predictions_total,balanced,balanced:8002,balanced-service,Guava__Healthy,balanced
1786676587.264,6,predictions_total,balanced,balanced:8002,balanced-service,Guava__Healthy,balanced
1786676592.264,6,predictions_total,balanced,balanced:8002,balanced-service,Guava__Healthy,balanced
1786676597.264,6,predictions_total,balanced,balanced:8002,balanced-service,Guava__Healthy,balanced
1786676602.264,6,predictions_total,balanced,balanced:8002,balanced-service,Guava__Healthy,balanced
1786676607.264,6,predictions_total,balanced,balanced:8002,balanced-service,Guava__Healthy,balanced
1786676612.264,6,predictions_total,balanced,balanced:8002,balanced-service,Guava__Healthy,balanced
1786676617.264,6,predictions_total,balanced,balanced:8002,balanced-service,Guava__Healthy,balanced
1786676622.264,6,predictions_total,balanced,balanced:8002,balanced-service,Guava__Healthy,balanced
1786676627.264,6,predictions_total,balanced,balanced:8002,balanced-service,Guava__Healthy,balanced
1786676632.264,6,predictions_total,balanced,balanced:8002,balanced-service,Guava__Healthy,balanced
1786676637.264,6,predictions_total,balanced,balanced:8002,balanced-service,Guava__Healthy,balanced
1786676642.264,6,predictions_total,balanced,balanced:8002,balanced-service,Guava__Healthy,balanced
1786676647.264,6,predictions_total,balanced,balanced:8002,balanced-service,Guava__Healthy,balanced
1786676652.264,6,predictions_total,balanced,balanced:8002,balanced-service,Guava__Healthy,balanced
1786676657.264,6,predictions_total,balanced,balanced:8002,balanced-service,Guava__Healthy,balanced
1786676662.264,6,predictions_total,balanced,balanced:8002,balanced-service,Guava__Healthy,balanced
1786676667.264,6,predictions_total,balanced,balanced:8002,balanced-service,Guava__Healthy,balanced
1786676672.264,6,predictions_total,balanced,balanced:8002,balanced-service,Guava__Healthy,balanced
1786676677.264,6,predictions_total,balanced,balanced:8002,balanced-service,Guava__Healthy,balanced
1786676682.264,6,predictions_total,balanced,balanced:8002,balanced-service,Guava__Healthy,balanced
1786676687.264,6,predictions_total,balanced,balanced:8002,balanced-service,Guava__Healthy,balanced
1786676692.264,6,predictions_total,balanced,balanced:8002,balanced-service,Guava__Healthy,balanced
1786676697.264,6,predictions_total,balanced,balanced:8002,balanced-service,Guava__Healthy,balanced
1786676702.264,6,predictions_total,balanced,balanced:8002,balanced-service,Guava__Healthy,balanced
1786676707.264,6,predictions_total,balanced,balanced:8002,balanced-service,Guava__Healthy,balanced
1786676712.264,6,predictions_total,balanced,balanced:8002,balanced-service,Guava__Healthy,balanced
1786676717.264,6,predictions_total,balanced,balanced:8002,balanced-service,Guava__Healthy,balanced
1786676722.264,6,predictions_total,balanced,balanced:8002,balanced-service,Guava__Healthy,balanced
1786676727.264,6,predictions_total,balanced,balanced:8002,balanced-service,Guava__Healthy,balanced
1786676732.264,6,predictions_total,balanced,balanced:8002,balanced-service,Guava__Healthy,balanced
1786676737.264,6,predictions_total,balanced,balanced:8002,balanced-service,Guava__Healthy,balanced
1786676742.264,6,predictions_total,balanced,balanced:8002,balanced-service,Guava__Healthy,balanced
1786676747.264,6,predictions_total,balanced,balanced:8002,balanced-service,Guava__Healthy,balanced
1786676752.264,6,predictions_total,balanced,balanced:8002,balanced-service,Guava__Healthy,balanced
1786676757.264,6,predictions_total,balanced,balanced:8002,balanced-service,Guava__Healthy,balanced
1786676762.264,6,predictions_total,balanced,balanced:8002,balanced-service,Guava__Healthy,balanced
1786676767.264,6,predictions_total,balanced,balanced:8002,balanced-service,Guava__Healthy,balanced
1786676772.264,6,predictions_total,balanced,balanced:8002,balanced-service,Guava__Healthy,balanced
1786676777.264,6,predictions_total,balanced,balanced:8002,balanced-service,Guava__Healthy,balanced
1786676782.264,6,predictions_total,balanced,balanced:8002,balanced-service,Guava__Healthy,balanced
1786676787.264,6,predictions_total,balanced,balanced:8002,balanced-service,Guava__Healthy,balanced
1786676792.264,6,predictions_total,balanced,balanced:8002,balanced-service,Guava__Healthy,balanced
1786676797.264,6,predictions_total,balanced,balanced:8002,balanced-service,Guava__Healthy,balanced
1786676802.264,6,predictions_total,balanced,balanced:8002,balanced-service,Guava__Healthy,balanced
1786676807.264,6,predictions_total,balanced,balanced:8002,balanced-service,Guava__Healthy,balanced
1786676812.264,7,predictions_total,balanced,balanced:8002,balanced-service,Guava__Healthy,balanced
1786676817.264,7,predictions_total,balanced,balanced:8002,balanced-service,Guava__Healthy,balanced
1786676822.264,7,predictions_total,balanced,balanced:8002,balanced-service,Guava__Healthy,balanced
1786676827.264,7,predictions_total,balanced,balanced:8002,balanced-service,Guava__Healthy,balanced
1786676832.264,7,predictions_total,balanced,balanced:8002,balanced-service,Guava__Healthy,balanced
1786676837.264,7,predictions_total,balanced,balanced:8002,balanced-service,Guava__Healthy,balanced
1786676842.264,7,predictions_total,balanced,balanced:8002,balanced-service,Guava__Healthy,balanced
1786676847.264,8,predictions_total,balanced,balanced:8002,balanced-service,Guava__Healthy,balanced
1786676852.264,8,predictions_total,balanced,balanced:8002,balanced-service,Guava__Healthy,balanced
1786676857.264,8,predictions_total,balanced,balanced:8002,balanced-service,Guava__Healthy,balanced
1786676862.264,8,predictions_total,balanced,balanced:8002,balanced-service,Guava__Healthy,balanced
1786676867.264,8,predictions_total,balanced,balanced:8002,balanced-service,Guava__Healthy,balanced
1786676872.264,8,predictions_total,balanced,balanced:8002,balanced-service,Guava__Healthy,balanced
1786676877.264,8,predictions_total,balanced,balanced:8002,balanced-service,Guava__Healthy,balanced
1786676882.264,8,predictions_total,balanced,balanced:8002,balanced-service,Guava__Healthy,balanced
1786676887.264,8,predictions_total,balanced,balanced:8002,balanced-service,Guava__Healthy,balanced
1786676892.264,8,predictions_total,balanced,balanced:8002,balanced-service,Guava__Healthy,balanced
1786676897.264,8,predictions_total,balanced,balanced:8002,balanced-service,Guava__Healthy,balanced
1786676902.264,8,predictions_total,balanced,balanced:8002,balanced-service,Guava__Healthy,balanced
1786676907.264,8,predictions_total,balanced,balanced:8002,balanced-service,Guava__Healthy,balanced
1786676912.264,8,predictions_total,balanced,balanced:8002,balanced-service,Guava__Healthy,balanced
1786676917.264,8,predictions_total,balanced,balanced:8002,balanced-service,Guava__Healthy,balanced
1786676922.264,8,predictions_total,balanced,balanced:8002,balanced-service,Guava__Healthy,balanced
1786676927.264,8,predictions_total,balanced,balanced:8002,balanced-service,Guava__Healthy,balanced
1786676932.264,8,predictions_total,balanced,balanced:8002,balanced-service,Guava__Healthy,balanced
1786676937.264,8,predictions_total,balanced,balanced:8002,balanced-service,Guava__Healthy,balanced
1786676942.264,8,predictions_total,balanced,balanced:8002,balanced-service,Guava__Healthy,balanced
1786676947.264,8,predictions_total,balanced,balanced:8002,balanced-service,Guava__Healthy,balanced
1786676952.264,8,predictions_total,balanced,balanced:8002,balanced-service,Guava__Healthy,balanced
1786676957.264,8,predictions_total,balanced,balanced:8002,balanced-service,Guava__Healthy,balanced
1786676962.264,8,predictions_total,balanced,balanced:8002,balanced-service,Guava__Healthy,balanced
1786676967.264,8,predictions_total,balanced,balanced:8002,balanced-service,Guava__Healthy,balanced
1786676972.264,8,predictions_total,balanced,balanced:8002,balanced-service,Guava__Healthy,balanced
1786676977.264,8,predictions_total,balanced,balanced:8002,balanced-service,Guava__Healthy,balanced
1786676982.264,8,predictions_total,balanced,balanced:8002,balanced-service,Guava__Healthy,balanced
1786676987.264,8,predictions_total,balanced,balanced:8002,balanced-service,Guava__Healthy,balanced
1786676992.264,8,predictions_total,balanced,balanced:8002,balanced-service,Guava__Healthy,balanced
1786676997.264,8,predictions_total,balanced,balanced:8002,balanced-service,Guava__Healthy,balanced
1786677002.264,8,predictions_total,balanced,balanced:8002,balanced-service,Guava__Healthy,balanced
1786677007.264,8,predictions_total,balanced,balanced:8002,balanced-service,Guava__Healthy,balanced
1786677012.264,8,predictions_total,balanced,balanced:8002,balanced-service,Guava__Healthy,balanced
1786677017.264,8,predictions_total,balanced,balanced:8002,balanced-service,Guava__Healthy,balanced
1786677022.264,8,predictions_total,balanced,balanced:8002,balanced-service,Guava__Healthy,balanced
1786677027.264,8,predictions_total,balanced,balanced:8002,balanced-service,Guava__Healthy,balanced
1786677032.264,8,predictions_total,balanced,balanced:8002,balanced-service,Guava__Healthy,balanced
1786677037.264,8,predictions_total,balanced,balanced:8002,balanced-service,Guava__Healthy,balanced
1786677042.264,8,predictions_total,balanced,balanced:8002,balanced-service,Guava__Healthy,balanced
1786677047.264,8,predictions_total,balanced,balanced:8002,balanced-service,Guava__Healthy,balanced
1786677052.264,8,predictions_total,balanced,balanced:8002,balanced-service,Guava__Healthy,balanced
1786677057.264,8,predictions_total,balanced,balanced:8002,balanced-service,Guava__Healthy,balanced
1786677062.264,8,predictions_total,balanced,balanced:8002,balanced-service,Guava__Healthy,balanced
1786677067.264,8,predictions_total,balanced,balanced:8002,balanced-service,Guava__Healthy,balanced
1786677072.264,8,predictions_total,balanced,balanced:8002,balanced-service,Guava__Healthy,balanced
1786677077.264,8,predictions_total,balanced,balanced:8002,balanced-service,Guava__Healthy,balanced
1786677082.264,8,predictions_total,balanced,balanced:8002,balanced-service,Guava__Healthy,balanced
1786677087.264,8,predictions_total,balanced,balanced:8002,balanced-service,Guava__Healthy,balanced
1786677092.264,8,predictions_total,balanced,balanced:8002,balanced-service,Guava__Healthy,balanced
1786677097.264,8,predictions_total,balanced,balanced:8002,balanced-service,Guava__Healthy,balanced
1786677102.264,8,predictions_total,balanced,balanced:8002,balanced-service,Guava__Healthy,balanced
1786677107.264,8,predictions_total,balanced,balanced:8002,balanced-service,Guava__Healthy,balanced
1786677112.264,8,predictions_total,balanced,balanced:8002,balanced-service,Guava__Healthy,balanced
1786677117.264,8,predictions_total,balanced,balanced:8002,balanced-service,Guava__Healthy,balanced
1786677122.264,8,predictions_total,balanced,balanced:8002,balanced-service,Guava__Healthy,balanced
1786677127.264,8,predictions_total,balanced,balanced:8002,balanced-service,Guava__Healthy,balanced
1786677132.264,8,predictions_total,balanced,balanced:8002,balanced-service,Guava__Healthy,balanced
1786677137.264,8,predictions_total,balanced,balanced:8002,balanced-service,Guava__Healthy,balanced
1786677142.264,8,predictions_total,balanced,balanced:8002,balanced-service,Guava__Healthy,balanced
1786677147.264,8,predictions_total,balanced,balanced:8002,balanced-service,Guava__Healthy,balanced
1786677152.264,8,predictions_total,balanced,balanced:8002,balanced-service,Guava__Healthy,balanced
1786677157.264,8,predictions_total,balanced,balanced:8002,balanced-service,Guava__Healthy,balanced
1786677162.264,8,predictions_total,balanced,balanced:8002,balanced-service,Guava__Healthy,balanced
1786677167.264,8,predictions_total,balanced,balanced:8002,balanced-service,Guava__Healthy,balanced
1786677172.264,8,predictions_total,balanced,balanced:8002,balanced-service,Guava__Healthy,balanced
1786677177.264,8,predictions_total,balanced,balanced:8002,balanced-service,Guava__Healthy,balanced
1786677182.264,8,predictions_total,balanced,balanced:8002,balanced-service,Guava__Healthy,balanced
1786677187.264,8,predictions_total,balanced,balanced:8002,balanced-service,Guava__Healthy,balanced
1786677192.264,8,predictions_total,balanced,balanced:8002,balanced-service,Guava__Healthy,balanced
1786677197.264,8,predictions_total,balanced,balanced:8002,balanced-service,Guava__Healthy,balanced
1786677202.264,8,predictions_total,balanced,balanced:8002,balanced-service,Guava__Healthy,balanced
1786677207.264,8,predictions_total,balanced,balanced:8002,balanced-service,Guava__Healthy,balanced
1786677212.264,8,predictions_total,balanced,balanced:8002,balanced-service,Guava__Healthy,balanced
1786677217.264,8,predictions_total,balanced,balanced:8002,balanced-service,Guava__Healthy,balanced
1786677222.264,8,predictions_total,balanced,balanced:8002,balanced-service,Guava__Healthy,balanced
1786677227.264,8,predictions_total,balanced,balanced:8002,balanced-service,Guava__Healthy,balanced
1786677232.264,8,predictions_total,balanced,balanced:8002,balanced-service,Guava__Healthy,balanced
1786677237.264,8,predictions_total,balanced,balanced:8002,balanced-service,Guava__Healthy,balanced
1786677242.264,8,predictions_total,balanced,balanced:8002,balanced-service,Guava__Healthy,balanced
1786677247.264,8,predictions_total,balanced,balanced:8002,balanced-service,Guava__Healthy,balanced
1786677252.264,8,predictions_total,balanced,balanced:8002,balanced-service,Guava__Healthy,balanced
1786677257.264,8,predictions_total,balanced,balanced:8002,balanced-service,Guava__Healthy,balanced
1786677262.264,8,predictions_total,balanced,balanced:8002,balanced-service,Guava__Healthy,balanced
1786677267.264,8,predictions_total,balanced,balanced:8002,balanced-service,Guava__Healthy,balanced
1786677272.264,8,predictions_total,balanced,balanced:8002,balanced-service,Guava__Healthy,balanced
1786677277.264,8,predictions_total,balanced,balanced:8002,balanced-service,Guava__Healthy,balanced
1786677282.264,8,predictions_total,balanced,balanced:8002,balanced-service,Guava__Healthy,balanced
1786677287.264,8,predictions_total,balanced,balanced:8002,balanced-service,Guava__Healthy,balanced
1786677292.264,8,predictions_total,balanced,balanced:8002,balanced-service,Guava__Healthy,balanced
1786677297.264,8,predictions_total,balanced,balanced:8002,balanced-service,Guava__Healthy,balanced
1786677302.264,8,predictions_total,balanced,balanced:8002,balanced-service,Guava__Healthy,balanced
1786677307.264,8,predictions_total,balanced,balanced:8002,balanced-service,Guava__Healthy,balanced
1786677312.264,8,predictions_total,balanced,balanced:8002,balanced-service,Guava__Healthy,balanced
1786677317.264,8,predictions_total,balanced,balanced:8002,balanced-service,Guava__Healthy,balanced
1786677322.264,8,predictions_total,balanced,balanced:8002,balanced-service,Guava__Healthy,balanced
1786677327.264,8,predictions_total,balanced,balanced:8002,balanced-service,Guava__Healthy,balanced
1786677332.264,8,predictions_total,balanced,balanced:8002,balanced-service,Guava__Healthy,balanced
1786677337.264,8,predictions_total,balanced,balanced:8002,balanced-service,Guava__Healthy,balanced
1786677342.264,8,predictions_total,balanced,balanced:8002,balanced-service,Guava__Healthy,balanced
1786677347.264,8,predictions_total,balanced,balanced:8002,balanced-service,Guava__Healthy,balanced
1786677352.264,8,predictions_total,balanced,balanced:8002,balanced-service,Guava__Healthy,balanced
1786677357.264,8,predictions_total,balanced,balanced:8002,balanced-service,Guava__Healthy,balanced
1786677362.264,8,predictions_total,balanced,balanced:8002,balanced-service,Guava__Healthy,balanced
1786677367.264,8,predictions_total,balanced,balanced:8002,balanced-service,Guava__Healthy,balanced
1786677372.264,8,predictions_total,balanced,balanced:8002,balanced-service,Guava__Healthy,balanced
1786677377.264,8,predictions_total,balanced,balanced:8002,balanced-service,Guava__Healthy,balanced
1786677382.264,8,predictions_total,balanced,balanced:8002,balanced-service,Guava__Healthy,balanced
1786677387.264,8,predictions_total,balanced,balanced:8002,balanced-service,Guava__Healthy,balanced
1786677392.264,9,predictions_total,balanced,balanced:8002,balanced-service,Guava__Healthy,balanced
1786677397.264,9,predictions_total,balanced,balanced:8002,balanced-service,Guava__Healthy,balanced
1786677402.264,9,predictions_total,balanced,balanced:8002,balanced-service,Guava__Healthy,balanced
1786677407.264,9,predictions_total,balanced,balanced:8002,balanced-service,Guava__Healthy,balanced
1786677412.264,9,predictions_total,balanced,balanced:8002,balanced-service,Guava__Healthy,balanced
1786677417.264,9,predictions_total,balanced,balanced:8002,balanced-service,Guava__Healthy,balanced
1786677422.264,9,predictions_total,balanced,balanced:8002,balanced-service,Guava__Healthy,balanced
1786677427.264,9,predictions_total,balanced,balanced:8002,balanced-service,Guava__Healthy,balanced
1786677432.264,9,predictions_total,balanced,balanced:8002,balanced-service,Guava__Healthy,balanced
1786677437.264,9,predictions_total,balanced,balanced:8002,balanced-service,Guava__Healthy,balanced
1786677442.264,9,predictions_total,balanced,balanced:8002,balanced-service,Guava__Healthy,balanced
1786677447.264,9,predictions_total,balanced,balanced:8002,balanced-service,Guava__Healthy,balanced
1786676352.264,1,predictions_total,balanced,balanced:8002,balanced-service,Guava__Rotten,balanced
1786676357.264,2,predictions_total,balanced,balanced:8002,balanced-service,Guava__Rotten,balanced
1786676362.264,2,predictions_total,balanced,balanced:8002,balanced-service,Guava__Rotten,balanced
1786676367.264,4,predictions_total,balanced,balanced:8002,balanced-service,Guava__Rotten,balanced
1786676372.264,4,predictions_total,balanced,balanced:8002,balanced-service,Guava__Rotten,balanced
1786676377.264,6,predictions_total,balanced,balanced:8002,balanced-service,Guava__Rotten,balanced
1786676382.264,6,predictions_total,balanced,balanced:8002,balanced-service,Guava__Rotten,balanced
1786676387.264,7,predictions_total,balanced,balanced:8002,balanced-service,Guava__Rotten,balanced
1786676392.264,8,predictions_total,balanced,balanced:8002,balanced-service,Guava__Rotten,balanced
1786676397.264,9,predictions_total,balanced,balanced:8002,balanced-service,Guava__Rotten,balanced
1786676402.264,9,predictions_total,balanced,balanced:8002,balanced-service,Guava__Rotten,balanced
1786676407.264,9,predictions_total,balanced,balanced:8002,balanced-service,Guava__Rotten,balanced
1786676412.264,9,predictions_total,balanced,balanced:8002,balanced-service,Guava__Rotten,balanced
1786676417.264,9,predictions_total,balanced,balanced:8002,balanced-service,Guava__Rotten,balanced
1786676422.264,9,predictions_total,balanced,balanced:8002,balanced-service,Guava__Rotten,balanced
1786676427.264,9,predictions_total,balanced,balanced:8002,balanced-service,Guava__Rotten,balanced
1786676432.264,9,predictions_total,balanced,balanced:8002,balanced-service,Guava__Rotten,balanced
1786676437.264,9,predictions_total,balanced,balanced:8002,balanced-service,Guava__Rotten,balanced
1786676442.264,9,predictions_total,balanced,balanced:8002,balanced-service,Guava__Rotten,balanced
1786676447.264,9,predictions_total,balanced,balanced:8002,balanced-service,Guava__Rotten,balanced
1786676452.264,9,predictions_total,balanced,balanced:8002,balanced-service,Guava__Rotten,balanced
1786676457.264,9,predictions_total,balanced,balanced:8002,balanced-service,Guava__Rotten,balanced
1786676462.264,9,predictions_total,balanced,balanced:8002,balanced-service,Guava__Rotten,balanced
1786676467.264,9,predictions_total,balanced,balanced:8002,balanced-service,Guava__Rotten,balanced
1786676472.264,9,predictions_total,balanced,balanced:8002,balanced-service,Guava__Rotten,balanced
1786676477.264,9,predictions_total,balanced,balanced:8002,balanced-service,Guava__Rotten,balanced
1786676482.264,9,predictions_total,balanced,balanced:8002,balanced-service,Guava__Rotten,balanced
1786676487.264,9,predictions_total,balanced,balanced:8002,balanced-service,Guava__Rotten,balanced
1786676492.264,9,predictions_total,balanced,balanced:8002,balanced-service,Guava__Rotten,balanced
1786676497.264,9,predictions_total,balanced,balanced:8002,balanced-service,Guava__Rotten,balanced
1786676502.264,9,predictions_total,balanced,balanced:8002,balanced-service,Guava__Rotten,balanced
1786676507.264,9,predictions_total,balanced,balanced:8002,balanced-service,Guava__Rotten,balanced
1786676512.264,9,predictions_total,balanced,balanced:8002,balanced-service,Guava__Rotten,balanced
1786676517.264,9,predictions_total,balanced,balanced:8002,balanced-service,Guava__Rotten,balanced
1786676522.264,9,predictions_total,balanced,balanced:8002,balanced-service,Guava__Rotten,balanced
1786676527.264,9,predictions_total,balanced,balanced:8002,balanced-service,Guava__Rotten,balanced
1786676532.264,9,predictions_total,balanced,balanced:8002,balanced-service,Guava__Rotten,balanced
1786676537.264,9,predictions_total,balanced,balanced:8002,balanced-service,Guava__Rotten,balanced
1786676542.264,9,predictions_total,balanced,balanced:8002,balanced-service,Guava__Rotten,balanced
1786676547.264,9,predictions_total,balanced,balanced:8002,balanced-service,Guava__Rotten,balanced
1786676552.264,9,predictions_total,balanced,balanced:8002,balanced-service,Guava__Rotten,balanced
1786676557.264,9,predictions_total,balanced,balanced:8002,balanced-service,Guava__Rotten,balanced
1786676562.264,9,predictions_total,balanced,balanced:8002,balanced-service,Guava__Rotten,balanced
1786676567.264,9,predictions_total,balanced,balanced:8002,balanced-service,Guava__Rotten,balanced
1786676572.264,9,predictions_total,balanced,balanced:8002,balanced-service,Guava__Rotten,balanced
1786676577.264,9,predictions_total,balanced,balanced:8002,balanced-service,Guava__Rotten,balanced
1786676582.264,9,predictions_total,balanced,balanced:8002,balanced-service,Guava__Rotten,balanced
1786676587.264,9,predictions_total,balanced,balanced:8002,balanced-service,Guava__Rotten,balanced
1786676592.264,9,predictions_total,balanced,balanced:8002,balanced-service,Guava__Rotten,balanced
1786676597.264,9,predictions_total,balanced,balanced:8002,balanced-service,Guava__Rotten,balanced
1786676602.264,9,predictions_total,balanced,balanced:8002,balanced-service,Guava__Rotten,balanced
1786676607.264,9,predictions_total,balanced,balanced:8002,balanced-service,Guava__Rotten,balanced
1786676612.264,9,predictions_total,balanced,balanced:8002,balanced-service,Guava__Rotten,balanced
1786676617.264,9,predictions_total,balanced,balanced:8002,balanced-service,Guava__Rotten,balanced
1786676622.264,9,predictions_total,balanced,balanced:8002,balanced-service,Guava__Rotten,balanced
1786676627.264,9,predictions_total,balanced,balanced:8002,balanced-service,Guava__Rotten,balanced
1786676632.264,9,predictions_total,balanced,balanced:8002,balanced-service,Guava__Rotten,balanced
1786676637.264,9,predictions_total,balanced,balanced:8002,balanced-service,Guava__Rotten,balanced
1786676642.264,9,predictions_total,balanced,balanced:8002,balanced-service,Guava__Rotten,balanced
1786676647.264,9,predictions_total,balanced,balanced:8002,balanced-service,Guava__Rotten,balanced
1786676652.264,9,predictions_total,balanced,balanced:8002,balanced-service,Guava__Rotten,balanced
1786676657.264,9,predictions_total,balanced,balanced:8002,balanced-service,Guava__Rotten,balanced
1786676662.264,9,predictions_total,balanced,balanced:8002,balanced-service,Guava__Rotten,balanced
1786676667.264,10,predictions_total,balanced,balanced:8002,balanced-service,Guava__Rotten,balanced
1786676672.264,10,predictions_total,balanced,balanced:8002,balanced-service,Guava__Rotten,balanced
1786676677.264,10,predictions_total,balanced,balanced:8002,balanced-service,Guava__Rotten,balanced
1786676682.264,11,predictions_total,balanced,balanced:8002,balanced-service,Guava__Rotten,balanced
1786676687.264,11,predictions_total,balanced,balanced:8002,balanced-service,Guava__Rotten,balanced
1786676692.264,11,predictions_total,balanced,balanced:8002,balanced-service,Guava__Rotten,balanced
1786676697.264,12,predictions_total,balanced,balanced:8002,balanced-service,Guava__Rotten,balanced
1786676702.264,12,predictions_total,balanced,balanced:8002,balanced-service,Guava__Rotten,balanced
1786676707.264,13,predictions_total,balanced,balanced:8002,balanced-service,Guava__Rotten,balanced
1786676712.264,13,predictions_total,balanced,balanced:8002,balanced-service,Guava__Rotten,balanced
1786676717.264,13,predictions_total,balanced,balanced:8002,balanced-service,Guava__Rotten,balanced
1786676722.264,13,predictions_total,balanced,balanced:8002,balanced-service,Guava__Rotten,balanced
1786676727.264,13,predictions_total,balanced,balanced:8002,balanced-service,Guava__Rotten,balanced
1786676732.264,13,predictions_total,balanced,balanced:8002,balanced-service,Guava__Rotten,balanced
1786676737.264,14,predictions_total,balanced,balanced:8002,balanced-service,Guava__Rotten,balanced
1786676742.264,14,predictions_total,balanced,balanced:8002,balanced-service,Guava__Rotten,balanced
1786676747.264,14,predictions_total,balanced,balanced:8002,balanced-service,Guava__Rotten,balanced
1786676752.264,14,predictions_total,balanced,balanced:8002,balanced-service,Guava__Rotten,balanced
1786676757.264,14,predictions_total,balanced,balanced:8002,balanced-service,Guava__Rotten,balanced
1786676762.264,14,predictions_total,balanced,balanced:8002,balanced-service,Guava__Rotten,balanced
1786676767.264,14,predictions_total,balanced,balanced:8002,balanced-service,Guava__Rotten,balanced
1786676772.264,15,predictions_total,balanced,balanced:8002,balanced-service,Guava__Rotten,balanced
1786676777.264,15,predictions_total,balanced,balanced:8002,balanced-service,Guava__Rotten,balanced
1786676782.264,15,predictions_total,balanced,balanced:8002,balanced-service,Guava__Rotten,balanced
1786676787.264,15,predictions_total,balanced,balanced:8002,balanced-service,Guava__Rotten,balanced
1786676792.264,15,predictions_total,balanced,balanced:8002,balanced-service,Guava__Rotten,balanced
1786676797.264,15,predictions_total,balanced,balanced:8002,balanced-service,Guava__Rotten,balanced
1786676802.264,15,predictions_total,balanced,balanced:8002,balanced-service,Guava__Rotten,balanced
1786676807.264,15,predictions_total,balanced,balanced:8002,balanced-service,Guava__Rotten,balanced
1786676812.264,16,predictions_total,balanced,balanced:8002,balanced-service,Guava__Rotten,balanced
1786676817.264,18,predictions_total,balanced,balanced:8002,balanced-service,Guava__Rotten,balanced
1786676822.264,19,predictions_total,balanced,balanced:8002,balanced-service,Guava__Rotten,balanced
1786676827.264,19,predictions_total,balanced,balanced:8002,balanced-service,Guava__Rotten,balanced
1786676832.264,19,predictions_total,balanced,balanced:8002,balanced-service,Guava__Rotten,balanced
1786676837.264,19,predictions_total,balanced,balanced:8002,balanced-service,Guava__Rotten,balanced
1786676842.264,19,predictions_total,balanced,balanced:8002,balanced-service,Guava__Rotten,balanced
1786676847.264,19,predictions_total,balanced,balanced:8002,balanced-service,Guava__Rotten,balanced
1786676852.264,19,predictions_total,balanced,balanced:8002,balanced-service,Guava__Rotten,balanced
1786676857.264,19,predictions_total,balanced,balanced:8002,balanced-service,Guava__Rotten,balanced
1786676862.264,20,predictions_total,balanced,balanced:8002,balanced-service,Guava__Rotten,balanced
1786676867.264,20,predictions_total,balanced,balanced:8002,balanced-service,Guava__Rotten,balanced
1786676872.264,20,predictions_total,balanced,balanced:8002,balanced-service,Guava__Rotten,balanced
1786676877.264,20,predictions_total,balanced,balanced:8002,balanced-service,Guava__Rotten,balanced
1786676882.264,20,predictions_total,balanced,balanced:8002,balanced-service,Guava__Rotten,balanced
1786676887.264,20,predictions_total,balanced,balanced:8002,balanced-service,Guava__Rotten,balanced
1786676892.264,20,predictions_total,balanced,balanced:8002,balanced-service,Guava__Rotten,balanced
1786676897.264,20,predictions_total,balanced,balanced:8002,balanced-service,Guava__Rotten,balanced
1786676902.264,20,predictions_total,balanced,balanced:8002,balanced-service,Guava__Rotten,balanced
1786676907.264,20,predictions_total,balanced,balanced:8002,balanced-service,Guava__Rotten,balanced
1786676912.264,20,predictions_total,balanced,balanced:8002,balanced-service,Guava__Rotten,balanced
1786676917.264,20,predictions_total,balanced,balanced:8002,balanced-service,Guava__Rotten,balanced
1786676922.264,20,predictions_total,balanced,balanced:8002,balanced-service,Guava__Rotten,balanced
1786676927.264,20,predictions_total,balanced,balanced:8002,balanced-service,Guava__Rotten,balanced
1786676932.264,20,predictions_total,balanced,balanced:8002,balanced-service,Guava__Rotten,balanced
1786676937.264,20,predictions_total,balanced,balanced:8002,balanced-service,Guava__Rotten,balanced
1786676942.264,20,predictions_total,balanced,balanced:8002,balanced-service,Guava__Rotten,balanced
1786676947.264,20,predictions_total,balanced,balanced:8002,balanced-service,Guava__Rotten,balanced
1786676952.264,20,predictions_total,balanced,balanced:8002,balanced-service,Guava__Rotten,balanced
1786676957.264,20,predictions_total,balanced,balanced:8002,balanced-service,Guava__Rotten,balanced
1786676962.264,20,predictions_total,balanced,balanced:8002,balanced-service,Guava__Rotten,balanced
1786676967.264,20,predictions_total,balanced,balanced:8002,balanced-service,Guava__Rotten,balanced
1786676972.264,20,predictions_total,balanced,balanced:8002,balanced-service,Guava__Rotten,balanced
1786676977.264,20,predictions_total,balanced,balanced:8002,balanced-service,Guava__Rotten,balanced
1786676982.264,20,predictions_total,balanced,balanced:8002,balanced-service,Guava__Rotten,balanced
1786676987.264,20,predictions_total,balanced,balanced:8002,balanced-service,Guava__Rotten,balanced
1786676992.264,20,predictions_total,balanced,balanced:8002,balanced-service,Guava__Rotten,balanced
1786676997.264,20,predictions_total,balanced,balanced:8002,balanced-service,Guava__Rotten,balanced
1786677002.264,20,predictions_total,balanced,balanced:8002,balanced-service,Guava__Rotten,balanced
1786677007.264,20,predictions_total,balanced,balanced:8002,balanced-service,Guava__Rotten,balanced
1786677012.264,20,predictions_total,balanced,balanced:8002,balanced-service,Guava__Rotten,balanced
1786677017.264,20,predictions_total,balanced,balanced:8002,balanced-service,Guava__Rotten,balanced
1786677022.264,20,predictions_total,balanced,balanced:8002,balanced-service,Guava__Rotten,balanced
1786677027.264,20,predictions_total,balanced,balanced:8002,balanced-service,Guava__Rotten,balanced
1786677032.264,20,predictions_total,balanced,balanced:8002,balanced-service,Guava__Rotten,balanced
1786677037.264,20,predictions_total,balanced,balanced:8002,balanced-service,Guava__Rotten,balanced
1786677042.264,20,predictions_total,balanced,balanced:8002,balanced-service,Guava__Rotten,balanced
1786677047.264,20,predictions_total,balanced,balanced:8002,balanced-service,Guava__Rotten,balanced
1786677052.264,20,predictions_total,balanced,balanced:8002,balanced-service,Guava__Rotten,balanced
1786677057.264,20,predictions_total,balanced,balanced:8002,balanced-service,Guava__Rotten,balanced
1786677062.264,20,predictions_total,balanced,balanced:8002,balanced-service,Guava__Rotten,balanced
1786677067.264,20,predictions_total,balanced,balanced:8002,balanced-service,Guava__Rotten,balanced
1786677072.264,20,predictions_total,balanced,balanced:8002,balanced-service,Guava__Rotten,balanced
1786677077.264,20,predictions_total,balanced,balanced:8002,balanced-service,Guava__Rotten,balanced
1786677082.264,20,predictions_total,balanced,balanced:8002,balanced-service,Guava__Rotten,balanced
1786677087.264,20,predictions_total,balanced,balanced:8002,balanced-service,Guava__Rotten,balanced
1786677092.264,20,predictions_total,balanced,balanced:8002,balanced-service,Guava__Rotten,balanced
1786677097.264,20,predictions_total,balanced,balanced:8002,balanced-service,Guava__Rotten,balanced
1786677102.264,20,predictions_total,balanced,balanced:8002,balanced-service,Guava__Rotten,balanced
1786677107.264,20,predictions_total,balanced,balanced:8002,balanced-service,Guava__Rotten,balanced
1786677112.264,20,predictions_total,balanced,balanced:8002,balanced-service,Guava__Rotten,balanced
1786677117.264,20,predictions_total,balanced,balanced:8002,balanced-service,Guava__Rotten,balanced
1786677122.264,20,predictions_total,balanced,balanced:8002,balanced-service,Guava__Rotten,balanced
1786677127.264,20,predictions_total,balanced,balanced:8002,balanced-service,Guava__Rotten,balanced
1786677132.264,20,predictions_total,balanced,balanced:8002,balanced-service,Guava__Rotten,balanced
1786677137.264,20,predictions_total,balanced,balanced:8002,balanced-service,Guava__Rotten,balanced
1786677142.264,20,predictions_total,balanced,balanced:8002,balanced-service,Guava__Rotten,balanced
1786677147.264,20,predictions_total,balanced,balanced:8002,balanced-service,Guava__Rotten,balanced
1786677152.264,20,predictions_total,balanced,balanced:8002,balanced-service,Guava__Rotten,balanced
1786677157.264,20,predictions_total,balanced,balanced:8002,balanced-service,Guava__Rotten,balanced
1786677162.264,20,predictions_total,balanced,balanced:8002,balanced-service,Guava__Rotten,balanced
1786677167.264,20,predictions_total,balanced,balanced:8002,balanced-service,Guava__Rotten,balanced
1786677172.264,20,predictions_total,balanced,balanced:8002,balanced-service,Guava__Rotten,balanced
1786677177.264,20,predictions_total,balanced,balanced:8002,balanced-service,Guava__Rotten,balanced
1786677182.264,20,predictions_total,balanced,balanced:8002,balanced-service,Guava__Rotten,balanced
1786677187.264,20,predictions_total,balanced,balanced:8002,balanced-service,Guava__Rotten,balanced
1786677192.264,20,predictions_total,balanced,balanced:8002,balanced-service,Guava__Rotten,balanced
1786677197.264,20,predictions_total,balanced,balanced:8002,balanced-service,Guava__Rotten,balanced
1786677202.264,20,predictions_total,balanced,balanced:8002,balanced-service,Guava__Rotten,balanced
1786677207.264,20,predictions_total,balanced,balanced:8002,balanced-service,Guava__Rotten,balanced
1786677212.264,20,predictions_total,balanced,balanced:8002,balanced-service,Guava__Rotten,balanced
1786677217.264,20,predictions_total,balanced,balanced:8002,balanced-service,Guava__Rotten,balanced
1786677222.264,20,predictions_total,balanced,balanced:8002,balanced-service,Guava__Rotten,balanced
1786677227.264,20,predictions_total,balanced,balanced:8002,balanced-service,Guava__Rotten,balanced
1786677232.264,20,predictions_total,balanced,balanced:8002,balanced-service,Guava__Rotten,balanced
1786677237.264,20,predictions_total,balanced,balanced:8002,balanced-service,Guava__Rotten,balanced
1786677242.264,23,predictions_total,balanced,balanced:8002,balanced-service,Guava__Rotten,balanced
1786677247.264,24,predictions_total,balanced,balanced:8002,balanced-service,Guava__Rotten,balanced
1786677252.264,25,predictions_total,balanced,balanced:8002,balanced-service,Guava__Rotten,balanced
1786677257.264,25,predictions_total,balanced,balanced:8002,balanced-service,Guava__Rotten,balanced
1786677262.264,26,predictions_total,balanced,balanced:8002,balanced-service,Guava__Rotten,balanced
1786677267.264,26,predictions_total,balanced,balanced:8002,balanced-service,Guava__Rotten,balanced
1786677272.264,26,predictions_total,balanced,balanced:8002,balanced-service,Guava__Rotten,balanced
1786677277.264,26,predictions_total,balanced,balanced:8002,balanced-service,Guava__Rotten,balanced
1786677282.264,26,predictions_total,balanced,balanced:8002,balanced-service,Guava__Rotten,balanced
1786677287.264,26,predictions_total,balanced,balanced:8002,balanced-service,Guava__Rotten,balanced
1786677292.264,26,predictions_total,balanced,balanced:8002,balanced-service,Guava__Rotten,balanced
1786677297.264,26,predictions_total,balanced,balanced:8002,balanced-service,Guava__Rotten,balanced
1786677302.264,26,predictions_total,balanced,balanced:8002,balanced-service,Guava__Rotten,balanced
1786677307.264,26,predictions_total,balanced,balanced:8002,balanced-service,Guava__Rotten,balanced
1786677312.264,26,predictions_total,balanced,balanced:8002,balanced-service,Guava__Rotten,balanced
1786677317.264,26,predictions_total,balanced,balanced:8002,balanced-service,Guava__Rotten,balanced
1786677322.264,26,predictions_total,balanced,balanced:8002,balanced-service,Guava__Rotten,balanced
1786677327.264,26,predictions_total,balanced,balanced:8002,balanced-service,Guava__Rotten,balanced
1786677332.264,26,predictions_total,balanced,balanced:8002,balanced-service,Guava__Rotten,balanced
1786677337.264,29,predictions_total,balanced,balanced:8002,balanced-service,Guava__Rotten,balanced
1786677342.264,29,predictions_total,balanced,balanced:8002,balanced-service,Guava__Rotten,balanced
1786677347.264,29,predictions_total,balanced,balanced:8002,balanced-service,Guava__Rotten,balanced
1786677352.264,29,predictions_total,balanced,balanced:8002,balanced-service,Guava__Rotten,balanced
1786677357.264,29,predictions_total,balanced,balanced:8002,balanced-service,Guava__Rotten,balanced
1786677362.264,29,predictions_total,balanced,balanced:8002,balanced-service,Guava__Rotten,balanced
1786677367.264,31,predictions_total,balanced,balanced:8002,balanced-service,Guava__Rotten,balanced
1786677372.264,31,predictions_total,balanced,balanced:8002,balanced-service,Guava__Rotten,balanced
1786677377.264,31,predictions_total,balanced,balanced:8002,balanced-service,Guava__Rotten,balanced
1786677382.264,31,predictions_total,balanced,balanced:8002,balanced-service,Guava__Rotten,balanced
1786677387.264,31,predictions_total,balanced,balanced:8002,balanced-service,Guava__Rotten,balanced
1786677392.264,33,predictions_total,balanced,balanced:8002,balanced-service,Guava__Rotten,balanced
1786677397.264,33,predictions_total,balanced,balanced:8002,balanced-service,Guava__Rotten,balanced
1786677402.264,33,predictions_total,balanced,balanced:8002,balanced-service,Guava__Rotten,balanced
1786677407.264,33,predictions_total,balanced,balanced:8002,balanced-service,Guava__Rotten,balanced
1786677412.264,33,predictions_total,balanced,balanced:8002,balanced-service,Guava__Rotten,balanced
1786677417.264,33,predictions_total,balanced,balanced:8002,balanced-service,Guava__Rotten,balanced
1786677422.264,33,predictions_total,balanced,balanced:8002,balanced-service,Guava__Rotten,balanced
1786677427.264,33,predictions_total,balanced,balanced:8002,balanced-service,Guava__Rotten,balanced
1786677432.264,33,predictions_total,balanced,balanced:8002,balanced-service,Guava__Rotten,balanced
1786677437.264,33,predictions_total,balanced,balanced:8002,balanced-service,Guava__Rotten,balanced
1786677442.264,33,predictions_total,balanced,balanced:8002,balanced-service,Guava__Rotten,balanced
1786677447.264,33,predictions_total,balanced,balanced:8002,balanced-service,Guava__Rotten,balanced
1786676352.264,1,predictions_total,balanced,balanced:8002,balanced-service,Jujube__Healthy,balanced
1786676357.264,1,predictions_total,balanced,balanced:8002,balanced-service,Jujube__Healthy,balanced
1786676362.264,2,predictions_total,balanced,balanced:8002,balanced-service,Jujube__Healthy,balanced
1786676367.264,3,predictions_total,balanced,balanced:8002,balanced-service,Jujube__Healthy,balanced
1786676372.264,4,predictions_total,balanced,balanced:8002,balanced-service,Jujube__Healthy,balanced
1786676377.264,4,predictions_total,balanced,balanced:8002,balanced-service,Jujube__Healthy,balanced
1786676382.264,4,predictions_total,balanced,balanced:8002,balanced-service,Jujube__Healthy,balanced
1786676387.264,5,predictions_total,balanced,balanced:8002,balanced-service,Jujube__Healthy,balanced
1786676392.264,6,predictions_total,balanced,balanced:8002,balanced-service,Jujube__Healthy,balanced
1786676397.264,8,predictions_total,balanced,balanced:8002,balanced-service,Jujube__Healthy,balanced
1786676402.264,8,predictions_total,balanced,balanced:8002,balanced-service,Jujube__Healthy,balanced
1786676407.264,8,predictions_total,balanced,balanced:8002,balanced-service,Jujube__Healthy,balanced
1786676412.264,8,predictions_total,balanced,balanced:8002,balanced-service,Jujube__Healthy,balanced
1786676417.264,8,predictions_total,balanced,balanced:8002,balanced-service,Jujube__Healthy,balanced
1786676422.264,8,predictions_total,balanced,balanced:8002,balanced-service,Jujube__Healthy,balanced
1786676427.264,8,predictions_total,balanced,balanced:8002,balanced-service,Jujube__Healthy,balanced
1786676432.264,8,predictions_total,balanced,balanced:8002,balanced-service,Jujube__Healthy,balanced
1786676437.264,8,predictions_total,balanced,balanced:8002,balanced-service,Jujube__Healthy,balanced
1786676442.264,8,predictions_total,balanced,balanced:8002,balanced-service,Jujube__Healthy,balanced
1786676447.264,8,predictions_total,balanced,balanced:8002,balanced-service,Jujube__Healthy,balanced
1786676452.264,8,predictions_total,balanced,balanced:8002,balanced-service,Jujube__Healthy,balanced
1786676457.264,8,predictions_total,balanced,balanced:8002,balanced-service,Jujube__Healthy,balanced
1786676462.264,8,predictions_total,balanced,balanced:8002,balanced-service,Jujube__Healthy,balanced
1786676467.264,8,predictions_total,balanced,balanced:8002,balanced-service,Jujube__Healthy,balanced
1786676472.264,8,predictions_total,balanced,balanced:8002,balanced-service,Jujube__Healthy,balanced
1786676477.264,8,predictions_total,balanced,balanced:8002,balanced-service,Jujube__Healthy,balanced
1786676482.264,8,predictions_total,balanced,balanced:8002,balanced-service,Jujube__Healthy,balanced
1786676487.264,8,predictions_total,balanced,balanced:8002,balanced-service,Jujube__Healthy,balanced
1786676492.264,8,predictions_total,balanced,balanced:8002,balanced-service,Jujube__Healthy,balanced
1786676497.264,8,predictions_total,balanced,balanced:8002,balanced-service,Jujube__Healthy,balanced
1786676502.264,8,predictions_total,balanced,balanced:8002,balanced-service,Jujube__Healthy,balanced
1786676507.264,8,predictions_total,balanced,balanced:8002,balanced-service,Jujube__Healthy,balanced
1786676512.264,8,predictions_total,balanced,balanced:8002,balanced-service,Jujube__Healthy,balanced
1786676517.264,8,predictions_total,balanced,balanced:8002,balanced-service,Jujube__Healthy,balanced
1786676522.264,8,predictions_total,balanced,balanced:8002,balanced-service,Jujube__Healthy,balanced
1786676527.264,8,predictions_total,balanced,balanced:8002,balanced-service,Jujube__Healthy,balanced
1786676532.264,8,predictions_total,balanced,balanced:8002,balanced-service,Jujube__Healthy,balanced
1786676537.264,8,predictions_total,balanced,balanced:8002,balanced-service,Jujube__Healthy,balanced
1786676542.264,8,predictions_total,balanced,balanced:8002,balanced-service,Jujube__Healthy,balanced
1786676547.264,8,predictions_total,balanced,balanced:8002,balanced-service,Jujube__Healthy,balanced
1786676552.264,8,predictions_total,balanced,balanced:8002,balanced-service,Jujube__Healthy,balanced
1786676557.264,8,predictions_total,balanced,balanced:8002,balanced-service,Jujube__Healthy,balanced
1786676562.264,8,predictions_total,balanced,balanced:8002,balanced-service,Jujube__Healthy,balanced
1786676567.264,8,predictions_total,balanced,balanced:8002,balanced-service,Jujube__Healthy,balanced
1786676572.264,8,predictions_total,balanced,balanced:8002,balanced-service,Jujube__Healthy,balanced
1786676577.264,8,predictions_total,balanced,balanced:8002,balanced-service,Jujube__Healthy,balanced
1786676582.264,8,predictions_total,balanced,balanced:8002,balanced-service,Jujube__Healthy,balanced
1786676587.264,8,predictions_total,balanced,balanced:8002,balanced-service,Jujube__Healthy,balanced
1786676592.264,8,predictions_total,balanced,balanced:8002,balanced-service,Jujube__Healthy,balanced
1786676597.264,8,predictions_total,balanced,balanced:8002,balanced-service,Jujube__Healthy,balanced
1786676602.264,8,predictions_total,balanced,balanced:8002,balanced-service,Jujube__Healthy,balanced
1786676607.264,8,predictions_total,balanced,balanced:8002,balanced-service,Jujube__Healthy,balanced
1786676612.264,8,predictions_total,balanced,balanced:8002,balanced-service,Jujube__Healthy,balanced
1786676617.264,8,predictions_total,balanced,balanced:8002,balanced-service,Jujube__Healthy,balanced
1786676622.264,8,predictions_total,balanced,balanced:8002,balanced-service,Jujube__Healthy,balanced
1786676627.264,8,predictions_total,balanced,balanced:8002,balanced-service,Jujube__Healthy,balanced
1786676632.264,8,predictions_total,balanced,balanced:8002,balanced-service,Jujube__Healthy,balanced
1786676637.264,8,predictions_total,balanced,balanced:8002,balanced-service,Jujube__Healthy,balanced
1786676642.264,8,predictions_total,balanced,balanced:8002,balanced-service,Jujube__Healthy,balanced
1786676647.264,8,predictions_total,balanced,balanced:8002,balanced-service,Jujube__Healthy,balanced
1786676652.264,8,predictions_total,balanced,balanced:8002,balanced-service,Jujube__Healthy,balanced
1786676657.264,8,predictions_total,balanced,balanced:8002,balanced-service,Jujube__Healthy,balanced
1786676662.264,8,predictions_total,balanced,balanced:8002,balanced-service,Jujube__Healthy,balanced
1786676667.264,8,predictions_total,balanced,balanced:8002,balanced-service,Jujube__Healthy,balanced
1786676672.264,8,predictions_total,balanced,balanced:8002,balanced-service,Jujube__Healthy,balanced
1786676677.264,8,predictions_total,balanced,balanced:8002,balanced-service,Jujube__Healthy,balanced
1786676682.264,8,predictions_total,balanced,balanced:8002,balanced-service,Jujube__Healthy,balanced
1786676687.264,8,predictions_total,balanced,balanced:8002,balanced-service,Jujube__Healthy,balanced
1786676692.264,8,predictions_total,balanced,balanced:8002,balanced-service,Jujube__Healthy,balanced
1786676697.264,8,predictions_total,balanced,balanced:8002,balanced-service,Jujube__Healthy,balanced
1786676702.264,8,predictions_total,balanced,balanced:8002,balanced-service,Jujube__Healthy,balanced
1786676707.264,8,predictions_total,balanced,balanced:8002,balanced-service,Jujube__Healthy,balanced
1786676712.264,8,predictions_total,balanced,balanced:8002,balanced-service,Jujube__Healthy,balanced
1786676717.264,8,predictions_total,balanced,balanced:8002,balanced-service,Jujube__Healthy,balanced
1786676722.264,8,predictions_total,balanced,balanced:8002,balanced-service,Jujube__Healthy,balanced
1786676727.264,8,predictions_total,balanced,balanced:8002,balanced-service,Jujube__Healthy,balanced
1786676732.264,8,predictions_total,balanced,balanced:8002,balanced-service,Jujube__Healthy,balanced
1786676737.264,8,predictions_total,balanced,balanced:8002,balanced-service,Jujube__Healthy,balanced
1786676742.264,8,predictions_total,balanced,balanced:8002,balanced-service,Jujube__Healthy,balanced
1786676747.264,8,predictions_total,balanced,balanced:8002,balanced-service,Jujube__Healthy,balanced
1786676752.264,8,predictions_total,balanced,balanced:8002,balanced-service,Jujube__Healthy,balanced
1786676757.264,8,predictions_total,balanced,balanced:8002,balanced-service,Jujube__Healthy,balanced
1786676762.264,8,predictions_total,balanced,balanced:8002,balanced-service,Jujube__Healthy,balanced
1786676767.264,9,predictions_total,balanced,balanced:8002,balanced-service,Jujube__Healthy,balanced
1786676772.264,9,predictions_total,balanced,balanced:8002,balanced-service,Jujube__Healthy,balanced
1786676777.264,9,predictions_total,balanced,balanced:8002,balanced-service,Jujube__Healthy,balanced
1786676782.264,10,predictions_total,balanced,balanced:8002,balanced-service,Jujube__Healthy,balanced
1786676787.264,10,predictions_total,balanced,balanced:8002,balanced-service,Jujube__Healthy,balanced
1786676792.264,10,predictions_total,balanced,balanced:8002,balanced-service,Jujube__Healthy,balanced
1786676797.264,10,predictions_total,balanced,balanced:8002,balanced-service,Jujube__Healthy,balanced
1786676802.264,11,predictions_total,balanced,balanced:8002,balanced-service,Jujube__Healthy,balanced
1786676807.264,11,predictions_total,balanced,balanced:8002,balanced-service,Jujube__Healthy,balanced
1786676812.264,11,predictions_total,balanced,balanced:8002,balanced-service,Jujube__Healthy,balanced
1786676817.264,11,predictions_total,balanced,balanced:8002,balanced-service,Jujube__Healthy,balanced
1786676822.264,12,predictions_total,balanced,balanced:8002,balanced-service,Jujube__Healthy,balanced
1786676827.264,12,predictions_total,balanced,balanced:8002,balanced-service,Jujube__Healthy,balanced
1786676832.264,12,predictions_total,balanced,balanced:8002,balanced-service,Jujube__Healthy,balanced
1786676837.264,13,predictions_total,balanced,balanced:8002,balanced-service,Jujube__Healthy,balanced
1786676842.264,13,predictions_total,balanced,balanced:8002,balanced-service,Jujube__Healthy,balanced
1786676847.264,13,predictions_total,balanced,balanced:8002,balanced-service,Jujube__Healthy,balanced
1786676852.264,15,predictions_total,balanced,balanced:8002,balanced-service,Jujube__Healthy,balanced
1786676857.264,15,predictions_total,balanced,balanced:8002,balanced-service,Jujube__Healthy,balanced
1786676862.264,17,predictions_total,balanced,balanced:8002,balanced-service,Jujube__Healthy,balanced
1786676867.264,17,predictions_total,balanced,balanced:8002,balanced-service,Jujube__Healthy,balanced
1786676872.264,17,predictions_total,balanced,balanced:8002,balanced-service,Jujube__Healthy,balanced
1786676877.264,17,predictions_total,balanced,balanced:8002,balanced-service,Jujube__Healthy,balanced
1786676882.264,17,predictions_total,balanced,balanced:8002,balanced-service,Jujube__Healthy,balanced
1786676887.264,17,predictions_total,balanced,balanced:8002,balanced-service,Jujube__Healthy,balanced
1786676892.264,17,predictions_total,balanced,balanced:8002,balanced-service,Jujube__Healthy,balanced
1786676897.264,17,predictions_total,balanced,balanced:8002,balanced-service,Jujube__Healthy,balanced
1786676902.264,17,predictions_total,balanced,balanced:8002,balanced-service,Jujube__Healthy,balanced
1786676907.264,17,predictions_total,balanced,balanced:8002,balanced-service,Jujube__Healthy,balanced
1786676912.264,17,predictions_total,balanced,balanced:8002,balanced-service,Jujube__Healthy,balanced
1786676917.264,17,predictions_total,balanced,balanced:8002,balanced-service,Jujube__Healthy,balanced
1786676922.264,17,predictions_total,balanced,balanced:8002,balanced-service,Jujube__Healthy,balanced
1786676927.264,17,predictions_total,balanced,balanced:8002,balanced-service,Jujube__Healthy,balanced
1786676932.264,17,predictions_total,balanced,balanced:8002,balanced-service,Jujube__Healthy,balanced
1786676937.264,17,predictions_total,balanced,balanced:8002,balanced-service,Jujube__Healthy,balanced
1786676942.264,17,predictions_total,balanced,balanced:8002,balanced-service,Jujube__Healthy,balanced
1786676947.264,17,predictions_total,balanced,balanced:8002,balanced-service,Jujube__Healthy,balanced
1786676952.264,17,predictions_total,balanced,balanced:8002,balanced-service,Jujube__Healthy,balanced
1786676957.264,17,predictions_total,balanced,balanced:8002,balanced-service,Jujube__Healthy,balanced
1786676962.264,17,predictions_total,balanced,balanced:8002,balanced-service,Jujube__Healthy,balanced
1786676967.264,17,predictions_total,balanced,balanced:8002,balanced-service,Jujube__Healthy,balanced
1786676972.264,17,predictions_total,balanced,balanced:8002,balanced-service,Jujube__Healthy,balanced
1786676977.264,17,predictions_total,balanced,balanced:8002,balanced-service,Jujube__Healthy,balanced
1786676982.264,17,predictions_total,balanced,balanced:8002,balanced-service,Jujube__Healthy,balanced
1786676987.264,17,predictions_total,balanced,balanced:8002,balanced-service,Jujube__Healthy,balanced
1786676992.264,17,predictions_total,balanced,balanced:8002,balanced-service,Jujube__Healthy,balanced
1786676997.264,17,predictions_total,balanced,balanced:8002,balanced-service,Jujube__Healthy,balanced
1786677002.264,17,predictions_total,balanced,balanced:8002,balanced-service,Jujube__Healthy,balanced
1786677007.264,17,predictions_total,balanced,balanced:8002,balanced-service,Jujube__Healthy,balanced
1786677012.264,17,predictions_total,balanced,balanced:8002,balanced-service,Jujube__Healthy,balanced
1786677017.264,17,predictions_total,balanced,balanced:8002,balanced-service,Jujube__Healthy,balanced
1786677022.264,17,predictions_total,balanced,balanced:8002,balanced-service,Jujube__Healthy,balanced
1786677027.264,17,predictions_total,balanced,balanced:8002,balanced-service,Jujube__Healthy,balanced
1786677032.264,17,predictions_total,balanced,balanced:8002,balanced-service,Jujube__Healthy,balanced
1786677037.264,17,predictions_total,balanced,balanced:8002,balanced-service,Jujube__Healthy,balanced
1786677042.264,17,predictions_total,balanced,balanced:8002,balanced-service,Jujube__Healthy,balanced
1786677047.264,17,predictions_total,balanced,balanced:8002,balanced-service,Jujube__Healthy,balanced
1786677052.264,17,predictions_total,balanced,balanced:8002,balanced-service,Jujube__Healthy,balanced
1786677057.264,17,predictions_total,balanced,balanced:8002,balanced-service,Jujube__Healthy,balanced
1786677062.264,17,predictions_total,balanced,balanced:8002,balanced-service,Jujube__Healthy,balanced
1786677067.264,17,predictions_total,balanced,balanced:8002,balanced-service,Jujube__Healthy,balanced
1786677072.264,17,predictions_total,balanced,balanced:8002,balanced-service,Jujube__Healthy,balanced
1786677077.264,17,predictions_total,balanced,balanced:8002,balanced-service,Jujube__Healthy,balanced
1786677082.264,17,predictions_total,balanced,balanced:8002,balanced-service,Jujube__Healthy,balanced
1786677087.264,17,predictions_total,balanced,balanced:8002,balanced-service,Jujube__Healthy,balanced
1786677092.264,17,predictions_total,balanced,balanced:8002,balanced-service,Jujube__Healthy,balanced
1786677097.264,17,predictions_total,balanced,balanced:8002,balanced-service,Jujube__Healthy,balanced
1786677102.264,17,predictions_total,balanced,balanced:8002,balanced-service,Jujube__Healthy,balanced
1786677107.264,17,predictions_total,balanced,balanced:8002,balanced-service,Jujube__Healthy,balanced
1786677112.264,17,predictions_total,balanced,balanced:8002,balanced-service,Jujube__Healthy,balanced
1786677117.264,17,predictions_total,balanced,balanced:8002,balanced-service,Jujube__Healthy,balanced
1786677122.264,17,predictions_total,balanced,balanced:8002,balanced-service,Jujube__Healthy,balanced
1786677127.264,17,predictions_total,balanced,balanced:8002,balanced-service,Jujube__Healthy,balanced
1786677132.264,17,predictions_total,balanced,balanced:8002,balanced-service,Jujube__Healthy,balanced
1786677137.264,17,predictions_total,balanced,balanced:8002,balanced-service,Jujube__Healthy,balanced
1786677142.264,17,predictions_total,balanced,balanced:8002,balanced-service,Jujube__Healthy,balanced
1786677147.264,17,predictions_total,balanced,balanced:8002,balanced-service,Jujube__Healthy,balanced
1786677152.264,17,predictions_total,balanced,balanced:8002,balanced-service,Jujube__Healthy,balanced
1786677157.264,17,predictions_total,balanced,balanced:8002,balanced-service,Jujube__Healthy,balanced
1786677162.264,17,predictions_total,balanced,balanced:8002,balanced-service,Jujube__Healthy,balanced
1786677167.264,17,predictions_total,balanced,balanced:8002,balanced-service,Jujube__Healthy,balanced
1786677172.264,17,predictions_total,balanced,balanced:8002,balanced-service,Jujube__Healthy,balanced
1786677177.264,17,predictions_total,balanced,balanced:8002,balanced-service,Jujube__Healthy,balanced
1786677182.264,17,predictions_total,balanced,balanced:8002,balanced-service,Jujube__Healthy,balanced
1786677187.264,17,predictions_total,balanced,balanced:8002,balanced-service,Jujube__Healthy,balanced
1786677192.264,17,predictions_total,balanced,balanced:8002,balanced-service,Jujube__Healthy,balanced
1786677197.264,17,predictions_total,balanced,balanced:8002,balanced-service,Jujube__Healthy,balanced
1786677202.264,17,predictions_total,balanced,balanced:8002,balanced-service,Jujube__Healthy,balanced
1786677207.264,17,predictions_total,balanced,balanced:8002,balanced-service,Jujube__Healthy,balanced
1786677212.264,17,predictions_total,balanced,balanced:8002,balanced-service,Jujube__Healthy,balanced
1786677217.264,17,predictions_total,balanced,balanced:8002,balanced-service,Jujube__Healthy,balanced
1786677222.264,17,predictions_total,balanced,balanced:8002,balanced-service,Jujube__Healthy,balanced
1786677227.264,17,predictions_total,balanced,balanced:8002,balanced-service,Jujube__Healthy,balanced
1786677232.264,17,predictions_total,balanced,balanced:8002,balanced-service,Jujube__Healthy,balanced
1786677237.264,17,predictions_total,balanced,balanced:8002,balanced-service,Jujube__Healthy,balanced
1786677242.264,17,predictions_total,balanced,balanced:8002,balanced-service,Jujube__Healthy,balanced
1786677247.264,17,predictions_total,balanced,balanced:8002,balanced-service,Jujube__Healthy,balanced
1786677252.264,17,predictions_total,balanced,balanced:8002,balanced-service,Jujube__Healthy,balanced
1786677257.264,17,predictions_total,balanced,balanced:8002,balanced-service,Jujube__Healthy,balanced
1786677262.264,17,predictions_total,balanced,balanced:8002,balanced-service,Jujube__Healthy,balanced
1786677267.264,17,predictions_total,balanced,balanced:8002,balanced-service,Jujube__Healthy,balanced
1786677272.264,17,predictions_total,balanced,balanced:8002,balanced-service,Jujube__Healthy,balanced
1786677277.264,17,predictions_total,balanced,balanced:8002,balanced-service,Jujube__Healthy,balanced
1786677282.264,17,predictions_total,balanced,balanced:8002,balanced-service,Jujube__Healthy,balanced
1786677287.264,17,predictions_total,balanced,balanced:8002,balanced-service,Jujube__Healthy,balanced
1786677292.264,17,predictions_total,balanced,balanced:8002,balanced-service,Jujube__Healthy,balanced
1786677297.264,17,predictions_total,balanced,balanced:8002,balanced-service,Jujube__Healthy,balanced
1786677302.264,17,predictions_total,balanced,balanced:8002,balanced-service,Jujube__Healthy,balanced
1786677307.264,17,predictions_total,balanced,balanced:8002,balanced-service,Jujube__Healthy,balanced
1786677312.264,17,predictions_total,balanced,balanced:8002,balanced-service,Jujube__Healthy,balanced
1786677317.264,17,predictions_total,balanced,balanced:8002,balanced-service,Jujube__Healthy,balanced
1786677322.264,17,predictions_total,balanced,balanced:8002,balanced-service,Jujube__Healthy,balanced
1786677327.264,17,predictions_total,balanced,balanced:8002,balanced-service,Jujube__Healthy,balanced
1786677332.264,17,predictions_total,balanced,balanced:8002,balanced-service,Jujube__Healthy,balanced
1786677337.264,17,predictions_total,balanced,balanced:8002,balanced-service,Jujube__Healthy,balanced
1786677342.264,17,predictions_total,balanced,balanced:8002,balanced-service,Jujube__Healthy,balanced
1786677347.264,17,predictions_total,balanced,balanced:8002,balanced-service,Jujube__Healthy,balanced
1786677352.264,18,predictions_total,balanced,balanced:8002,balanced-service,Jujube__Healthy,balanced
1786677357.264,18,predictions_total,balanced,balanced:8002,balanced-service,Jujube__Healthy,balanced
1786677362.264,18,predictions_total,balanced,balanced:8002,balanced-service,Jujube__Healthy,balanced
1786677367.264,18,predictions_total,balanced,balanced:8002,balanced-service,Jujube__Healthy,balanced
1786677372.264,18,predictions_total,balanced,balanced:8002,balanced-service,Jujube__Healthy,balanced
1786677377.264,18,predictions_total,balanced,balanced:8002,balanced-service,Jujube__Healthy,balanced
1786677382.264,20,predictions_total,balanced,balanced:8002,balanced-service,Jujube__Healthy,balanced
1786677387.264,21,predictions_total,balanced,balanced:8002,balanced-service,Jujube__Healthy,balanced
1786677392.264,23,predictions_total,balanced,balanced:8002,balanced-service,Jujube__Healthy,balanced
1786677397.264,23,predictions_total,balanced,balanced:8002,balanced-service,Jujube__Healthy,balanced
1786677402.264,23,predictions_total,balanced,balanced:8002,balanced-service,Jujube__Healthy,balanced
1786677407.264,23,predictions_total,balanced,balanced:8002,balanced-service,Jujube__Healthy,balanced
1786677412.264,23,predictions_total,balanced,balanced:8002,balanced-service,Jujube__Healthy,balanced
1786677417.264,24,predictions_total,balanced,balanced:8002,balanced-service,Jujube__Healthy,balanced
1786677422.264,25,predictions_total,balanced,balanced:8002,balanced-service,Jujube__Healthy,balanced
1786677427.264,26,predictions_total,balanced,balanced:8002,balanced-service,Jujube__Healthy,balanced
1786677432.264,26,predictions_total,balanced,balanced:8002,balanced-service,Jujube__Healthy,balanced
1786677437.264,27,predictions_total,balanced,balanced:8002,balanced-service,Jujube__Healthy,balanced
1786677442.264,27,predictions_total,balanced,balanced:8002,balanced-service,Jujube__Healthy,balanced
1786677447.264,27,predictions_total,balanced,balanced:8002,balanced-service,Jujube__Healthy,balanced
1786676342.264,2,predictions_total,balanced,balanced:8002,balanced-service,Jujube__Rotten,balanced
1786676347.264,2,predictions_total,balanced,balanced:8002,balanced-service,Jujube__Rotten,balanced
1786676352.264,2,predictions_total,balanced,balanced:8002,balanced-service,Jujube__Rotten,balanced
1786676357.264,3,predictions_total,balanced,balanced:8002,balanced-service,Jujube__Rotten,balanced
1786676362.264,3,predictions_total,balanced,balanced:8002,balanced-service,Jujube__Rotten,balanced
1786676367.264,4,predictions_total,balanced,balanced:8002,balanced-service,Jujube__Rotten,balanced
1786676372.264,4,predictions_total,balanced,balanced:8002,balanced-service,Jujube__Rotten,balanced
1786676377.264,4,predictions_total,balanced,balanced:8002,balanced-service,Jujube__Rotten,balanced
1786676382.264,5,predictions_total,balanced,balanced:8002,balanced-service,Jujube__Rotten,balanced
1786676387.264,5,predictions_total,balanced,balanced:8002,balanced-service,Jujube__Rotten,balanced
1786676392.264,5,predictions_total,balanced,balanced:8002,balanced-service,Jujube__Rotten,balanced
1786676397.264,5,predictions_total,balanced,balanced:8002,balanced-service,Jujube__Rotten,balanced
1786676402.264,5,predictions_total,balanced,balanced:8002,balanced-service,Jujube__Rotten,balanced
1786676407.264,5,predictions_total,balanced,balanced:8002,balanced-service,Jujube__Rotten,balanced
1786676412.264,5,predictions_total,balanced,balanced:8002,balanced-service,Jujube__Rotten,balanced
1786676417.264,5,predictions_total,balanced,balanced:8002,balanced-service,Jujube__Rotten,balanced
1786676422.264,5,predictions_total,balanced,balanced:8002,balanced-service,Jujube__Rotten,balanced
1786676427.264,5,predictions_total,balanced,balanced:8002,balanced-service,Jujube__Rotten,balanced
1786676432.264,5,predictions_total,balanced,balanced:8002,balanced-service,Jujube__Rotten,balanced
1786676437.264,5,predictions_total,balanced,balanced:8002,balanced-service,Jujube__Rotten,balanced
1786676442.264,5,predictions_total,balanced,balanced:8002,balanced-service,Jujube__Rotten,balanced
1786676447.264,5,predictions_total,balanced,balanced:8002,balanced-service,Jujube__Rotten,balanced
1786676452.264,5,predictions_total,balanced,balanced:8002,balanced-service,Jujube__Rotten,balanced
1786676457.264,5,predictions_total,balanced,balanced:8002,balanced-service,Jujube__Rotten,balanced
1786676462.264,5,predictions_total,balanced,balanced:8002,balanced-service,Jujube__Rotten,balanced
1786676467.264,5,predictions_total,balanced,balanced:8002,balanced-service,Jujube__Rotten,balanced
1786676472.264,5,predictions_total,balanced,balanced:8002,balanced-service,Jujube__Rotten,balanced
1786676477.264,5,predictions_total,balanced,balanced:8002,balanced-service,Jujube__Rotten,balanced
1786676482.264,5,predictions_total,balanced,balanced:8002,balanced-service,Jujube__Rotten,balanced
1786676487.264,5,predictions_total,balanced,balanced:8002,balanced-service,Jujube__Rotten,balanced
1786676492.264,5,predictions_total,balanced,balanced:8002,balanced-service,Jujube__Rotten,balanced
1786676497.264,5,predictions_total,balanced,balanced:8002,balanced-service,Jujube__Rotten,balanced
1786676502.264,5,predictions_total,balanced,balanced:8002,balanced-service,Jujube__Rotten,balanced
1786676507.264,5,predictions_total,balanced,balanced:8002,balanced-service,Jujube__Rotten,balanced
1786676512.264,5,predictions_total,balanced,balanced:8002,balanced-service,Jujube__Rotten,balanced
1786676517.264,5,predictions_total,balanced,balanced:8002,balanced-service,Jujube__Rotten,balanced
1786676522.264,5,predictions_total,balanced,balanced:8002,balanced-service,Jujube__Rotten,balanced
1786676527.264,5,predictions_total,balanced,balanced:8002,balanced-service,Jujube__Rotten,balanced
1786676532.264,5,predictions_total,balanced,balanced:8002,balanced-service,Jujube__Rotten,balanced
1786676537.264,5,predictions_total,balanced,balanced:8002,balanced-service,Jujube__Rotten,balanced
1786676542.264,5,predictions_total,balanced,balanced:8002,balanced-service,Jujube__Rotten,balanced
1786676547.264,5,predictions_total,balanced,balanced:8002,balanced-service,Jujube__Rotten,balanced
1786676552.264,5,predictions_total,balanced,balanced:8002,balanced-service,Jujube__Rotten,balanced
1786676557.264,5,predictions_total,balanced,balanced:8002,balanced-service,Jujube__Rotten,balanced
1786676562.264,5,predictions_total,balanced,balanced:8002,balanced-service,Jujube__Rotten,balanced
1786676567.264,5,predictions_total,balanced,balanced:8002,balanced-service,Jujube__Rotten,balanced
1786676572.264,5,predictions_total,balanced,balanced:8002,balanced-service,Jujube__Rotten,balanced
1786676577.264,5,predictions_total,balanced,balanced:8002,balanced-service,Jujube__Rotten,balanced
1786676582.264,5,predictions_total,balanced,balanced:8002,balanced-service,Jujube__Rotten,balanced
1786676587.264,5,predictions_total,balanced,balanced:8002,balanced-service,Jujube__Rotten,balanced
1786676592.264,5,predictions_total,balanced,balanced:8002,balanced-service,Jujube__Rotten,balanced
1786676597.264,5,predictions_total,balanced,balanced:8002,balanced-service,Jujube__Rotten,balanced
1786676602.264,5,predictions_total,balanced,balanced:8002,balanced-service,Jujube__Rotten,balanced
1786676607.264,5,predictions_total,balanced,balanced:8002,balanced-service,Jujube__Rotten,balanced
1786676612.264,5,predictions_total,balanced,balanced:8002,balanced-service,Jujube__Rotten,balanced
1786676617.264,5,predictions_total,balanced,balanced:8002,balanced-service,Jujube__Rotten,balanced
1786676622.264,5,predictions_total,balanced,balanced:8002,balanced-service,Jujube__Rotten,balanced
1786676627.264,5,predictions_total,balanced,balanced:8002,balanced-service,Jujube__Rotten,balanced
1786676632.264,5,predictions_total,balanced,balanced:8002,balanced-service,Jujube__Rotten,balanced
1786676637.264,5,predictions_total,balanced,balanced:8002,balanced-service,Jujube__Rotten,balanced
1786676642.264,6,predictions_total,balanced,balanced:8002,balanced-service,Jujube__Rotten,balanced
1786676647.264,10,predictions_total,balanced,balanced:8002,balanced-service,Jujube__Rotten,balanced
1786676652.264,10,predictions_total,balanced,balanced:8002,balanced-service,Jujube__Rotten,balanced
1786676657.264,12,predictions_total,balanced,balanced:8002,balanced-service,Jujube__Rotten,balanced
1786676662.264,13,predictions_total,balanced,balanced:8002,balanced-service,Jujube__Rotten,balanced
1786676667.264,14,predictions_total,balanced,balanced:8002,balanced-service,Jujube__Rotten,balanced
1786676672.264,14,predictions_total,balanced,balanced:8002,balanced-service,Jujube__Rotten,balanced
1786676677.264,14,predictions_total,balanced,balanced:8002,balanced-service,Jujube__Rotten,balanced
1786676682.264,14,predictions_total,balanced,balanced:8002,balanced-service,Jujube__Rotten,balanced
1786676687.264,16,predictions_total,balanced,balanced:8002,balanced-service,Jujube__Rotten,balanced
1786676692.264,16,predictions_total,balanced,balanced:8002,balanced-service,Jujube__Rotten,balanced
1786676697.264,16,predictions_total,balanced,balanced:8002,balanced-service,Jujube__Rotten,balanced
1786676702.264,17,predictions_total,balanced,balanced:8002,balanced-service,Jujube__Rotten,balanced
1786676707.264,20,predictions_total,balanced,balanced:8002,balanced-service,Jujube__Rotten,balanced
1786676712.264,20,predictions_total,balanced,balanced:8002,balanced-service,Jujube__Rotten,balanced
1786676717.264,20,predictions_total,balanced,balanced:8002,balanced-service,Jujube__Rotten,balanced
1786676722.264,20,predictions_total,balanced,balanced:8002,balanced-service,Jujube__Rotten,balanced
1786676727.264,20,predictions_total,balanced,balanced:8002,balanced-service,Jujube__Rotten,balanced
1786676732.264,21,predictions_total,balanced,balanced:8002,balanced-service,Jujube__Rotten,balanced
1786676737.264,21,predictions_total,balanced,balanced:8002,balanced-service,Jujube__Rotten,balanced
1786676742.264,23,predictions_total,balanced,balanced:8002,balanced-service,Jujube__Rotten,balanced
1786676747.264,23,predictions_total,balanced,balanced:8002,balanced-service,Jujube__Rotten,balanced
1786676752.264,23,predictions_total,balanced,balanced:8002,balanced-service,Jujube__Rotten,balanced
1786676757.264,23,predictions_total,balanced,balanced:8002,balanced-service,Jujube__Rotten,balanced
1786676762.264,23,predictions_total,balanced,balanced:8002,balanced-service,Jujube__Rotten,balanced
1786676767.264,23,predictions_total,balanced,balanced:8002,balanced-service,Jujube__Rotten,balanced
1786676772.264,24,predictions_total,balanced,balanced:8002,balanced-service,Jujube__Rotten,balanced
1786676777.264,24,predictions_total,balanced,balanced:8002,balanced-service,Jujube__Rotten,balanced
1786676782.264,24,predictions_total,balanced,balanced:8002,balanced-service,Jujube__Rotten,balanced
1786676787.264,25,predictions_total,balanced,balanced:8002,balanced-service,Jujube__Rotten,balanced
1786676792.264,25,predictions_total,balanced,balanced:8002,balanced-service,Jujube__Rotten,balanced
1786676797.264,25,predictions_total,balanced,balanced:8002,balanced-service,Jujube__Rotten,balanced
1786676802.264,26,predictions_total,balanced,balanced:8002,balanced-service,Jujube__Rotten,balanced
1786676807.264,27,predictions_total,balanced,balanced:8002,balanced-service,Jujube__Rotten,balanced
1786676812.264,28,predictions_total,balanced,balanced:8002,balanced-service,Jujube__Rotten,balanced
1786676817.264,28,predictions_total,balanced,balanced:8002,balanced-service,Jujube__Rotten,balanced
1786676822.264,28,predictions_total,balanced,balanced:8002,balanced-service,Jujube__Rotten,balanced
1786676827.264,28,predictions_total,balanced,balanced:8002,balanced-service,Jujube__Rotten,balanced
1786676832.264,28,predictions_total,balanced,balanced:8002,balanced-service,Jujube__Rotten,balanced
1786676837.264,28,predictions_total,balanced,balanced:8002,balanced-service,Jujube__Rotten,balanced
1786676842.264,28,predictions_total,balanced,balanced:8002,balanced-service,Jujube__Rotten,balanced
1786676847.264,28,predictions_total,balanced,balanced:8002,balanced-service,Jujube__Rotten,balanced
1786676852.264,28,predictions_total,balanced,balanced:8002,balanced-service,Jujube__Rotten,balanced
1786676857.264,30,predictions_total,balanced,balanced:8002,balanced-service,Jujube__Rotten,balanced
1786676862.264,31,predictions_total,balanced,balanced:8002,balanced-service,Jujube__Rotten,balanced
1786676867.264,31,predictions_total,balanced,balanced:8002,balanced-service,Jujube__Rotten,balanced
1786676872.264,31,predictions_total,balanced,balanced:8002,balanced-service,Jujube__Rotten,balanced
1786676877.264,31,predictions_total,balanced,balanced:8002,balanced-service,Jujube__Rotten,balanced
1786676882.264,31,predictions_total,balanced,balanced:8002,balanced-service,Jujube__Rotten,balanced
1786676887.264,31,predictions_total,balanced,balanced:8002,balanced-service,Jujube__Rotten,balanced
1786676892.264,31,predictions_total,balanced,balanced:8002,balanced-service,Jujube__Rotten,balanced
1786676897.264,31,predictions_total,balanced,balanced:8002,balanced-service,Jujube__Rotten,balanced
1786676902.264,31,predictions_total,balanced,balanced:8002,balanced-service,Jujube__Rotten,balanced
1786676907.264,31,predictions_total,balanced,balanced:8002,balanced-service,Jujube__Rotten,balanced
1786676912.264,31,predictions_total,balanced,balanced:8002,balanced-service,Jujube__Rotten,balanced
1786676917.264,31,predictions_total,balanced,balanced:8002,balanced-service,Jujube__Rotten,balanced
1786676922.264,31,predictions_total,balanced,balanced:8002,balanced-service,Jujube__Rotten,balanced
1786676927.264,31,predictions_total,balanced,balanced:8002,balanced-service,Jujube__Rotten,balanced
1786676932.264,31,predictions_total,balanced,balanced:8002,balanced-service,Jujube__Rotten,balanced
1786676937.264,31,predictions_total,balanced,balanced:8002,balanced-service,Jujube__Rotten,balanced
1786676942.264,31,predictions_total,balanced,balanced:8002,balanced-service,Jujube__Rotten,balanced
1786676947.264,31,predictions_total,balanced,balanced:8002,balanced-service,Jujube__Rotten,balanced
1786676952.264,31,predictions_total,balanced,balanced:8002,balanced-service,Jujube__Rotten,balanced
1786676957.264,31,predictions_total,balanced,balanced:8002,balanced-service,Jujube__Rotten,balanced
1786676962.264,31,predictions_total,balanced,balanced:8002,balanced-service,Jujube__Rotten,balanced
1786676967.264,31,predictions_total,balanced,balanced:8002,balanced-service,Jujube__Rotten,balanced
1786676972.264,31,predictions_total,balanced,balanced:8002,balanced-service,Jujube__Rotten,balanced
1786676977.264,31,predictions_total,balanced,balanced:8002,balanced-service,Jujube__Rotten,balanced
1786676982.264,31,predictions_total,balanced,balanced:8002,balanced-service,Jujube__Rotten,balanced
1786676987.264,31,predictions_total,balanced,balanced:8002,balanced-service,Jujube__Rotten,balanced
1786676992.264,31,predictions_total,balanced,balanced:8002,balanced-service,Jujube__Rotten,balanced
1786676997.264,31,predictions_total,balanced,balanced:8002,balanced-service,Jujube__Rotten,balanced
1786677002.264,31,predictions_total,balanced,balanced:8002,balanced-service,Jujube__Rotten,balanced
1786677007.264,31,predictions_total,balanced,balanced:8002,balanced-service,Jujube__Rotten,balanced
1786677012.264,31,predictions_total,balanced,balanced:8002,balanced-service,Jujube__Rotten,balanced
1786677017.264,31,predictions_total,balanced,balanced:8002,balanced-service,Jujube__Rotten,balanced
1786677022.264,31,predictions_total,balanced,balanced:8002,balanced-service,Jujube__Rotten,balanced
1786677027.264,31,predictions_total,balanced,balanced:8002,balanced-service,Jujube__Rotten,balanced
1786677032.264,31,predictions_total,balanced,balanced:8002,balanced-service,Jujube__Rotten,balanced
1786677037.264,31,predictions_total,balanced,balanced:8002,balanced-service,Jujube__Rotten,balanced
1786677042.264,31,predictions_total,balanced,balanced:8002,balanced-service,Jujube__Rotten,balanced
1786677047.264,31,predictions_total,balanced,balanced:8002,balanced-service,Jujube__Rotten,balanced
1786677052.264,31,predictions_total,balanced,balanced:8002,balanced-service,Jujube__Rotten,balanced
1786677057.264,31,predictions_total,balanced,balanced:8002,balanced-service,Jujube__Rotten,balanced
1786677062.264,31,predictions_total,balanced,balanced:8002,balanced-service,Jujube__Rotten,balanced
1786677067.264,31,predictions_total,balanced,balanced:8002,balanced-service,Jujube__Rotten,balanced
1786677072.264,31,predictions_total,balanced,balanced:8002,balanced-service,Jujube__Rotten,balanced
1786677077.264,31,predictions_total,balanced,balanced:8002,balanced-service,Jujube__Rotten,balanced
1786677082.264,31,predictions_total,balanced,balanced:8002,balanced-service,Jujube__Rotten,balanced
1786677087.264,31,predictions_total,balanced,balanced:8002,balanced-service,Jujube__Rotten,balanced
1786677092.264,31,predictions_total,balanced,balanced:8002,balanced-service,Jujube__Rotten,balanced
1786677097.264,31,predictions_total,balanced,balanced:8002,balanced-service,Jujube__Rotten,balanced
1786677102.264,31,predictions_total,balanced,balanced:8002,balanced-service,Jujube__Rotten,balanced
1786677107.264,31,predictions_total,balanced,balanced:8002,balanced-service,Jujube__Rotten,balanced
1786677112.264,31,predictions_total,balanced,balanced:8002,balanced-service,Jujube__Rotten,balanced
1786677117.264,31,predictions_total,balanced,balanced:8002,balanced-service,Jujube__Rotten,balanced
1786677122.264,31,predictions_total,balanced,balanced:8002,balanced-service,Jujube__Rotten,balanced
1786677127.264,31,predictions_total,balanced,balanced:8002,balanced-service,Jujube__Rotten,balanced
1786677132.264,31,predictions_total,balanced,balanced:8002,balanced-service,Jujube__Rotten,balanced
1786677137.264,31,predictions_total,balanced,balanced:8002,balanced-service,Jujube__Rotten,balanced
1786677142.264,31,predictions_total,balanced,balanced:8002,balanced-service,Jujube__Rotten,balanced
1786677147.264,31,predictions_total,balanced,balanced:8002,balanced-service,Jujube__Rotten,balanced
1786677152.264,31,predictions_total,balanced,balanced:8002,balanced-service,Jujube__Rotten,balanced
1786677157.264,31,predictions_total,balanced,balanced:8002,balanced-service,Jujube__Rotten,balanced
1786677162.264,31,predictions_total,balanced,balanced:8002,balanced-service,Jujube__Rotten,balanced
1786677167.264,31,predictions_total,balanced,balanced:8002,balanced-service,Jujube__Rotten,balanced
1786677172.264,31,predictions_total,balanced,balanced:8002,balanced-service,Jujube__Rotten,balanced
1786677177.264,31,predictions_total,balanced,balanced:8002,balanced-service,Jujube__Rotten,balanced
1786677182.264,31,predictions_total,balanced,balanced:8002,balanced-service,Jujube__Rotten,balanced
1786677187.264,31,predictions_total,balanced,balanced:8002,balanced-service,Jujube__Rotten,balanced
1786677192.264,31,predictions_total,balanced,balanced:8002,balanced-service,Jujube__Rotten,balanced
1786677197.264,31,predictions_total,balanced,balanced:8002,balanced-service,Jujube__Rotten,balanced
1786677202.264,31,predictions_total,balanced,balanced:8002,balanced-service,Jujube__Rotten,balanced
1786677207.264,31,predictions_total,balanced,balanced:8002,balanced-service,Jujube__Rotten,balanced
1786677212.264,31,predictions_total,balanced,balanced:8002,balanced-service,Jujube__Rotten,balanced
1786677217.264,31,predictions_total,balanced,balanced:8002,balanced-service,Jujube__Rotten,balanced
1786677222.264,31,predictions_total,balanced,balanced:8002,balanced-service,Jujube__Rotten,balanced
1786677227.264,31,predictions_total,balanced,balanced:8002,balanced-service,Jujube__Rotten,balanced
1786677232.264,31,predictions_total,balanced,balanced:8002,balanced-service,Jujube__Rotten,balanced
1786677237.264,31,predictions_total,balanced,balanced:8002,balanced-service,Jujube__Rotten,balanced
1786677242.264,31,predictions_total,balanced,balanced:8002,balanced-service,Jujube__Rotten,balanced
1786677247.264,33,predictions_total,balanced,balanced:8002,balanced-service,Jujube__Rotten,balanced
1786677252.264,34,predictions_total,balanced,balanced:8002,balanced-service,Jujube__Rotten,balanced
1786677257.264,36,predictions_total,balanced,balanced:8002,balanced-service,Jujube__Rotten,balanced
1786677262.264,37,predictions_total,balanced,balanced:8002,balanced-service,Jujube__Rotten,balanced
1786677267.264,38,predictions_total,balanced,balanced:8002,balanced-service,Jujube__Rotten,balanced
1786677272.264,38,predictions_total,balanced,balanced:8002,balanced-service,Jujube__Rotten,balanced
1786677277.264,38,predictions_total,balanced,balanced:8002,balanced-service,Jujube__Rotten,balanced
1786677282.264,39,predictions_total,balanced,balanced:8002,balanced-service,Jujube__Rotten,balanced
1786677287.264,39,predictions_total,balanced,balanced:8002,balanced-service,Jujube__Rotten,balanced
1786677292.264,39,predictions_total,balanced,balanced:8002,balanced-service,Jujube__Rotten,balanced
1786677297.264,42,predictions_total,balanced,balanced:8002,balanced-service,Jujube__Rotten,balanced
1786677302.264,42,predictions_total,balanced,balanced:8002,balanced-service,Jujube__Rotten,balanced
1786677307.264,42,predictions_total,balanced,balanced:8002,balanced-service,Jujube__Rotten,balanced
1786677312.264,42,predictions_total,balanced,balanced:8002,balanced-service,Jujube__Rotten,balanced
1786677317.264,44,predictions_total,balanced,balanced:8002,balanced-service,Jujube__Rotten,balanced
1786677322.264,44,predictions_total,balanced,balanced:8002,balanced-service,Jujube__Rotten,balanced
1786677327.264,44,predictions_total,balanced,balanced:8002,balanced-service,Jujube__Rotten,balanced
1786677332.264,44,predictions_total,balanced,balanced:8002,balanced-service,Jujube__Rotten,balanced
1786677337.264,44,predictions_total,balanced,balanced:8002,balanced-service,Jujube__Rotten,balanced
1786677342.264,44,predictions_total,balanced,balanced:8002,balanced-service,Jujube__Rotten,balanced
1786677347.264,44,predictions_total,balanced,balanced:8002,balanced-service,Jujube__Rotten,balanced
1786677352.264,44,predictions_total,balanced,balanced:8002,balanced-service,Jujube__Rotten,balanced
1786677357.264,44,predictions_total,balanced,balanced:8002,balanced-service,Jujube__Rotten,balanced
1786677362.264,44,predictions_total,balanced,balanced:8002,balanced-service,Jujube__Rotten,balanced
1786677367.264,44,predictions_total,balanced,balanced:8002,balanced-service,Jujube__Rotten,balanced
1786677372.264,44,predictions_total,balanced,balanced:8002,balanced-service,Jujube__Rotten,balanced
1786677377.264,44,predictions_total,balanced,balanced:8002,balanced-service,Jujube__Rotten,balanced
1786677382.264,45,predictions_total,balanced,balanced:8002,balanced-service,Jujube__Rotten,balanced
1786677387.264,45,predictions_total,balanced,balanced:8002,balanced-service,Jujube__Rotten,balanced
1786677392.264,46,predictions_total,balanced,balanced:8002,balanced-service,Jujube__Rotten,balanced
1786677397.264,47,predictions_total,balanced,balanced:8002,balanced-service,Jujube__Rotten,balanced
1786677402.264,48,predictions_total,balanced,balanced:8002,balanced-service,Jujube__Rotten,balanced
1786677407.264,48,predictions_total,balanced,balanced:8002,balanced-service,Jujube__Rotten,balanced
1786677412.264,48,predictions_total,balanced,balanced:8002,balanced-service,Jujube__Rotten,balanced
1786677417.264,49,predictions_total,balanced,balanced:8002,balanced-service,Jujube__Rotten,balanced
1786677422.264,50,predictions_total,balanced,balanced:8002,balanced-service,Jujube__Rotten,balanced
1786677427.264,50,predictions_total,balanced,balanced:8002,balanced-service,Jujube__Rotten,balanced
1786677432.264,50,predictions_total,balanced,balanced:8002,balanced-service,Jujube__Rotten,balanced
1786677437.264,51,predictions_total,balanced,balanced:8002,balanced-service,Jujube__Rotten,balanced
1786677442.264,51,predictions_total,balanced,balanced:8002,balanced-service,Jujube__Rotten,balanced
1786677447.264,51,predictions_total,balanced,balanced:8002,balanced-service,Jujube__Rotten,balanced
1786676642.264,1,predictions_total,balanced,balanced:8002,balanced-service,Mango__Healthy,balanced
1786676647.264,1,predictions_total,balanced,balanced:8002,balanced-service,Mango__Healthy,balanced
1786676652.264,1,predictions_total,balanced,balanced:8002,balanced-service,Mango__Healthy,balanced
1786676657.264,3,predictions_total,balanced,balanced:8002,balanced-service,Mango__Healthy,balanced
1786676662.264,4,predictions_total,balanced,balanced:8002,balanced-service,Mango__Healthy,balanced
1786676667.264,4,predictions_total,balanced,balanced:8002,balanced-service,Mango__Healthy,balanced
1786676672.264,4,predictions_total,balanced,balanced:8002,balanced-service,Mango__Healthy,balanced
1786676677.264,4,predictions_total,balanced,balanced:8002,balanced-service,Mango__Healthy,balanced
1786676682.264,4,predictions_total,balanced,balanced:8002,balanced-service,Mango__Healthy,balanced
1786676687.264,4,predictions_total,balanced,balanced:8002,balanced-service,Mango__Healthy,balanced
1786676692.264,5,predictions_total,balanced,balanced:8002,balanced-service,Mango__Healthy,balanced
1786676697.264,7,predictions_total,balanced,balanced:8002,balanced-service,Mango__Healthy,balanced
1786676702.264,8,predictions_total,balanced,balanced:8002,balanced-service,Mango__Healthy,balanced
1786676707.264,8,predictions_total,balanced,balanced:8002,balanced-service,Mango__Healthy,balanced
1786676712.264,9,predictions_total,balanced,balanced:8002,balanced-service,Mango__Healthy,balanced
1786676717.264,9,predictions_total,balanced,balanced:8002,balanced-service,Mango__Healthy,balanced
1786676722.264,9,predictions_total,balanced,balanced:8002,balanced-service,Mango__Healthy,balanced
1786676727.264,10,predictions_total,balanced,balanced:8002,balanced-service,Mango__Healthy,balanced
1786676732.264,10,predictions_total,balanced,balanced:8002,balanced-service,Mango__Healthy,balanced
1786676737.264,10,predictions_total,balanced,balanced:8002,balanced-service,Mango__Healthy,balanced
1786676742.264,11,predictions_total,balanced,balanced:8002,balanced-service,Mango__Healthy,balanced
1786676747.264,11,predictions_total,balanced,balanced:8002,balanced-service,Mango__Healthy,balanced
1786676752.264,11,predictions_total,balanced,balanced:8002,balanced-service,Mango__Healthy,balanced
1786676757.264,11,predictions_total,balanced,balanced:8002,balanced-service,Mango__Healthy,balanced
1786676762.264,11,predictions_total,balanced,balanced:8002,balanced-service,Mango__Healthy,balanced
1786676767.264,11,predictions_total,balanced,balanced:8002,balanced-service,Mango__Healthy,balanced
1786676772.264,11,predictions_total,balanced,balanced:8002,balanced-service,Mango__Healthy,balanced
1786676777.264,11,predictions_total,balanced,balanced:8002,balanced-service,Mango__Healthy,balanced
1786676782.264,11,predictions_total,balanced,balanced:8002,balanced-service,Mango__Healthy,balanced
1786676787.264,11,predictions_total,balanced,balanced:8002,balanced-service,Mango__Healthy,balanced
1786676792.264,11,predictions_total,balanced,balanced:8002,balanced-service,Mango__Healthy,balanced
1786676797.264,11,predictions_total,balanced,balanced:8002,balanced-service,Mango__Healthy,balanced
1786676802.264,11,predictions_total,balanced,balanced:8002,balanced-service,Mango__Healthy,balanced
1786676807.264,11,predictions_total,balanced,balanced:8002,balanced-service,Mango__Healthy,balanced
1786676812.264,11,predictions_total,balanced,balanced:8002,balanced-service,Mango__Healthy,balanced
1786676817.264,11,predictions_total,balanced,balanced:8002,balanced-service,Mango__Healthy,balanced
1786676822.264,11,predictions_total,balanced,balanced:8002,balanced-service,Mango__Healthy,balanced
1786676827.264,11,predictions_total,balanced,balanced:8002,balanced-service,Mango__Healthy,balanced
1786676832.264,11,predictions_total,balanced,balanced:8002,balanced-service,Mango__Healthy,balanced
1786676837.264,11,predictions_total,balanced,balanced:8002,balanced-service,Mango__Healthy,balanced
1786676842.264,11,predictions_total,balanced,balanced:8002,balanced-service,Mango__Healthy,balanced
1786676847.264,11,predictions_total,balanced,balanced:8002,balanced-service,Mango__Healthy,balanced
1786676852.264,11,predictions_total,balanced,balanced:8002,balanced-service,Mango__Healthy,balanced
1786676857.264,11,predictions_total,balanced,balanced:8002,balanced-service,Mango__Healthy,balanced
1786676862.264,11,predictions_total,balanced,balanced:8002,balanced-service,Mango__Healthy,balanced
1786676867.264,11,predictions_total,balanced,balanced:8002,balanced-service,Mango__Healthy,balanced
1786676872.264,11,predictions_total,balanced,balanced:8002,balanced-service,Mango__Healthy,balanced
1786676877.264,11,predictions_total,balanced,balanced:8002,balanced-service,Mango__Healthy,balanced
1786676882.264,11,predictions_total,balanced,balanced:8002,balanced-service,Mango__Healthy,balanced
1786676887.264,11,predictions_total,balanced,balanced:8002,balanced-service,Mango__Healthy,balanced
1786676892.264,11,predictions_total,balanced,balanced:8002,balanced-service,Mango__Healthy,balanced
1786676897.264,11,predictions_total,balanced,balanced:8002,balanced-service,Mango__Healthy,balanced
1786676902.264,11,predictions_total,balanced,balanced:8002,balanced-service,Mango__Healthy,balanced
1786676907.264,11,predictions_total,balanced,balanced:8002,balanced-service,Mango__Healthy,balanced
1786676912.264,11,predictions_total,balanced,balanced:8002,balanced-service,Mango__Healthy,balanced
1786676917.264,11,predictions_total,balanced,balanced:8002,balanced-service,Mango__Healthy,balanced
1786676922.264,11,predictions_total,balanced,balanced:8002,balanced-service,Mango__Healthy,balanced
1786676927.264,11,predictions_total,balanced,balanced:8002,balanced-service,Mango__Healthy,balanced
1786676932.264,11,predictions_total,balanced,balanced:8002,balanced-service,Mango__Healthy,balanced
1786676937.264,11,predictions_total,balanced,balanced:8002,balanced-service,Mango__Healthy,balanced
1786676942.264,11,predictions_total,balanced,balanced:8002,balanced-service,Mango__Healthy,balanced
1786676947.264,11,predictions_total,balanced,balanced:8002,balanced-service,Mango__Healthy,balanced
1786676952.264,11,predictions_total,balanced,balanced:8002,balanced-service,Mango__Healthy,balanced
1786676957.264,11,predictions_total,balanced,balanced:8002,balanced-service,Mango__Healthy,balanced
1786676962.264,11,predictions_total,balanced,balanced:8002,balanced-service,Mango__Healthy,balanced
1786676967.264,11,predictions_total,balanced,balanced:8002,balanced-service,Mango__Healthy,balanced
1786676972.264,11,predictions_total,balanced,balanced:8002,balanced-service,Mango__Healthy,balanced
1786676977.264,11,predictions_total,balanced,balanced:8002,balanced-service,Mango__Healthy,balanced
1786676982.264,11,predictions_total,balanced,balanced:8002,balanced-service,Mango__Healthy,balanced
1786676987.264,11,predictions_total,balanced,balanced:8002,balanced-service,Mango__Healthy,balanced
1786676992.264,11,predictions_total,balanced,balanced:8002,balanced-service,Mango__Healthy,balanced
1786676997.264,11,predictions_total,balanced,balanced:8002,balanced-service,Mango__Healthy,balanced
1786677002.264,11,predictions_total,balanced,balanced:8002,balanced-service,Mango__Healthy,balanced
1786677007.264,11,predictions_total,balanced,balanced:8002,balanced-service,Mango__Healthy,balanced
1786677012.264,11,predictions_total,balanced,balanced:8002,balanced-service,Mango__Healthy,balanced
1786677017.264,11,predictions_total,balanced,balanced:8002,balanced-service,Mango__Healthy,balanced
1786677022.264,11,predictions_total,balanced,balanced:8002,balanced-service,Mango__Healthy,balanced
1786677027.264,11,predictions_total,balanced,balanced:8002,balanced-service,Mango__Healthy,balanced
1786677032.264,11,predictions_total,balanced,balanced:8002,balanced-service,Mango__Healthy,balanced
1786677037.264,11,predictions_total,balanced,balanced:8002,balanced-service,Mango__Healthy,balanced
1786677042.264,11,predictions_total,balanced,balanced:8002,balanced-service,Mango__Healthy,balanced
1786677047.264,11,predictions_total,balanced,balanced:8002,balanced-service,Mango__Healthy,balanced
1786677052.264,11,predictions_total,balanced,balanced:8002,balanced-service,Mango__Healthy,balanced
1786677057.264,11,predictions_total,balanced,balanced:8002,balanced-service,Mango__Healthy,balanced
1786677062.264,11,predictions_total,balanced,balanced:8002,balanced-service,Mango__Healthy,balanced
1786677067.264,11,predictions_total,balanced,balanced:8002,balanced-service,Mango__Healthy,balanced
1786677072.264,11,predictions_total,balanced,balanced:8002,balanced-service,Mango__Healthy,balanced
1786677077.264,11,predictions_total,balanced,balanced:8002,balanced-service,Mango__Healthy,balanced
1786677082.264,11,predictions_total,balanced,balanced:8002,balanced-service,Mango__Healthy,balanced
1786677087.264,11,predictions_total,balanced,balanced:8002,balanced-service,Mango__Healthy,balanced
1786677092.264,11,predictions_total,balanced,balanced:8002,balanced-service,Mango__Healthy,balanced
1786677097.264,11,predictions_total,balanced,balanced:8002,balanced-service,Mango__Healthy,balanced
1786677102.264,11,predictions_total,balanced,balanced:8002,balanced-service,Mango__Healthy,balanced
1786677107.264,11,predictions_total,balanced,balanced:8002,balanced-service,Mango__Healthy,balanced
1786677112.264,11,predictions_total,balanced,balanced:8002,balanced-service,Mango__Healthy,balanced
1786677117.264,11,predictions_total,balanced,balanced:8002,balanced-service,Mango__Healthy,balanced
1786677122.264,11,predictions_total,balanced,balanced:8002,balanced-service,Mango__Healthy,balanced
1786677127.264,11,predictions_total,balanced,balanced:8002,balanced-service,Mango__Healthy,balanced
1786677132.264,11,predictions_total,balanced,balanced:8002,balanced-service,Mango__Healthy,balanced
1786677137.264,11,predictions_total,balanced,balanced:8002,balanced-service,Mango__Healthy,balanced
1786677142.264,11,predictions_total,balanced,balanced:8002,balanced-service,Mango__Healthy,balanced
1786677147.264,11,predictions_total,balanced,balanced:8002,balanced-service,Mango__Healthy,balanced
1786677152.264,11,predictions_total,balanced,balanced:8002,balanced-service,Mango__Healthy,balanced
1786677157.264,11,predictions_total,balanced,balanced:8002,balanced-service,Mango__Healthy,balanced
1786677162.264,11,predictions_total,balanced,balanced:8002,balanced-service,Mango__Healthy,balanced
1786677167.264,11,predictions_total,balanced,balanced:8002,balanced-service,Mango__Healthy,balanced
1786677172.264,11,predictions_total,balanced,balanced:8002,balanced-service,Mango__Healthy,balanced
1786677177.264,11,predictions_total,balanced,balanced:8002,balanced-service,Mango__Healthy,balanced
1786677182.264,11,predictions_total,balanced,balanced:8002,balanced-service,Mango__Healthy,balanced
1786677187.264,11,predictions_total,balanced,balanced:8002,balanced-service,Mango__Healthy,balanced
1786677192.264,11,predictions_total,balanced,balanced:8002,balanced-service,Mango__Healthy,balanced
1786677197.264,11,predictions_total,balanced,balanced:8002,balanced-service,Mango__Healthy,balanced
1786677202.264,11,predictions_total,balanced,balanced:8002,balanced-service,Mango__Healthy,balanced
1786677207.264,11,predictions_total,balanced,balanced:8002,balanced-service,Mango__Healthy,balanced
1786677212.264,11,predictions_total,balanced,balanced:8002,balanced-service,Mango__Healthy,balanced
1786677217.264,11,predictions_total,balanced,balanced:8002,balanced-service,Mango__Healthy,balanced
1786677222.264,11,predictions_total,balanced,balanced:8002,balanced-service,Mango__Healthy,balanced
1786677227.264,11,predictions_total,balanced,balanced:8002,balanced-service,Mango__Healthy,balanced
1786677232.264,11,predictions_total,balanced,balanced:8002,balanced-service,Mango__Healthy,balanced
1786677237.264,11,predictions_total,balanced,balanced:8002,balanced-service,Mango__Healthy,balanced
1786677242.264,12,predictions_total,balanced,balanced:8002,balanced-service,Mango__Healthy,balanced
1786677247.264,12,predictions_total,balanced,balanced:8002,balanced-service,Mango__Healthy,balanced
1786677252.264,12,predictions_total,balanced,balanced:8002,balanced-service,Mango__Healthy,balanced
1786677257.264,12,predictions_total,balanced,balanced:8002,balanced-service,Mango__Healthy,balanced
1786677262.264,13,predictions_total,balanced,balanced:8002,balanced-service,Mango__Healthy,balanced
1786677267.264,13,predictions_total,balanced,balanced:8002,balanced-service,Mango__Healthy,balanced
1786677272.264,13,predictions_total,balanced,balanced:8002,balanced-service,Mango__Healthy,balanced
1786677277.264,13,predictions_total,balanced,balanced:8002,balanced-service,Mango__Healthy,balanced
1786677282.264,13,predictions_total,balanced,balanced:8002,balanced-service,Mango__Healthy,balanced
1786677287.264,15,predictions_total,balanced,balanced:8002,balanced-service,Mango__Healthy,balanced
1786677292.264,15,predictions_total,balanced,balanced:8002,balanced-service,Mango__Healthy,balanced
1786677297.264,15,predictions_total,balanced,balanced:8002,balanced-service,Mango__Healthy,balanced
1786677302.264,16,predictions_total,balanced,balanced:8002,balanced-service,Mango__Healthy,balanced
1786677307.264,16,predictions_total,balanced,balanced:8002,balanced-service,Mango__Healthy,balanced
1786677312.264,16,predictions_total,balanced,balanced:8002,balanced-service,Mango__Healthy,balanced
1786677317.264,17,predictions_total,balanced,balanced:8002,balanced-service,Mango__Healthy,balanced
1786677322.264,18,predictions_total,balanced,balanced:8002,balanced-service,Mango__Healthy,balanced
1786677327.264,18,predictions_total,balanced,balanced:8002,balanced-service,Mango__Healthy,balanced
1786677332.264,19,predictions_total,balanced,balanced:8002,balanced-service,Mango__Healthy,balanced
1786677337.264,21,predictions_total,balanced,balanced:8002,balanced-service,Mango__Healthy,balanced
1786677342.264,21,predictions_total,balanced,balanced:8002,balanced-service,Mango__Healthy,balanced
1786677347.264,21,predictions_total,balanced,balanced:8002,balanced-service,Mango__Healthy,balanced
1786677352.264,21,predictions_total,balanced,balanced:8002,balanced-service,Mango__Healthy,balanced
1786677357.264,21,predictions_total,balanced,balanced:8002,balanced-service,Mango__Healthy,balanced
1786677362.264,21,predictions_total,balanced,balanced:8002,balanced-service,Mango__Healthy,balanced
1786677367.264,21,predictions_total,balanced,balanced:8002,balanced-service,Mango__Healthy,balanced
1786677372.264,21,predictions_total,balanced,balanced:8002,balanced-service,Mango__Healthy,balanced
1786677377.264,21,predictions_total,balanced,balanced:8002,balanced-service,Mango__Healthy,balanced
1786677382.264,21,predictions_total,balanced,balanced:8002,balanced-service,Mango__Healthy,balanced
1786677387.264,21,predictions_total,balanced,balanced:8002,balanced-service,Mango__Healthy,balanced
1786677392.264,21,predictions_total,balanced,balanced:8002,balanced-service,Mango__Healthy,balanced
1786677397.264,21,predictions_total,balanced,balanced:8002,balanced-service,Mango__Healthy,balanced
1786677402.264,21,predictions_total,balanced,balanced:8002,balanced-service,Mango__Healthy,balanced
1786677407.264,21,predictions_total,balanced,balanced:8002,balanced-service,Mango__Healthy,balanced
1786677412.264,21,predictions_total,balanced,balanced:8002,balanced-service,Mango__Healthy,balanced
1786677417.264,21,predictions_total,balanced,balanced:8002,balanced-service,Mango__Healthy,balanced
1786677422.264,21,predictions_total,balanced,balanced:8002,balanced-service,Mango__Healthy,balanced
1786677427.264,21,predictions_total,balanced,balanced:8002,balanced-service,Mango__Healthy,balanced
1786677432.264,21,predictions_total,balanced,balanced:8002,balanced-service,Mango__Healthy,balanced
1786677437.264,21,predictions_total,balanced,balanced:8002,balanced-service,Mango__Healthy,balanced
1786677442.264,21,predictions_total,balanced,balanced:8002,balanced-service,Mango__Healthy,balanced
1786677447.264,21,predictions_total,balanced,balanced:8002,balanced-service,Mango__Healthy,balanced
1786676337.264,1,predictions_total,balanced,balanced:8002,balanced-service,Mango__Rotten,balanced
1786676342.264,2,predictions_total,balanced,balanced:8002,balanced-service,Mango__Rotten,balanced
1786676347.264,2,predictions_total,balanced,balanced:8002,balanced-service,Mango__Rotten,balanced
1786676352.264,4,predictions_total,balanced,balanced:8002,balanced-service,Mango__Rotten,balanced
1786676357.264,5,predictions_total,balanced,balanced:8002,balanced-service,Mango__Rotten,balanced
1786676362.264,5,predictions_total,balanced,balanced:8002,balanced-service,Mango__Rotten,balanced
1786676367.264,5,predictions_total,balanced,balanced:8002,balanced-service,Mango__Rotten,balanced
1786676372.264,5,predictions_total,balanced,balanced:8002,balanced-service,Mango__Rotten,balanced
1786676377.264,5,predictions_total,balanced,balanced:8002,balanced-service,Mango__Rotten,balanced
1786676382.264,5,predictions_total,balanced,balanced:8002,balanced-service,Mango__Rotten,balanced
1786676387.264,5,predictions_total,balanced,balanced:8002,balanced-service,Mango__Rotten,balanced
1786676392.264,5,predictions_total,balanced,balanced:8002,balanced-service,Mango__Rotten,balanced
1786676397.264,5,predictions_total,balanced,balanced:8002,balanced-service,Mango__Rotten,balanced
1786676402.264,5,predictions_total,balanced,balanced:8002,balanced-service,Mango__Rotten,balanced
1786676407.264,5,predictions_total,balanced,balanced:8002,balanced-service,Mango__Rotten,balanced
1786676412.264,5,predictions_total,balanced,balanced:8002,balanced-service,Mango__Rotten,balanced
1786676417.264,5,predictions_total,balanced,balanced:8002,balanced-service,Mango__Rotten,balanced
1786676422.264,5,predictions_total,balanced,balanced:8002,balanced-service,Mango__Rotten,balanced
1786676427.264,5,predictions_total,balanced,balanced:8002,balanced-service,Mango__Rotten,balanced
1786676432.264,5,predictions_total,balanced,balanced:8002,balanced-service,Mango__Rotten,balanced
1786676437.264,5,predictions_total,balanced,balanced:8002,balanced-service,Mango__Rotten,balanced
1786676442.264,5,predictions_total,balanced,balanced:8002,balanced-service,Mango__Rotten,balanced
1786676447.264,5,predictions_total,balanced,balanced:8002,balanced-service,Mango__Rotten,balanced
1786676452.264,5,predictions_total,balanced,balanced:8002,balanced-service,Mango__Rotten,balanced
1786676457.264,5,predictions_total,balanced,balanced:8002,balanced-service,Mango__Rotten,balanced
1786676462.264,5,predictions_total,balanced,balanced:8002,balanced-service,Mango__Rotten,balanced
1786676467.264,5,predictions_total,balanced,balanced:8002,balanced-service,Mango__Rotten,balanced
1786676472.264,5,predictions_total,balanced,balanced:8002,balanced-service,Mango__Rotten,balanced
1786676477.264,5,predictions_total,balanced,balanced:8002,balanced-service,Mango__Rotten,balanced
1786676482.264,5,predictions_total,balanced,balanced:8002,balanced-service,Mango__Rotten,balanced
1786676487.264,5,predictions_total,balanced,balanced:8002,balanced-service,Mango__Rotten,balanced
1786676492.264,5,predictions_total,balanced,balanced:8002,balanced-service,Mango__Rotten,balanced
1786676497.264,5,predictions_total,balanced,balanced:8002,balanced-service,Mango__Rotten,balanced
1786676502.264,5,predictions_total,balanced,balanced:8002,balanced-service,Mango__Rotten,balanced
1786676507.264,5,predictions_total,balanced,balanced:8002,balanced-service,Mango__Rotten,balanced
1786676512.264,5,predictions_total,balanced,balanced:8002,balanced-service,Mango__Rotten,balanced
1786676517.264,5,predictions_total,balanced,balanced:8002,balanced-service,Mango__Rotten,balanced
1786676522.264,5,predictions_total,balanced,balanced:8002,balanced-service,Mango__Rotten,balanced
1786676527.264,5,predictions_total,balanced,balanced:8002,balanced-service,Mango__Rotten,balanced
1786676532.264,5,predictions_total,balanced,balanced:8002,balanced-service,Mango__Rotten,balanced
1786676537.264,5,predictions_total,balanced,balanced:8002,balanced-service,Mango__Rotten,balanced
1786676542.264,5,predictions_total,balanced,balanced:8002,balanced-service,Mango__Rotten,balanced
1786676547.264,5,predictions_total,balanced,balanced:8002,balanced-service,Mango__Rotten,balanced
1786676552.264,5,predictions_total,balanced,balanced:8002,balanced-service,Mango__Rotten,balanced
1786676557.264,5,predictions_total,balanced,balanced:8002,balanced-service,Mango__Rotten,balanced
1786676562.264,5,predictions_total,balanced,balanced:8002,balanced-service,Mango__Rotten,balanced
1786676567.264,5,predictions_total,balanced,balanced:8002,balanced-service,Mango__Rotten,balanced
1786676572.264,5,predictions_total,balanced,balanced:8002,balanced-service,Mango__Rotten,balanced
1786676577.264,5,predictions_total,balanced,balanced:8002,balanced-service,Mango__Rotten,balanced
1786676582.264,5,predictions_total,balanced,balanced:8002,balanced-service,Mango__Rotten,balanced
1786676587.264,5,predictions_total,balanced,balanced:8002,balanced-service,Mango__Rotten,balanced
1786676592.264,5,predictions_total,balanced,balanced:8002,balanced-service,Mango__Rotten,balanced
1786676597.264,5,predictions_total,balanced,balanced:8002,balanced-service,Mango__Rotten,balanced
1786676602.264,5,predictions_total,balanced,balanced:8002,balanced-service,Mango__Rotten,balanced
1786676607.264,5,predictions_total,balanced,balanced:8002,balanced-service,Mango__Rotten,balanced
1786676612.264,5,predictions_total,balanced,balanced:8002,balanced-service,Mango__Rotten,balanced
1786676617.264,5,predictions_total,balanced,balanced:8002,balanced-service,Mango__Rotten,balanced
1786676622.264,5,predictions_total,balanced,balanced:8002,balanced-service,Mango__Rotten,balanced
1786676627.264,5,predictions_total,balanced,balanced:8002,balanced-service,Mango__Rotten,balanced
1786676632.264,5,predictions_total,balanced,balanced:8002,balanced-service,Mango__Rotten,balanced
1786676637.264,5,predictions_total,balanced,balanced:8002,balanced-service,Mango__Rotten,balanced
1786676642.264,5,predictions_total,balanced,balanced:8002,balanced-service,Mango__Rotten,balanced
1786676647.264,5,predictions_total,balanced,balanced:8002,balanced-service,Mango__Rotten,balanced
1786676652.264,5,predictions_total,balanced,balanced:8002,balanced-service,Mango__Rotten,balanced
1786676657.264,5,predictions_total,balanced,balanced:8002,balanced-service,Mango__Rotten,balanced
1786676662.264,5,predictions_total,balanced,balanced:8002,balanced-service,Mango__Rotten,balanced
1786676667.264,5,predictions_total,balanced,balanced:8002,balanced-service,Mango__Rotten,balanced
1786676672.264,5,predictions_total,balanced,balanced:8002,balanced-service,Mango__Rotten,balanced
1786676677.264,5,predictions_total,balanced,balanced:8002,balanced-service,Mango__Rotten,balanced
1786676682.264,5,predictions_total,balanced,balanced:8002,balanced-service,Mango__Rotten,balanced
1786676687.264,5,predictions_total,balanced,balanced:8002,balanced-service,Mango__Rotten,balanced
1786676692.264,5,predictions_total,balanced,balanced:8002,balanced-service,Mango__Rotten,balanced
1786676697.264,5,predictions_total,balanced,balanced:8002,balanced-service,Mango__Rotten,balanced
1786676702.264,5,predictions_total,balanced,balanced:8002,balanced-service,Mango__Rotten,balanced
1786676707.264,5,predictions_total,balanced,balanced:8002,balanced-service,Mango__Rotten,balanced
1786676712.264,6,predictions_total,balanced,balanced:8002,balanced-service,Mango__Rotten,balanced
1786676717.264,6,predictions_total,balanced,balanced:8002,balanced-service,Mango__Rotten,balanced
1786676722.264,6,predictions_total,balanced,balanced:8002,balanced-service,Mango__Rotten,balanced
1786676727.264,6,predictions_total,balanced,balanced:8002,balanced-service,Mango__Rotten,balanced
1786676732.264,6,predictions_total,balanced,balanced:8002,balanced-service,Mango__Rotten,balanced
1786676737.264,6,predictions_total,balanced,balanced:8002,balanced-service,Mango__Rotten,balanced
1786676742.264,6,predictions_total,balanced,balanced:8002,balanced-service,Mango__Rotten,balanced
1786676747.264,6,predictions_total,balanced,balanced:8002,balanced-service,Mango__Rotten,balanced
1786676752.264,6,predictions_total,balanced,balanced:8002,balanced-service,Mango__Rotten,balanced
1786676757.264,6,predictions_total,balanced,balanced:8002,balanced-service,Mango__Rotten,balanced
1786676762.264,6,predictions_total,balanced,balanced:8002,balanced-service,Mango__Rotten,balanced
1786676767.264,7,predictions_total,balanced,balanced:8002,balanced-service,Mango__Rotten,balanced
1786676772.264,7,predictions_total,balanced,balanced:8002,balanced-service,Mango__Rotten,balanced
1786676777.264,7,predictions_total,balanced,balanced:8002,balanced-service,Mango__Rotten,balanced
1786676782.264,7,predictions_total,balanced,balanced:8002,balanced-service,Mango__Rotten,balanced
1786676787.264,7,predictions_total,balanced,balanced:8002,balanced-service,Mango__Rotten,balanced
1786676792.264,7,predictions_total,balanced,balanced:8002,balanced-service,Mango__Rotten,balanced
1786676797.264,7,predictions_total,balanced,balanced:8002,balanced-service,Mango__Rotten,balanced
1786676802.264,7,predictions_total,balanced,balanced:8002,balanced-service,Mango__Rotten,balanced
1786676807.264,7,predictions_total,balanced,balanced:8002,balanced-service,Mango__Rotten,balanced
1786676812.264,7,predictions_total,balanced,balanced:8002,balanced-service,Mango__Rotten,balanced
1786676817.264,8,predictions_total,balanced,balanced:8002,balanced-service,Mango__Rotten,balanced
1786676822.264,8,predictions_total,balanced,balanced:8002,balanced-service,Mango__Rotten,balanced
1786676827.264,9,predictions_total,balanced,balanced:8002,balanced-service,Mango__Rotten,balanced
1786676832.264,9,predictions_total,balanced,balanced:8002,balanced-service,Mango__Rotten,balanced
1786676837.264,9,predictions_total,balanced,balanced:8002,balanced-service,Mango__Rotten,balanced
1786676842.264,9,predictions_total,balanced,balanced:8002,balanced-service,Mango__Rotten,balanced
1786676847.264,9,predictions_total,balanced,balanced:8002,balanced-service,Mango__Rotten,balanced
1786676852.264,9,predictions_total,balanced,balanced:8002,balanced-service,Mango__Rotten,balanced
1786676857.264,9,predictions_total,balanced,balanced:8002,balanced-service,Mango__Rotten,balanced
1786676862.264,9,predictions_total,balanced,balanced:8002,balanced-service,Mango__Rotten,balanced
1786676867.264,9,predictions_total,balanced,balanced:8002,balanced-service,Mango__Rotten,balanced
1786676872.264,9,predictions_total,balanced,balanced:8002,balanced-service,Mango__Rotten,balanced
1786676877.264,9,predictions_total,balanced,balanced:8002,balanced-service,Mango__Rotten,balanced
1786676882.264,9,predictions_total,balanced,balanced:8002,balanced-service,Mango__Rotten,balanced
1786676887.264,9,predictions_total,balanced,balanced:8002,balanced-service,Mango__Rotten,balanced
1786676892.264,9,predictions_total,balanced,balanced:8002,balanced-service,Mango__Rotten,balanced
1786676897.264,9,predictions_total,balanced,balanced:8002,balanced-service,Mango__Rotten,balanced
1786676902.264,9,predictions_total,balanced,balanced:8002,balanced-service,Mango__Rotten,balanced
1786676907.264,9,predictions_total,balanced,balanced:8002,balanced-service,Mango__Rotten,balanced
1786676912.264,9,predictions_total,balanced,balanced:8002,balanced-service,Mango__Rotten,balanced
1786676917.264,9,predictions_total,balanced,balanced:8002,balanced-service,Mango__Rotten,balanced
1786676922.264,9,predictions_total,balanced,balanced:8002,balanced-service,Mango__Rotten,balanced
1786676927.264,9,predictions_total,balanced,balanced:8002,balanced-service,Mango__Rotten,balanced
1786676932.264,9,predictions_total,balanced,balanced:8002,balanced-service,Mango__Rotten,balanced
1786676937.264,9,predictions_total,balanced,balanced:8002,balanced-service,Mango__Rotten,balanced
1786676942.264,9,predictions_total,balanced,balanced:8002,balanced-service,Mango__Rotten,balanced
1786676947.264,9,predictions_total,balanced,balanced:8002,balanced-service,Mango__Rotten,balanced
1786676952.264,9,predictions_total,balanced,balanced:8002,balanced-service,Mango__Rotten,balanced
1786676957.264,9,predictions_total,balanced,balanced:8002,balanced-service,Mango__Rotten,balanced
1786676962.264,9,predictions_total,balanced,balanced:8002,balanced-service,Mango__Rotten,balanced
1786676967.264,9,predictions_total,balanced,balanced:8002,balanced-service,Mango__Rotten,balanced
1786676972.264,9,predictions_total,balanced,balanced:8002,balanced-service,Mango__Rotten,balanced
1786676977.264,9,predictions_total,balanced,balanced:8002,balanced-service,Mango__Rotten,balanced
1786676982.264,9,predictions_total,balanced,balanced:8002,balanced-service,Mango__Rotten,balanced
1786676987.264,9,predictions_total,balanced,balanced:8002,balanced-service,Mango__Rotten,balanced
1786676992.264,9,predictions_total,balanced,balanced:8002,balanced-service,Mango__Rotten,balanced
1786676997.264,9,predictions_total,balanced,balanced:8002,balanced-service,Mango__Rotten,balanced
1786677002.264,9,predictions_total,balanced,balanced:8002,balanced-service,Mango__Rotten,balanced
1786677007.264,9,predictions_total,balanced,balanced:8002,balanced-service,Mango__Rotten,balanced
1786677012.264,9,predictions_total,balanced,balanced:8002,balanced-service,Mango__Rotten,balanced
1786677017.264,9,predictions_total,balanced,balanced:8002,balanced-service,Mango__Rotten,balanced
1786677022.264,9,predictions_total,balanced,balanced:8002,balanced-service,Mango__Rotten,balanced
1786677027.264,9,predictions_total,balanced,balanced:8002,balanced-service,Mango__Rotten,balanced
1786677032.264,9,predictions_total,balanced,balanced:8002,balanced-service,Mango__Rotten,balanced
1786677037.264,9,predictions_total,balanced,balanced:8002,balanced-service,Mango__Rotten,balanced
1786677042.264,9,predictions_total,balanced,balanced:8002,balanced-service,Mango__Rotten,balanced
1786677047.264,9,predictions_total,balanced,balanced:8002,balanced-service,Mango__Rotten,balanced
1786677052.264,9,predictions_total,balanced,balanced:8002,balanced-service,Mango__Rotten,balanced
1786677057.264,9,predictions_total,balanced,balanced:8002,balanced-service,Mango__Rotten,balanced
1786677062.264,9,predictions_total,balanced,balanced:8002,balanced-service,Mango__Rotten,balanced
1786677067.264,9,predictions_total,balanced,balanced:8002,balanced-service,Mango__Rotten,balanced
1786677072.264,9,predictions_total,balanced,balanced:8002,balanced-service,Mango__Rotten,balanced
1786677077.264,9,predictions_total,balanced,balanced:8002,balanced-service,Mango__Rotten,balanced
1786677082.264,9,predictions_total,balanced,balanced:8002,balanced-service,Mango__Rotten,balanced
1786677087.264,9,predictions_total,balanced,balanced:8002,balanced-service,Mango__Rotten,balanced
1786677092.264,9,predictions_total,balanced,balanced:8002,balanced-service,Mango__Rotten,balanced
1786677097.264,9,predictions_total,balanced,balanced:8002,balanced-service,Mango__Rotten,balanced
1786677102.264,9,predictions_total,balanced,balanced:8002,balanced-service,Mango__Rotten,balanced
1786677107.264,9,predictions_total,balanced,balanced:8002,balanced-service,Mango__Rotten,balanced
1786677112.264,9,predictions_total,balanced,balanced:8002,balanced-service,Mango__Rotten,balanced
1786677117.264,9,predictions_total,balanced,balanced:8002,balanced-service,Mango__Rotten,balanced
1786677122.264,9,predictions_total,balanced,balanced:8002,balanced-service,Mango__Rotten,balanced
1786677127.264,9,predictions_total,balanced,balanced:8002,balanced-service,Mango__Rotten,balanced
1786677132.264,9,predictions_total,balanced,balanced:8002,balanced-service,Mango__Rotten,balanced
1786677137.264,9,predictions_total,balanced,balanced:8002,balanced-service,Mango__Rotten,balanced
1786677142.264,9,predictions_total,balanced,balanced:8002,balanced-service,Mango__Rotten,balanced
1786677147.264,9,predictions_total,balanced,balanced:8002,balanced-service,Mango__Rotten,balanced
1786677152.264,9,predictions_total,balanced,balanced:8002,balanced-service,Mango__Rotten,balanced
1786677157.264,9,predictions_total,balanced,balanced:8002,balanced-service,Mango__Rotten,balanced
1786677162.264,9,predictions_total,balanced,balanced:8002,balanced-service,Mango__Rotten,balanced
1786677167.264,9,predictions_total,balanced,balanced:8002,balanced-service,Mango__Rotten,balanced
1786677172.264,9,predictions_total,balanced,balanced:8002,balanced-service,Mango__Rotten,balanced
1786677177.264,9,predictions_total,balanced,balanced:8002,balanced-service,Mango__Rotten,balanced
1786677182.264,9,predictions_total,balanced,balanced:8002,balanced-service,Mango__Rotten,balanced
1786677187.264,9,predictions_total,balanced,balanced:8002,balanced-service,Mango__Rotten,balanced
1786677192.264,9,predictions_total,balanced,balanced:8002,balanced-service,Mango__Rotten,balanced
1786677197.264,9,predictions_total,balanced,balanced:8002,balanced-service,Mango__Rotten,balanced
1786677202.264,9,predictions_total,balanced,balanced:8002,balanced-service,Mango__Rotten,balanced
1786677207.264,9,predictions_total,balanced,balanced:8002,balanced-service,Mango__Rotten,balanced
1786677212.264,9,predictions_total,balanced,balanced:8002,balanced-service,Mango__Rotten,balanced
1786677217.264,9,predictions_total,balanced,balanced:8002,balanced-service,Mango__Rotten,balanced
1786677222.264,9,predictions_total,balanced,balanced:8002,balanced-service,Mango__Rotten,balanced
1786677227.264,9,predictions_total,balanced,balanced:8002,balanced-service,Mango__Rotten,balanced
1786677232.264,9,predictions_total,balanced,balanced:8002,balanced-service,Mango__Rotten,balanced
1786677237.264,9,predictions_total,balanced,balanced:8002,balanced-service,Mango__Rotten,balanced
1786677242.264,9,predictions_total,balanced,balanced:8002,balanced-service,Mango__Rotten,balanced
1786677247.264,9,predictions_total,balanced,balanced:8002,balanced-service,Mango__Rotten,balanced
1786677252.264,10,predictions_total,balanced,balanced:8002,balanced-service,Mango__Rotten,balanced
1786677257.264,11,predictions_total,balanced,balanced:8002,balanced-service,Mango__Rotten,balanced
1786677262.264,11,predictions_total,balanced,balanced:8002,balanced-service,Mango__Rotten,balanced
1786677267.264,11,predictions_total,balanced,balanced:8002,balanced-service,Mango__Rotten,balanced
1786677272.264,11,predictions_total,balanced,balanced:8002,balanced-service,Mango__Rotten,balanced
1786677277.264,11,predictions_total,balanced,balanced:8002,balanced-service,Mango__Rotten,balanced
1786677282.264,11,predictions_total,balanced,balanced:8002,balanced-service,Mango__Rotten,balanced
1786677287.264,11,predictions_total,balanced,balanced:8002,balanced-service,Mango__Rotten,balanced
1786677292.264,11,predictions_total,balanced,balanced:8002,balanced-service,Mango__Rotten,balanced
1786677297.264,11,predictions_total,balanced,balanced:8002,balanced-service,Mango__Rotten,balanced
1786677302.264,13,predictions_total,balanced,balanced:8002,balanced-service,Mango__Rotten,balanced
1786677307.264,13,predictions_total,balanced,balanced:8002,balanced-service,Mango__Rotten,balanced
1786677312.264,13,predictions_total,balanced,balanced:8002,balanced-service,Mango__Rotten,balanced
1786677317.264,13,predictions_total,balanced,balanced:8002,balanced-service,Mango__Rotten,balanced
1786677322.264,13,predictions_total,balanced,balanced:8002,balanced-service,Mango__Rotten,balanced
1786677327.264,13,predictions_total,balanced,balanced:8002,balanced-service,Mango__Rotten,balanced
1786677332.264,13,predictions_total,balanced,balanced:8002,balanced-service,Mango__Rotten,balanced
1786677337.264,13,predictions_total,balanced,balanced:8002,balanced-service,Mango__Rotten,balanced
1786677342.264,13,predictions_total,balanced,balanced:8002,balanced-service,Mango__Rotten,balanced
1786677347.264,13,predictions_total,balanced,balanced:8002,balanced-service,Mango__Rotten,balanced
1786677352.264,13,predictions_total,balanced,balanced:8002,balanced-service,Mango__Rotten,balanced
1786677357.264,13,predictions_total,balanced,balanced:8002,balanced-service,Mango__Rotten,balanced
1786677362.264,13,predictions_total,balanced,balanced:8002,balanced-service,Mango__Rotten,balanced
1786677367.264,14,predictions_total,balanced,balanced:8002,balanced-service,Mango__Rotten,balanced
1786677372.264,16,predictions_total,balanced,balanced:8002,balanced-service,Mango__Rotten,balanced
1786677377.264,16,predictions_total,balanced,balanced:8002,balanced-service,Mango__Rotten,balanced
1786677382.264,16,predictions_total,balanced,balanced:8002,balanced-service,Mango__Rotten,balanced
1786677387.264,16,predictions_total,balanced,balanced:8002,balanced-service,Mango__Rotten,balanced
1786677392.264,16,predictions_total,balanced,balanced:8002,balanced-service,Mango__Rotten,balanced
1786677397.264,16,predictions_total,balanced,balanced:8002,balanced-service,Mango__Rotten,balanced
1786677402.264,16,predictions_total,balanced,balanced:8002,balanced-service,Mango__Rotten,balanced
1786677407.264,17,predictions_total,balanced,balanced:8002,balanced-service,Mango__Rotten,balanced
1786677412.264,17,predictions_total,balanced,balanced:8002,balanced-service,Mango__Rotten,balanced
1786677417.264,19,predictions_total,balanced,balanced:8002,balanced-service,Mango__Rotten,balanced
1786677422.264,19,predictions_total,balanced,balanced:8002,balanced-service,Mango__Rotten,balanced
1786677427.264,19,predictions_total,balanced,balanced:8002,balanced-service,Mango__Rotten,balanced
1786677432.264,19,predictions_total,balanced,balanced:8002,balanced-service,Mango__Rotten,balanced
1786677437.264,19,predictions_total,balanced,balanced:8002,balanced-service,Mango__Rotten,balanced
1786677442.264,19,predictions_total,balanced,balanced:8002,balanced-service,Mango__Rotten,balanced
1786677447.264,19,predictions_total,balanced,balanced:8002,balanced-service,Mango__Rotten,balanced
1786676337.264,2,predictions_total,balanced,balanced:8002,balanced-service,Orange__Healthy,balanced
1786676342.264,7,predictions_total,balanced,balanced:8002,balanced-service,Orange__Healthy,balanced
1786676347.264,7,predictions_total,balanced,balanced:8002,balanced-service,Orange__Healthy,balanced
1786676352.264,7,predictions_total,balanced,balanced:8002,balanced-service,Orange__Healthy,balanced
1786676357.264,7,predictions_total,balanced,balanced:8002,balanced-service,Orange__Healthy,balanced
1786676362.264,8,predictions_total,balanced,balanced:8002,balanced-service,Orange__Healthy,balanced
1786676367.264,8,predictions_total,balanced,balanced:8002,balanced-service,Orange__Healthy,balanced
1786676372.264,10,predictions_total,balanced,balanced:8002,balanced-service,Orange__Healthy,balanced
1786676377.264,10,predictions_total,balanced,balanced:8002,balanced-service,Orange__Healthy,balanced
1786676382.264,12,predictions_total,balanced,balanced:8002,balanced-service,Orange__Healthy,balanced
1786676387.264,13,predictions_total,balanced,balanced:8002,balanced-service,Orange__Healthy,balanced
1786676392.264,15,predictions_total,balanced,balanced:8002,balanced-service,Orange__Healthy,balanced
1786676397.264,17,predictions_total,balanced,balanced:8002,balanced-service,Orange__Healthy,balanced
1786676402.264,17,predictions_total,balanced,balanced:8002,balanced-service,Orange__Healthy,balanced
1786676407.264,17,predictions_total,balanced,balanced:8002,balanced-service,Orange__Healthy,balanced
1786676412.264,17,predictions_total,balanced,balanced:8002,balanced-service,Orange__Healthy,balanced
1786676417.264,17,predictions_total,balanced,balanced:8002,balanced-service,Orange__Healthy,balanced
1786676422.264,17,predictions_total,balanced,balanced:8002,balanced-service,Orange__Healthy,balanced
1786676427.264,17,predictions_total,balanced,balanced:8002,balanced-service,Orange__Healthy,balanced
1786676432.264,17,predictions_total,balanced,balanced:8002,balanced-service,Orange__Healthy,balanced
1786676437.264,17,predictions_total,balanced,balanced:8002,balanced-service,Orange__Healthy,balanced
1786676442.264,17,predictions_total,balanced,balanced:8002,balanced-service,Orange__Healthy,balanced
1786676447.264,17,predictions_total,balanced,balanced:8002,balanced-service,Orange__Healthy,balanced
1786676452.264,17,predictions_total,balanced,balanced:8002,balanced-service,Orange__Healthy,balanced
1786676457.264,17,predictions_total,balanced,balanced:8002,balanced-service,Orange__Healthy,balanced
1786676462.264,17,predictions_total,balanced,balanced:8002,balanced-service,Orange__Healthy,balanced
1786676467.264,17,predictions_total,balanced,balanced:8002,balanced-service,Orange__Healthy,balanced
1786676472.264,17,predictions_total,balanced,balanced:8002,balanced-service,Orange__Healthy,balanced
1786676477.264,17,predictions_total,balanced,balanced:8002,balanced-service,Orange__Healthy,balanced
1786676482.264,17,predictions_total,balanced,balanced:8002,balanced-service,Orange__Healthy,balanced
1786676487.264,17,predictions_total,balanced,balanced:8002,balanced-service,Orange__Healthy,balanced
1786676492.264,17,predictions_total,balanced,balanced:8002,balanced-service,Orange__Healthy,balanced
1786676497.264,17,predictions_total,balanced,balanced:8002,balanced-service,Orange__Healthy,balanced
1786676502.264,17,predictions_total,balanced,balanced:8002,balanced-service,Orange__Healthy,balanced
1786676507.264,17,predictions_total,balanced,balanced:8002,balanced-service,Orange__Healthy,balanced
1786676512.264,17,predictions_total,balanced,balanced:8002,balanced-service,Orange__Healthy,balanced
1786676517.264,17,predictions_total,balanced,balanced:8002,balanced-service,Orange__Healthy,balanced
1786676522.264,17,predictions_total,balanced,balanced:8002,balanced-service,Orange__Healthy,balanced
1786676527.264,17,predictions_total,balanced,balanced:8002,balanced-service,Orange__Healthy,balanced
1786676532.264,17,predictions_total,balanced,balanced:8002,balanced-service,Orange__Healthy,balanced
1786676537.264,17,predictions_total,balanced,balanced:8002,balanced-service,Orange__Healthy,balanced
1786676542.264,17,predictions_total,balanced,balanced:8002,balanced-service,Orange__Healthy,balanced
1786676547.264,17,predictions_total,balanced,balanced:8002,balanced-service,Orange__Healthy,balanced
1786676552.264,17,predictions_total,balanced,balanced:8002,balanced-service,Orange__Healthy,balanced
1786676557.264,17,predictions_total,balanced,balanced:8002,balanced-service,Orange__Healthy,balanced
1786676562.264,17,predictions_total,balanced,balanced:8002,balanced-service,Orange__Healthy,balanced
1786676567.264,17,predictions_total,balanced,balanced:8002,balanced-service,Orange__Healthy,balanced
1786676572.264,17,predictions_total,balanced,balanced:8002,balanced-service,Orange__Healthy,balanced
1786676577.264,17,predictions_total,balanced,balanced:8002,balanced-service,Orange__Healthy,balanced
1786676582.264,17,predictions_total,balanced,balanced:8002,balanced-service,Orange__Healthy,balanced
1786676587.264,17,predictions_total,balanced,balanced:8002,balanced-service,Orange__Healthy,balanced
1786676592.264,17,predictions_total,balanced,balanced:8002,balanced-service,Orange__Healthy,balanced
1786676597.264,17,predictions_total,balanced,balanced:8002,balanced-service,Orange__Healthy,balanced
1786676602.264,17,predictions_total,balanced,balanced:8002,balanced-service,Orange__Healthy,balanced
1786676607.264,17,predictions_total,balanced,balanced:8002,balanced-service,Orange__Healthy,balanced
1786676612.264,17,predictions_total,balanced,balanced:8002,balanced-service,Orange__Healthy,balanced
1786676617.264,17,predictions_total,balanced,balanced:8002,balanced-service,Orange__Healthy,balanced
1786676622.264,17,predictions_total,balanced,balanced:8002,balanced-service,Orange__Healthy,balanced
1786676627.264,17,predictions_total,balanced,balanced:8002,balanced-service,Orange__Healthy,balanced
1786676632.264,17,predictions_total,balanced,balanced:8002,balanced-service,Orange__Healthy,balanced
1786676637.264,17,predictions_total,balanced,balanced:8002,balanced-service,Orange__Healthy,balanced
1786676642.264,19,predictions_total,balanced,balanced:8002,balanced-service,Orange__Healthy,balanced
1786676647.264,21,predictions_total,balanced,balanced:8002,balanced-service,Orange__Healthy,balanced
1786676652.264,22,predictions_total,balanced,balanced:8002,balanced-service,Orange__Healthy,balanced
1786676657.264,23,predictions_total,balanced,balanced:8002,balanced-service,Orange__Healthy,balanced
1786676662.264,25,predictions_total,balanced,balanced:8002,balanced-service,Orange__Healthy,balanced
1786676667.264,25,predictions_total,balanced,balanced:8002,balanced-service,Orange__Healthy,balanced
1786676672.264,25,predictions_total,balanced,balanced:8002,balanced-service,Orange__Healthy,balanced
1786676677.264,26,predictions_total,balanced,balanced:8002,balanced-service,Orange__Healthy,balanced
1786676682.264,29,predictions_total,balanced,balanced:8002,balanced-service,Orange__Healthy,balanced
1786676687.264,31,predictions_total,balanced,balanced:8002,balanced-service,Orange__Healthy,balanced
1786676692.264,34,predictions_total,balanced,balanced:8002,balanced-service,Orange__Healthy,balanced
1786676697.264,40,predictions_total,balanced,balanced:8002,balanced-service,Orange__Healthy,balanced
1786676702.264,40,predictions_total,balanced,balanced:8002,balanced-service,Orange__Healthy,balanced
1786676707.264,42,predictions_total,balanced,balanced:8002,balanced-service,Orange__Healthy,balanced
1786676712.264,42,predictions_total,balanced,balanced:8002,balanced-service,Orange__Healthy,balanced
1786676717.264,44,predictions_total,balanced,balanced:8002,balanced-service,Orange__Healthy,balanced
1786676722.264,46,predictions_total,balanced,balanced:8002,balanced-service,Orange__Healthy,balanced
1786676727.264,47,predictions_total,balanced,balanced:8002,balanced-service,Orange__Healthy,balanced
1786676732.264,49,predictions_total,balanced,balanced:8002,balanced-service,Orange__Healthy,balanced
1786676737.264,52,predictions_total,balanced,balanced:8002,balanced-service,Orange__Healthy,balanced
1786676742.264,53,predictions_total,balanced,balanced:8002,balanced-service,Orange__Healthy,balanced
1786676747.264,53,predictions_total,balanced,balanced:8002,balanced-service,Orange__Healthy,balanced
1786676752.264,53,predictions_total,balanced,balanced:8002,balanced-service,Orange__Healthy,balanced
1786676757.264,53,predictions_total,balanced,balanced:8002,balanced-service,Orange__Healthy,balanced
1786676762.264,53,predictions_total,balanced,balanced:8002,balanced-service,Orange__Healthy,balanced
1786676767.264,53,predictions_total,balanced,balanced:8002,balanced-service,Orange__Healthy,balanced
1786676772.264,54,predictions_total,balanced,balanced:8002,balanced-service,Orange__Healthy,balanced
1786676777.264,54,predictions_total,balanced,balanced:8002,balanced-service,Orange__Healthy,balanced
1786676782.264,55,predictions_total,balanced,balanced:8002,balanced-service,Orange__Healthy,balanced
1786676787.264,56,predictions_total,balanced,balanced:8002,balanced-service,Orange__Healthy,balanced
1786676792.264,57,predictions_total,balanced,balanced:8002,balanced-service,Orange__Healthy,balanced
1786676797.264,57,predictions_total,balanced,balanced:8002,balanced-service,Orange__Healthy,balanced
1786676802.264,58,predictions_total,balanced,balanced:8002,balanced-service,Orange__Healthy,balanced
1786676807.264,60,predictions_total,balanced,balanced:8002,balanced-service,Orange__Healthy,balanced
1786676812.264,60,predictions_total,balanced,balanced:8002,balanced-service,Orange__Healthy,balanced
1786676817.264,60,predictions_total,balanced,balanced:8002,balanced-service,Orange__Healthy,balanced
1786676822.264,60,predictions_total,balanced,balanced:8002,balanced-service,Orange__Healthy,balanced
1786676827.264,60,predictions_total,balanced,balanced:8002,balanced-service,Orange__Healthy,balanced
1786676832.264,60,predictions_total,balanced,balanced:8002,balanced-service,Orange__Healthy,balanced
1786676837.264,60,predictions_total,balanced,balanced:8002,balanced-service,Orange__Healthy,balanced
1786676842.264,61,predictions_total,balanced,balanced:8002,balanced-service,Orange__Healthy,balanced
1786676847.264,64,predictions_total,balanced,balanced:8002,balanced-service,Orange__Healthy,balanced
1786676852.264,66,predictions_total,balanced,balanced:8002,balanced-service,Orange__Healthy,balanced
1786676857.264,66,predictions_total,balanced,balanced:8002,balanced-service,Orange__Healthy,balanced
1786676862.264,71,predictions_total,balanced,balanced:8002,balanced-service,Orange__Healthy,balanced
1786676867.264,71,predictions_total,balanced,balanced:8002,balanced-service,Orange__Healthy,balanced
1786676872.264,71,predictions_total,balanced,balanced:8002,balanced-service,Orange__Healthy,balanced
1786676877.264,71,predictions_total,balanced,balanced:8002,balanced-service,Orange__Healthy,balanced
1786676882.264,71,predictions_total,balanced,balanced:8002,balanced-service,Orange__Healthy,balanced
1786676887.264,71,predictions_total,balanced,balanced:8002,balanced-service,Orange__Healthy,balanced
1786676892.264,71,predictions_total,balanced,balanced:8002,balanced-service,Orange__Healthy,balanced
1786676897.264,71,predictions_total,balanced,balanced:8002,balanced-service,Orange__Healthy,balanced
1786676902.264,71,predictions_total,balanced,balanced:8002,balanced-service,Orange__Healthy,balanced
1786676907.264,71,predictions_total,balanced,balanced:8002,balanced-service,Orange__Healthy,balanced
1786676912.264,71,predictions_total,balanced,balanced:8002,balanced-service,Orange__Healthy,balanced
1786676917.264,71,predictions_total,balanced,balanced:8002,balanced-service,Orange__Healthy,balanced
1786676922.264,71,predictions_total,balanced,balanced:8002,balanced-service,Orange__Healthy,balanced
1786676927.264,71,predictions_total,balanced,balanced:8002,balanced-service,Orange__Healthy,balanced
1786676932.264,71,predictions_total,balanced,balanced:8002,balanced-service,Orange__Healthy,balanced
1786676937.264,71,predictions_total,balanced,balanced:8002,balanced-service,Orange__Healthy,balanced
1786676942.264,71,predictions_total,balanced,balanced:8002,balanced-service,Orange__Healthy,balanced
1786676947.264,71,predictions_total,balanced,balanced:8002,balanced-service,Orange__Healthy,balanced
1786676952.264,71,predictions_total,balanced,balanced:8002,balanced-service,Orange__Healthy,balanced
1786676957.264,71,predictions_total,balanced,balanced:8002,balanced-service,Orange__Healthy,balanced
1786676962.264,71,predictions_total,balanced,balanced:8002,balanced-service,Orange__Healthy,balanced
1786676967.264,71,predictions_total,balanced,balanced:8002,balanced-service,Orange__Healthy,balanced
1786676972.264,71,predictions_total,balanced,balanced:8002,balanced-service,Orange__Healthy,balanced
1786676977.264,71,predictions_total,balanced,balanced:8002,balanced-service,Orange__Healthy,balanced
1786676982.264,71,predictions_total,balanced,balanced:8002,balanced-service,Orange__Healthy,balanced
1786676987.264,71,predictions_total,balanced,balanced:8002,balanced-service,Orange__Healthy,balanced
1786676992.264,71,predictions_total,balanced,balanced:8002,balanced-service,Orange__Healthy,balanced
1786676997.264,71,predictions_total,balanced,balanced:8002,balanced-service,Orange__Healthy,balanced
1786677002.264,71,predictions_total,balanced,balanced:8002,balanced-service,Orange__Healthy,balanced
1786677007.264,71,predictions_total,balanced,balanced:8002,balanced-service,Orange__Healthy,balanced
1786677012.264,71,predictions_total,balanced,balanced:8002,balanced-service,Orange__Healthy,balanced
1786677017.264,71,predictions_total,balanced,balanced:8002,balanced-service,Orange__Healthy,balanced
1786677022.264,71,predictions_total,balanced,balanced:8002,balanced-service,Orange__Healthy,balanced
1786677027.264,71,predictions_total,balanced,balanced:8002,balanced-service,Orange__Healthy,balanced
1786677032.264,71,predictions_total,balanced,balanced:8002,balanced-service,Orange__Healthy,balanced
1786677037.264,71,predictions_total,balanced,balanced:8002,balanced-service,Orange__Healthy,balanced
1786677042.264,71,predictions_total,balanced,balanced:8002,balanced-service,Orange__Healthy,balanced
1786677047.264,71,predictions_total,balanced,balanced:8002,balanced-service,Orange__Healthy,balanced
1786677052.264,71,predictions_total,balanced,balanced:8002,balanced-service,Orange__Healthy,balanced
1786677057.264,71,predictions_total,balanced,balanced:8002,balanced-service,Orange__Healthy,balanced
1786677062.264,71,predictions_total,balanced,balanced:8002,balanced-service,Orange__Healthy,balanced
1786677067.264,71,predictions_total,balanced,balanced:8002,balanced-service,Orange__Healthy,balanced
1786677072.264,71,predictions_total,balanced,balanced:8002,balanced-service,Orange__Healthy,balanced
1786677077.264,71,predictions_total,balanced,balanced:8002,balanced-service,Orange__Healthy,balanced
1786677082.264,71,predictions_total,balanced,balanced:8002,balanced-service,Orange__Healthy,balanced
1786677087.264,71,predictions_total,balanced,balanced:8002,balanced-service,Orange__Healthy,balanced
1786677092.264,71,predictions_total,balanced,balanced:8002,balanced-service,Orange__Healthy,balanced
1786677097.264,71,predictions_total,balanced,balanced:8002,balanced-service,Orange__Healthy,balanced
1786677102.264,71,predictions_total,balanced,balanced:8002,balanced-service,Orange__Healthy,balanced
1786677107.264,71,predictions_total,balanced,balanced:8002,balanced-service,Orange__Healthy,balanced
1786677112.264,71,predictions_total,balanced,balanced:8002,balanced-service,Orange__Healthy,balanced
1786677117.264,71,predictions_total,balanced,balanced:8002,balanced-service,Orange__Healthy,balanced
1786677122.264,71,predictions_total,balanced,balanced:8002,balanced-service,Orange__Healthy,balanced
1786677127.264,71,predictions_total,balanced,balanced:8002,balanced-service,Orange__Healthy,balanced
1786677132.264,71,predictions_total,balanced,balanced:8002,balanced-service,Orange__Healthy,balanced
1786677137.264,71,predictions_total,balanced,balanced:8002,balanced-service,Orange__Healthy,balanced
1786677142.264,71,predictions_total,balanced,balanced:8002,balanced-service,Orange__Healthy,balanced
1786677147.264,71,predictions_total,balanced,balanced:8002,balanced-service,Orange__Healthy,balanced
1786677152.264,71,predictions_total,balanced,balanced:8002,balanced-service,Orange__Healthy,balanced
1786677157.264,71,predictions_total,balanced,balanced:8002,balanced-service,Orange__Healthy,balanced
1786677162.264,71,predictions_total,balanced,balanced:8002,balanced-service,Orange__Healthy,balanced
1786677167.264,71,predictions_total,balanced,balanced:8002,balanced-service,Orange__Healthy,balanced
1786677172.264,71,predictions_total,balanced,balanced:8002,balanced-service,Orange__Healthy,balanced
1786677177.264,71,predictions_total,balanced,balanced:8002,balanced-service,Orange__Healthy,balanced
1786677182.264,71,predictions_total,balanced,balanced:8002,balanced-service,Orange__Healthy,balanced
1786677187.264,71,predictions_total,balanced,balanced:8002,balanced-service,Orange__Healthy,balanced
1786677192.264,71,predictions_total,balanced,balanced:8002,balanced-service,Orange__Healthy,balanced
1786677197.264,71,predictions_total,balanced,balanced:8002,balanced-service,Orange__Healthy,balanced
1786677202.264,71,predictions_total,balanced,balanced:8002,balanced-service,Orange__Healthy,balanced
1786677207.264,71,predictions_total,balanced,balanced:8002,balanced-service,Orange__Healthy,balanced
1786677212.264,71,predictions_total,balanced,balanced:8002,balanced-service,Orange__Healthy,balanced
1786677217.264,71,predictions_total,balanced,balanced:8002,balanced-service,Orange__Healthy,balanced
1786677222.264,71,predictions_total,balanced,balanced:8002,balanced-service,Orange__Healthy,balanced
1786677227.264,71,predictions_total,balanced,balanced:8002,balanced-service,Orange__Healthy,balanced
1786677232.264,71,predictions_total,balanced,balanced:8002,balanced-service,Orange__Healthy,balanced
1786677237.264,71,predictions_total,balanced,balanced:8002,balanced-service,Orange__Healthy,balanced
1786677242.264,71,predictions_total,balanced,balanced:8002,balanced-service,Orange__Healthy,balanced
1786677247.264,73,predictions_total,balanced,balanced:8002,balanced-service,Orange__Healthy,balanced
1786677252.264,73,predictions_total,balanced,balanced:8002,balanced-service,Orange__Healthy,balanced
1786677257.264,75,predictions_total,balanced,balanced:8002,balanced-service,Orange__Healthy,balanced
1786677262.264,76,predictions_total,balanced,balanced:8002,balanced-service,Orange__Healthy,balanced
1786677267.264,77,predictions_total,balanced,balanced:8002,balanced-service,Orange__Healthy,balanced
1786677272.264,78,predictions_total,balanced,balanced:8002,balanced-service,Orange__Healthy,balanced
1786677277.264,80,predictions_total,balanced,balanced:8002,balanced-service,Orange__Healthy,balanced
1786677282.264,80,predictions_total,balanced,balanced:8002,balanced-service,Orange__Healthy,balanced
1786677287.264,82,predictions_total,balanced,balanced:8002,balanced-service,Orange__Healthy,balanced
1786677292.264,82,predictions_total,balanced,balanced:8002,balanced-service,Orange__Healthy,balanced
1786677297.264,83,predictions_total,balanced,balanced:8002,balanced-service,Orange__Healthy,balanced
1786677302.264,85,predictions_total,balanced,balanced:8002,balanced-service,Orange__Healthy,balanced
1786677307.264,85,predictions_total,balanced,balanced:8002,balanced-service,Orange__Healthy,balanced
1786677312.264,87,predictions_total,balanced,balanced:8002,balanced-service,Orange__Healthy,balanced
1786677317.264,87,predictions_total,balanced,balanced:8002,balanced-service,Orange__Healthy,balanced
1786677322.264,87,predictions_total,balanced,balanced:8002,balanced-service,Orange__Healthy,balanced
1786677327.264,90,predictions_total,balanced,balanced:8002,balanced-service,Orange__Healthy,balanced
1786677332.264,90,predictions_total,balanced,balanced:8002,balanced-service,Orange__Healthy,balanced
1786677337.264,90,predictions_total,balanced,balanced:8002,balanced-service,Orange__Healthy,balanced
1786677342.264,90,predictions_total,balanced,balanced:8002,balanced-service,Orange__Healthy,balanced
1786677347.264,92,predictions_total,balanced,balanced:8002,balanced-service,Orange__Healthy,balanced
1786677352.264,93,predictions_total,balanced,balanced:8002,balanced-service,Orange__Healthy,balanced
1786677357.264,95,predictions_total,balanced,balanced:8002,balanced-service,Orange__Healthy,balanced
1786677362.264,96,predictions_total,balanced,balanced:8002,balanced-service,Orange__Healthy,balanced
1786677367.264,97,predictions_total,balanced,balanced:8002,balanced-service,Orange__Healthy,balanced
1786677372.264,97,predictions_total,balanced,balanced:8002,balanced-service,Orange__Healthy,balanced
1786677377.264,98,predictions_total,balanced,balanced:8002,balanced-service,Orange__Healthy,balanced
1786677382.264,100,predictions_total,balanced,balanced:8002,balanced-service,Orange__Healthy,balanced
1786677387.264,102,predictions_total,balanced,balanced:8002,balanced-service,Orange__Healthy,balanced
1786677392.264,104,predictions_total,balanced,balanced:8002,balanced-service,Orange__Healthy,balanced
1786677397.264,106,predictions_total,balanced,balanced:8002,balanced-service,Orange__Healthy,balanced
1786677402.264,107,predictions_total,balanced,balanced:8002,balanced-service,Orange__Healthy,balanced
1786677407.264,107,predictions_total,balanced,balanced:8002,balanced-service,Orange__Healthy,balanced
1786677412.264,107,predictions_total,balanced,balanced:8002,balanced-service,Orange__Healthy,balanced
1786677417.264,110,predictions_total,balanced,balanced:8002,balanced-service,Orange__Healthy,balanced
1786677422.264,113,predictions_total,balanced,balanced:8002,balanced-service,Orange__Healthy,balanced
1786677427.264,116,predictions_total,balanced,balanced:8002,balanced-service,Orange__Healthy,balanced
1786677432.264,119,predictions_total,balanced,balanced:8002,balanced-service,Orange__Healthy,balanced
1786677437.264,119,predictions_total,balanced,balanced:8002,balanced-service,Orange__Healthy,balanced
1786677442.264,119,predictions_total,balanced,balanced:8002,balanced-service,Orange__Healthy,balanced
1786677447.264,119,predictions_total,balanced,balanced:8002,balanced-service,Orange__Healthy,balanced
1786676327.264,2,predictions_total,balanced,balanced:8002,balanced-service,Orange__Rotten,balanced
1786676332.264,2,predictions_total,balanced,balanced:8002,balanced-service,Orange__Rotten,balanced
1786676337.264,2,predictions_total,balanced,balanced:8002,balanced-service,Orange__Rotten,balanced
1786676342.264,6,predictions_total,balanced,balanced:8002,balanced-service,Orange__Rotten,balanced
1786676347.264,10,predictions_total,balanced,balanced:8002,balanced-service,Orange__Rotten,balanced
1786676352.264,11,predictions_total,balanced,balanced:8002,balanced-service,Orange__Rotten,balanced
1786676357.264,15,predictions_total,balanced,balanced:8002,balanced-service,Orange__Rotten,balanced
1786676362.264,17,predictions_total,balanced,balanced:8002,balanced-service,Orange__Rotten,balanced
1786676367.264,17,predictions_total,balanced,balanced:8002,balanced-service,Orange__Rotten,balanced
1786676372.264,19,predictions_total,balanced,balanced:8002,balanced-service,Orange__Rotten,balanced
1786676377.264,19,predictions_total,balanced,balanced:8002,balanced-service,Orange__Rotten,balanced
1786676382.264,19,predictions_total,balanced,balanced:8002,balanced-service,Orange__Rotten,balanced
1786676387.264,19,predictions_total,balanced,balanced:8002,balanced-service,Orange__Rotten,balanced
1786676392.264,19,predictions_total,balanced,balanced:8002,balanced-service,Orange__Rotten,balanced
1786676397.264,21,predictions_total,balanced,balanced:8002,balanced-service,Orange__Rotten,balanced
1786676402.264,21,predictions_total,balanced,balanced:8002,balanced-service,Orange__Rotten,balanced
1786676407.264,21,predictions_total,balanced,balanced:8002,balanced-service,Orange__Rotten,balanced
1786676412.264,21,predictions_total,balanced,balanced:8002,balanced-service,Orange__Rotten,balanced
1786676417.264,21,predictions_total,balanced,balanced:8002,balanced-service,Orange__Rotten,balanced
1786676422.264,21,predictions_total,balanced,balanced:8002,balanced-service,Orange__Rotten,balanced
1786676427.264,21,predictions_total,balanced,balanced:8002,balanced-service,Orange__Rotten,balanced
1786676432.264,21,predictions_total,balanced,balanced:8002,balanced-service,Orange__Rotten,balanced
1786676437.264,21,predictions_total,balanced,balanced:8002,balanced-service,Orange__Rotten,balanced
1786676442.264,21,predictions_total,balanced,balanced:8002,balanced-service,Orange__Rotten,balanced
1786676447.264,21,predictions_total,balanced,balanced:8002,balanced-service,Orange__Rotten,balanced
1786676452.264,21,predictions_total,balanced,balanced:8002,balanced-service,Orange__Rotten,balanced
1786676457.264,21,predictions_total,balanced,balanced:8002,balanced-service,Orange__Rotten,balanced
1786676462.264,21,predictions_total,balanced,balanced:8002,balanced-service,Orange__Rotten,balanced
1786676467.264,21,predictions_total,balanced,balanced:8002,balanced-service,Orange__Rotten,balanced
1786676472.264,21,predictions_total,balanced,balanced:8002,balanced-service,Orange__Rotten,balanced
1786676477.264,21,predictions_total,balanced,balanced:8002,balanced-service,Orange__Rotten,balanced
1786676482.264,21,predictions_total,balanced,balanced:8002,balanced-service,Orange__Rotten,balanced
1786676487.264,21,predictions_total,balanced,balanced:8002,balanced-service,Orange__Rotten,balanced
1786676492.264,21,predictions_total,balanced,balanced:8002,balanced-service,Orange__Rotten,balanced
1786676497.264,21,predictions_total,balanced,balanced:8002,balanced-service,Orange__Rotten,balanced
1786676502.264,21,predictions_total,balanced,balanced:8002,balanced-service,Orange__Rotten,balanced
1786676507.264,21,predictions_total,balanced,balanced:8002,balanced-service,Orange__Rotten,balanced
1786676512.264,21,predictions_total,balanced,balanced:8002,balanced-service,Orange__Rotten,balanced
1786676517.264,21,predictions_total,balanced,balanced:8002,balanced-service,Orange__Rotten,balanced
1786676522.264,21,predictions_total,balanced,balanced:8002,balanced-service,Orange__Rotten,balanced
1786676527.264,21,predictions_total,balanced,balanced:8002,balanced-service,Orange__Rotten,balanced
1786676532.264,21,predictions_total,balanced,balanced:8002,balanced-service,Orange__Rotten,balanced
1786676537.264,21,predictions_total,balanced,balanced:8002,balanced-service,Orange__Rotten,balanced
1786676542.264,21,predictions_total,balanced,balanced:8002,balanced-service,Orange__Rotten,balanced
1786676547.264,21,predictions_total,balanced,balanced:8002,balanced-service,Orange__Rotten,balanced
1786676552.264,21,predictions_total,balanced,balanced:8002,balanced-service,Orange__Rotten,balanced
1786676557.264,21,predictions_total,balanced,balanced:8002,balanced-service,Orange__Rotten,balanced
1786676562.264,21,predictions_total,balanced,balanced:8002,balanced-service,Orange__Rotten,balanced
1786676567.264,21,predictions_total,balanced,balanced:8002,balanced-service,Orange__Rotten,balanced
1786676572.264,21,predictions_total,balanced,balanced:8002,balanced-service,Orange__Rotten,balanced
1786676577.264,21,predictions_total,balanced,balanced:8002,balanced-service,Orange__Rotten,balanced
1786676582.264,21,predictions_total,balanced,balanced:8002,balanced-service,Orange__Rotten,balanced
1786676587.264,21,predictions_total,balanced,balanced:8002,balanced-service,Orange__Rotten,balanced
1786676592.264,21,predictions_total,balanced,balanced:8002,balanced-service,Orange__Rotten,balanced
1786676597.264,21,predictions_total,balanced,balanced:8002,balanced-service,Orange__Rotten,balanced
1786676602.264,21,predictions_total,balanced,balanced:8002,balanced-service,Orange__Rotten,balanced
1786676607.264,21,predictions_total,balanced,balanced:8002,balanced-service,Orange__Rotten,balanced
1786676612.264,21,predictions_total,balanced,balanced:8002,balanced-service,Orange__Rotten,balanced
1786676617.264,21,predictions_total,balanced,balanced:8002,balanced-service,Orange__Rotten,balanced
1786676622.264,21,predictions_total,balanced,balanced:8002,balanced-service,Orange__Rotten,balanced
1786676627.264,21,predictions_total,balanced,balanced:8002,balanced-service,Orange__Rotten,balanced
1786676632.264,21,predictions_total,balanced,balanced:8002,balanced-service,Orange__Rotten,balanced
1786676637.264,21,predictions_total,balanced,balanced:8002,balanced-service,Orange__Rotten,balanced
1786676642.264,21,predictions_total,balanced,balanced:8002,balanced-service,Orange__Rotten,balanced
1786676647.264,22,predictions_total,balanced,balanced:8002,balanced-service,Orange__Rotten,balanced
1786676652.264,25,predictions_total,balanced,balanced:8002,balanced-service,Orange__Rotten,balanced
1786676657.264,25,predictions_total,balanced,balanced:8002,balanced-service,Orange__Rotten,balanced
1786676662.264,28,predictions_total,balanced,balanced:8002,balanced-service,Orange__Rotten,balanced
1786676667.264,29,predictions_total,balanced,balanced:8002,balanced-service,Orange__Rotten,balanced
1786676672.264,29,predictions_total,balanced,balanced:8002,balanced-service,Orange__Rotten,balanced
1786676677.264,29,predictions_total,balanced,balanced:8002,balanced-service,Orange__Rotten,balanced
1786676682.264,29,predictions_total,balanced,balanced:8002,balanced-service,Orange__Rotten,balanced
1786676687.264,30,predictions_total,balanced,balanced:8002,balanced-service,Orange__Rotten,balanced
1786676692.264,31,predictions_total,balanced,balanced:8002,balanced-service,Orange__Rotten,balanced
1786676697.264,31,predictions_total,balanced,balanced:8002,balanced-service,Orange__Rotten,balanced
1786676702.264,32,predictions_total,balanced,balanced:8002,balanced-service,Orange__Rotten,balanced
1786676707.264,35,predictions_total,balanced,balanced:8002,balanced-service,Orange__Rotten,balanced
1786676712.264,35,predictions_total,balanced,balanced:8002,balanced-service,Orange__Rotten,balanced
1786676717.264,35,predictions_total,balanced,balanced:8002,balanced-service,Orange__Rotten,balanced
1786676722.264,35,predictions_total,balanced,balanced:8002,balanced-service,Orange__Rotten,balanced
1786676727.264,35,predictions_total,balanced,balanced:8002,balanced-service,Orange__Rotten,balanced
1786676732.264,35,predictions_total,balanced,balanced:8002,balanced-service,Orange__Rotten,balanced
1786676737.264,35,predictions_total,balanced,balanced:8002,balanced-service,Orange__Rotten,balanced
1786676742.264,37,predictions_total,balanced,balanced:8002,balanced-service,Orange__Rotten,balanced
1786676747.264,37,predictions_total,balanced,balanced:8002,balanced-service,Orange__Rotten,balanced
1786676752.264,37,predictions_total,balanced,balanced:8002,balanced-service,Orange__Rotten,balanced
1786676757.264,37,predictions_total,balanced,balanced:8002,balanced-service,Orange__Rotten,balanced
1786676762.264,37,predictions_total,balanced,balanced:8002,balanced-service,Orange__Rotten,balanced
1786676767.264,38,predictions_total,balanced,balanced:8002,balanced-service,Orange__Rotten,balanced
1786676772.264,39,predictions_total,balanced,balanced:8002,balanced-service,Orange__Rotten,balanced
1786676777.264,42,predictions_total,balanced,balanced:8002,balanced-service,Orange__Rotten,balanced
1786676782.264,44,predictions_total,balanced,balanced:8002,balanced-service,Orange__Rotten,balanced
1786676787.264,44,predictions_total,balanced,balanced:8002,balanced-service,Orange__Rotten,balanced
1786676792.264,47,predictions_total,balanced,balanced:8002,balanced-service,Orange__Rotten,balanced
1786676797.264,48,predictions_total,balanced,balanced:8002,balanced-service,Orange__Rotten,balanced
1786676802.264,50,predictions_total,balanced,balanced:8002,balanced-service,Orange__Rotten,balanced
1786676807.264,55,predictions_total,balanced,balanced:8002,balanced-service,Orange__Rotten,balanced
1786676812.264,57,predictions_total,balanced,balanced:8002,balanced-service,Orange__Rotten,balanced
1786676817.264,58,predictions_total,balanced,balanced:8002,balanced-service,Orange__Rotten,balanced
1786676822.264,58,predictions_total,balanced,balanced:8002,balanced-service,Orange__Rotten,balanced
1786676827.264,59,predictions_total,balanced,balanced:8002,balanced-service,Orange__Rotten,balanced
1786676832.264,61,predictions_total,balanced,balanced:8002,balanced-service,Orange__Rotten,balanced
1786676837.264,62,predictions_total,balanced,balanced:8002,balanced-service,Orange__Rotten,balanced
1786676842.264,63,predictions_total,balanced,balanced:8002,balanced-service,Orange__Rotten,balanced
1786676847.264,66,predictions_total,balanced,balanced:8002,balanced-service,Orange__Rotten,balanced
1786676852.264,67,predictions_total,balanced,balanced:8002,balanced-service,Orange__Rotten,balanced
1786676857.264,68,predictions_total,balanced,balanced:8002,balanced-service,Orange__Rotten,balanced
1786676862.264,69,predictions_total,balanced,balanced:8002,balanced-service,Orange__Rotten,balanced
1786676867.264,69,predictions_total,balanced,balanced:8002,balanced-service,Orange__Rotten,balanced
1786676872.264,69,predictions_total,balanced,balanced:8002,balanced-service,Orange__Rotten,balanced
1786676877.264,69,predictions_total,balanced,balanced:8002,balanced-service,Orange__Rotten,balanced
1786676882.264,69,predictions_total,balanced,balanced:8002,balanced-service,Orange__Rotten,balanced
1786676887.264,69,predictions_total,balanced,balanced:8002,balanced-service,Orange__Rotten,balanced
1786676892.264,69,predictions_total,balanced,balanced:8002,balanced-service,Orange__Rotten,balanced
1786676897.264,69,predictions_total,balanced,balanced:8002,balanced-service,Orange__Rotten,balanced
1786676902.264,69,predictions_total,balanced,balanced:8002,balanced-service,Orange__Rotten,balanced
1786676907.264,69,predictions_total,balanced,balanced:8002,balanced-service,Orange__Rotten,balanced
1786676912.264,69,predictions_total,balanced,balanced:8002,balanced-service,Orange__Rotten,balanced
1786676917.264,69,predictions_total,balanced,balanced:8002,balanced-service,Orange__Rotten,balanced
1786676922.264,69,predictions_total,balanced,balanced:8002,balanced-service,Orange__Rotten,balanced
1786676927.264,69,predictions_total,balanced,balanced:8002,balanced-service,Orange__Rotten,balanced
1786676932.264,69,predictions_total,balanced,balanced:8002,balanced-service,Orange__Rotten,balanced
1786676937.264,69,predictions_total,balanced,balanced:8002,balanced-service,Orange__Rotten,balanced
1786676942.264,69,predictions_total,balanced,balanced:8002,balanced-service,Orange__Rotten,balanced
1786676947.264,69,predictions_total,balanced,balanced:8002,balanced-service,Orange__Rotten,balanced
1786676952.264,69,predictions_total,balanced,balanced:8002,balanced-service,Orange__Rotten,balanced
1786676957.264,69,predictions_total,balanced,balanced:8002,balanced-service,Orange__Rotten,balanced
1786676962.264,69,predictions_total,balanced,balanced:8002,balanced-service,Orange__Rotten,balanced
1786676967.264,69,predictions_total,balanced,balanced:8002,balanced-service,Orange__Rotten,balanced
1786676972.264,69,predictions_total,balanced,balanced:8002,balanced-service,Orange__Rotten,balanced
1786676977.264,69,predictions_total,balanced,balanced:8002,balanced-service,Orange__Rotten,balanced
1786676982.264,69,predictions_total,balanced,balanced:8002,balanced-service,Orange__Rotten,balanced
1786676987.264,69,predictions_total,balanced,balanced:8002,balanced-service,Orange__Rotten,balanced
1786676992.264,69,predictions_total,balanced,balanced:8002,balanced-service,Orange__Rotten,balanced
1786676997.264,69,predictions_total,balanced,balanced:8002,balanced-service,Orange__Rotten,balanced
1786677002.264,69,predictions_total,balanced,balanced:8002,balanced-service,Orange__Rotten,balanced
1786677007.264,69,predictions_total,balanced,balanced:8002,balanced-service,Orange__Rotten,balanced
1786677012.264,69,predictions_total,balanced,balanced:8002,balanced-service,Orange__Rotten,balanced
1786677017.264,69,predictions_total,balanced,balanced:8002,balanced-service,Orange__Rotten,balanced
1786677022.264,69,predictions_total,balanced,balanced:8002,balanced-service,Orange__Rotten,balanced
1786677027.264,69,predictions_total,balanced,balanced:8002,balanced-service,Orange__Rotten,balanced
1786677032.264,69,predictions_total,balanced,balanced:8002,balanced-service,Orange__Rotten,balanced
1786677037.264,69,predictions_total,balanced,balanced:8002,balanced-service,Orange__Rotten,balanced
1786677042.264,69,predictions_total,balanced,balanced:8002,balanced-service,Orange__Rotten,balanced
1786677047.264,69,predictions_total,balanced,balanced:8002,balanced-service,Orange__Rotten,balanced
1786677052.264,69,predictions_total,balanced,balanced:8002,balanced-service,Orange__Rotten,balanced
1786677057.264,69,predictions_total,balanced,balanced:8002,balanced-service,Orange__Rotten,balanced
1786677062.264,69,predictions_total,balanced,balanced:8002,balanced-service,Orange__Rotten,balanced
1786677067.264,69,predictions_total,balanced,balanced:8002,balanced-service,Orange__Rotten,balanced
1786677072.264,69,predictions_total,balanced,balanced:8002,balanced-service,Orange__Rotten,balanced
1786677077.264,69,predictions_total,balanced,balanced:8002,balanced-service,Orange__Rotten,balanced
1786677082.264,69,predictions_total,balanced,balanced:8002,balanced-service,Orange__Rotten,balanced
1786677087.264,69,predictions_total,balanced,balanced:8002,balanced-service,Orange__Rotten,balanced
1786677092.264,69,predictions_total,balanced,balanced:8002,balanced-service,Orange__Rotten,balanced
1786677097.264,69,predictions_total,balanced,balanced:8002,balanced-service,Orange__Rotten,balanced
1786677102.264,69,predictions_total,balanced,balanced:8002,balanced-service,Orange__Rotten,balanced
1786677107.264,69,predictions_total,balanced,balanced:8002,balanced-service,Orange__Rotten,balanced
1786677112.264,69,predictions_total,balanced,balanced:8002,balanced-service,Orange__Rotten,balanced
1786677117.264,69,predictions_total,balanced,balanced:8002,balanced-service,Orange__Rotten,balanced
1786677122.264,69,predictions_total,balanced,balanced:8002,balanced-service,Orange__Rotten,balanced
1786677127.264,69,predictions_total,balanced,balanced:8002,balanced-service,Orange__Rotten,balanced
1786677132.264,69,predictions_total,balanced,balanced:8002,balanced-service,Orange__Rotten,balanced
1786677137.264,69,predictions_total,balanced,balanced:8002,balanced-service,Orange__Rotten,balanced
1786677142.264,69,predictions_total,balanced,balanced:8002,balanced-service,Orange__Rotten,balanced
1786677147.264,69,predictions_total,balanced,balanced:8002,balanced-service,Orange__Rotten,balanced
1786677152.264,69,predictions_total,balanced,balanced:8002,balanced-service,Orange__Rotten,balanced
1786677157.264,69,predictions_total,balanced,balanced:8002,balanced-service,Orange__Rotten,balanced
1786677162.264,69,predictions_total,balanced,balanced:8002,balanced-service,Orange__Rotten,balanced
1786677167.264,69,predictions_total,balanced,balanced:8002,balanced-service,Orange__Rotten,balanced
1786677172.264,69,predictions_total,balanced,balanced:8002,balanced-service,Orange__Rotten,balanced
1786677177.264,69,predictions_total,balanced,balanced:8002,balanced-service,Orange__Rotten,balanced
1786677182.264,69,predictions_total,balanced,balanced:8002,balanced-service,Orange__Rotten,balanced
1786677187.264,69,predictions_total,balanced,balanced:8002,balanced-service,Orange__Rotten,balanced
1786677192.264,69,predictions_total,balanced,balanced:8002,balanced-service,Orange__Rotten,balanced
1786677197.264,69,predictions_total,balanced,balanced:8002,balanced-service,Orange__Rotten,balanced
1786677202.264,69,predictions_total,balanced,balanced:8002,balanced-service,Orange__Rotten,balanced
1786677207.264,69,predictions_total,balanced,balanced:8002,balanced-service,Orange__Rotten,balanced
1786677212.264,69,predictions_total,balanced,balanced:8002,balanced-service,Orange__Rotten,balanced
1786677217.264,69,predictions_total,balanced,balanced:8002,balanced-service,Orange__Rotten,balanced
1786677222.264,69,predictions_total,balanced,balanced:8002,balanced-service,Orange__Rotten,balanced
1786677227.264,69,predictions_total,balanced,balanced:8002,balanced-service,Orange__Rotten,balanced
1786677232.264,69,predictions_total,balanced,balanced:8002,balanced-service,Orange__Rotten,balanced
1786677237.264,69,predictions_total,balanced,balanced:8002,balanced-service,Orange__Rotten,balanced
1786677242.264,70,predictions_total,balanced,balanced:8002,balanced-service,Orange__Rotten,balanced
1786677247.264,72,predictions_total,balanced,balanced:8002,balanced-service,Orange__Rotten,balanced
1786677252.264,74,predictions_total,balanced,balanced:8002,balanced-service,Orange__Rotten,balanced
1786677257.264,74,predictions_total,balanced,balanced:8002,balanced-service,Orange__Rotten,balanced
1786677262.264,75,predictions_total,balanced,balanced:8002,balanced-service,Orange__Rotten,balanced
1786677267.264,75,predictions_total,balanced,balanced:8002,balanced-service,Orange__Rotten,balanced
1786677272.264,75,predictions_total,balanced,balanced:8002,balanced-service,Orange__Rotten,balanced
1786677277.264,75,predictions_total,balanced,balanced:8002,balanced-service,Orange__Rotten,balanced
1786677282.264,75,predictions_total,balanced,balanced:8002,balanced-service,Orange__Rotten,balanced
1786677287.264,76,predictions_total,balanced,balanced:8002,balanced-service,Orange__Rotten,balanced
1786677292.264,76,predictions_total,balanced,balanced:8002,balanced-service,Orange__Rotten,balanced
1786677297.264,76,predictions_total,balanced,balanced:8002,balanced-service,Orange__Rotten,balanced
1786677302.264,77,predictions_total,balanced,balanced:8002,balanced-service,Orange__Rotten,balanced
1786677307.264,78,predictions_total,balanced,balanced:8002,balanced-service,Orange__Rotten,balanced
1786677312.264,78,predictions_total,balanced,balanced:8002,balanced-service,Orange__Rotten,balanced
1786677317.264,78,predictions_total,balanced,balanced:8002,balanced-service,Orange__Rotten,balanced
1786677322.264,78,predictions_total,balanced,balanced:8002,balanced-service,Orange__Rotten,balanced
1786677327.264,78,predictions_total,balanced,balanced:8002,balanced-service,Orange__Rotten,balanced
1786677332.264,78,predictions_total,balanced,balanced:8002,balanced-service,Orange__Rotten,balanced
1786677337.264,82,predictions_total,balanced,balanced:8002,balanced-service,Orange__Rotten,balanced
1786677342.264,83,predictions_total,balanced,balanced:8002,balanced-service,Orange__Rotten,balanced
1786677347.264,84,predictions_total,balanced,balanced:8002,balanced-service,Orange__Rotten,balanced
1786677352.264,86,predictions_total,balanced,balanced:8002,balanced-service,Orange__Rotten,balanced
1786677357.264,88,predictions_total,balanced,balanced:8002,balanced-service,Orange__Rotten,balanced
1786677362.264,92,predictions_total,balanced,balanced:8002,balanced-service,Orange__Rotten,balanced
1786677367.264,94,predictions_total,balanced,balanced:8002,balanced-service,Orange__Rotten,balanced
1786677372.264,94,predictions_total,balanced,balanced:8002,balanced-service,Orange__Rotten,balanced
1786677377.264,94,predictions_total,balanced,balanced:8002,balanced-service,Orange__Rotten,balanced
1786677382.264,100,predictions_total,balanced,balanced:8002,balanced-service,Orange__Rotten,balanced
1786677387.264,103,predictions_total,balanced,balanced:8002,balanced-service,Orange__Rotten,balanced
1786677392.264,106,predictions_total,balanced,balanced:8002,balanced-service,Orange__Rotten,balanced
1786677397.264,109,predictions_total,balanced,balanced:8002,balanced-service,Orange__Rotten,balanced
1786677402.264,111,predictions_total,balanced,balanced:8002,balanced-service,Orange__Rotten,balanced
1786677407.264,112,predictions_total,balanced,balanced:8002,balanced-service,Orange__Rotten,balanced
1786677412.264,114,predictions_total,balanced,balanced:8002,balanced-service,Orange__Rotten,balanced
1786677417.264,116,predictions_total,balanced,balanced:8002,balanced-service,Orange__Rotten,balanced
1786677422.264,116,predictions_total,balanced,balanced:8002,balanced-service,Orange__Rotten,balanced
1786677427.264,116,predictions_total,balanced,balanced:8002,balanced-service,Orange__Rotten,balanced
1786677432.264,116,predictions_total,balanced,balanced:8002,balanced-service,Orange__Rotten,balanced
1786677437.264,118,predictions_total,balanced,balanced:8002,balanced-service,Orange__Rotten,balanced
1786677442.264,118,predictions_total,balanced,balanced:8002,balanced-service,Orange__Rotten,balanced
1786677447.264,118,predictions_total,balanced,balanced:8002,balanced-service,Orange__Rotten,balanced
1786676327.264,1,predictions_total,balanced,balanced:8002,balanced-service,Pomegranate__Healthy,balanced
1786676332.264,1,predictions_total,balanced,balanced:8002,balanced-service,Pomegranate__Healthy,balanced
1786676337.264,1,predictions_total,balanced,balanced:8002,balanced-service,Pomegranate__Healthy,balanced
1786676342.264,2,predictions_total,balanced,balanced:8002,balanced-service,Pomegranate__Healthy,balanced
1786676347.264,3,predictions_total,balanced,balanced:8002,balanced-service,Pomegranate__Healthy,balanced
1786676352.264,3,predictions_total,balanced,balanced:8002,balanced-service,Pomegranate__Healthy,balanced
1786676357.264,4,predictions_total,balanced,balanced:8002,balanced-service,Pomegranate__Healthy,balanced
1786676362.264,4,predictions_total,balanced,balanced:8002,balanced-service,Pomegranate__Healthy,balanced
1786676367.264,5,predictions_total,balanced,balanced:8002,balanced-service,Pomegranate__Healthy,balanced
1786676372.264,5,predictions_total,balanced,balanced:8002,balanced-service,Pomegranate__Healthy,balanced
1786676377.264,7,predictions_total,balanced,balanced:8002,balanced-service,Pomegranate__Healthy,balanced
1786676382.264,7,predictions_total,balanced,balanced:8002,balanced-service,Pomegranate__Healthy,balanced
1786676387.264,7,predictions_total,balanced,balanced:8002,balanced-service,Pomegranate__Healthy,balanced
1786676392.264,8,predictions_total,balanced,balanced:8002,balanced-service,Pomegranate__Healthy,balanced
1786676397.264,8,predictions_total,balanced,balanced:8002,balanced-service,Pomegranate__Healthy,balanced
1786676402.264,8,predictions_total,balanced,balanced:8002,balanced-service,Pomegranate__Healthy,balanced
1786676407.264,8,predictions_total,balanced,balanced:8002,balanced-service,Pomegranate__Healthy,balanced
1786676412.264,8,predictions_total,balanced,balanced:8002,balanced-service,Pomegranate__Healthy,balanced
1786676417.264,8,predictions_total,balanced,balanced:8002,balanced-service,Pomegranate__Healthy,balanced
1786676422.264,8,predictions_total,balanced,balanced:8002,balanced-service,Pomegranate__Healthy,balanced
1786676427.264,8,predictions_total,balanced,balanced:8002,balanced-service,Pomegranate__Healthy,balanced
1786676432.264,8,predictions_total,balanced,balanced:8002,balanced-service,Pomegranate__Healthy,balanced
1786676437.264,8,predictions_total,balanced,balanced:8002,balanced-service,Pomegranate__Healthy,balanced
1786676442.264,8,predictions_total,balanced,balanced:8002,balanced-service,Pomegranate__Healthy,balanced
1786676447.264,8,predictions_total,balanced,balanced:8002,balanced-service,Pomegranate__Healthy,balanced
1786676452.264,8,predictions_total,balanced,balanced:8002,balanced-service,Pomegranate__Healthy,balanced
1786676457.264,8,predictions_total,balanced,balanced:8002,balanced-service,Pomegranate__Healthy,balanced
1786676462.264,8,predictions_total,balanced,balanced:8002,balanced-service,Pomegranate__Healthy,balanced
1786676467.264,8,predictions_total,balanced,balanced:8002,balanced-service,Pomegranate__Healthy,balanced
1786676472.264,8,predictions_total,balanced,balanced:8002,balanced-service,Pomegranate__Healthy,balanced
1786676477.264,8,predictions_total,balanced,balanced:8002,balanced-service,Pomegranate__Healthy,balanced
1786676482.264,8,predictions_total,balanced,balanced:8002,balanced-service,Pomegranate__Healthy,balanced
1786676487.264,8,predictions_total,balanced,balanced:8002,balanced-service,Pomegranate__Healthy,balanced
1786676492.264,8,predictions_total,balanced,balanced:8002,balanced-service,Pomegranate__Healthy,balanced
1786676497.264,8,predictions_total,balanced,balanced:8002,balanced-service,Pomegranate__Healthy,balanced
1786676502.264,8,predictions_total,balanced,balanced:8002,balanced-service,Pomegranate__Healthy,balanced
1786676507.264,8,predictions_total,balanced,balanced:8002,balanced-service,Pomegranate__Healthy,balanced
1786676512.264,8,predictions_total,balanced,balanced:8002,balanced-service,Pomegranate__Healthy,balanced
1786676517.264,8,predictions_total,balanced,balanced:8002,balanced-service,Pomegranate__Healthy,balanced
1786676522.264,8,predictions_total,balanced,balanced:8002,balanced-service,Pomegranate__Healthy,balanced
1786676527.264,8,predictions_total,balanced,balanced:8002,balanced-service,Pomegranate__Healthy,balanced
1786676532.264,8,predictions_total,balanced,balanced:8002,balanced-service,Pomegranate__Healthy,balanced
1786676537.264,8,predictions_total,balanced,balanced:8002,balanced-service,Pomegranate__Healthy,balanced
1786676542.264,8,predictions_total,balanced,balanced:8002,balanced-service,Pomegranate__Healthy,balanced
1786676547.264,8,predictions_total,balanced,balanced:8002,balanced-service,Pomegranate__Healthy,balanced
1786676552.264,8,predictions_total,balanced,balanced:8002,balanced-service,Pomegranate__Healthy,balanced
1786676557.264,8,predictions_total,balanced,balanced:8002,balanced-service,Pomegranate__Healthy,balanced
1786676562.264,8,predictions_total,balanced,balanced:8002,balanced-service,Pomegranate__Healthy,balanced
1786676567.264,8,predictions_total,balanced,balanced:8002,balanced-service,Pomegranate__Healthy,balanced
1786676572.264,8,predictions_total,balanced,balanced:8002,balanced-service,Pomegranate__Healthy,balanced
1786676577.264,8,predictions_total,balanced,balanced:8002,balanced-service,Pomegranate__Healthy,balanced
1786676582.264,8,predictions_total,balanced,balanced:8002,balanced-service,Pomegranate__Healthy,balanced
1786676587.264,8,predictions_total,balanced,balanced:8002,balanced-service,Pomegranate__Healthy,balanced
1786676592.264,8,predictions_total,balanced,balanced:8002,balanced-service,Pomegranate__Healthy,balanced
1786676597.264,8,predictions_total,balanced,balanced:8002,balanced-service,Pomegranate__Healthy,balanced
1786676602.264,8,predictions_total,balanced,balanced:8002,balanced-service,Pomegranate__Healthy,balanced
1786676607.264,8,predictions_total,balanced,balanced:8002,balanced-service,Pomegranate__Healthy,balanced
1786676612.264,8,predictions_total,balanced,balanced:8002,balanced-service,Pomegranate__Healthy,balanced
1786676617.264,8,predictions_total,balanced,balanced:8002,balanced-service,Pomegranate__Healthy,balanced
1786676622.264,8,predictions_total,balanced,balanced:8002,balanced-service,Pomegranate__Healthy,balanced
1786676627.264,8,predictions_total,balanced,balanced:8002,balanced-service,Pomegranate__Healthy,balanced
1786676632.264,8,predictions_total,balanced,balanced:8002,balanced-service,Pomegranate__Healthy,balanced
1786676637.264,8,predictions_total,balanced,balanced:8002,balanced-service,Pomegranate__Healthy,balanced
1786676642.264,8,predictions_total,balanced,balanced:8002,balanced-service,Pomegranate__Healthy,balanced
1786676647.264,8,predictions_total,balanced,balanced:8002,balanced-service,Pomegranate__Healthy,balanced
1786676652.264,8,predictions_total,balanced,balanced:8002,balanced-service,Pomegranate__Healthy,balanced
1786676657.264,9,predictions_total,balanced,balanced:8002,balanced-service,Pomegranate__Healthy,balanced
1786676662.264,10,predictions_total,balanced,balanced:8002,balanced-service,Pomegranate__Healthy,balanced
1786676667.264,13,predictions_total,balanced,balanced:8002,balanced-service,Pomegranate__Healthy,balanced
1786676672.264,16,predictions_total,balanced,balanced:8002,balanced-service,Pomegranate__Healthy,balanced
1786676677.264,16,predictions_total,balanced,balanced:8002,balanced-service,Pomegranate__Healthy,balanced
1786676682.264,18,predictions_total,balanced,balanced:8002,balanced-service,Pomegranate__Healthy,balanced
1786676687.264,18,predictions_total,balanced,balanced:8002,balanced-service,Pomegranate__Healthy,balanced
1786676692.264,18,predictions_total,balanced,balanced:8002,balanced-service,Pomegranate__Healthy,balanced
1786676697.264,20,predictions_total,balanced,balanced:8002,balanced-service,Pomegranate__Healthy,balanced
1786676702.264,20,predictions_total,balanced,balanced:8002,balanced-service,Pomegranate__Healthy,balanced
1786676707.264,21,predictions_total,balanced,balanced:8002,balanced-service,Pomegranate__Healthy,balanced
1786676712.264,21,predictions_total,balanced,balanced:8002,balanced-service,Pomegranate__Healthy,balanced
1786676717.264,21,predictions_total,balanced,balanced:8002,balanced-service,Pomegranate__Healthy,balanced
1786676722.264,21,predictions_total,balanced,balanced:8002,balanced-service,Pomegranate__Healthy,balanced
1786676727.264,21,predictions_total,balanced,balanced:8002,balanced-service,Pomegranate__Healthy,balanced
1786676732.264,21,predictions_total,balanced,balanced:8002,balanced-service,Pomegranate__Healthy,balanced
1786676737.264,21,predictions_total,balanced,balanced:8002,balanced-service,Pomegranate__Healthy,balanced
1786676742.264,21,predictions_total,balanced,balanced:8002,balanced-service,Pomegranate__Healthy,balanced
1786676747.264,21,predictions_total,balanced,balanced:8002,balanced-service,Pomegranate__Healthy,balanced
1786676752.264,21,predictions_total,balanced,balanced:8002,balanced-service,Pomegranate__Healthy,balanced
1786676757.264,21,predictions_total,balanced,balanced:8002,balanced-service,Pomegranate__Healthy,balanced
1786676762.264,21,predictions_total,balanced,balanced:8002,balanced-service,Pomegranate__Healthy,balanced
1786676767.264,21,predictions_total,balanced,balanced:8002,balanced-service,Pomegranate__Healthy,balanced
1786676772.264,22,predictions_total,balanced,balanced:8002,balanced-service,Pomegranate__Healthy,balanced
1786676777.264,23,predictions_total,balanced,balanced:8002,balanced-service,Pomegranate__Healthy,balanced
1786676782.264,23,predictions_total,balanced,balanced:8002,balanced-service,Pomegranate__Healthy,balanced
1786676787.264,24,predictions_total,balanced,balanced:8002,balanced-service,Pomegranate__Healthy,balanced
1786676792.264,25,predictions_total,balanced,balanced:8002,balanced-service,Pomegranate__Healthy,balanced
1786676797.264,25,predictions_total,balanced,balanced:8002,balanced-service,Pomegranate__Healthy,balanced
1786676802.264,25,predictions_total,balanced,balanced:8002,balanced-service,Pomegranate__Healthy,balanced
1786676807.264,26,predictions_total,balanced,balanced:8002,balanced-service,Pomegranate__Healthy,balanced
1786676812.264,27,predictions_total,balanced,balanced:8002,balanced-service,Pomegranate__Healthy,balanced
1786676817.264,29,predictions_total,balanced,balanced:8002,balanced-service,Pomegranate__Healthy,balanced
1786676822.264,30,predictions_total,balanced,balanced:8002,balanced-service,Pomegranate__Healthy,balanced
1786676827.264,30,predictions_total,balanced,balanced:8002,balanced-service,Pomegranate__Healthy,balanced
1786676832.264,31,predictions_total,balanced,balanced:8002,balanced-service,Pomegranate__Healthy,balanced
1786676837.264,32,predictions_total,balanced,balanced:8002,balanced-service,Pomegranate__Healthy,balanced
1786676842.264,32,predictions_total,balanced,balanced:8002,balanced-service,Pomegranate__Healthy,balanced
1786676847.264,32,predictions_total,balanced,balanced:8002,balanced-service,Pomegranate__Healthy,balanced
1786676852.264,35,predictions_total,balanced,balanced:8002,balanced-service,Pomegranate__Healthy,balanced
1786676857.264,35,predictions_total,balanced,balanced:8002,balanced-service,Pomegranate__Healthy,balanced
1786676862.264,35,predictions_total,balanced,balanced:8002,balanced-service,Pomegranate__Healthy,balanced
1786676867.264,35,predictions_total,balanced,balanced:8002,balanced-service,Pomegranate__Healthy,balanced
1786676872.264,35,predictions_total,balanced,balanced:8002,balanced-service,Pomegranate__Healthy,balanced
1786676877.264,35,predictions_total,balanced,balanced:8002,balanced-service,Pomegranate__Healthy,balanced
1786676882.264,35,predictions_total,balanced,balanced:8002,balanced-service,Pomegranate__Healthy,balanced
1786676887.264,35,predictions_total,balanced,balanced:8002,balanced-service,Pomegranate__Healthy,balanced
1786676892.264,35,predictions_total,balanced,balanced:8002,balanced-service,Pomegranate__Healthy,balanced
1786676897.264,35,predictions_total,balanced,balanced:8002,balanced-service,Pomegranate__Healthy,balanced
1786676902.264,35,predictions_total,balanced,balanced:8002,balanced-service,Pomegranate__Healthy,balanced
1786676907.264,35,predictions_total,balanced,balanced:8002,balanced-service,Pomegranate__Healthy,balanced
1786676912.264,35,predictions_total,balanced,balanced:8002,balanced-service,Pomegranate__Healthy,balanced
1786676917.264,35,predictions_total,balanced,balanced:8002,balanced-service,Pomegranate__Healthy,balanced
1786676922.264,35,predictions_total,balanced,balanced:8002,balanced-service,Pomegranate__Healthy,balanced
1786676927.264,35,predictions_total,balanced,balanced:8002,balanced-service,Pomegranate__Healthy,balanced
1786676932.264,35,predictions_total,balanced,balanced:8002,balanced-service,Pomegranate__Healthy,balanced
1786676937.264,35,predictions_total,balanced,balanced:8002,balanced-service,Pomegranate__Healthy,balanced
1786676942.264,35,predictions_total,balanced,balanced:8002,balanced-service,Pomegranate__Healthy,balanced
1786676947.264,35,predictions_total,balanced,balanced:8002,balanced-service,Pomegranate__Healthy,balanced
1786676952.264,35,predictions_total,balanced,balanced:8002,balanced-service,Pomegranate__Healthy,balanced
1786676957.264,35,predictions_total,balanced,balanced:8002,balanced-service,Pomegranate__Healthy,balanced
1786676962.264,35,predictions_total,balanced,balanced:8002,balanced-service,Pomegranate__Healthy,balanced
1786676967.264,35,predictions_total,balanced,balanced:8002,balanced-service,Pomegranate__Healthy,balanced
1786676972.264,35,predictions_total,balanced,balanced:8002,balanced-service,Pomegranate__Healthy,balanced
1786676977.264,35,predictions_total,balanced,balanced:8002,balanced-service,Pomegranate__Healthy,balanced
1786676982.264,35,predictions_total,balanced,balanced:8002,balanced-service,Pomegranate__Healthy,balanced
1786676987.264,35,predictions_total,balanced,balanced:8002,balanced-service,Pomegranate__Healthy,balanced
1786676992.264,35,predictions_total,balanced,balanced:8002,balanced-service,Pomegranate__Healthy,balanced
1786676997.264,35,predictions_total,balanced,balanced:8002,balanced-service,Pomegranate__Healthy,balanced
1786677002.264,35,predictions_total,balanced,balanced:8002,balanced-service,Pomegranate__Healthy,balanced
1786677007.264,35,predictions_total,balanced,balanced:8002,balanced-service,Pomegranate__Healthy,balanced
1786677012.264,35,predictions_total,balanced,balanced:8002,balanced-service,Pomegranate__Healthy,balanced
1786677017.264,35,predictions_total,balanced,balanced:8002,balanced-service,Pomegranate__Healthy,balanced
1786677022.264,35,predictions_total,balanced,balanced:8002,balanced-service,Pomegranate__Healthy,balanced
1786677027.264,35,predictions_total,balanced,balanced:8002,balanced-service,Pomegranate__Healthy,balanced
1786677032.264,35,predictions_total,balanced,balanced:8002,balanced-service,Pomegranate__Healthy,balanced
1786677037.264,35,predictions_total,balanced,balanced:8002,balanced-service,Pomegranate__Healthy,balanced
1786677042.264,35,predictions_total,balanced,balanced:8002,balanced-service,Pomegranate__Healthy,balanced
1786677047.264,35,predictions_total,balanced,balanced:8002,balanced-service,Pomegranate__Healthy,balanced
1786677052.264,35,predictions_total,balanced,balanced:8002,balanced-service,Pomegranate__Healthy,balanced
1786677057.264,35,predictions_total,balanced,balanced:8002,balanced-service,Pomegranate__Healthy,balanced
1786677062.264,35,predictions_total,balanced,balanced:8002,balanced-service,Pomegranate__Healthy,balanced
1786677067.264,35,predictions_total,balanced,balanced:8002,balanced-service,Pomegranate__Healthy,balanced
1786677072.264,35,predictions_total,balanced,balanced:8002,balanced-service,Pomegranate__Healthy,balanced
1786677077.264,35,predictions_total,balanced,balanced:8002,balanced-service,Pomegranate__Healthy,balanced
1786677082.264,35,predictions_total,balanced,balanced:8002,balanced-service,Pomegranate__Healthy,balanced
1786677087.264,35,predictions_total,balanced,balanced:8002,balanced-service,Pomegranate__Healthy,balanced
1786677092.264,35,predictions_total,balanced,balanced:8002,balanced-service,Pomegranate__Healthy,balanced
1786677097.264,35,predictions_total,balanced,balanced:8002,balanced-service,Pomegranate__Healthy,balanced
1786677102.264,35,predictions_total,balanced,balanced:8002,balanced-service,Pomegranate__Healthy,balanced
1786677107.264,35,predictions_total,balanced,balanced:8002,balanced-service,Pomegranate__Healthy,balanced
1786677112.264,35,predictions_total,balanced,balanced:8002,balanced-service,Pomegranate__Healthy,balanced
1786677117.264,35,predictions_total,balanced,balanced:8002,balanced-service,Pomegranate__Healthy,balanced
1786677122.264,35,predictions_total,balanced,balanced:8002,balanced-service,Pomegranate__Healthy,balanced
1786677127.264,35,predictions_total,balanced,balanced:8002,balanced-service,Pomegranate__Healthy,balanced
1786677132.264,35,predictions_total,balanced,balanced:8002,balanced-service,Pomegranate__Healthy,balanced
1786677137.264,35,predictions_total,balanced,balanced:8002,balanced-service,Pomegranate__Healthy,balanced
1786677142.264,35,predictions_total,balanced,balanced:8002,balanced-service,Pomegranate__Healthy,balanced
1786677147.264,35,predictions_total,balanced,balanced:8002,balanced-service,Pomegranate__Healthy,balanced
1786677152.264,35,predictions_total,balanced,balanced:8002,balanced-service,Pomegranate__Healthy,balanced
1786677157.264,35,predictions_total,balanced,balanced:8002,balanced-service,Pomegranate__Healthy,balanced
1786677162.264,35,predictions_total,balanced,balanced:8002,balanced-service,Pomegranate__Healthy,balanced
1786677167.264,35,predictions_total,balanced,balanced:8002,balanced-service,Pomegranate__Healthy,balanced
1786677172.264,35,predictions_total,balanced,balanced:8002,balanced-service,Pomegranate__Healthy,balanced
1786677177.264,35,predictions_total,balanced,balanced:8002,balanced-service,Pomegranate__Healthy,balanced
1786677182.264,35,predictions_total,balanced,balanced:8002,balanced-service,Pomegranate__Healthy,balanced
1786677187.264,35,predictions_total,balanced,balanced:8002,balanced-service,Pomegranate__Healthy,balanced
1786677192.264,35,predictions_total,balanced,balanced:8002,balanced-service,Pomegranate__Healthy,balanced
1786677197.264,35,predictions_total,balanced,balanced:8002,balanced-service,Pomegranate__Healthy,balanced
1786677202.264,35,predictions_total,balanced,balanced:8002,balanced-service,Pomegranate__Healthy,balanced
1786677207.264,35,predictions_total,balanced,balanced:8002,balanced-service,Pomegranate__Healthy,balanced
1786677212.264,35,predictions_total,balanced,balanced:8002,balanced-service,Pomegranate__Healthy,balanced
1786677217.264,35,predictions_total,balanced,balanced:8002,balanced-service,Pomegranate__Healthy,balanced
1786677222.264,35,predictions_total,balanced,balanced:8002,balanced-service,Pomegranate__Healthy,balanced
1786677227.264,35,predictions_total,balanced,balanced:8002,balanced-service,Pomegranate__Healthy,balanced
1786677232.264,35,predictions_total,balanced,balanced:8002,balanced-service,Pomegranate__Healthy,balanced
1786677237.264,35,predictions_total,balanced,balanced:8002,balanced-service,Pomegranate__Healthy,balanced
1786677242.264,36,predictions_total,balanced,balanced:8002,balanced-service,Pomegranate__Healthy,balanced
1786677247.264,39,predictions_total,balanced,balanced:8002,balanced-service,Pomegranate__Healthy,balanced
1786677252.264,40,predictions_total,balanced,balanced:8002,balanced-service,Pomegranate__Healthy,balanced
1786677257.264,41,predictions_total,balanced,balanced:8002,balanced-service,Pomegranate__Healthy,balanced
1786677262.264,44,predictions_total,balanced,balanced:8002,balanced-service,Pomegranate__Healthy,balanced
1786677267.264,45,predictions_total,balanced,balanced:8002,balanced-service,Pomegranate__Healthy,balanced
1786677272.264,45,predictions_total,balanced,balanced:8002,balanced-service,Pomegranate__Healthy,balanced
1786677277.264,45,predictions_total,balanced,balanced:8002,balanced-service,Pomegranate__Healthy,balanced
1786677282.264,46,predictions_total,balanced,balanced:8002,balanced-service,Pomegranate__Healthy,balanced
1786677287.264,46,predictions_total,balanced,balanced:8002,balanced-service,Pomegranate__Healthy,balanced
1786677292.264,46,predictions_total,balanced,balanced:8002,balanced-service,Pomegranate__Healthy,balanced
1786677297.264,47,predictions_total,balanced,balanced:8002,balanced-service,Pomegranate__Healthy,balanced
1786677302.264,48,predictions_total,balanced,balanced:8002,balanced-service,Pomegranate__Healthy,balanced
1786677307.264,49,predictions_total,balanced,balanced:8002,balanced-service,Pomegranate__Healthy,balanced
1786677312.264,49,predictions_total,balanced,balanced:8002,balanced-service,Pomegranate__Healthy,balanced
1786677317.264,49,predictions_total,balanced,balanced:8002,balanced-service,Pomegranate__Healthy,balanced
1786677322.264,49,predictions_total,balanced,balanced:8002,balanced-service,Pomegranate__Healthy,balanced
1786677327.264,49,predictions_total,balanced,balanced:8002,balanced-service,Pomegranate__Healthy,balanced
1786677332.264,49,predictions_total,balanced,balanced:8002,balanced-service,Pomegranate__Healthy,balanced
1786677337.264,49,predictions_total,balanced,balanced:8002,balanced-service,Pomegranate__Healthy,balanced
1786677342.264,50,predictions_total,balanced,balanced:8002,balanced-service,Pomegranate__Healthy,balanced
1786677347.264,52,predictions_total,balanced,balanced:8002,balanced-service,Pomegranate__Healthy,balanced
1786677352.264,53,predictions_total,balanced,balanced:8002,balanced-service,Pomegranate__Healthy,balanced
1786677357.264,55,predictions_total,balanced,balanced:8002,balanced-service,Pomegranate__Healthy,balanced
1786677362.264,56,predictions_total,balanced,balanced:8002,balanced-service,Pomegranate__Healthy,balanced
1786677367.264,57,predictions_total,balanced,balanced:8002,balanced-service,Pomegranate__Healthy,balanced
1786677372.264,59,predictions_total,balanced,balanced:8002,balanced-service,Pomegranate__Healthy,balanced
1786677377.264,59,predictions_total,balanced,balanced:8002,balanced-service,Pomegranate__Healthy,balanced
1786677382.264,60,predictions_total,balanced,balanced:8002,balanced-service,Pomegranate__Healthy,balanced
1786677387.264,62,predictions_total,balanced,balanced:8002,balanced-service,Pomegranate__Healthy,balanced
1786677392.264,63,predictions_total,balanced,balanced:8002,balanced-service,Pomegranate__Healthy,balanced
1786677397.264,64,predictions_total,balanced,balanced:8002,balanced-service,Pomegranate__Healthy,balanced
1786677402.264,65,predictions_total,balanced,balanced:8002,balanced-service,Pomegranate__Healthy,balanced
1786677407.264,66,predictions_total,balanced,balanced:8002,balanced-service,Pomegranate__Healthy,balanced
1786677412.264,67,predictions_total,balanced,balanced:8002,balanced-service,Pomegranate__Healthy,balanced
1786677417.264,67,predictions_total,balanced,balanced:8002,balanced-service,Pomegranate__Healthy,balanced
1786677422.264,67,predictions_total,balanced,balanced:8002,balanced-service,Pomegranate__Healthy,balanced
1786677427.264,68,predictions_total,balanced,balanced:8002,balanced-service,Pomegranate__Healthy,balanced
1786677432.264,69,predictions_total,balanced,balanced:8002,balanced-service,Pomegranate__Healthy,balanced
1786677437.264,69,predictions_total,balanced,balanced:8002,balanced-service,Pomegranate__Healthy,balanced
1786677442.264,69,predictions_total,balanced,balanced:8002,balanced-service,Pomegranate__Healthy,balanced
1786677447.264,69,predictions_total,balanced,balanced:8002,balanced-service,Pomegranate__Healthy,balanced
1786676327.264,2,predictions_total,balanced,balanced:8002,balanced-service,Pomegranate__Rotten,balanced
1786676332.264,2,predictions_total,balanced,balanced:8002,balanced-service,Pomegranate__Rotten,balanced
1786676337.264,2,predictions_total,balanced,balanced:8002,balanced-service,Pomegranate__Rotten,balanced
1786676342.264,2,predictions_total,balanced,balanced:8002,balanced-service,Pomegranate__Rotten,balanced
1786676347.264,2,predictions_total,balanced,balanced:8002,balanced-service,Pomegranate__Rotten,balanced
1786676352.264,2,predictions_total,balanced,balanced:8002,balanced-service,Pomegranate__Rotten,balanced
1786676357.264,2,predictions_total,balanced,balanced:8002,balanced-service,Pomegranate__Rotten,balanced
1786676362.264,3,predictions_total,balanced,balanced:8002,balanced-service,Pomegranate__Rotten,balanced
1786676367.264,4,predictions_total,balanced,balanced:8002,balanced-service,Pomegranate__Rotten,balanced
1786676372.264,4,predictions_total,balanced,balanced:8002,balanced-service,Pomegranate__Rotten,balanced
1786676377.264,4,predictions_total,balanced,balanced:8002,balanced-service,Pomegranate__Rotten,balanced
1786676382.264,4,predictions_total,balanced,balanced:8002,balanced-service,Pomegranate__Rotten,balanced
1786676387.264,4,predictions_total,balanced,balanced:8002,balanced-service,Pomegranate__Rotten,balanced
1786676392.264,4,predictions_total,balanced,balanced:8002,balanced-service,Pomegranate__Rotten,balanced
1786676397.264,4,predictions_total,balanced,balanced:8002,balanced-service,Pomegranate__Rotten,balanced
1786676402.264,4,predictions_total,balanced,balanced:8002,balanced-service,Pomegranate__Rotten,balanced
1786676407.264,4,predictions_total,balanced,balanced:8002,balanced-service,Pomegranate__Rotten,balanced
1786676412.264,4,predictions_total,balanced,balanced:8002,balanced-service,Pomegranate__Rotten,balanced
1786676417.264,4,predictions_total,balanced,balanced:8002,balanced-service,Pomegranate__Rotten,balanced
1786676422.264,4,predictions_total,balanced,balanced:8002,balanced-service,Pomegranate__Rotten,balanced
1786676427.264,4,predictions_total,balanced,balanced:8002,balanced-service,Pomegranate__Rotten,balanced
1786676432.264,4,predictions_total,balanced,balanced:8002,balanced-service,Pomegranate__Rotten,balanced
1786676437.264,4,predictions_total,balanced,balanced:8002,balanced-service,Pomegranate__Rotten,balanced
1786676442.264,4,predictions_total,balanced,balanced:8002,balanced-service,Pomegranate__Rotten,balanced
1786676447.264,4,predictions_total,balanced,balanced:8002,balanced-service,Pomegranate__Rotten,balanced
1786676452.264,4,predictions_total,balanced,balanced:8002,balanced-service,Pomegranate__Rotten,balanced
1786676457.264,4,predictions_total,balanced,balanced:8002,balanced-service,Pomegranate__Rotten,balanced
1786676462.264,4,predictions_total,balanced,balanced:8002,balanced-service,Pomegranate__Rotten,balanced
1786676467.264,4,predictions_total,balanced,balanced:8002,balanced-service,Pomegranate__Rotten,balanced
1786676472.264,4,predictions_total,balanced,balanced:8002,balanced-service,Pomegranate__Rotten,balanced
1786676477.264,4,predictions_total,balanced,balanced:8002,balanced-service,Pomegranate__Rotten,balanced
1786676482.264,4,predictions_total,balanced,balanced:8002,balanced-service,Pomegranate__Rotten,balanced
1786676487.264,4,predictions_total,balanced,balanced:8002,balanced-service,Pomegranate__Rotten,balanced
1786676492.264,4,predictions_total,balanced,balanced:8002,balanced-service,Pomegranate__Rotten,balanced
1786676497.264,4,predictions_total,balanced,balanced:8002,balanced-service,Pomegranate__Rotten,balanced
1786676502.264,4,predictions_total,balanced,balanced:8002,balanced-service,Pomegranate__Rotten,balanced
1786676507.264,4,predictions_total,balanced,balanced:8002,balanced-service,Pomegranate__Rotten,balanced
1786676512.264,4,predictions_total,balanced,balanced:8002,balanced-service,Pomegranate__Rotten,balanced
1786676517.264,4,predictions_total,balanced,balanced:8002,balanced-service,Pomegranate__Rotten,balanced
1786676522.264,4,predictions_total,balanced,balanced:8002,balanced-service,Pomegranate__Rotten,balanced
1786676527.264,4,predictions_total,balanced,balanced:8002,balanced-service,Pomegranate__Rotten,balanced
1786676532.264,4,predictions_total,balanced,balanced:8002,balanced-service,Pomegranate__Rotten,balanced
1786676537.264,4,predictions_total,balanced,balanced:8002,balanced-service,Pomegranate__Rotten,balanced
1786676542.264,4,predictions_total,balanced,balanced:8002,balanced-service,Pomegranate__Rotten,balanced
1786676547.264,4,predictions_total,balanced,balanced:8002,balanced-service,Pomegranate__Rotten,balanced
1786676552.264,4,predictions_total,balanced,balanced:8002,balanced-service,Pomegranate__Rotten,balanced
1786676557.264,4,predictions_total,balanced,balanced:8002,balanced-service,Pomegranate__Rotten,balanced
1786676562.264,4,predictions_total,balanced,balanced:8002,balanced-service,Pomegranate__Rotten,balanced
1786676567.264,4,predictions_total,balanced,balanced:8002,balanced-service,Pomegranate__Rotten,balanced
1786676572.264,4,predictions_total,balanced,balanced:8002,balanced-service,Pomegranate__Rotten,balanced
1786676577.264,4,predictions_total,balanced,balanced:8002,balanced-service,Pomegranate__Rotten,balanced
1786676582.264,4,predictions_total,balanced,balanced:8002,balanced-service,Pomegranate__Rotten,balanced
1786676587.264,4,predictions_total,balanced,balanced:8002,balanced-service,Pomegranate__Rotten,balanced
1786676592.264,4,predictions_total,balanced,balanced:8002,balanced-service,Pomegranate__Rotten,balanced
1786676597.264,4,predictions_total,balanced,balanced:8002,balanced-service,Pomegranate__Rotten,balanced
1786676602.264,4,predictions_total,balanced,balanced:8002,balanced-service,Pomegranate__Rotten,balanced
1786676607.264,4,predictions_total,balanced,balanced:8002,balanced-service,Pomegranate__Rotten,balanced
1786676612.264,4,predictions_total,balanced,balanced:8002,balanced-service,Pomegranate__Rotten,balanced
1786676617.264,4,predictions_total,balanced,balanced:8002,balanced-service,Pomegranate__Rotten,balanced
1786676622.264,4,predictions_total,balanced,balanced:8002,balanced-service,Pomegranate__Rotten,balanced
1786676627.264,4,predictions_total,balanced,balanced:8002,balanced-service,Pomegranate__Rotten,balanced
1786676632.264,4,predictions_total,balanced,balanced:8002,balanced-service,Pomegranate__Rotten,balanced
1786676637.264,4,predictions_total,balanced,balanced:8002,balanced-service,Pomegranate__Rotten,balanced
1786676642.264,5,predictions_total,balanced,balanced:8002,balanced-service,Pomegranate__Rotten,balanced
1786676647.264,6,predictions_total,balanced,balanced:8002,balanced-service,Pomegranate__Rotten,balanced
1786676652.264,6,predictions_total,balanced,balanced:8002,balanced-service,Pomegranate__Rotten,balanced
1786676657.264,6,predictions_total,balanced,balanced:8002,balanced-service,Pomegranate__Rotten,balanced
1786676662.264,6,predictions_total,balanced,balanced:8002,balanced-service,Pomegranate__Rotten,balanced
1786676667.264,6,predictions_total,balanced,balanced:8002,balanced-service,Pomegranate__Rotten,balanced
1786676672.264,6,predictions_total,balanced,balanced:8002,balanced-service,Pomegranate__Rotten,balanced
1786676677.264,6,predictions_total,balanced,balanced:8002,balanced-service,Pomegranate__Rotten,balanced
1786676682.264,6,predictions_total,balanced,balanced:8002,balanced-service,Pomegranate__Rotten,balanced
1786676687.264,6,predictions_total,balanced,balanced:8002,balanced-service,Pomegranate__Rotten,balanced
1786676692.264,7,predictions_total,balanced,balanced:8002,balanced-service,Pomegranate__Rotten,balanced
1786676697.264,7,predictions_total,balanced,balanced:8002,balanced-service,Pomegranate__Rotten,balanced
1786676702.264,8,predictions_total,balanced,balanced:8002,balanced-service,Pomegranate__Rotten,balanced
1786676707.264,10,predictions_total,balanced,balanced:8002,balanced-service,Pomegranate__Rotten,balanced
1786676712.264,10,predictions_total,balanced,balanced:8002,balanced-service,Pomegranate__Rotten,balanced
1786676717.264,10,predictions_total,balanced,balanced:8002,balanced-service,Pomegranate__Rotten,balanced
1786676722.264,10,predictions_total,balanced,balanced:8002,balanced-service,Pomegranate__Rotten,balanced
1786676727.264,10,predictions_total,balanced,balanced:8002,balanced-service,Pomegranate__Rotten,balanced
1786676732.264,10,predictions_total,balanced,balanced:8002,balanced-service,Pomegranate__Rotten,balanced
1786676737.264,10,predictions_total,balanced,balanced:8002,balanced-service,Pomegranate__Rotten,balanced
1786676742.264,12,predictions_total,balanced,balanced:8002,balanced-service,Pomegranate__Rotten,balanced
1786676747.264,12,predictions_total,balanced,balanced:8002,balanced-service,Pomegranate__Rotten,balanced
1786676752.264,12,predictions_total,balanced,balanced:8002,balanced-service,Pomegranate__Rotten,balanced
1786676757.264,12,predictions_total,balanced,balanced:8002,balanced-service,Pomegranate__Rotten,balanced
1786676762.264,12,predictions_total,balanced,balanced:8002,balanced-service,Pomegranate__Rotten,balanced
1786676767.264,12,predictions_total,balanced,balanced:8002,balanced-service,Pomegranate__Rotten,balanced
1786676772.264,12,predictions_total,balanced,balanced:8002,balanced-service,Pomegranate__Rotten,balanced
1786676777.264,12,predictions_total,balanced,balanced:8002,balanced-service,Pomegranate__Rotten,balanced
1786676782.264,12,predictions_total,balanced,balanced:8002,balanced-service,Pomegranate__Rotten,balanced
1786676787.264,12,predictions_total,balanced,balanced:8002,balanced-service,Pomegranate__Rotten,balanced
1786676792.264,13,predictions_total,balanced,balanced:8002,balanced-service,Pomegranate__Rotten,balanced
1786676797.264,13,predictions_total,balanced,balanced:8002,balanced-service,Pomegranate__Rotten,balanced
1786676802.264,13,predictions_total,balanced,balanced:8002,balanced-service,Pomegranate__Rotten,balanced
1786676807.264,13,predictions_total,balanced,balanced:8002,balanced-service,Pomegranate__Rotten,balanced
1786676812.264,14,predictions_total,balanced,balanced:8002,balanced-service,Pomegranate__Rotten,balanced
1786676817.264,14,predictions_total,balanced,balanced:8002,balanced-service,Pomegranate__Rotten,balanced
1786676822.264,15,predictions_total,balanced,balanced:8002,balanced-service,Pomegranate__Rotten,balanced
1786676827.264,15,predictions_total,balanced,balanced:8002,balanced-service,Pomegranate__Rotten,balanced
1786676832.264,16,predictions_total,balanced,balanced:8002,balanced-service,Pomegranate__Rotten,balanced
1786676837.264,16,predictions_total,balanced,balanced:8002,balanced-service,Pomegranate__Rotten,balanced
1786676842.264,16,predictions_total,balanced,balanced:8002,balanced-service,Pomegranate__Rotten,balanced
1786676847.264,16,predictions_total,balanced,balanced:8002,balanced-service,Pomegranate__Rotten,balanced
1786676852.264,16,predictions_total,balanced,balanced:8002,balanced-service,Pomegranate__Rotten,balanced
1786676857.264,16,predictions_total,balanced,balanced:8002,balanced-service,Pomegranate__Rotten,balanced
1786676862.264,16,predictions_total,balanced,balanced:8002,balanced-service,Pomegranate__Rotten,balanced
1786676867.264,16,predictions_total,balanced,balanced:8002,balanced-service,Pomegranate__Rotten,balanced
1786676872.264,16,predictions_total,balanced,balanced:8002,balanced-service,Pomegranate__Rotten,balanced
1786676877.264,16,predictions_total,balanced,balanced:8002,balanced-service,Pomegranate__Rotten,balanced
1786676882.264,16,predictions_total,balanced,balanced:8002,balanced-service,Pomegranate__Rotten,balanced
1786676887.264,16,predictions_total,balanced,balanced:8002,balanced-service,Pomegranate__Rotten,balanced
1786676892.264,16,predictions_total,balanced,balanced:8002,balanced-service,Pomegranate__Rotten,balanced
1786676897.264,16,predictions_total,balanced,balanced:8002,balanced-service,Pomegranate__Rotten,balanced
1786676902.264,16,predictions_total,balanced,balanced:8002,balanced-service,Pomegranate__Rotten,balanced
1786676907.264,16,predictions_total,balanced,balanced:8002,balanced-service,Pomegranate__Rotten,balanced
1786676912.264,16,predictions_total,balanced,balanced:8002,balanced-service,Pomegranate__Rotten,balanced
1786676917.264,16,predictions_total,balanced,balanced:8002,balanced-service,Pomegranate__Rotten,balanced
1786676922.264,16,predictions_total,balanced,balanced:8002,balanced-service,Pomegranate__Rotten,balanced
1786676927.264,16,predictions_total,balanced,balanced:8002,balanced-service,Pomegranate__Rotten,balanced
1786676932.264,16,predictions_total,balanced,balanced:8002,balanced-service,Pomegranate__Rotten,balanced
1786676937.264,16,predictions_total,balanced,balanced:8002,balanced-service,Pomegranate__Rotten,balanced
1786676942.264,16,predictions_total,balanced,balanced:8002,balanced-service,Pomegranate__Rotten,balanced
1786676947.264,16,predictions_total,balanced,balanced:8002,balanced-service,Pomegranate__Rotten,balanced
1786676952.264,16,predictions_total,balanced,balanced:8002,balanced-service,Pomegranate__Rotten,balanced
1786676957.264,16,predictions_total,balanced,balanced:8002,balanced-service,Pomegranate__Rotten,balanced
1786676962.264,16,predictions_total,balanced,balanced:8002,balanced-service,Pomegranate__Rotten,balanced
1786676967.264,16,predictions_total,balanced,balanced:8002,balanced-service,Pomegranate__Rotten,balanced
1786676972.264,16,predictions_total,balanced,balanced:8002,balanced-service,Pomegranate__Rotten,balanced
1786676977.264,16,predictions_total,balanced,balanced:8002,balanced-service,Pomegranate__Rotten,balanced
1786676982.264,16,predictions_total,balanced,balanced:8002,balanced-service,Pomegranate__Rotten,balanced
1786676987.264,16,predictions_total,balanced,balanced:8002,balanced-service,Pomegranate__Rotten,balanced
1786676992.264,16,predictions_total,balanced,balanced:8002,balanced-service,Pomegranate__Rotten,balanced
1786676997.264,16,predictions_total,balanced,balanced:8002,balanced-service,Pomegranate__Rotten,balanced
1786677002.264,16,predictions_total,balanced,balanced:8002,balanced-service,Pomegranate__Rotten,balanced
1786677007.264,16,predictions_total,balanced,balanced:8002,balanced-service,Pomegranate__Rotten,balanced
1786677012.264,16,predictions_total,balanced,balanced:8002,balanced-service,Pomegranate__Rotten,balanced
1786677017.264,16,predictions_total,balanced,balanced:8002,balanced-service,Pomegranate__Rotten,balanced
1786677022.264,16,predictions_total,balanced,balanced:8002,balanced-service,Pomegranate__Rotten,balanced
1786677027.264,16,predictions_total,balanced,balanced:8002,balanced-service,Pomegranate__Rotten,balanced
1786677032.264,16,predictions_total,balanced,balanced:8002,balanced-service,Pomegranate__Rotten,balanced
1786677037.264,16,predictions_total,balanced,balanced:8002,balanced-service,Pomegranate__Rotten,balanced
1786677042.264,16,predictions_total,balanced,balanced:8002,balanced-service,Pomegranate__Rotten,balanced
1786677047.264,16,predictions_total,balanced,balanced:8002,balanced-service,Pomegranate__Rotten,balanced
1786677052.264,16,predictions_total,balanced,balanced:8002,balanced-service,Pomegranate__Rotten,balanced
1786677057.264,16,predictions_total,balanced,balanced:8002,balanced-service,Pomegranate__Rotten,balanced
1786677062.264,16,predictions_total,balanced,balanced:8002,balanced-service,Pomegranate__Rotten,balanced
1786677067.264,16,predictions_total,balanced,balanced:8002,balanced-service,Pomegranate__Rotten,balanced
1786677072.264,16,predictions_total,balanced,balanced:8002,balanced-service,Pomegranate__Rotten,balanced
1786677077.264,16,predictions_total,balanced,balanced:8002,balanced-service,Pomegranate__Rotten,balanced
1786677082.264,16,predictions_total,balanced,balanced:8002,balanced-service,Pomegranate__Rotten,balanced
1786677087.264,16,predictions_total,balanced,balanced:8002,balanced-service,Pomegranate__Rotten,balanced
1786677092.264,16,predictions_total,balanced,balanced:8002,balanced-service,Pomegranate__Rotten,balanced
1786677097.264,16,predictions_total,balanced,balanced:8002,balanced-service,Pomegranate__Rotten,balanced
1786677102.264,16,predictions_total,balanced,balanced:8002,balanced-service,Pomegranate__Rotten,balanced
1786677107.264,16,predictions_total,balanced,balanced:8002,balanced-service,Pomegranate__Rotten,balanced
1786677112.264,16,predictions_total,balanced,balanced:8002,balanced-service,Pomegranate__Rotten,balanced
1786677117.264,16,predictions_total,balanced,balanced:8002,balanced-service,Pomegranate__Rotten,balanced
1786677122.264,16,predictions_total,balanced,balanced:8002,balanced-service,Pomegranate__Rotten,balanced
1786677127.264,16,predictions_total,balanced,balanced:8002,balanced-service,Pomegranate__Rotten,balanced
1786677132.264,16,predictions_total,balanced,balanced:8002,balanced-service,Pomegranate__Rotten,balanced
1786677137.264,16,predictions_total,balanced,balanced:8002,balanced-service,Pomegranate__Rotten,balanced
1786677142.264,16,predictions_total,balanced,balanced:8002,balanced-service,Pomegranate__Rotten,balanced
1786677147.264,16,predictions_total,balanced,balanced:8002,balanced-service,Pomegranate__Rotten,balanced
1786677152.264,16,predictions_total,balanced,balanced:8002,balanced-service,Pomegranate__Rotten,balanced
1786677157.264,16,predictions_total,balanced,balanced:8002,balanced-service,Pomegranate__Rotten,balanced
1786677162.264,16,predictions_total,balanced,balanced:8002,balanced-service,Pomegranate__Rotten,balanced
1786677167.264,16,predictions_total,balanced,balanced:8002,balanced-service,Pomegranate__Rotten,balanced
1786677172.264,16,predictions_total,balanced,balanced:8002,balanced-service,Pomegranate__Rotten,balanced
1786677177.264,16,predictions_total,balanced,balanced:8002,balanced-service,Pomegranate__Rotten,balanced
1786677182.264,16,predictions_total,balanced,balanced:8002,balanced-service,Pomegranate__Rotten,balanced
1786677187.264,16,predictions_total,balanced,balanced:8002,balanced-service,Pomegranate__Rotten,balanced
1786677192.264,16,predictions_total,balanced,balanced:8002,balanced-service,Pomegranate__Rotten,balanced
1786677197.264,16,predictions_total,balanced,balanced:8002,balanced-service,Pomegranate__Rotten,balanced
1786677202.264,16,predictions_total,balanced,balanced:8002,balanced-service,Pomegranate__Rotten,balanced
1786677207.264,16,predictions_total,balanced,balanced:8002,balanced-service,Pomegranate__Rotten,balanced
1786677212.264,16,predictions_total,balanced,balanced:8002,balanced-service,Pomegranate__Rotten,balanced
1786677217.264,16,predictions_total,balanced,balanced:8002,balanced-service,Pomegranate__Rotten,balanced
1786677222.264,16,predictions_total,balanced,balanced:8002,balanced-service,Pomegranate__Rotten,balanced
1786677227.264,16,predictions_total,balanced,balanced:8002,balanced-service,Pomegranate__Rotten,balanced
1786677232.264,16,predictions_total,balanced,balanced:8002,balanced-service,Pomegranate__Rotten,balanced
1786677237.264,16,predictions_total,balanced,balanced:8002,balanced-service,Pomegranate__Rotten,balanced
1786677242.264,16,predictions_total,balanced,balanced:8002,balanced-service,Pomegranate__Rotten,balanced
1786677247.264,16,predictions_total,balanced,balanced:8002,balanced-service,Pomegranate__Rotten,balanced
1786677252.264,16,predictions_total,balanced,balanced:8002,balanced-service,Pomegranate__Rotten,balanced
1786677257.264,16,predictions_total,balanced,balanced:8002,balanced-service,Pomegranate__Rotten,balanced
1786677262.264,16,predictions_total,balanced,balanced:8002,balanced-service,Pomegranate__Rotten,balanced
1786677267.264,16,predictions_total,balanced,balanced:8002,balanced-service,Pomegranate__Rotten,balanced
1786677272.264,16,predictions_total,balanced,balanced:8002,balanced-service,Pomegranate__Rotten,balanced
1786677277.264,16,predictions_total,balanced,balanced:8002,balanced-service,Pomegranate__Rotten,balanced
1786677282.264,16,predictions_total,balanced,balanced:8002,balanced-service,Pomegranate__Rotten,balanced
1786677287.264,16,predictions_total,balanced,balanced:8002,balanced-service,Pomegranate__Rotten,balanced
1786677292.264,16,predictions_total,balanced,balanced:8002,balanced-service,Pomegranate__Rotten,balanced
1786677297.264,16,predictions_total,balanced,balanced:8002,balanced-service,Pomegranate__Rotten,balanced
1786677302.264,18,predictions_total,balanced,balanced:8002,balanced-service,Pomegranate__Rotten,balanced
1786677307.264,18,predictions_total,balanced,balanced:8002,balanced-service,Pomegranate__Rotten,balanced
1786677312.264,18,predictions_total,balanced,balanced:8002,balanced-service,Pomegranate__Rotten,balanced
1786677317.264,18,predictions_total,balanced,balanced:8002,balanced-service,Pomegranate__Rotten,balanced
1786677322.264,18,predictions_total,balanced,balanced:8002,balanced-service,Pomegranate__Rotten,balanced
1786677327.264,18,predictions_total,balanced,balanced:8002,balanced-service,Pomegranate__Rotten,balanced
1786677332.264,18,predictions_total,balanced,balanced:8002,balanced-service,Pomegranate__Rotten,balanced
1786677337.264,21,predictions_total,balanced,balanced:8002,balanced-service,Pomegranate__Rotten,balanced
1786677342.264,21,predictions_total,balanced,balanced:8002,balanced-service,Pomegranate__Rotten,balanced
1786677347.264,21,predictions_total,balanced,balanced:8002,balanced-service,Pomegranate__Rotten,balanced
1786677352.264,21,predictions_total,balanced,balanced:8002,balanced-service,Pomegranate__Rotten,balanced
1786677357.264,21,predictions_total,balanced,balanced:8002,balanced-service,Pomegranate__Rotten,balanced
1786677362.264,21,predictions_total,balanced,balanced:8002,balanced-service,Pomegranate__Rotten,balanced
1786677367.264,21,predictions_total,balanced,balanced:8002,balanced-service,Pomegranate__Rotten,balanced
1786677372.264,21,predictions_total,balanced,balanced:8002,balanced-service,Pomegranate__Rotten,balanced
1786677377.264,21,predictions_total,balanced,balanced:8002,balanced-service,Pomegranate__Rotten,balanced
1786677382.264,21,predictions_total,balanced,balanced:8002,balanced-service,Pomegranate__Rotten,balanced
1786677387.264,21,predictions_total,balanced,balanced:8002,balanced-service,Pomegranate__Rotten,balanced
1786677392.264,21,predictions_total,balanced,balanced:8002,balanced-service,Pomegranate__Rotten,balanced
1786677397.264,22,predictions_total,balanced,balanced:8002,balanced-service,Pomegranate__Rotten,balanced
1786677402.264,22,predictions_total,balanced,balanced:8002,balanced-service,Pomegranate__Rotten,balanced
1786677407.264,22,predictions_total,balanced,balanced:8002,balanced-service,Pomegranate__Rotten,balanced
1786677412.264,22,predictions_total,balanced,balanced:8002,balanced-service,Pomegranate__Rotten,balanced
1786677417.264,22,predictions_total,balanced,balanced:8002,balanced-service,Pomegranate__Rotten,balanced
1786677422.264,22,predictions_total,balanced,balanced:8002,balanced-service,Pomegranate__Rotten,balanced
1786677427.264,22,predictions_total,balanced,balanced:8002,balanced-service,Pomegranate__Rotten,balanced
1786677432.264,22,predictions_total,balanced,balanced:8002,balanced-service,Pomegranate__Rotten,balanced
1786677437.264,23,predictions_total,balanced,balanced:8002,balanced-service,Pomegranate__Rotten,balanced
1786677442.264,23,predictions_total,balanced,balanced:8002,balanced-service,Pomegranate__Rotten,balanced
1786677447.264,23,predictions_total,balanced,balanced:8002,balanced-service,Pomegranate__Rotten,balanced
1786676667.264,1,predictions_total,balanced,balanced:8002,balanced-service,Potato__Healthy,balanced
1786676672.264,1,predictions_total,balanced,balanced:8002,balanced-service,Potato__Healthy,balanced
1786676677.264,1,predictions_total,balanced,balanced:8002,balanced-service,Potato__Healthy,balanced
1786676682.264,1,predictions_total,balanced,balanced:8002,balanced-service,Potato__Healthy,balanced
1786676687.264,1,predictions_total,balanced,balanced:8002,balanced-service,Potato__Healthy,balanced
1786676692.264,1,predictions_total,balanced,balanced:8002,balanced-service,Potato__Healthy,balanced
1786676697.264,3,predictions_total,balanced,balanced:8002,balanced-service,Potato__Healthy,balanced
1786676702.264,4,predictions_total,balanced,balanced:8002,balanced-service,Potato__Healthy,balanced
1786676707.264,4,predictions_total,balanced,balanced:8002,balanced-service,Potato__Healthy,balanced
1786676712.264,4,predictions_total,balanced,balanced:8002,balanced-service,Potato__Healthy,balanced
1786676717.264,5,predictions_total,balanced,balanced:8002,balanced-service,Potato__Healthy,balanced
1786676722.264,5,predictions_total,balanced,balanced:8002,balanced-service,Potato__Healthy,balanced
1786676727.264,5,predictions_total,balanced,balanced:8002,balanced-service,Potato__Healthy,balanced
1786676732.264,5,predictions_total,balanced,balanced:8002,balanced-service,Potato__Healthy,balanced
1786676737.264,5,predictions_total,balanced,balanced:8002,balanced-service,Potato__Healthy,balanced
1786676742.264,5,predictions_total,balanced,balanced:8002,balanced-service,Potato__Healthy,balanced
1786676747.264,5,predictions_total,balanced,balanced:8002,balanced-service,Potato__Healthy,balanced
1786676752.264,5,predictions_total,balanced,balanced:8002,balanced-service,Potato__Healthy,balanced
1786676757.264,5,predictions_total,balanced,balanced:8002,balanced-service,Potato__Healthy,balanced
1786676762.264,5,predictions_total,balanced,balanced:8002,balanced-service,Potato__Healthy,balanced
1786676767.264,5,predictions_total,balanced,balanced:8002,balanced-service,Potato__Healthy,balanced
1786676772.264,5,predictions_total,balanced,balanced:8002,balanced-service,Potato__Healthy,balanced
1786676777.264,5,predictions_total,balanced,balanced:8002,balanced-service,Potato__Healthy,balanced
1786676782.264,5,predictions_total,balanced,balanced:8002,balanced-service,Potato__Healthy,balanced
1786676787.264,5,predictions_total,balanced,balanced:8002,balanced-service,Potato__Healthy,balanced
1786676792.264,5,predictions_total,balanced,balanced:8002,balanced-service,Potato__Healthy,balanced
1786676797.264,5,predictions_total,balanced,balanced:8002,balanced-service,Potato__Healthy,balanced
1786676802.264,5,predictions_total,balanced,balanced:8002,balanced-service,Potato__Healthy,balanced
1786676807.264,5,predictions_total,balanced,balanced:8002,balanced-service,Potato__Healthy,balanced
1786676812.264,5,predictions_total,balanced,balanced:8002,balanced-service,Potato__Healthy,balanced
1786676817.264,5,predictions_total,balanced,balanced:8002,balanced-service,Potato__Healthy,balanced
1786676822.264,5,predictions_total,balanced,balanced:8002,balanced-service,Potato__Healthy,balanced
1786676827.264,5,predictions_total,balanced,balanced:8002,balanced-service,Potato__Healthy,balanced
1786676832.264,5,predictions_total,balanced,balanced:8002,balanced-service,Potato__Healthy,balanced
1786676837.264,5,predictions_total,balanced,balanced:8002,balanced-service,Potato__Healthy,balanced
1786676842.264,5,predictions_total,balanced,balanced:8002,balanced-service,Potato__Healthy,balanced
1786676847.264,5,predictions_total,balanced,balanced:8002,balanced-service,Potato__Healthy,balanced
1786676852.264,5,predictions_total,balanced,balanced:8002,balanced-service,Potato__Healthy,balanced
1786676857.264,5,predictions_total,balanced,balanced:8002,balanced-service,Potato__Healthy,balanced
1786676862.264,5,predictions_total,balanced,balanced:8002,balanced-service,Potato__Healthy,balanced
1786676867.264,5,predictions_total,balanced,balanced:8002,balanced-service,Potato__Healthy,balanced
1786676872.264,5,predictions_total,balanced,balanced:8002,balanced-service,Potato__Healthy,balanced
1786676877.264,5,predictions_total,balanced,balanced:8002,balanced-service,Potato__Healthy,balanced
1786676882.264,5,predictions_total,balanced,balanced:8002,balanced-service,Potato__Healthy,balanced
1786676887.264,5,predictions_total,balanced,balanced:8002,balanced-service,Potato__Healthy,balanced
1786676892.264,5,predictions_total,balanced,balanced:8002,balanced-service,Potato__Healthy,balanced
1786676897.264,5,predictions_total,balanced,balanced:8002,balanced-service,Potato__Healthy,balanced
1786676902.264,5,predictions_total,balanced,balanced:8002,balanced-service,Potato__Healthy,balanced
1786676907.264,5,predictions_total,balanced,balanced:8002,balanced-service,Potato__Healthy,balanced
1786676912.264,5,predictions_total,balanced,balanced:8002,balanced-service,Potato__Healthy,balanced
1786676917.264,5,predictions_total,balanced,balanced:8002,balanced-service,Potato__Healthy,balanced
1786676922.264,5,predictions_total,balanced,balanced:8002,balanced-service,Potato__Healthy,balanced
1786676927.264,5,predictions_total,balanced,balanced:8002,balanced-service,Potato__Healthy,balanced
1786676932.264,5,predictions_total,balanced,balanced:8002,balanced-service,Potato__Healthy,balanced
1786676937.264,5,predictions_total,balanced,balanced:8002,balanced-service,Potato__Healthy,balanced
1786676942.264,5,predictions_total,balanced,balanced:8002,balanced-service,Potato__Healthy,balanced
1786676947.264,5,predictions_total,balanced,balanced:8002,balanced-service,Potato__Healthy,balanced
1786676952.264,5,predictions_total,balanced,balanced:8002,balanced-service,Potato__Healthy,balanced
1786676957.264,5,predictions_total,balanced,balanced:8002,balanced-service,Potato__Healthy,balanced
1786676962.264,5,predictions_total,balanced,balanced:8002,balanced-service,Potato__Healthy,balanced
1786676967.264,5,predictions_total,balanced,balanced:8002,balanced-service,Potato__Healthy,balanced
1786676972.264,5,predictions_total,balanced,balanced:8002,balanced-service,Potato__Healthy,balanced
1786676977.264,5,predictions_total,balanced,balanced:8002,balanced-service,Potato__Healthy,balanced
1786676982.264,5,predictions_total,balanced,balanced:8002,balanced-service,Potato__Healthy,balanced
1786676987.264,5,predictions_total,balanced,balanced:8002,balanced-service,Potato__Healthy,balanced
1786676992.264,5,predictions_total,balanced,balanced:8002,balanced-service,Potato__Healthy,balanced
1786676997.264,5,predictions_total,balanced,balanced:8002,balanced-service,Potato__Healthy,balanced
1786677002.264,5,predictions_total,balanced,balanced:8002,balanced-service,Potato__Healthy,balanced
1786677007.264,5,predictions_total,balanced,balanced:8002,balanced-service,Potato__Healthy,balanced
1786677012.264,5,predictions_total,balanced,balanced:8002,balanced-service,Potato__Healthy,balanced
1786677017.264,5,predictions_total,balanced,balanced:8002,balanced-service,Potato__Healthy,balanced
1786677022.264,5,predictions_total,balanced,balanced:8002,balanced-service,Potato__Healthy,balanced
1786677027.264,5,predictions_total,balanced,balanced:8002,balanced-service,Potato__Healthy,balanced
1786677032.264,5,predictions_total,balanced,balanced:8002,balanced-service,Potato__Healthy,balanced
1786677037.264,5,predictions_total,balanced,balanced:8002,balanced-service,Potato__Healthy,balanced
1786677042.264,5,predictions_total,balanced,balanced:8002,balanced-service,Potato__Healthy,balanced
1786677047.264,5,predictions_total,balanced,balanced:8002,balanced-service,Potato__Healthy,balanced
1786677052.264,5,predictions_total,balanced,balanced:8002,balanced-service,Potato__Healthy,balanced
1786677057.264,5,predictions_total,balanced,balanced:8002,balanced-service,Potato__Healthy,balanced
1786677062.264,5,predictions_total,balanced,balanced:8002,balanced-service,Potato__Healthy,balanced
1786677067.264,5,predictions_total,balanced,balanced:8002,balanced-service,Potato__Healthy,balanced
1786677072.264,5,predictions_total,balanced,balanced:8002,balanced-service,Potato__Healthy,balanced
1786677077.264,5,predictions_total,balanced,balanced:8002,balanced-service,Potato__Healthy,balanced
1786677082.264,5,predictions_total,balanced,balanced:8002,balanced-service,Potato__Healthy,balanced
1786677087.264,5,predictions_total,balanced,balanced:8002,balanced-service,Potato__Healthy,balanced
1786677092.264,5,predictions_total,balanced,balanced:8002,balanced-service,Potato__Healthy,balanced
1786677097.264,5,predictions_total,balanced,balanced:8002,balanced-service,Potato__Healthy,balanced
1786677102.264,5,predictions_total,balanced,balanced:8002,balanced-service,Potato__Healthy,balanced
1786677107.264,5,predictions_total,balanced,balanced:8002,balanced-service,Potato__Healthy,balanced
1786677112.264,5,predictions_total,balanced,balanced:8002,balanced-service,Potato__Healthy,balanced
1786677117.264,5,predictions_total,balanced,balanced:8002,balanced-service,Potato__Healthy,balanced
1786677122.264,5,predictions_total,balanced,balanced:8002,balanced-service,Potato__Healthy,balanced
1786677127.264,5,predictions_total,balanced,balanced:8002,balanced-service,Potato__Healthy,balanced
1786677132.264,5,predictions_total,balanced,balanced:8002,balanced-service,Potato__Healthy,balanced
1786677137.264,5,predictions_total,balanced,balanced:8002,balanced-service,Potato__Healthy,balanced
1786677142.264,5,predictions_total,balanced,balanced:8002,balanced-service,Potato__Healthy,balanced
1786677147.264,5,predictions_total,balanced,balanced:8002,balanced-service,Potato__Healthy,balanced
1786677152.264,5,predictions_total,balanced,balanced:8002,balanced-service,Potato__Healthy,balanced
1786677157.264,5,predictions_total,balanced,balanced:8002,balanced-service,Potato__Healthy,balanced
1786677162.264,5,predictions_total,balanced,balanced:8002,balanced-service,Potato__Healthy,balanced
1786677167.264,5,predictions_total,balanced,balanced:8002,balanced-service,Potato__Healthy,balanced
1786677172.264,5,predictions_total,balanced,balanced:8002,balanced-service,Potato__Healthy,balanced
1786677177.264,5,predictions_total,balanced,balanced:8002,balanced-service,Potato__Healthy,balanced
1786677182.264,5,predictions_total,balanced,balanced:8002,balanced-service,Potato__Healthy,balanced
1786677187.264,5,predictions_total,balanced,balanced:8002,balanced-service,Potato__Healthy,balanced
1786677192.264,5,predictions_total,balanced,balanced:8002,balanced-service,Potato__Healthy,balanced
1786677197.264,5,predictions_total,balanced,balanced:8002,balanced-service,Potato__Healthy,balanced
1786677202.264,5,predictions_total,balanced,balanced:8002,balanced-service,Potato__Healthy,balanced
1786677207.264,5,predictions_total,balanced,balanced:8002,balanced-service,Potato__Healthy,balanced
1786677212.264,5,predictions_total,balanced,balanced:8002,balanced-service,Potato__Healthy,balanced
1786677217.264,5,predictions_total,balanced,balanced:8002,balanced-service,Potato__Healthy,balanced
1786677222.264,5,predictions_total,balanced,balanced:8002,balanced-service,Potato__Healthy,balanced
1786677227.264,5,predictions_total,balanced,balanced:8002,balanced-service,Potato__Healthy,balanced
1786677232.264,5,predictions_total,balanced,balanced:8002,balanced-service,Potato__Healthy,balanced
1786677237.264,5,predictions_total,balanced,balanced:8002,balanced-service,Potato__Healthy,balanced
1786677242.264,5,predictions_total,balanced,balanced:8002,balanced-service,Potato__Healthy,balanced
1786677247.264,6,predictions_total,balanced,balanced:8002,balanced-service,Potato__Healthy,balanced
1786677252.264,7,predictions_total,balanced,balanced:8002,balanced-service,Potato__Healthy,balanced
1786677257.264,7,predictions_total,balanced,balanced:8002,balanced-service,Potato__Healthy,balanced
1786677262.264,7,predictions_total,balanced,balanced:8002,balanced-service,Potato__Healthy,balanced
1786677267.264,7,predictions_total,balanced,balanced:8002,balanced-service,Potato__Healthy,balanced
1786677272.264,7,predictions_total,balanced,balanced:8002,balanced-service,Potato__Healthy,balanced
1786677277.264,7,predictions_total,balanced,balanced:8002,balanced-service,Potato__Healthy,balanced
1786677282.264,7,predictions_total,balanced,balanced:8002,balanced-service,Potato__Healthy,balanced
1786677287.264,7,predictions_total,balanced,balanced:8002,balanced-service,Potato__Healthy,balanced
1786677292.264,8,predictions_total,balanced,balanced:8002,balanced-service,Potato__Healthy,balanced
1786677297.264,8,predictions_total,balanced,balanced:8002,balanced-service,Potato__Healthy,balanced
1786677302.264,9,predictions_total,balanced,balanced:8002,balanced-service,Potato__Healthy,balanced
1786677307.264,10,predictions_total,balanced,balanced:8002,balanced-service,Potato__Healthy,balanced
1786677312.264,11,predictions_total,balanced,balanced:8002,balanced-service,Potato__Healthy,balanced
1786677317.264,11,predictions_total,balanced,balanced:8002,balanced-service,Potato__Healthy,balanced
1786677322.264,11,predictions_total,balanced,balanced:8002,balanced-service,Potato__Healthy,balanced
1786677327.264,11,predictions_total,balanced,balanced:8002,balanced-service,Potato__Healthy,balanced
1786677332.264,11,predictions_total,balanced,balanced:8002,balanced-service,Potato__Healthy,balanced
1786677337.264,11,predictions_total,balanced,balanced:8002,balanced-service,Potato__Healthy,balanced
1786677342.264,11,predictions_total,balanced,balanced:8002,balanced-service,Potato__Healthy,balanced
1786677347.264,11,predictions_total,balanced,balanced:8002,balanced-service,Potato__Healthy,balanced
1786677352.264,11,predictions_total,balanced,balanced:8002,balanced-service,Potato__Healthy,balanced
1786677357.264,11,predictions_total,balanced,balanced:8002,balanced-service,Potato__Healthy,balanced
1786677362.264,11,predictions_total,balanced,balanced:8002,balanced-service,Potato__Healthy,balanced
1786677367.264,11,predictions_total,balanced,balanced:8002,balanced-service,Potato__Healthy,balanced
1786677372.264,11,predictions_total,balanced,balanced:8002,balanced-service,Potato__Healthy,balanced
1786677377.264,11,predictions_total,balanced,balanced:8002,balanced-service,Potato__Healthy,balanced
1786677382.264,11,predictions_total,balanced,balanced:8002,balanced-service,Potato__Healthy,balanced
1786677387.264,11,predictions_total,balanced,balanced:8002,balanced-service,Potato__Healthy,balanced
1786677392.264,11,predictions_total,balanced,balanced:8002,balanced-service,Potato__Healthy,balanced
1786677397.264,11,predictions_total,balanced,balanced:8002,balanced-service,Potato__Healthy,balanced
1786677402.264,11,predictions_total,balanced,balanced:8002,balanced-service,Potato__Healthy,balanced
1786677407.264,11,predictions_total,balanced,balanced:8002,balanced-service,Potato__Healthy,balanced
1786677412.264,11,predictions_total,balanced,balanced:8002,balanced-service,Potato__Healthy,balanced
1786677417.264,11,predictions_total,balanced,balanced:8002,balanced-service,Potato__Healthy,balanced
1786677422.264,11,predictions_total,balanced,balanced:8002,balanced-service,Potato__Healthy,balanced
1786677427.264,11,predictions_total,balanced,balanced:8002,balanced-service,Potato__Healthy,balanced
1786677432.264,11,predictions_total,balanced,balanced:8002,balanced-service,Potato__Healthy,balanced
1786677437.264,11,predictions_total,balanced,balanced:8002,balanced-service,Potato__Healthy,balanced
1786677442.264,11,predictions_total,balanced,balanced:8002,balanced-service,Potato__Healthy,balanced
1786677447.264,11,predictions_total,balanced,balanced:8002,balanced-service,Potato__Healthy,balanced
1786676337.264,1,predictions_total,balanced,balanced:8002,balanced-service,Potato__Rotten,balanced
1786676342.264,1,predictions_total,balanced,balanced:8002,balanced-service,Potato__Rotten,balanced
1786676347.264,1,predictions_total,balanced,balanced:8002,balanced-service,Potato__Rotten,balanced
1786676352.264,1,predictions_total,balanced,balanced:8002,balanced-service,Potato__Rotten,balanced
1786676357.264,1,predictions_total,balanced,balanced:8002,balanced-service,Potato__Rotten,balanced
1786676362.264,1,predictions_total,balanced,balanced:8002,balanced-service,Potato__Rotten,balanced
1786676367.264,1,predictions_total,balanced,balanced:8002,balanced-service,Potato__Rotten,balanced
1786676372.264,2,predictions_total,balanced,balanced:8002,balanced-service,Potato__Rotten,balanced
1786676377.264,3,predictions_total,balanced,balanced:8002,balanced-service,Potato__Rotten,balanced
1786676382.264,4,predictions_total,balanced,balanced:8002,balanced-service,Potato__Rotten,balanced
1786676387.264,5,predictions_total,balanced,balanced:8002,balanced-service,Potato__Rotten,balanced
1786676392.264,5,predictions_total,balanced,balanced:8002,balanced-service,Potato__Rotten,balanced
1786676397.264,5,predictions_total,balanced,balanced:8002,balanced-service,Potato__Rotten,balanced
1786676402.264,5,predictions_total,balanced,balanced:8002,balanced-service,Potato__Rotten,balanced
1786676407.264,5,predictions_total,balanced,balanced:8002,balanced-service,Potato__Rotten,balanced
1786676412.264,5,predictions_total,balanced,balanced:8002,balanced-service,Potato__Rotten,balanced
1786676417.264,5,predictions_total,balanced,balanced:8002,balanced-service,Potato__Rotten,balanced
1786676422.264,5,predictions_total,balanced,balanced:8002,balanced-service,Potato__Rotten,balanced
1786676427.264,5,predictions_total,balanced,balanced:8002,balanced-service,Potato__Rotten,balanced
1786676432.264,5,predictions_total,balanced,balanced:8002,balanced-service,Potato__Rotten,balanced
1786676437.264,5,predictions_total,balanced,balanced:8002,balanced-service,Potato__Rotten,balanced
1786676442.264,5,predictions_total,balanced,balanced:8002,balanced-service,Potato__Rotten,balanced
1786676447.264,5,predictions_total,balanced,balanced:8002,balanced-service,Potato__Rotten,balanced
1786676452.264,5,predictions_total,balanced,balanced:8002,balanced-service,Potato__Rotten,balanced
1786676457.264,5,predictions_total,balanced,balanced:8002,balanced-service,Potato__Rotten,balanced
1786676462.264,5,predictions_total,balanced,balanced:8002,balanced-service,Potato__Rotten,balanced
1786676467.264,5,predictions_total,balanced,balanced:8002,balanced-service,Potato__Rotten,balanced
1786676472.264,5,predictions_total,balanced,balanced:8002,balanced-service,Potato__Rotten,balanced
1786676477.264,5,predictions_total,balanced,balanced:8002,balanced-service,Potato__Rotten,balanced
1786676482.264,5,predictions_total,balanced,balanced:8002,balanced-service,Potato__Rotten,balanced
1786676487.264,5,predictions_total,balanced,balanced:8002,balanced-service,Potato__Rotten,balanced
1786676492.264,5,predictions_total,balanced,balanced:8002,balanced-service,Potato__Rotten,balanced
1786676497.264,5,predictions_total,balanced,balanced:8002,balanced-service,Potato__Rotten,balanced
1786676502.264,5,predictions_total,balanced,balanced:8002,balanced-service,Potato__Rotten,balanced
1786676507.264,5,predictions_total,balanced,balanced:8002,balanced-service,Potato__Rotten,balanced
1786676512.264,5,predictions_total,balanced,balanced:8002,balanced-service,Potato__Rotten,balanced
1786676517.264,5,predictions_total,balanced,balanced:8002,balanced-service,Potato__Rotten,balanced
1786676522.264,5,predictions_total,balanced,balanced:8002,balanced-service,Potato__Rotten,balanced
1786676527.264,5,predictions_total,balanced,balanced:8002,balanced-service,Potato__Rotten,balanced
1786676532.264,5,predictions_total,balanced,balanced:8002,balanced-service,Potato__Rotten,balanced
1786676537.264,5,predictions_total,balanced,balanced:8002,balanced-service,Potato__Rotten,balanced
1786676542.264,5,predictions_total,balanced,balanced:8002,balanced-service,Potato__Rotten,balanced
1786676547.264,5,predictions_total,balanced,balanced:8002,balanced-service,Potato__Rotten,balanced
1786676552.264,5,predictions_total,balanced,balanced:8002,balanced-service,Potato__Rotten,balanced
1786676557.264,5,predictions_total,balanced,balanced:8002,balanced-service,Potato__Rotten,balanced
1786676562.264,5,predictions_total,balanced,balanced:8002,balanced-service,Potato__Rotten,balanced
1786676567.264,5,predictions_total,balanced,balanced:8002,balanced-service,Potato__Rotten,balanced
1786676572.264,5,predictions_total,balanced,balanced:8002,balanced-service,Potato__Rotten,balanced
1786676577.264,5,predictions_total,balanced,balanced:8002,balanced-service,Potato__Rotten,balanced
1786676582.264,5,predictions_total,balanced,balanced:8002,balanced-service,Potato__Rotten,balanced
1786676587.264,5,predictions_total,balanced,balanced:8002,balanced-service,Potato__Rotten,balanced
1786676592.264,5,predictions_total,balanced,balanced:8002,balanced-service,Potato__Rotten,balanced
1786676597.264,5,predictions_total,balanced,balanced:8002,balanced-service,Potato__Rotten,balanced
1786676602.264,5,predictions_total,balanced,balanced:8002,balanced-service,Potato__Rotten,balanced
1786676607.264,5,predictions_total,balanced,balanced:8002,balanced-service,Potato__Rotten,balanced
1786676612.264,5,predictions_total,balanced,balanced:8002,balanced-service,Potato__Rotten,balanced
1786676617.264,5,predictions_total,balanced,balanced:8002,balanced-service,Potato__Rotten,balanced
1786676622.264,5,predictions_total,balanced,balanced:8002,balanced-service,Potato__Rotten,balanced
1786676627.264,5,predictions_total,balanced,balanced:8002,balanced-service,Potato__Rotten,balanced
1786676632.264,5,predictions_total,balanced,balanced:8002,balanced-service,Potato__Rotten,balanced
1786676637.264,5,predictions_total,balanced,balanced:8002,balanced-service,Potato__Rotten,balanced
1786676642.264,5,predictions_total,balanced,balanced:8002,balanced-service,Potato__Rotten,balanced
1786676647.264,5,predictions_total,balanced,balanced:8002,balanced-service,Potato__Rotten,balanced
1786676652.264,6,predictions_total,balanced,balanced:8002,balanced-service,Potato__Rotten,balanced
1786676657.264,6,predictions_total,balanced,balanced:8002,balanced-service,Potato__Rotten,balanced
1786676662.264,6,predictions_total,balanced,balanced:8002,balanced-service,Potato__Rotten,balanced
1786676667.264,6,predictions_total,balanced,balanced:8002,balanced-service,Potato__Rotten,balanced
1786676672.264,6,predictions_total,balanced,balanced:8002,balanced-service,Potato__Rotten,balanced
1786676677.264,6,predictions_total,balanced,balanced:8002,balanced-service,Potato__Rotten,balanced
1786676682.264,6,predictions_total,balanced,balanced:8002,balanced-service,Potato__Rotten,balanced
1786676687.264,6,predictions_total,balanced,balanced:8002,balanced-service,Potato__Rotten,balanced
1786676692.264,6,predictions_total,balanced,balanced:8002,balanced-service,Potato__Rotten,balanced
1786676697.264,6,predictions_total,balanced,balanced:8002,balanced-service,Potato__Rotten,balanced
1786676702.264,7,predictions_total,balanced,balanced:8002,balanced-service,Potato__Rotten,balanced
1786676707.264,7,predictions_total,balanced,balanced:8002,balanced-service,Potato__Rotten,balanced
1786676712.264,7,predictions_total,balanced,balanced:8002,balanced-service,Potato__Rotten,balanced
1786676717.264,7,predictions_total,balanced,balanced:8002,balanced-service,Potato__Rotten,balanced
1786676722.264,8,predictions_total,balanced,balanced:8002,balanced-service,Potato__Rotten,balanced
1786676727.264,8,predictions_total,balanced,balanced:8002,balanced-service,Potato__Rotten,balanced
1786676732.264,9,predictions_total,balanced,balanced:8002,balanced-service,Potato__Rotten,balanced
1786676737.264,9,predictions_total,balanced,balanced:8002,balanced-service,Potato__Rotten,balanced
1786676742.264,9,predictions_total,balanced,balanced:8002,balanced-service,Potato__Rotten,balanced
1786676747.264,9,predictions_total,balanced,balanced:8002,balanced-service,Potato__Rotten,balanced
1786676752.264,9,predictions_total,balanced,balanced:8002,balanced-service,Potato__Rotten,balanced
1786676757.264,9,predictions_total,balanced,balanced:8002,balanced-service,Potato__Rotten,balanced
1786676762.264,9,predictions_total,balanced,balanced:8002,balanced-service,Potato__Rotten,balanced
1786676767.264,9,predictions_total,balanced,balanced:8002,balanced-service,Potato__Rotten,balanced
1786676772.264,10,predictions_total,balanced,balanced:8002,balanced-service,Potato__Rotten,balanced
1786676777.264,10,predictions_total,balanced,balanced:8002,balanced-service,Potato__Rotten,balanced
1786676782.264,11,predictions_total,balanced,balanced:8002,balanced-service,Potato__Rotten,balanced
1786676787.264,11,predictions_total,balanced,balanced:8002,balanced-service,Potato__Rotten,balanced
1786676792.264,11,predictions_total,balanced,balanced:8002,balanced-service,Potato__Rotten,balanced
1786676797.264,11,predictions_total,balanced,balanced:8002,balanced-service,Potato__Rotten,balanced
1786676802.264,11,predictions_total,balanced,balanced:8002,balanced-service,Potato__Rotten,balanced
1786676807.264,13,predictions_total,balanced,balanced:8002,balanced-service,Potato__Rotten,balanced
1786676812.264,13,predictions_total,balanced,balanced:8002,balanced-service,Potato__Rotten,balanced
1786676817.264,14,predictions_total,balanced,balanced:8002,balanced-service,Potato__Rotten,balanced
1786676822.264,14,predictions_total,balanced,balanced:8002,balanced-service,Potato__Rotten,balanced
1786676827.264,16,predictions_total,balanced,balanced:8002,balanced-service,Potato__Rotten,balanced
1786676832.264,16,predictions_total,balanced,balanced:8002,balanced-service,Potato__Rotten,balanced
1786676837.264,16,predictions_total,balanced,balanced:8002,balanced-service,Potato__Rotten,balanced
1786676842.264,17,predictions_total,balanced,balanced:8002,balanced-service,Potato__Rotten,balanced
1786676847.264,17,predictions_total,balanced,balanced:8002,balanced-service,Potato__Rotten,balanced
1786676852.264,18,predictions_total,balanced,balanced:8002,balanced-service,Potato__Rotten,balanced
1786676857.264,18,predictions_total,balanced,balanced:8002,balanced-service,Potato__Rotten,balanced
1786676862.264,18,predictions_total,balanced,balanced:8002,balanced-service,Potato__Rotten,balanced
1786676867.264,18,predictions_total,balanced,balanced:8002,balanced-service,Potato__Rotten,balanced
1786676872.264,18,predictions_total,balanced,balanced:8002,balanced-service,Potato__Rotten,balanced
1786676877.264,18,predictions_total,balanced,balanced:8002,balanced-service,Potato__Rotten,balanced
1786676882.264,18,predictions_total,balanced,balanced:8002,balanced-service,Potato__Rotten,balanced
1786676887.264,18,predictions_total,balanced,balanced:8002,balanced-service,Potato__Rotten,balanced
1786676892.264,18,predictions_total,balanced,balanced:8002,balanced-service,Potato__Rotten,balanced
1786676897.264,18,predictions_total,balanced,balanced:8002,balanced-service,Potato__Rotten,balanced
1786676902.264,18,predictions_total,balanced,balanced:8002,balanced-service,Potato__Rotten,balanced
1786676907.264,18,predictions_total,balanced,balanced:8002,balanced-service,Potato__Rotten,balanced
1786676912.264,18,predictions_total,balanced,balanced:8002,balanced-service,Potato__Rotten,balanced
1786676917.264,18,predictions_total,balanced,balanced:8002,balanced-service,Potato__Rotten,balanced
1786676922.264,18,predictions_total,balanced,balanced:8002,balanced-service,Potato__Rotten,balanced
1786676927.264,18,predictions_total,balanced,balanced:8002,balanced-service,Potato__Rotten,balanced
1786676932.264,18,predictions_total,balanced,balanced:8002,balanced-service,Potato__Rotten,balanced
1786676937.264,18,predictions_total,balanced,balanced:8002,balanced-service,Potato__Rotten,balanced
1786676942.264,18,predictions_total,balanced,balanced:8002,balanced-service,Potato__Rotten,balanced
1786676947.264,18,predictions_total,balanced,balanced:8002,balanced-service,Potato__Rotten,balanced
1786676952.264,18,predictions_total,balanced,balanced:8002,balanced-service,Potato__Rotten,balanced
1786676957.264,18,predictions_total,balanced,balanced:8002,balanced-service,Potato__Rotten,balanced
1786676962.264,18,predictions_total,balanced,balanced:8002,balanced-service,Potato__Rotten,balanced
1786676967.264,18,predictions_total,balanced,balanced:8002,balanced-service,Potato__Rotten,balanced
1786676972.264,18,predictions_total,balanced,balanced:8002,balanced-service,Potato__Rotten,balanced
1786676977.264,18,predictions_total,balanced,balanced:8002,balanced-service,Potato__Rotten,balanced
1786676982.264,18,predictions_total,balanced,balanced:8002,balanced-service,Potato__Rotten,balanced
1786676987.264,18,predictions_total,balanced,balanced:8002,balanced-service,Potato__Rotten,balanced
1786676992.264,18,predictions_total,balanced,balanced:8002,balanced-service,Potato__Rotten,balanced
1786676997.264,18,predictions_total,balanced,balanced:8002,balanced-service,Potato__Rotten,balanced
1786677002.264,18,predictions_total,balanced,balanced:8002,balanced-service,Potato__Rotten,balanced
1786677007.264,18,predictions_total,balanced,balanced:8002,balanced-service,Potato__Rotten,balanced
1786677012.264,18,predictions_total,balanced,balanced:8002,balanced-service,Potato__Rotten,balanced
1786677017.264,18,predictions_total,balanced,balanced:8002,balanced-service,Potato__Rotten,balanced
1786677022.264,18,predictions_total,balanced,balanced:8002,balanced-service,Potato__Rotten,balanced
1786677027.264,18,predictions_total,balanced,balanced:8002,balanced-service,Potato__Rotten,balanced
1786677032.264,18,predictions_total,balanced,balanced:8002,balanced-service,Potato__Rotten,balanced
1786677037.264,18,predictions_total,balanced,balanced:8002,balanced-service,Potato__Rotten,balanced
1786677042.264,18,predictions_total,balanced,balanced:8002,balanced-service,Potato__Rotten,balanced
1786677047.264,18,predictions_total,balanced,balanced:8002,balanced-service,Potato__Rotten,balanced
1786677052.264,18,predictions_total,balanced,balanced:8002,balanced-service,Potato__Rotten,balanced
1786677057.264,18,predictions_total,balanced,balanced:8002,balanced-service,Potato__Rotten,balanced
1786677062.264,18,predictions_total,balanced,balanced:8002,balanced-service,Potato__Rotten,balanced
1786677067.264,18,predictions_total,balanced,balanced:8002,balanced-service,Potato__Rotten,balanced
1786677072.264,18,predictions_total,balanced,balanced:8002,balanced-service,Potato__Rotten,balanced
1786677077.264,18,predictions_total,balanced,balanced:8002,balanced-service,Potato__Rotten,balanced
1786677082.264,18,predictions_total,balanced,balanced:8002,balanced-service,Potato__Rotten,balanced
1786677087.264,18,predictions_total,balanced,balanced:8002,balanced-service,Potato__Rotten,balanced
1786677092.264,18,predictions_total,balanced,balanced:8002,balanced-service,Potato__Rotten,balanced
1786677097.264,18,predictions_total,balanced,balanced:8002,balanced-service,Potato__Rotten,balanced
1786677102.264,18,predictions_total,balanced,balanced:8002,balanced-service,Potato__Rotten,balanced
1786677107.264,18,predictions_total,balanced,balanced:8002,balanced-service,Potato__Rotten,balanced
1786677112.264,18,predictions_total,balanced,balanced:8002,balanced-service,Potato__Rotten,balanced
1786677117.264,18,predictions_total,balanced,balanced:8002,balanced-service,Potato__Rotten,balanced
1786677122.264,18,predictions_total,balanced,balanced:8002,balanced-service,Potato__Rotten,balanced
1786677127.264,18,predictions_total,balanced,balanced:8002,balanced-service,Potato__Rotten,balanced
1786677132.264,18,predictions_total,balanced,balanced:8002,balanced-service,Potato__Rotten,balanced
1786677137.264,18,predictions_total,balanced,balanced:8002,balanced-service,Potato__Rotten,balanced
1786677142.264,18,predictions_total,balanced,balanced:8002,balanced-service,Potato__Rotten,balanced
1786677147.264,18,predictions_total,balanced,balanced:8002,balanced-service,Potato__Rotten,balanced
1786677152.264,18,predictions_total,balanced,balanced:8002,balanced-service,Potato__Rotten,balanced
1786677157.264,18,predictions_total,balanced,balanced:8002,balanced-service,Potato__Rotten,balanced
1786677162.264,18,predictions_total,balanced,balanced:8002,balanced-service,Potato__Rotten,balanced
1786677167.264,18,predictions_total,balanced,balanced:8002,balanced-service,Potato__Rotten,balanced
1786677172.264,18,predictions_total,balanced,balanced:8002,balanced-service,Potato__Rotten,balanced
1786677177.264,18,predictions_total,balanced,balanced:8002,balanced-service,Potato__Rotten,balanced
1786677182.264,18,predictions_total,balanced,balanced:8002,balanced-service,Potato__Rotten,balanced
1786677187.264,18,predictions_total,balanced,balanced:8002,balanced-service,Potato__Rotten,balanced
1786677192.264,18,predictions_total,balanced,balanced:8002,balanced-service,Potato__Rotten,balanced
1786677197.264,18,predictions_total,balanced,balanced:8002,balanced-service,Potato__Rotten,balanced
1786677202.264,18,predictions_total,balanced,balanced:8002,balanced-service,Potato__Rotten,balanced
1786677207.264,18,predictions_total,balanced,balanced:8002,balanced-service,Potato__Rotten,balanced
1786677212.264,18,predictions_total,balanced,balanced:8002,balanced-service,Potato__Rotten,balanced
1786677217.264,18,predictions_total,balanced,balanced:8002,balanced-service,Potato__Rotten,balanced
1786677222.264,18,predictions_total,balanced,balanced:8002,balanced-service,Potato__Rotten,balanced
1786677227.264,18,predictions_total,balanced,balanced:8002,balanced-service,Potato__Rotten,balanced
1786677232.264,18,predictions_total,balanced,balanced:8002,balanced-service,Potato__Rotten,balanced
1786677237.264,18,predictions_total,balanced,balanced:8002,balanced-service,Potato__Rotten,balanced
1786677242.264,18,predictions_total,balanced,balanced:8002,balanced-service,Potato__Rotten,balanced
1786677247.264,18,predictions_total,balanced,balanced:8002,balanced-service,Potato__Rotten,balanced
1786677252.264,19,predictions_total,balanced,balanced:8002,balanced-service,Potato__Rotten,balanced
1786677257.264,20,predictions_total,balanced,balanced:8002,balanced-service,Potato__Rotten,balanced
1786677262.264,20,predictions_total,balanced,balanced:8002,balanced-service,Potato__Rotten,balanced
1786677267.264,20,predictions_total,balanced,balanced:8002,balanced-service,Potato__Rotten,balanced
1786677272.264,20,predictions_total,balanced,balanced:8002,balanced-service,Potato__Rotten,balanced
1786677277.264,20,predictions_total,balanced,balanced:8002,balanced-service,Potato__Rotten,balanced
1786677282.264,20,predictions_total,balanced,balanced:8002,balanced-service,Potato__Rotten,balanced
1786677287.264,20,predictions_total,balanced,balanced:8002,balanced-service,Potato__Rotten,balanced
1786677292.264,20,predictions_total,balanced,balanced:8002,balanced-service,Potato__Rotten,balanced
1786677297.264,21,predictions_total,balanced,balanced:8002,balanced-service,Potato__Rotten,balanced
1786677302.264,21,predictions_total,balanced,balanced:8002,balanced-service,Potato__Rotten,balanced
1786677307.264,21,predictions_total,balanced,balanced:8002,balanced-service,Potato__Rotten,balanced
1786677312.264,22,predictions_total,balanced,balanced:8002,balanced-service,Potato__Rotten,balanced
1786677317.264,22,predictions_total,balanced,balanced:8002,balanced-service,Potato__Rotten,balanced
1786677322.264,22,predictions_total,balanced,balanced:8002,balanced-service,Potato__Rotten,balanced
1786677327.264,23,predictions_total,balanced,balanced:8002,balanced-service,Potato__Rotten,balanced
1786677332.264,25,predictions_total,balanced,balanced:8002,balanced-service,Potato__Rotten,balanced
1786677337.264,25,predictions_total,balanced,balanced:8002,balanced-service,Potato__Rotten,balanced
1786677342.264,25,predictions_total,balanced,balanced:8002,balanced-service,Potato__Rotten,balanced
1786677347.264,25,predictions_total,balanced,balanced:8002,balanced-service,Potato__Rotten,balanced
1786677352.264,26,predictions_total,balanced,balanced:8002,balanced-service,Potato__Rotten,balanced
1786677357.264,26,predictions_total,balanced,balanced:8002,balanced-service,Potato__Rotten,balanced
1786677362.264,26,predictions_total,balanced,balanced:8002,balanced-service,Potato__Rotten,balanced
1786677367.264,26,predictions_total,balanced,balanced:8002,balanced-service,Potato__Rotten,balanced
1786677372.264,26,predictions_total,balanced,balanced:8002,balanced-service,Potato__Rotten,balanced
1786677377.264,27,predictions_total,balanced,balanced:8002,balanced-service,Potato__Rotten,balanced
1786677382.264,27,predictions_total,balanced,balanced:8002,balanced-service,Potato__Rotten,balanced
1786677387.264,27,predictions_total,balanced,balanced:8002,balanced-service,Potato__Rotten,balanced
1786677392.264,28,predictions_total,balanced,balanced:8002,balanced-service,Potato__Rotten,balanced
1786677397.264,29,predictions_total,balanced,balanced:8002,balanced-service,Potato__Rotten,balanced
1786677402.264,31,predictions_total,balanced,balanced:8002,balanced-service,Potato__Rotten,balanced
1786677407.264,32,predictions_total,balanced,balanced:8002,balanced-service,Potato__Rotten,balanced
1786677412.264,32,predictions_total,balanced,balanced:8002,balanced-service,Potato__Rotten,balanced
1786677417.264,32,predictions_total,balanced,balanced:8002,balanced-service,Potato__Rotten,balanced
1786677422.264,32,predictions_total,balanced,balanced:8002,balanced-service,Potato__Rotten,balanced
1786677427.264,33,predictions_total,balanced,balanced:8002,balanced-service,Potato__Rotten,balanced
1786677432.264,34,predictions_total,balanced,balanced:8002,balanced-service,Potato__Rotten,balanced
1786677437.264,34,predictions_total,balanced,balanced:8002,balanced-service,Potato__Rotten,balanced
1786677442.264,34,predictions_total,balanced,balanced:8002,balanced-service,Potato__Rotten,balanced
1786677447.264,34,predictions_total,balanced,balanced:8002,balanced-service,Potato__Rotten,balanced
1786676337.264,1,predictions_total,balanced,balanced:8002,balanced-service,Strawberry__Healthy,balanced
1786676342.264,1,predictions_total,balanced,balanced:8002,balanced-service,Strawberry__Healthy,balanced
1786676347.264,1,predictions_total,balanced,balanced:8002,balanced-service,Strawberry__Healthy,balanced
1786676352.264,2,predictions_total,balanced,balanced:8002,balanced-service,Strawberry__Healthy,balanced
1786676357.264,2,predictions_total,balanced,balanced:8002,balanced-service,Strawberry__Healthy,balanced
1786676362.264,3,predictions_total,balanced,balanced:8002,balanced-service,Strawberry__Healthy,balanced
1786676367.264,4,predictions_total,balanced,balanced:8002,balanced-service,Strawberry__Healthy,balanced
1786676372.264,4,predictions_total,balanced,balanced:8002,balanced-service,Strawberry__Healthy,balanced
1786676377.264,4,predictions_total,balanced,balanced:8002,balanced-service,Strawberry__Healthy,balanced
1786676382.264,4,predictions_total,balanced,balanced:8002,balanced-service,Strawberry__Healthy,balanced
1786676387.264,4,predictions_total,balanced,balanced:8002,balanced-service,Strawberry__Healthy,balanced
1786676392.264,4,predictions_total,balanced,balanced:8002,balanced-service,Strawberry__Healthy,balanced
1786676397.264,4,predictions_total,balanced,balanced:8002,balanced-service,Strawberry__Healthy,balanced
1786676402.264,4,predictions_total,balanced,balanced:8002,balanced-service,Strawberry__Healthy,balanced
1786676407.264,4,predictions_total,balanced,balanced:8002,balanced-service,Strawberry__Healthy,balanced
1786676412.264,4,predictions_total,balanced,balanced:8002,balanced-service,Strawberry__Healthy,balanced
1786676417.264,4,predictions_total,balanced,balanced:8002,balanced-service,Strawberry__Healthy,balanced
1786676422.264,4,predictions_total,balanced,balanced:8002,balanced-service,Strawberry__Healthy,balanced
1786676427.264,4,predictions_total,balanced,balanced:8002,balanced-service,Strawberry__Healthy,balanced
1786676432.264,4,predictions_total,balanced,balanced:8002,balanced-service,Strawberry__Healthy,balanced
1786676437.264,4,predictions_total,balanced,balanced:8002,balanced-service,Strawberry__Healthy,balanced
1786676442.264,4,predictions_total,balanced,balanced:8002,balanced-service,Strawberry__Healthy,balanced
1786676447.264,4,predictions_total,balanced,balanced:8002,balanced-service,Strawberry__Healthy,balanced
1786676452.264,4,predictions_total,balanced,balanced:8002,balanced-service,Strawberry__Healthy,balanced
1786676457.264,4,predictions_total,balanced,balanced:8002,balanced-service,Strawberry__Healthy,balanced
1786676462.264,4,predictions_total,balanced,balanced:8002,balanced-service,Strawberry__Healthy,balanced
1786676467.264,4,predictions_total,balanced,balanced:8002,balanced-service,Strawberry__Healthy,balanced
1786676472.264,4,predictions_total,balanced,balanced:8002,balanced-service,Strawberry__Healthy,balanced
1786676477.264,4,predictions_total,balanced,balanced:8002,balanced-service,Strawberry__Healthy,balanced
1786676482.264,4,predictions_total,balanced,balanced:8002,balanced-service,Strawberry__Healthy,balanced
1786676487.264,4,predictions_total,balanced,balanced:8002,balanced-service,Strawberry__Healthy,balanced
1786676492.264,4,predictions_total,balanced,balanced:8002,balanced-service,Strawberry__Healthy,balanced
1786676497.264,4,predictions_total,balanced,balanced:8002,balanced-service,Strawberry__Healthy,balanced
1786676502.264,4,predictions_total,balanced,balanced:8002,balanced-service,Strawberry__Healthy,balanced
1786676507.264,4,predictions_total,balanced,balanced:8002,balanced-service,Strawberry__Healthy,balanced
1786676512.264,4,predictions_total,balanced,balanced:8002,balanced-service,Strawberry__Healthy,balanced
1786676517.264,4,predictions_total,balanced,balanced:8002,balanced-service,Strawberry__Healthy,balanced
1786676522.264,4,predictions_total,balanced,balanced:8002,balanced-service,Strawberry__Healthy,balanced
1786676527.264,4,predictions_total,balanced,balanced:8002,balanced-service,Strawberry__Healthy,balanced
1786676532.264,4,predictions_total,balanced,balanced:8002,balanced-service,Strawberry__Healthy,balanced
1786676537.264,4,predictions_total,balanced,balanced:8002,balanced-service,Strawberry__Healthy,balanced
1786676542.264,4,predictions_total,balanced,balanced:8002,balanced-service,Strawberry__Healthy,balanced
1786676547.264,4,predictions_total,balanced,balanced:8002,balanced-service,Strawberry__Healthy,balanced
1786676552.264,4,predictions_total,balanced,balanced:8002,balanced-service,Strawberry__Healthy,balanced
1786676557.264,4,predictions_total,balanced,balanced:8002,balanced-service,Strawberry__Healthy,balanced
1786676562.264,4,predictions_total,balanced,balanced:8002,balanced-service,Strawberry__Healthy,balanced
1786676567.264,4,predictions_total,balanced,balanced:8002,balanced-service,Strawberry__Healthy,balanced
1786676572.264,4,predictions_total,balanced,balanced:8002,balanced-service,Strawberry__Healthy,balanced
1786676577.264,4,predictions_total,balanced,balanced:8002,balanced-service,Strawberry__Healthy,balanced
1786676582.264,4,predictions_total,balanced,balanced:8002,balanced-service,Strawberry__Healthy,balanced
1786676587.264,4,predictions_total,balanced,balanced:8002,balanced-service,Strawberry__Healthy,balanced
1786676592.264,4,predictions_total,balanced,balanced:8002,balanced-service,Strawberry__Healthy,balanced
1786676597.264,4,predictions_total,balanced,balanced:8002,balanced-service,Strawberry__Healthy,balanced
1786676602.264,4,predictions_total,balanced,balanced:8002,balanced-service,Strawberry__Healthy,balanced
1786676607.264,4,predictions_total,balanced,balanced:8002,balanced-service,Strawberry__Healthy,balanced
1786676612.264,4,predictions_total,balanced,balanced:8002,balanced-service,Strawberry__Healthy,balanced
1786676617.264,4,predictions_total,balanced,balanced:8002,balanced-service,Strawberry__Healthy,balanced
1786676622.264,4,predictions_total,balanced,balanced:8002,balanced-service,Strawberry__Healthy,balanced
1786676627.264,4,predictions_total,balanced,balanced:8002,balanced-service,Strawberry__Healthy,balanced
1786676632.264,4,predictions_total,balanced,balanced:8002,balanced-service,Strawberry__Healthy,balanced
1786676637.264,4,predictions_total,balanced,balanced:8002,balanced-service,Strawberry__Healthy,balanced
1786676642.264,4,predictions_total,balanced,balanced:8002,balanced-service,Strawberry__Healthy,balanced
1786676647.264,4,predictions_total,balanced,balanced:8002,balanced-service,Strawberry__Healthy,balanced
1786676652.264,4,predictions_total,balanced,balanced:8002,balanced-service,Strawberry__Healthy,balanced
1786676657.264,4,predictions_total,balanced,balanced:8002,balanced-service,Strawberry__Healthy,balanced
1786676662.264,4,predictions_total,balanced,balanced:8002,balanced-service,Strawberry__Healthy,balanced
1786676667.264,4,predictions_total,balanced,balanced:8002,balanced-service,Strawberry__Healthy,balanced
1786676672.264,4,predictions_total,balanced,balanced:8002,balanced-service,Strawberry__Healthy,balanced
1786676677.264,4,predictions_total,balanced,balanced:8002,balanced-service,Strawberry__Healthy,balanced
1786676682.264,4,predictions_total,balanced,balanced:8002,balanced-service,Strawberry__Healthy,balanced
1786676687.264,4,predictions_total,balanced,balanced:8002,balanced-service,Strawberry__Healthy,balanced
1786676692.264,4,predictions_total,balanced,balanced:8002,balanced-service,Strawberry__Healthy,balanced
1786676697.264,4,predictions_total,balanced,balanced:8002,balanced-service,Strawberry__Healthy,balanced
1786676702.264,4,predictions_total,balanced,balanced:8002,balanced-service,Strawberry__Healthy,balanced
1786676707.264,4,predictions_total,balanced,balanced:8002,balanced-service,Strawberry__Healthy,balanced
1786676712.264,4,predictions_total,balanced,balanced:8002,balanced-service,Strawberry__Healthy,balanced
1786676717.264,4,predictions_total,balanced,balanced:8002,balanced-service,Strawberry__Healthy,balanced
1786676722.264,4,predictions_total,balanced,balanced:8002,balanced-service,Strawberry__Healthy,balanced
1786676727.264,4,predictions_total,balanced,balanced:8002,balanced-service,Strawberry__Healthy,balanced
1786676732.264,4,predictions_total,balanced,balanced:8002,balanced-service,Strawberry__Healthy,balanced
1786676737.264,4,predictions_total,balanced,balanced:8002,balanced-service,Strawberry__Healthy,balanced
1786676742.264,4,predictions_total,balanced,balanced:8002,balanced-service,Strawberry__Healthy,balanced
1786676747.264,4,predictions_total,balanced,balanced:8002,balanced-service,Strawberry__Healthy,balanced
1786676752.264,4,predictions_total,balanced,balanced:8002,balanced-service,Strawberry__Healthy,balanced
1786676757.264,4,predictions_total,balanced,balanced:8002,balanced-service,Strawberry__Healthy,balanced
1786676762.264,4,predictions_total,balanced,balanced:8002,balanced-service,Strawberry__Healthy,balanced
1786676767.264,4,predictions_total,balanced,balanced:8002,balanced-service,Strawberry__Healthy,balanced
1786676772.264,5,predictions_total,balanced,balanced:8002,balanced-service,Strawberry__Healthy,balanced
1786676777.264,6,predictions_total,balanced,balanced:8002,balanced-service,Strawberry__Healthy,balanced
1786676782.264,6,predictions_total,balanced,balanced:8002,balanced-service,Strawberry__Healthy,balanced
1786676787.264,8,predictions_total,balanced,balanced:8002,balanced-service,Strawberry__Healthy,balanced
1786676792.264,8,predictions_total,balanced,balanced:8002,balanced-service,Strawberry__Healthy,balanced
1786676797.264,8,predictions_total,balanced,balanced:8002,balanced-service,Strawberry__Healthy,balanced
1786676802.264,8,predictions_total,balanced,balanced:8002,balanced-service,Strawberry__Healthy,balanced
1786676807.264,8,predictions_total,balanced,balanced:8002,balanced-service,Strawberry__Healthy,balanced
1786676812.264,8,predictions_total,balanced,balanced:8002,balanced-service,Strawberry__Healthy,balanced
1786676817.264,9,predictions_total,balanced,balanced:8002,balanced-service,Strawberry__Healthy,balanced
1786676822.264,11,predictions_total,balanced,balanced:8002,balanced-service,Strawberry__Healthy,balanced
1786676827.264,11,predictions_total,balanced,balanced:8002,balanced-service,Strawberry__Healthy,balanced
1786676832.264,11,predictions_total,balanced,balanced:8002,balanced-service,Strawberry__Healthy,balanced
1786676837.264,11,predictions_total,balanced,balanced:8002,balanced-service,Strawberry__Healthy,balanced
1786676842.264,11,predictions_total,balanced,balanced:8002,balanced-service,Strawberry__Healthy,balanced
1786676847.264,11,predictions_total,balanced,balanced:8002,balanced-service,Strawberry__Healthy,balanced
1786676852.264,11,predictions_total,balanced,balanced:8002,balanced-service,Strawberry__Healthy,balanced
1786676857.264,11,predictions_total,balanced,balanced:8002,balanced-service,Strawberry__Healthy,balanced
1786676862.264,11,predictions_total,balanced,balanced:8002,balanced-service,Strawberry__Healthy,balanced
1786676867.264,11,predictions_total,balanced,balanced:8002,balanced-service,Strawberry__Healthy,balanced
1786676872.264,11,predictions_total,balanced,balanced:8002,balanced-service,Strawberry__Healthy,balanced
1786676877.264,11,predictions_total,balanced,balanced:8002,balanced-service,Strawberry__Healthy,balanced
1786676882.264,11,predictions_total,balanced,balanced:8002,balanced-service,Strawberry__Healthy,balanced
1786676887.264,11,predictions_total,balanced,balanced:8002,balanced-service,Strawberry__Healthy,balanced
1786676892.264,11,predictions_total,balanced,balanced:8002,balanced-service,Strawberry__Healthy,balanced
1786676897.264,11,predictions_total,balanced,balanced:8002,balanced-service,Strawberry__Healthy,balanced
1786676902.264,11,predictions_total,balanced,balanced:8002,balanced-service,Strawberry__Healthy,balanced
1786676907.264,11,predictions_total,balanced,balanced:8002,balanced-service,Strawberry__Healthy,balanced
1786676912.264,11,predictions_total,balanced,balanced:8002,balanced-service,Strawberry__Healthy,balanced
1786676917.264,11,predictions_total,balanced,balanced:8002,balanced-service,Strawberry__Healthy,balanced
1786676922.264,11,predictions_total,balanced,balanced:8002,balanced-service,Strawberry__Healthy,balanced
1786676927.264,11,predictions_total,balanced,balanced:8002,balanced-service,Strawberry__Healthy,balanced
1786676932.264,11,predictions_total,balanced,balanced:8002,balanced-service,Strawberry__Healthy,balanced
1786676937.264,11,predictions_total,balanced,balanced:8002,balanced-service,Strawberry__Healthy,balanced
1786676942.264,11,predictions_total,balanced,balanced:8002,balanced-service,Strawberry__Healthy,balanced
1786676947.264,11,predictions_total,balanced,balanced:8002,balanced-service,Strawberry__Healthy,balanced
1786676952.264,11,predictions_total,balanced,balanced:8002,balanced-service,Strawberry__Healthy,balanced
1786676957.264,11,predictions_total,balanced,balanced:8002,balanced-service,Strawberry__Healthy,balanced
1786676962.264,11,predictions_total,balanced,balanced:8002,balanced-service,Strawberry__Healthy,balanced
1786676967.264,11,predictions_total,balanced,balanced:8002,balanced-service,Strawberry__Healthy,balanced
1786676972.264,11,predictions_total,balanced,balanced:8002,balanced-service,Strawberry__Healthy,balanced
1786676977.264,11,predictions_total,balanced,balanced:8002,balanced-service,Strawberry__Healthy,balanced
1786676982.264,11,predictions_total,balanced,balanced:8002,balanced-service,Strawberry__Healthy,balanced
1786676987.264,11,predictions_total,balanced,balanced:8002,balanced-service,Strawberry__Healthy,balanced
1786676992.264,11,predictions_total,balanced,balanced:8002,balanced-service,Strawberry__Healthy,balanced
1786676997.264,11,predictions_total,balanced,balanced:8002,balanced-service,Strawberry__Healthy,balanced
1786677002.264,11,predictions_total,balanced,balanced:8002,balanced-service,Strawberry__Healthy,balanced
1786677007.264,11,predictions_total,balanced,balanced:8002,balanced-service,Strawberry__Healthy,balanced
1786677012.264,11,predictions_total,balanced,balanced:8002,balanced-service,Strawberry__Healthy,balanced
1786677017.264,11,predictions_total,balanced,balanced:8002,balanced-service,Strawberry__Healthy,balanced
1786677022.264,11,predictions_total,balanced,balanced:8002,balanced-service,Strawberry__Healthy,balanced
1786677027.264,11,predictions_total,balanced,balanced:8002,balanced-service,Strawberry__Healthy,balanced
1786677032.264,11,predictions_total,balanced,balanced:8002,balanced-service,Strawberry__Healthy,balanced
1786677037.264,11,predictions_total,balanced,balanced:8002,balanced-service,Strawberry__Healthy,balanced
1786677042.264,11,predictions_total,balanced,balanced:8002,balanced-service,Strawberry__Healthy,balanced
1786677047.264,11,predictions_total,balanced,balanced:8002,balanced-service,Strawberry__Healthy,balanced
1786677052.264,11,predictions_total,balanced,balanced:8002,balanced-service,Strawberry__Healthy,balanced
1786677057.264,11,predictions_total,balanced,balanced:8002,balanced-service,Strawberry__Healthy,balanced
1786677062.264,11,predictions_total,balanced,balanced:8002,balanced-service,Strawberry__Healthy,balanced
1786677067.264,11,predictions_total,balanced,balanced:8002,balanced-service,Strawberry__Healthy,balanced
1786677072.264,11,predictions_total,balanced,balanced:8002,balanced-service,Strawberry__Healthy,balanced
1786677077.264,11,predictions_total,balanced,balanced:8002,balanced-service,Strawberry__Healthy,balanced
1786677082.264,11,predictions_total,balanced,balanced:8002,balanced-service,Strawberry__Healthy,balanced
1786677087.264,11,predictions_total,balanced,balanced:8002,balanced-service,Strawberry__Healthy,balanced
1786677092.264,11,predictions_total,balanced,balanced:8002,balanced-service,Strawberry__Healthy,balanced
1786677097.264,11,predictions_total,balanced,balanced:8002,balanced-service,Strawberry__Healthy,balanced
1786677102.264,11,predictions_total,balanced,balanced:8002,balanced-service,Strawberry__Healthy,balanced
1786677107.264,11,predictions_total,balanced,balanced:8002,balanced-service,Strawberry__Healthy,balanced
1786677112.264,11,predictions_total,balanced,balanced:8002,balanced-service,Strawberry__Healthy,balanced
1786677117.264,11,predictions_total,balanced,balanced:8002,balanced-service,Strawberry__Healthy,balanced
1786677122.264,11,predictions_total,balanced,balanced:8002,balanced-service,Strawberry__Healthy,balanced
1786677127.264,11,predictions_total,balanced,balanced:8002,balanced-service,Strawberry__Healthy,balanced
1786677132.264,11,predictions_total,balanced,balanced:8002,balanced-service,Strawberry__Healthy,balanced
1786677137.264,11,predictions_total,balanced,balanced:8002,balanced-service,Strawberry__Healthy,balanced
1786677142.264,11,predictions_total,balanced,balanced:8002,balanced-service,Strawberry__Healthy,balanced
1786677147.264,11,predictions_total,balanced,balanced:8002,balanced-service,Strawberry__Healthy,balanced
1786677152.264,11,predictions_total,balanced,balanced:8002,balanced-service,Strawberry__Healthy,balanced
1786677157.264,11,predictions_total,balanced,balanced:8002,balanced-service,Strawberry__Healthy,balanced
1786677162.264,11,predictions_total,balanced,balanced:8002,balanced-service,Strawberry__Healthy,balanced
1786677167.264,11,predictions_total,balanced,balanced:8002,balanced-service,Strawberry__Healthy,balanced
1786677172.264,11,predictions_total,balanced,balanced:8002,balanced-service,Strawberry__Healthy,balanced
1786677177.264,11,predictions_total,balanced,balanced:8002,balanced-service,Strawberry__Healthy,balanced
1786677182.264,11,predictions_total,balanced,balanced:8002,balanced-service,Strawberry__Healthy,balanced
1786677187.264,11,predictions_total,balanced,balanced:8002,balanced-service,Strawberry__Healthy,balanced
1786677192.264,11,predictions_total,balanced,balanced:8002,balanced-service,Strawberry__Healthy,balanced
1786677197.264,11,predictions_total,balanced,balanced:8002,balanced-service,Strawberry__Healthy,balanced
1786677202.264,11,predictions_total,balanced,balanced:8002,balanced-service,Strawberry__Healthy,balanced
1786677207.264,11,predictions_total,balanced,balanced:8002,balanced-service,Strawberry__Healthy,balanced
1786677212.264,11,predictions_total,balanced,balanced:8002,balanced-service,Strawberry__Healthy,balanced
1786677217.264,11,predictions_total,balanced,balanced:8002,balanced-service,Strawberry__Healthy,balanced
1786677222.264,11,predictions_total,balanced,balanced:8002,balanced-service,Strawberry__Healthy,balanced
1786677227.264,11,predictions_total,balanced,balanced:8002,balanced-service,Strawberry__Healthy,balanced
1786677232.264,11,predictions_total,balanced,balanced:8002,balanced-service,Strawberry__Healthy,balanced
1786677237.264,11,predictions_total,balanced,balanced:8002,balanced-service,Strawberry__Healthy,balanced
1786677242.264,11,predictions_total,balanced,balanced:8002,balanced-service,Strawberry__Healthy,balanced
1786677247.264,11,predictions_total,balanced,balanced:8002,balanced-service,Strawberry__Healthy,balanced
1786677252.264,11,predictions_total,balanced,balanced:8002,balanced-service,Strawberry__Healthy,balanced
1786677257.264,11,predictions_total,balanced,balanced:8002,balanced-service,Strawberry__Healthy,balanced
1786677262.264,11,predictions_total,balanced,balanced:8002,balanced-service,Strawberry__Healthy,balanced
1786677267.264,11,predictions_total,balanced,balanced:8002,balanced-service,Strawberry__Healthy,balanced
1786677272.264,11,predictions_total,balanced,balanced:8002,balanced-service,Strawberry__Healthy,balanced
1786677277.264,11,predictions_total,balanced,balanced:8002,balanced-service,Strawberry__Healthy,balanced
1786677282.264,11,predictions_total,balanced,balanced:8002,balanced-service,Strawberry__Healthy,balanced
1786677287.264,11,predictions_total,balanced,balanced:8002,balanced-service,Strawberry__Healthy,balanced
1786677292.264,11,predictions_total,balanced,balanced:8002,balanced-service,Strawberry__Healthy,balanced
1786677297.264,11,predictions_total,balanced,balanced:8002,balanced-service,Strawberry__Healthy,balanced
1786677302.264,11,predictions_total,balanced,balanced:8002,balanced-service,Strawberry__Healthy,balanced
1786677307.264,11,predictions_total,balanced,balanced:8002,balanced-service,Strawberry__Healthy,balanced
1786677312.264,11,predictions_total,balanced,balanced:8002,balanced-service,Strawberry__Healthy,balanced
1786677317.264,11,predictions_total,balanced,balanced:8002,balanced-service,Strawberry__Healthy,balanced
1786677322.264,11,predictions_total,balanced,balanced:8002,balanced-service,Strawberry__Healthy,balanced
1786677327.264,11,predictions_total,balanced,balanced:8002,balanced-service,Strawberry__Healthy,balanced
1786677332.264,11,predictions_total,balanced,balanced:8002,balanced-service,Strawberry__Healthy,balanced
1786677337.264,11,predictions_total,balanced,balanced:8002,balanced-service,Strawberry__Healthy,balanced
1786677342.264,11,predictions_total,balanced,balanced:8002,balanced-service,Strawberry__Healthy,balanced
1786677347.264,11,predictions_total,balanced,balanced:8002,balanced-service,Strawberry__Healthy,balanced
1786677352.264,11,predictions_total,balanced,balanced:8002,balanced-service,Strawberry__Healthy,balanced
1786677357.264,11,predictions_total,balanced,balanced:8002,balanced-service,Strawberry__Healthy,balanced
1786677362.264,11,predictions_total,balanced,balanced:8002,balanced-service,Strawberry__Healthy,balanced
1786677367.264,11,predictions_total,balanced,balanced:8002,balanced-service,Strawberry__Healthy,balanced
1786677372.264,11,predictions_total,balanced,balanced:8002,balanced-service,Strawberry__Healthy,balanced
1786677377.264,11,predictions_total,balanced,balanced:8002,balanced-service,Strawberry__Healthy,balanced
1786677382.264,11,predictions_total,balanced,balanced:8002,balanced-service,Strawberry__Healthy,balanced
1786677387.264,11,predictions_total,balanced,balanced:8002,balanced-service,Strawberry__Healthy,balanced
1786677392.264,11,predictions_total,balanced,balanced:8002,balanced-service,Strawberry__Healthy,balanced
1786677397.264,11,predictions_total,balanced,balanced:8002,balanced-service,Strawberry__Healthy,balanced
1786677402.264,11,predictions_total,balanced,balanced:8002,balanced-service,Strawberry__Healthy,balanced
1786677407.264,11,predictions_total,balanced,balanced:8002,balanced-service,Strawberry__Healthy,balanced
1786677412.264,12,predictions_total,balanced,balanced:8002,balanced-service,Strawberry__Healthy,balanced
1786677417.264,12,predictions_total,balanced,balanced:8002,balanced-service,Strawberry__Healthy,balanced
1786677422.264,12,predictions_total,balanced,balanced:8002,balanced-service,Strawberry__Healthy,balanced
1786677427.264,12,predictions_total,balanced,balanced:8002,balanced-service,Strawberry__Healthy,balanced
1786677432.264,12,predictions_total,balanced,balanced:8002,balanced-service,Strawberry__Healthy,balanced
1786677437.264,12,predictions_total,balanced,balanced:8002,balanced-service,Strawberry__Healthy,balanced
1786677442.264,12,predictions_total,balanced,balanced:8002,balanced-service,Strawberry__Healthy,balanced
1786677447.264,12,predictions_total,balanced,balanced:8002,balanced-service,Strawberry__Healthy,balanced
1786676327.264,2,predictions_total,balanced,balanced:8002,balanced-service,Strawberry__Rotten,balanced
1786676332.264,2,predictions_total,balanced,balanced:8002,balanced-service,Strawberry__Rotten,balanced
1786676337.264,4,predictions_total,balanced,balanced:8002,balanced-service,Strawberry__Rotten,balanced
1786676342.264,4,predictions_total,balanced,balanced:8002,balanced-service,Strawberry__Rotten,balanced
1786676347.264,5,predictions_total,balanced,balanced:8002,balanced-service,Strawberry__Rotten,balanced
1786676352.264,5,predictions_total,balanced,balanced:8002,balanced-service,Strawberry__Rotten,balanced
1786676357.264,7,predictions_total,balanced,balanced:8002,balanced-service,Strawberry__Rotten,balanced
1786676362.264,8,predictions_total,balanced,balanced:8002,balanced-service,Strawberry__Rotten,balanced
1786676367.264,8,predictions_total,balanced,balanced:8002,balanced-service,Strawberry__Rotten,balanced
1786676372.264,8,predictions_total,balanced,balanced:8002,balanced-service,Strawberry__Rotten,balanced
1786676377.264,8,predictions_total,balanced,balanced:8002,balanced-service,Strawberry__Rotten,balanced
1786676382.264,8,predictions_total,balanced,balanced:8002,balanced-service,Strawberry__Rotten,balanced
1786676387.264,8,predictions_total,balanced,balanced:8002,balanced-service,Strawberry__Rotten,balanced
1786676392.264,8,predictions_total,balanced,balanced:8002,balanced-service,Strawberry__Rotten,balanced
1786676397.264,9,predictions_total,balanced,balanced:8002,balanced-service,Strawberry__Rotten,balanced
1786676402.264,9,predictions_total,balanced,balanced:8002,balanced-service,Strawberry__Rotten,balanced
1786676407.264,9,predictions_total,balanced,balanced:8002,balanced-service,Strawberry__Rotten,balanced
1786676412.264,9,predictions_total,balanced,balanced:8002,balanced-service,Strawberry__Rotten,balanced
1786676417.264,9,predictions_total,balanced,balanced:8002,balanced-service,Strawberry__Rotten,balanced
1786676422.264,9,predictions_total,balanced,balanced:8002,balanced-service,Strawberry__Rotten,balanced
1786676427.264,9,predictions_total,balanced,balanced:8002,balanced-service,Strawberry__Rotten,balanced
1786676432.264,9,predictions_total,balanced,balanced:8002,balanced-service,Strawberry__Rotten,balanced
1786676437.264,9,predictions_total,balanced,balanced:8002,balanced-service,Strawberry__Rotten,balanced
1786676442.264,9,predictions_total,balanced,balanced:8002,balanced-service,Strawberry__Rotten,balanced
1786676447.264,9,predictions_total,balanced,balanced:8002,balanced-service,Strawberry__Rotten,balanced
1786676452.264,9,predictions_total,balanced,balanced:8002,balanced-service,Strawberry__Rotten,balanced
1786676457.264,9,predictions_total,balanced,balanced:8002,balanced-service,Strawberry__Rotten,balanced
1786676462.264,9,predictions_total,balanced,balanced:8002,balanced-service,Strawberry__Rotten,balanced
1786676467.264,9,predictions_total,balanced,balanced:8002,balanced-service,Strawberry__Rotten,balanced
1786676472.264,9,predictions_total,balanced,balanced:8002,balanced-service,Strawberry__Rotten,balanced
1786676477.264,9,predictions_total,balanced,balanced:8002,balanced-service,Strawberry__Rotten,balanced
1786676482.264,9,predictions_total,balanced,balanced:8002,balanced-service,Strawberry__Rotten,balanced
1786676487.264,9,predictions_total,balanced,balanced:8002,balanced-service,Strawberry__Rotten,balanced
1786676492.264,9,predictions_total,balanced,balanced:8002,balanced-service,Strawberry__Rotten,balanced
1786676497.264,9,predictions_total,balanced,balanced:8002,balanced-service,Strawberry__Rotten,balanced
1786676502.264,9,predictions_total,balanced,balanced:8002,balanced-service,Strawberry__Rotten,balanced
1786676507.264,9,predictions_total,balanced,balanced:8002,balanced-service,Strawberry__Rotten,balanced
1786676512.264,9,predictions_total,balanced,balanced:8002,balanced-service,Strawberry__Rotten,balanced
1786676517.264,9,predictions_total,balanced,balanced:8002,balanced-service,Strawberry__Rotten,balanced
1786676522.264,9,predictions_total,balanced,balanced:8002,balanced-service,Strawberry__Rotten,balanced
1786676527.264,9,predictions_total,balanced,balanced:8002,balanced-service,Strawberry__Rotten,balanced
1786676532.264,9,predictions_total,balanced,balanced:8002,balanced-service,Strawberry__Rotten,balanced
1786676537.264,9,predictions_total,balanced,balanced:8002,balanced-service,Strawberry__Rotten,balanced
1786676542.264,9,predictions_total,balanced,balanced:8002,balanced-service,Strawberry__Rotten,balanced
1786676547.264,9,predictions_total,balanced,balanced:8002,balanced-service,Strawberry__Rotten,balanced
1786676552.264,9,predictions_total,balanced,balanced:8002,balanced-service,Strawberry__Rotten,balanced
1786676557.264,9,predictions_total,balanced,balanced:8002,balanced-service,Strawberry__Rotten,balanced
1786676562.264,9,predictions_total,balanced,balanced:8002,balanced-service,Strawberry__Rotten,balanced
1786676567.264,9,predictions_total,balanced,balanced:8002,balanced-service,Strawberry__Rotten,balanced
1786676572.264,9,predictions_total,balanced,balanced:8002,balanced-service,Strawberry__Rotten,balanced
1786676577.264,9,predictions_total,balanced,balanced:8002,balanced-service,Strawberry__Rotten,balanced
1786676582.264,9,predictions_total,balanced,balanced:8002,balanced-service,Strawberry__Rotten,balanced
1786676587.264,9,predictions_total,balanced,balanced:8002,balanced-service,Strawberry__Rotten,balanced
1786676592.264,9,predictions_total,balanced,balanced:8002,balanced-service,Strawberry__Rotten,balanced
1786676597.264,9,predictions_total,balanced,balanced:8002,balanced-service,Strawberry__Rotten,balanced
1786676602.264,9,predictions_total,balanced,balanced:8002,balanced-service,Strawberry__Rotten,balanced
1786676607.264,9,predictions_total,balanced,balanced:8002,balanced-service,Strawberry__Rotten,balanced
1786676612.264,9,predictions_total,balanced,balanced:8002,balanced-service,Strawberry__Rotten,balanced
1786676617.264,9,predictions_total,balanced,balanced:8002,balanced-service,Strawberry__Rotten,balanced
1786676622.264,9,predictions_total,balanced,balanced:8002,balanced-service,Strawberry__Rotten,balanced
1786676627.264,9,predictions_total,balanced,balanced:8002,balanced-service,Strawberry__Rotten,balanced
1786676632.264,9,predictions_total,balanced,balanced:8002,balanced-service,Strawberry__Rotten,balanced
1786676637.264,9,predictions_total,balanced,balanced:8002,balanced-service,Strawberry__Rotten,balanced
1786676642.264,9,predictions_total,balanced,balanced:8002,balanced-service,Strawberry__Rotten,balanced
1786676647.264,9,predictions_total,balanced,balanced:8002,balanced-service,Strawberry__Rotten,balanced
1786676652.264,9,predictions_total,balanced,balanced:8002,balanced-service,Strawberry__Rotten,balanced
1786676657.264,11,predictions_total,balanced,balanced:8002,balanced-service,Strawberry__Rotten,balanced
1786676662.264,11,predictions_total,balanced,balanced:8002,balanced-service,Strawberry__Rotten,balanced
1786676667.264,13,predictions_total,balanced,balanced:8002,balanced-service,Strawberry__Rotten,balanced
1786676672.264,13,predictions_total,balanced,balanced:8002,balanced-service,Strawberry__Rotten,balanced
1786676677.264,13,predictions_total,balanced,balanced:8002,balanced-service,Strawberry__Rotten,balanced
1786676682.264,13,predictions_total,balanced,balanced:8002,balanced-service,Strawberry__Rotten,balanced
1786676687.264,13,predictions_total,balanced,balanced:8002,balanced-service,Strawberry__Rotten,balanced
1786676692.264,14,predictions_total,balanced,balanced:8002,balanced-service,Strawberry__Rotten,balanced
1786676697.264,15,predictions_total,balanced,balanced:8002,balanced-service,Strawberry__Rotten,balanced
1786676702.264,15,predictions_total,balanced,balanced:8002,balanced-service,Strawberry__Rotten,balanced
1786676707.264,16,predictions_total,balanced,balanced:8002,balanced-service,Strawberry__Rotten,balanced
1786676712.264,16,predictions_total,balanced,balanced:8002,balanced-service,Strawberry__Rotten,balanced
1786676717.264,16,predictions_total,balanced,balanced:8002,balanced-service,Strawberry__Rotten,balanced
1786676722.264,17,predictions_total,balanced,balanced:8002,balanced-service,Strawberry__Rotten,balanced
1786676727.264,17,predictions_total,balanced,balanced:8002,balanced-service,Strawberry__Rotten,balanced
1786676732.264,17,predictions_total,balanced,balanced:8002,balanced-service,Strawberry__Rotten,balanced
1786676737.264,17,predictions_total,balanced,balanced:8002,balanced-service,Strawberry__Rotten,balanced
1786676742.264,17,predictions_total,balanced,balanced:8002,balanced-service,Strawberry__Rotten,balanced
1786676747.264,17,predictions_total,balanced,balanced:8002,balanced-service,Strawberry__Rotten,balanced
1786676752.264,17,predictions_total,balanced,balanced:8002,balanced-service,Strawberry__Rotten,balanced
1786676757.264,17,predictions_total,balanced,balanced:8002,balanced-service,Strawberry__Rotten,balanced
1786676762.264,17,predictions_total,balanced,balanced:8002,balanced-service,Strawberry__Rotten,balanced
1786676767.264,18,predictions_total,balanced,balanced:8002,balanced-service,Strawberry__Rotten,balanced
1786676772.264,19,predictions_total,balanced,balanced:8002,balanced-service,Strawberry__Rotten,balanced
1786676777.264,19,predictions_total,balanced,balanced:8002,balanced-service,Strawberry__Rotten,balanced
1786676782.264,19,predictions_total,balanced,balanced:8002,balanced-service,Strawberry__Rotten,balanced
1786676787.264,20,predictions_total,balanced,balanced:8002,balanced-service,Strawberry__Rotten,balanced
1786676792.264,21,predictions_total,balanced,balanced:8002,balanced-service,Strawberry__Rotten,balanced
1786676797.264,21,predictions_total,balanced,balanced:8002,balanced-service,Strawberry__Rotten,balanced
1786676802.264,22,predictions_total,balanced,balanced:8002,balanced-service,Strawberry__Rotten,balanced
1786676807.264,23,predictions_total,balanced,balanced:8002,balanced-service,Strawberry__Rotten,balanced
1786676812.264,24,predictions_total,balanced,balanced:8002,balanced-service,Strawberry__Rotten,balanced
1786676817.264,24,predictions_total,balanced,balanced:8002,balanced-service,Strawberry__Rotten,balanced
1786676822.264,26,predictions_total,balanced,balanced:8002,balanced-service,Strawberry__Rotten,balanced
1786676827.264,28,predictions_total,balanced,balanced:8002,balanced-service,Strawberry__Rotten,balanced
1786676832.264,28,predictions_total,balanced,balanced:8002,balanced-service,Strawberry__Rotten,balanced
1786676837.264,28,predictions_total,balanced,balanced:8002,balanced-service,Strawberry__Rotten,balanced
1786676842.264,29,predictions_total,balanced,balanced:8002,balanced-service,Strawberry__Rotten,balanced
1786676847.264,30,predictions_total,balanced,balanced:8002,balanced-service,Strawberry__Rotten,balanced
1786676852.264,31,predictions_total,balanced,balanced:8002,balanced-service,Strawberry__Rotten,balanced
1786676857.264,31,predictions_total,balanced,balanced:8002,balanced-service,Strawberry__Rotten,balanced
1786676862.264,31,predictions_total,balanced,balanced:8002,balanced-service,Strawberry__Rotten,balanced
1786676867.264,31,predictions_total,balanced,balanced:8002,balanced-service,Strawberry__Rotten,balanced
1786676872.264,31,predictions_total,balanced,balanced:8002,balanced-service,Strawberry__Rotten,balanced
1786676877.264,31,predictions_total,balanced,balanced:8002,balanced-service,Strawberry__Rotten,balanced
1786676882.264,31,predictions_total,balanced,balanced:8002,balanced-service,Strawberry__Rotten,balanced
1786676887.264,31,predictions_total,balanced,balanced:8002,balanced-service,Strawberry__Rotten,balanced
1786676892.264,31,predictions_total,balanced,balanced:8002,balanced-service,Strawberry__Rotten,balanced
1786676897.264,31,predictions_total,balanced,balanced:8002,balanced-service,Strawberry__Rotten,balanced
1786676902.264,31,predictions_total,balanced,balanced:8002,balanced-service,Strawberry__Rotten,balanced
1786676907.264,31,predictions_total,balanced,balanced:8002,balanced-service,Strawberry__Rotten,balanced
1786676912.264,31,predictions_total,balanced,balanced:8002,balanced-service,Strawberry__Rotten,balanced
1786676917.264,31,predictions_total,balanced,balanced:8002,balanced-service,Strawberry__Rotten,balanced
1786676922.264,31,predictions_total,balanced,balanced:8002,balanced-service,Strawberry__Rotten,balanced
1786676927.264,31,predictions_total,balanced,balanced:8002,balanced-service,Strawberry__Rotten,balanced
1786676932.264,31,predictions_total,balanced,balanced:8002,balanced-service,Strawberry__Rotten,balanced
1786676937.264,31,predictions_total,balanced,balanced:8002,balanced-service,Strawberry__Rotten,balanced
1786676942.264,31,predictions_total,balanced,balanced:8002,balanced-service,Strawberry__Rotten,balanced
1786676947.264,31,predictions_total,balanced,balanced:8002,balanced-service,Strawberry__Rotten,balanced
1786676952.264,31,predictions_total,balanced,balanced:8002,balanced-service,Strawberry__Rotten,balanced
1786676957.264,31,predictions_total,balanced,balanced:8002,balanced-service,Strawberry__Rotten,balanced
1786676962.264,31,predictions_total,balanced,balanced:8002,balanced-service,Strawberry__Rotten,balanced
1786676967.264,31,predictions_total,balanced,balanced:8002,balanced-service,Strawberry__Rotten,balanced
1786676972.264,31,predictions_total,balanced,balanced:8002,balanced-service,Strawberry__Rotten,balanced
1786676977.264,31,predictions_total,balanced,balanced:8002,balanced-service,Strawberry__Rotten,balanced
1786676982.264,31,predictions_total,balanced,balanced:8002,balanced-service,Strawberry__Rotten,balanced
1786676987.264,31,predictions_total,balanced,balanced:8002,balanced-service,Strawberry__Rotten,balanced
1786676992.264,31,predictions_total,balanced,balanced:8002,balanced-service,Strawberry__Rotten,balanced
1786676997.264,31,predictions_total,balanced,balanced:8002,balanced-service,Strawberry__Rotten,balanced
1786677002.264,31,predictions_total,balanced,balanced:8002,balanced-service,Strawberry__Rotten,balanced
1786677007.264,31,predictions_total,balanced,balanced:8002,balanced-service,Strawberry__Rotten,balanced
1786677012.264,31,predictions_total,balanced,balanced:8002,balanced-service,Strawberry__Rotten,balanced
1786677017.264,31,predictions_total,balanced,balanced:8002,balanced-service,Strawberry__Rotten,balanced
1786677022.264,31,predictions_total,balanced,balanced:8002,balanced-service,Strawberry__Rotten,balanced
1786677027.264,31,predictions_total,balanced,balanced:8002,balanced-service,Strawberry__Rotten,balanced
1786677032.264,31,predictions_total,balanced,balanced:8002,balanced-service,Strawberry__Rotten,balanced
1786677037.264,31,predictions_total,balanced,balanced:8002,balanced-service,Strawberry__Rotten,balanced
1786677042.264,31,predictions_total,balanced,balanced:8002,balanced-service,Strawberry__Rotten,balanced
1786677047.264,31,predictions_total,balanced,balanced:8002,balanced-service,Strawberry__Rotten,balanced
1786677052.264,31,predictions_total,balanced,balanced:8002,balanced-service,Strawberry__Rotten,balanced
1786677057.264,31,predictions_total,balanced,balanced:8002,balanced-service,Strawberry__Rotten,balanced
1786677062.264,31,predictions_total,balanced,balanced:8002,balanced-service,Strawberry__Rotten,balanced
1786677067.264,31,predictions_total,balanced,balanced:8002,balanced-service,Strawberry__Rotten,balanced
1786677072.264,31,predictions_total,balanced,balanced:8002,balanced-service,Strawberry__Rotten,balanced
1786677077.264,31,predictions_total,balanced,balanced:8002,balanced-service,Strawberry__Rotten,balanced
1786677082.264,31,predictions_total,balanced,balanced:8002,balanced-service,Strawberry__Rotten,balanced
1786677087.264,31,predictions_total,balanced,balanced:8002,balanced-service,Strawberry__Rotten,balanced
1786677092.264,31,predictions_total,balanced,balanced:8002,balanced-service,Strawberry__Rotten,balanced
1786677097.264,31,predictions_total,balanced,balanced:8002,balanced-service,Strawberry__Rotten,balanced
1786677102.264,31,predictions_total,balanced,balanced:8002,balanced-service,Strawberry__Rotten,balanced
1786677107.264,31,predictions_total,balanced,balanced:8002,balanced-service,Strawberry__Rotten,balanced
1786677112.264,31,predictions_total,balanced,balanced:8002,balanced-service,Strawberry__Rotten,balanced
1786677117.264,31,predictions_total,balanced,balanced:8002,balanced-service,Strawberry__Rotten,balanced
1786677122.264,31,predictions_total,balanced,balanced:8002,balanced-service,Strawberry__Rotten,balanced
1786677127.264,31,predictions_total,balanced,balanced:8002,balanced-service,Strawberry__Rotten,balanced
1786677132.264,31,predictions_total,balanced,balanced:8002,balanced-service,Strawberry__Rotten,balanced
1786677137.264,31,predictions_total,balanced,balanced:8002,balanced-service,Strawberry__Rotten,balanced
1786677142.264,31,predictions_total,balanced,balanced:8002,balanced-service,Strawberry__Rotten,balanced
1786677147.264,31,predictions_total,balanced,balanced:8002,balanced-service,Strawberry__Rotten,balanced
1786677152.264,31,predictions_total,balanced,balanced:8002,balanced-service,Strawberry__Rotten,balanced
1786677157.264,31,predictions_total,balanced,balanced:8002,balanced-service,Strawberry__Rotten,balanced
1786677162.264,31,predictions_total,balanced,balanced:8002,balanced-service,Strawberry__Rotten,balanced
1786677167.264,31,predictions_total,balanced,balanced:8002,balanced-service,Strawberry__Rotten,balanced
1786677172.264,31,predictions_total,balanced,balanced:8002,balanced-service,Strawberry__Rotten,balanced
1786677177.264,31,predictions_total,balanced,balanced:8002,balanced-service,Strawberry__Rotten,balanced
1786677182.264,31,predictions_total,balanced,balanced:8002,balanced-service,Strawberry__Rotten,balanced
1786677187.264,31,predictions_total,balanced,balanced:8002,balanced-service,Strawberry__Rotten,balanced
1786677192.264,31,predictions_total,balanced,balanced:8002,balanced-service,Strawberry__Rotten,balanced
1786677197.264,31,predictions_total,balanced,balanced:8002,balanced-service,Strawberry__Rotten,balanced
1786677202.264,31,predictions_total,balanced,balanced:8002,balanced-service,Strawberry__Rotten,balanced
1786677207.264,31,predictions_total,balanced,balanced:8002,balanced-service,Strawberry__Rotten,balanced
1786677212.264,31,predictions_total,balanced,balanced:8002,balanced-service,Strawberry__Rotten,balanced
1786677217.264,31,predictions_total,balanced,balanced:8002,balanced-service,Strawberry__Rotten,balanced
1786677222.264,31,predictions_total,balanced,balanced:8002,balanced-service,Strawberry__Rotten,balanced
1786677227.264,31,predictions_total,balanced,balanced:8002,balanced-service,Strawberry__Rotten,balanced
1786677232.264,31,predictions_total,balanced,balanced:8002,balanced-service,Strawberry__Rotten,balanced
1786677237.264,31,predictions_total,balanced,balanced:8002,balanced-service,Strawberry__Rotten,balanced
1786677242.264,31,predictions_total,balanced,balanced:8002,balanced-service,Strawberry__Rotten,balanced
1786677247.264,31,predictions_total,balanced,balanced:8002,balanced-service,Strawberry__Rotten,balanced
1786677252.264,31,predictions_total,balanced,balanced:8002,balanced-service,Strawberry__Rotten,balanced
1786677257.264,31,predictions_total,balanced,balanced:8002,balanced-service,Strawberry__Rotten,balanced
1786677262.264,32,predictions_total,balanced,balanced:8002,balanced-service,Strawberry__Rotten,balanced
1786677267.264,32,predictions_total,balanced,balanced:8002,balanced-service,Strawberry__Rotten,balanced
1786677272.264,32,predictions_total,balanced,balanced:8002,balanced-service,Strawberry__Rotten,balanced
1786677277.264,32,predictions_total,balanced,balanced:8002,balanced-service,Strawberry__Rotten,balanced
1786677282.264,33,predictions_total,balanced,balanced:8002,balanced-service,Strawberry__Rotten,balanced
1786677287.264,33,predictions_total,balanced,balanced:8002,balanced-service,Strawberry__Rotten,balanced
1786677292.264,33,predictions_total,balanced,balanced:8002,balanced-service,Strawberry__Rotten,balanced
1786677297.264,33,predictions_total,balanced,balanced:8002,balanced-service,Strawberry__Rotten,balanced
1786677302.264,33,predictions_total,balanced,balanced:8002,balanced-service,Strawberry__Rotten,balanced
1786677307.264,34,predictions_total,balanced,balanced:8002,balanced-service,Strawberry__Rotten,balanced
1786677312.264,35,predictions_total,balanced,balanced:8002,balanced-service,Strawberry__Rotten,balanced
1786677317.264,35,predictions_total,balanced,balanced:8002,balanced-service,Strawberry__Rotten,balanced
1786677322.264,36,predictions_total,balanced,balanced:8002,balanced-service,Strawberry__Rotten,balanced
1786677327.264,37,predictions_total,balanced,balanced:8002,balanced-service,Strawberry__Rotten,balanced
1786677332.264,37,predictions_total,balanced,balanced:8002,balanced-service,Strawberry__Rotten,balanced
1786677337.264,37,predictions_total,balanced,balanced:8002,balanced-service,Strawberry__Rotten,balanced
1786677342.264,38,predictions_total,balanced,balanced:8002,balanced-service,Strawberry__Rotten,balanced
1786677347.264,39,predictions_total,balanced,balanced:8002,balanced-service,Strawberry__Rotten,balanced
1786677352.264,39,predictions_total,balanced,balanced:8002,balanced-service,Strawberry__Rotten,balanced
1786677357.264,39,predictions_total,balanced,balanced:8002,balanced-service,Strawberry__Rotten,balanced
1786677362.264,42,predictions_total,balanced,balanced:8002,balanced-service,Strawberry__Rotten,balanced
1786677367.264,44,predictions_total,balanced,balanced:8002,balanced-service,Strawberry__Rotten,balanced
1786677372.264,44,predictions_total,balanced,balanced:8002,balanced-service,Strawberry__Rotten,balanced
1786677377.264,45,predictions_total,balanced,balanced:8002,balanced-service,Strawberry__Rotten,balanced
1786677382.264,47,predictions_total,balanced,balanced:8002,balanced-service,Strawberry__Rotten,balanced
1786677387.264,47,predictions_total,balanced,balanced:8002,balanced-service,Strawberry__Rotten,balanced
1786677392.264,48,predictions_total,balanced,balanced:8002,balanced-service,Strawberry__Rotten,balanced
1786677397.264,49,predictions_total,balanced,balanced:8002,balanced-service,Strawberry__Rotten,balanced
1786677402.264,51,predictions_total,balanced,balanced:8002,balanced-service,Strawberry__Rotten,balanced
1786677407.264,52,predictions_total,balanced,balanced:8002,balanced-service,Strawberry__Rotten,balanced
1786677412.264,55,predictions_total,balanced,balanced:8002,balanced-service,Strawberry__Rotten,balanced
1786677417.264,56,predictions_total,balanced,balanced:8002,balanced-service,Strawberry__Rotten,balanced
1786677422.264,56,predictions_total,balanced,balanced:8002,balanced-service,Strawberry__Rotten,balanced
1786677427.264,58,predictions_total,balanced,balanced:8002,balanced-service,Strawberry__Rotten,balanced
1786677432.264,59,predictions_total,balanced,balanced:8002,balanced-service,Strawberry__Rotten,balanced
1786677437.264,61,predictions_total,balanced,balanced:8002,balanced-service,Strawberry__Rotten,balanced
1786677442.264,61,predictions_total,balanced,balanced:8002,balanced-service,Strawberry__Rotten,balanced
1786677447.264,61,predictions_total,balanced,balanced:8002,balanced-service,Strawberry__Rotten,balanced
1786676332.264,1,predictions_total,balanced,balanced:8002,balanced-service,Tomato__Healthy,balanced
1786676337.264,1,predictions_total,balanced,balanced:8002,balanced-service,Tomato__Healthy,balanced
1786676342.264,1,predictions_total,balanced,balanced:8002,balanced-service,Tomato__Healthy,balanced
1786676347.264,1,predictions_total,balanced,balanced:8002,balanced-service,Tomato__Healthy,balanced
1786676352.264,1,predictions_total,balanced,balanced:8002,balanced-service,Tomato__Healthy,balanced
1786676357.264,1,predictions_total,balanced,balanced:8002,balanced-service,Tomato__Healthy,balanced
1786676362.264,3,predictions_total,balanced,balanced:8002,balanced-service,Tomato__Healthy,balanced
1786676367.264,3,predictions_total,balanced,balanced:8002,balanced-service,Tomato__Healthy,balanced
1786676372.264,3,predictions_total,balanced,balanced:8002,balanced-service,Tomato__Healthy,balanced
1786676377.264,3,predictions_total,balanced,balanced:8002,balanced-service,Tomato__Healthy,balanced
1786676382.264,3,predictions_total,balanced,balanced:8002,balanced-service,Tomato__Healthy,balanced
1786676387.264,3,predictions_total,balanced,balanced:8002,balanced-service,Tomato__Healthy,balanced
1786676392.264,3,predictions_total,balanced,balanced:8002,balanced-service,Tomato__Healthy,balanced
1786676397.264,3,predictions_total,balanced,balanced:8002,balanced-service,Tomato__Healthy,balanced
1786676402.264,3,predictions_total,balanced,balanced:8002,balanced-service,Tomato__Healthy,balanced
1786676407.264,3,predictions_total,balanced,balanced:8002,balanced-service,Tomato__Healthy,balanced
1786676412.264,3,predictions_total,balanced,balanced:8002,balanced-service,Tomato__Healthy,balanced
1786676417.264,3,predictions_total,balanced,balanced:8002,balanced-service,Tomato__Healthy,balanced
1786676422.264,3,predictions_total,balanced,balanced:8002,balanced-service,Tomato__Healthy,balanced
1786676427.264,3,predictions_total,balanced,balanced:8002,balanced-service,Tomato__Healthy,balanced
1786676432.264,3,predictions_total,balanced,balanced:8002,balanced-service,Tomato__Healthy,balanced
1786676437.264,3,predictions_total,balanced,balanced:8002,balanced-service,Tomato__Healthy,balanced
1786676442.264,3,predictions_total,balanced,balanced:8002,balanced-service,Tomato__Healthy,balanced
1786676447.264,3,predictions_total,balanced,balanced:8002,balanced-service,Tomato__Healthy,balanced
1786676452.264,3,predictions_total,balanced,balanced:8002,balanced-service,Tomato__Healthy,balanced
1786676457.264,3,predictions_total,balanced,balanced:8002,balanced-service,Tomato__Healthy,balanced
1786676462.264,3,predictions_total,balanced,balanced:8002,balanced-service,Tomato__Healthy,balanced
1786676467.264,3,predictions_total,balanced,balanced:8002,balanced-service,Tomato__Healthy,balanced
1786676472.264,3,predictions_total,balanced,balanced:8002,balanced-service,Tomato__Healthy,balanced
1786676477.264,3,predictions_total,balanced,balanced:8002,balanced-service,Tomato__Healthy,balanced
1786676482.264,3,predictions_total,balanced,balanced:8002,balanced-service,Tomato__Healthy,balanced
1786676487.264,3,predictions_total,balanced,balanced:8002,balanced-service,Tomato__Healthy,balanced
1786676492.264,3,predictions_total,balanced,balanced:8002,balanced-service,Tomato__Healthy,balanced
1786676497.264,3,predictions_total,balanced,balanced:8002,balanced-service,Tomato__Healthy,balanced
1786676502.264,3,predictions_total,balanced,balanced:8002,balanced-service,Tomato__Healthy,balanced
1786676507.264,3,predictions_total,balanced,balanced:8002,balanced-service,Tomato__Healthy,balanced
1786676512.264,3,predictions_total,balanced,balanced:8002,balanced-service,Tomato__Healthy,balanced
1786676517.264,3,predictions_total,balanced,balanced:8002,balanced-service,Tomato__Healthy,balanced
1786676522.264,3,predictions_total,balanced,balanced:8002,balanced-service,Tomato__Healthy,balanced
1786676527.264,3,predictions_total,balanced,balanced:8002,balanced-service,Tomato__Healthy,balanced
1786676532.264,3,predictions_total,balanced,balanced:8002,balanced-service,Tomato__Healthy,balanced
1786676537.264,3,predictions_total,balanced,balanced:8002,balanced-service,Tomato__Healthy,balanced
1786676542.264,3,predictions_total,balanced,balanced:8002,balanced-service,Tomato__Healthy,balanced
1786676547.264,3,predictions_total,balanced,balanced:8002,balanced-service,Tomato__Healthy,balanced
1786676552.264,3,predictions_total,balanced,balanced:8002,balanced-service,Tomato__Healthy,balanced
1786676557.264,3,predictions_total,balanced,balanced:8002,balanced-service,Tomato__Healthy,balanced
1786676562.264,3,predictions_total,balanced,balanced:8002,balanced-service,Tomato__Healthy,balanced
1786676567.264,3,predictions_total,balanced,balanced:8002,balanced-service,Tomato__Healthy,balanced
1786676572.264,3,predictions_total,balanced,balanced:8002,balanced-service,Tomato__Healthy,balanced
1786676577.264,3,predictions_total,balanced,balanced:8002,balanced-service,Tomato__Healthy,balanced
1786676582.264,3,predictions_total,balanced,balanced:8002,balanced-service,Tomato__Healthy,balanced
1786676587.264,3,predictions_total,balanced,balanced:8002,balanced-service,Tomato__Healthy,balanced
1786676592.264,3,predictions_total,balanced,balanced:8002,balanced-service,Tomato__Healthy,balanced
1786676597.264,3,predictions_total,balanced,balanced:8002,balanced-service,Tomato__Healthy,balanced
1786676602.264,3,predictions_total,balanced,balanced:8002,balanced-service,Tomato__Healthy,balanced
1786676607.264,3,predictions_total,balanced,balanced:8002,balanced-service,Tomato__Healthy,balanced
1786676612.264,3,predictions_total,balanced,balanced:8002,balanced-service,Tomato__Healthy,balanced
1786676617.264,3,predictions_total,balanced,balanced:8002,balanced-service,Tomato__Healthy,balanced
1786676622.264,3,predictions_total,balanced,balanced:8002,balanced-service,Tomato__Healthy,balanced
1786676627.264,3,predictions_total,balanced,balanced:8002,balanced-service,Tomato__Healthy,balanced
1786676632.264,3,predictions_total,balanced,balanced:8002,balanced-service,Tomato__Healthy,balanced
1786676637.264,3,predictions_total,balanced,balanced:8002,balanced-service,Tomato__Healthy,balanced
1786676642.264,4,predictions_total,balanced,balanced:8002,balanced-service,Tomato__Healthy,balanced
1786676647.264,4,predictions_total,balanced,balanced:8002,balanced-service,Tomato__Healthy,balanced
1786676652.264,5,predictions_total,balanced,balanced:8002,balanced-service,Tomato__Healthy,balanced
1786676657.264,7,predictions_total,balanced,balanced:8002,balanced-service,Tomato__Healthy,balanced
1786676662.264,9,predictions_total,balanced,balanced:8002,balanced-service,Tomato__Healthy,balanced
1786676667.264,9,predictions_total,balanced,balanced:8002,balanced-service,Tomato__Healthy,balanced
1786676672.264,9,predictions_total,balanced,balanced:8002,balanced-service,Tomato__Healthy,balanced
1786676677.264,9,predictions_total,balanced,balanced:8002,balanced-service,Tomato__Healthy,balanced
1786676682.264,10,predictions_total,balanced,balanced:8002,balanced-service,Tomato__Healthy,balanced
1786676687.264,10,predictions_total,balanced,balanced:8002,balanced-service,Tomato__Healthy,balanced
1786676692.264,10,predictions_total,balanced,balanced:8002,balanced-service,Tomato__Healthy,balanced
1786676697.264,10,predictions_total,balanced,balanced:8002,balanced-service,Tomato__Healthy,balanced
1786676702.264,10,predictions_total,balanced,balanced:8002,balanced-service,Tomato__Healthy,balanced
1786676707.264,11,predictions_total,balanced,balanced:8002,balanced-service,Tomato__Healthy,balanced
1786676712.264,11,predictions_total,balanced,balanced:8002,balanced-service,Tomato__Healthy,balanced
1786676717.264,12,predictions_total,balanced,balanced:8002,balanced-service,Tomato__Healthy,balanced
1786676722.264,13,predictions_total,balanced,balanced:8002,balanced-service,Tomato__Healthy,balanced
1786676727.264,14,predictions_total,balanced,balanced:8002,balanced-service,Tomato__Healthy,balanced
1786676732.264,14,predictions_total,balanced,balanced:8002,balanced-service,Tomato__Healthy,balanced
1786676737.264,15,predictions_total,balanced,balanced:8002,balanced-service,Tomato__Healthy,balanced
1786676742.264,15,predictions_total,balanced,balanced:8002,balanced-service,Tomato__Healthy,balanced
1786676747.264,15,predictions_total,balanced,balanced:8002,balanced-service,Tomato__Healthy,balanced
1786676752.264,15,predictions_total,balanced,balanced:8002,balanced-service,Tomato__Healthy,balanced
1786676757.264,15,predictions_total,balanced,balanced:8002,balanced-service,Tomato__Healthy,balanced
1786676762.264,15,predictions_total,balanced,balanced:8002,balanced-service,Tomato__Healthy,balanced
1786676767.264,15,predictions_total,balanced,balanced:8002,balanced-service,Tomato__Healthy,balanced
1786676772.264,15,predictions_total,balanced,balanced:8002,balanced-service,Tomato__Healthy,balanced
1786676777.264,19,predictions_total,balanced,balanced:8002,balanced-service,Tomato__Healthy,balanced
1786676782.264,19,predictions_total,balanced,balanced:8002,balanced-service,Tomato__Healthy,balanced
1786676787.264,21,predictions_total,balanced,balanced:8002,balanced-service,Tomato__Healthy,balanced
1786676792.264,21,predictions_total,balanced,balanced:8002,balanced-service,Tomato__Healthy,balanced
1786676797.264,21,predictions_total,balanced,balanced:8002,balanced-service,Tomato__Healthy,balanced
1786676802.264,21,predictions_total,balanced,balanced:8002,balanced-service,Tomato__Healthy,balanced
1786676807.264,21,predictions_total,balanced,balanced:8002,balanced-service,Tomato__Healthy,balanced
1786676812.264,21,predictions_total,balanced,balanced:8002,balanced-service,Tomato__Healthy,balanced
1786676817.264,21,predictions_total,balanced,balanced:8002,balanced-service,Tomato__Healthy,balanced
1786676822.264,21,predictions_total,balanced,balanced:8002,balanced-service,Tomato__Healthy,balanced
1786676827.264,21,predictions_total,balanced,balanced:8002,balanced-service,Tomato__Healthy,balanced
1786676832.264,21,predictions_total,balanced,balanced:8002,balanced-service,Tomato__Healthy,balanced
1786676837.264,21,predictions_total,balanced,balanced:8002,balanced-service,Tomato__Healthy,balanced
1786676842.264,22,predictions_total,balanced,balanced:8002,balanced-service,Tomato__Healthy,balanced
1786676847.264,22,predictions_total,balanced,balanced:8002,balanced-service,Tomato__Healthy,balanced
1786676852.264,22,predictions_total,balanced,balanced:8002,balanced-service,Tomato__Healthy,balanced
1786676857.264,22,predictions_total,balanced,balanced:8002,balanced-service,Tomato__Healthy,balanced
1786676862.264,22,predictions_total,balanced,balanced:8002,balanced-service,Tomato__Healthy,balanced
1786676867.264,22,predictions_total,balanced,balanced:8002,balanced-service,Tomato__Healthy,balanced
1786676872.264,22,predictions_total,balanced,balanced:8002,balanced-service,Tomato__Healthy,balanced
1786676877.264,22,predictions_total,balanced,balanced:8002,balanced-service,Tomato__Healthy,balanced
1786676882.264,22,predictions_total,balanced,balanced:8002,balanced-service,Tomato__Healthy,balanced
1786676887.264,22,predictions_total,balanced,balanced:8002,balanced-service,Tomato__Healthy,balanced
1786676892.264,22,predictions_total,balanced,balanced:8002,balanced-service,Tomato__Healthy,balanced
1786676897.264,22,predictions_total,balanced,balanced:8002,balanced-service,Tomato__Healthy,balanced
1786676902.264,22,predictions_total,balanced,balanced:8002,balanced-service,Tomato__Healthy,balanced
1786676907.264,22,predictions_total,balanced,balanced:8002,balanced-service,Tomato__Healthy,balanced
1786676912.264,22,predictions_total,balanced,balanced:8002,balanced-service,Tomato__Healthy,balanced
1786676917.264,22,predictions_total,balanced,balanced:8002,balanced-service,Tomato__Healthy,balanced
1786676922.264,22,predictions_total,balanced,balanced:8002,balanced-service,Tomato__Healthy,balanced
1786676927.264,22,predictions_total,balanced,balanced:8002,balanced-service,Tomato__Healthy,balanced
1786676932.264,22,predictions_total,balanced,balanced:8002,balanced-service,Tomato__Healthy,balanced
1786676937.264,22,predictions_total,balanced,balanced:8002,balanced-service,Tomato__Healthy,balanced
1786676942.264,22,predictions_total,balanced,balanced:8002,balanced-service,Tomato__Healthy,balanced
1786676947.264,22,predictions_total,balanced,balanced:8002,balanced-service,Tomato__Healthy,balanced
1786676952.264,22,predictions_total,balanced,balanced:8002,balanced-service,Tomato__Healthy,balanced
1786676957.264,22,predictions_total,balanced,balanced:8002,balanced-service,Tomato__Healthy,balanced
1786676962.264,22,predictions_total,balanced,balanced:8002,balanced-service,Tomato__Healthy,balanced
1786676967.264,22,predictions_total,balanced,balanced:8002,balanced-service,Tomato__Healthy,balanced
1786676972.264,22,predictions_total,balanced,balanced:8002,balanced-service,Tomato__Healthy,balanced
1786676977.264,22,predictions_total,balanced,balanced:8002,balanced-service,Tomato__Healthy,balanced
1786676982.264,22,predictions_total,balanced,balanced:8002,balanced-service,Tomato__Healthy,balanced
1786676987.264,22,predictions_total,balanced,balanced:8002,balanced-service,Tomato__Healthy,balanced
1786676992.264,22,predictions_total,balanced,balanced:8002,balanced-service,Tomato__Healthy,balanced
1786676997.264,22,predictions_total,balanced,balanced:8002,balanced-service,Tomato__Healthy,balanced
1786677002.264,22,predictions_total,balanced,balanced:8002,balanced-service,Tomato__Healthy,balanced
1786677007.264,22,predictions_total,balanced,balanced:8002,balanced-service,Tomato__Healthy,balanced
1786677012.264,22,predictions_total,balanced,balanced:8002,balanced-service,Tomato__Healthy,balanced
1786677017.264,22,predictions_total,balanced,balanced:8002,balanced-service,Tomato__Healthy,balanced
1786677022.264,22,predictions_total,balanced,balanced:8002,balanced-service,Tomato__Healthy,balanced
1786677027.264,22,predictions_total,balanced,balanced:8002,balanced-service,Tomato__Healthy,balanced
1786677032.264,22,predictions_total,balanced,balanced:8002,balanced-service,Tomato__Healthy,balanced
1786677037.264,22,predictions_total,balanced,balanced:8002,balanced-service,Tomato__Healthy,balanced
1786677042.264,22,predictions_total,balanced,balanced:8002,balanced-service,Tomato__Healthy,balanced
1786677047.264,22,predictions_total,balanced,balanced:8002,balanced-service,Tomato__Healthy,balanced
1786677052.264,22,predictions_total,balanced,balanced:8002,balanced-service,Tomato__Healthy,balanced
1786677057.264,22,predictions_total,balanced,balanced:8002,balanced-service,Tomato__Healthy,balanced
1786677062.264,22,predictions_total,balanced,balanced:8002,balanced-service,Tomato__Healthy,balanced
1786677067.264,22,predictions_total,balanced,balanced:8002,balanced-service,Tomato__Healthy,balanced
1786677072.264,22,predictions_total,balanced,balanced:8002,balanced-service,Tomato__Healthy,balanced
1786677077.264,22,predictions_total,balanced,balanced:8002,balanced-service,Tomato__Healthy,balanced
1786677082.264,22,predictions_total,balanced,balanced:8002,balanced-service,Tomato__Healthy,balanced
1786677087.264,22,predictions_total,balanced,balanced:8002,balanced-service,Tomato__Healthy,balanced
1786677092.264,22,predictions_total,balanced,balanced:8002,balanced-service,Tomato__Healthy,balanced
1786677097.264,22,predictions_total,balanced,balanced:8002,balanced-service,Tomato__Healthy,balanced
1786677102.264,22,predictions_total,balanced,balanced:8002,balanced-service,Tomato__Healthy,balanced
1786677107.264,22,predictions_total,balanced,balanced:8002,balanced-service,Tomato__Healthy,balanced
1786677112.264,22,predictions_total,balanced,balanced:8002,balanced-service,Tomato__Healthy,balanced
1786677117.264,22,predictions_total,balanced,balanced:8002,balanced-service,Tomato__Healthy,balanced
1786677122.264,22,predictions_total,balanced,balanced:8002,balanced-service,Tomato__Healthy,balanced
1786677127.264,22,predictions_total,balanced,balanced:8002,balanced-service,Tomato__Healthy,balanced
1786677132.264,22,predictions_total,balanced,balanced:8002,balanced-service,Tomato__Healthy,balanced
1786677137.264,22,predictions_total,balanced,balanced:8002,balanced-service,Tomato__Healthy,balanced
1786677142.264,22,predictions_total,balanced,balanced:8002,balanced-service,Tomato__Healthy,balanced
1786677147.264,22,predictions_total,balanced,balanced:8002,balanced-service,Tomato__Healthy,balanced
1786677152.264,22,predictions_total,balanced,balanced:8002,balanced-service,Tomato__Healthy,balanced
1786677157.264,22,predictions_total,balanced,balanced:8002,balanced-service,Tomato__Healthy,balanced
1786677162.264,22,predictions_total,balanced,balanced:8002,balanced-service,Tomato__Healthy,balanced
1786677167.264,22,predictions_total,balanced,balanced:8002,balanced-service,Tomato__Healthy,balanced
1786677172.264,22,predictions_total,balanced,balanced:8002,balanced-service,Tomato__Healthy,balanced
1786677177.264,22,predictions_total,balanced,balanced:8002,balanced-service,Tomato__Healthy,balanced
1786677182.264,22,predictions_total,balanced,balanced:8002,balanced-service,Tomato__Healthy,balanced
1786677187.264,22,predictions_total,balanced,balanced:8002,balanced-service,Tomato__Healthy,balanced
1786677192.264,22,predictions_total,balanced,balanced:8002,balanced-service,Tomato__Healthy,balanced
1786677197.264,22,predictions_total,balanced,balanced:8002,balanced-service,Tomato__Healthy,balanced
1786677202.264,22,predictions_total,balanced,balanced:8002,balanced-service,Tomato__Healthy,balanced
1786677207.264,22,predictions_total,balanced,balanced:8002,balanced-service,Tomato__Healthy,balanced
1786677212.264,22,predictions_total,balanced,balanced:8002,balanced-service,Tomato__Healthy,balanced
1786677217.264,22,predictions_total,balanced,balanced:8002,balanced-service,Tomato__Healthy,balanced
1786677222.264,22,predictions_total,balanced,balanced:8002,balanced-service,Tomato__Healthy,balanced
1786677227.264,22,predictions_total,balanced,balanced:8002,balanced-service,Tomato__Healthy,balanced
1786677232.264,22,predictions_total,balanced,balanced:8002,balanced-service,Tomato__Healthy,balanced
1786677237.264,23,predictions_total,balanced,balanced:8002,balanced-service,Tomato__Healthy,balanced
1786677242.264,24,predictions_total,balanced,balanced:8002,balanced-service,Tomato__Healthy,balanced
1786677247.264,25,predictions_total,balanced,balanced:8002,balanced-service,Tomato__Healthy,balanced
1786677252.264,27,predictions_total,balanced,balanced:8002,balanced-service,Tomato__Healthy,balanced
1786677257.264,28,predictions_total,balanced,balanced:8002,balanced-service,Tomato__Healthy,balanced
1786677262.264,29,predictions_total,balanced,balanced:8002,balanced-service,Tomato__Healthy,balanced
1786677267.264,30,predictions_total,balanced,balanced:8002,balanced-service,Tomato__Healthy,balanced
1786677272.264,30,predictions_total,balanced,balanced:8002,balanced-service,Tomato__Healthy,balanced
1786677277.264,30,predictions_total,balanced,balanced:8002,balanced-service,Tomato__Healthy,balanced
1786677282.264,32,predictions_total,balanced,balanced:8002,balanced-service,Tomato__Healthy,balanced
1786677287.264,33,predictions_total,balanced,balanced:8002,balanced-service,Tomato__Healthy,balanced
1786677292.264,34,predictions_total,balanced,balanced:8002,balanced-service,Tomato__Healthy,balanced
1786677297.264,37,predictions_total,balanced,balanced:8002,balanced-service,Tomato__Healthy,balanced
1786677302.264,38,predictions_total,balanced,balanced:8002,balanced-service,Tomato__Healthy,balanced
1786677307.264,38,predictions_total,balanced,balanced:8002,balanced-service,Tomato__Healthy,balanced
1786677312.264,39,predictions_total,balanced,balanced:8002,balanced-service,Tomato__Healthy,balanced
1786677317.264,40,predictions_total,balanced,balanced:8002,balanced-service,Tomato__Healthy,balanced
1786677322.264,40,predictions_total,balanced,balanced:8002,balanced-service,Tomato__Healthy,balanced
1786677327.264,41,predictions_total,balanced,balanced:8002,balanced-service,Tomato__Healthy,balanced
1786677332.264,42,predictions_total,balanced,balanced:8002,balanced-service,Tomato__Healthy,balanced
1786677337.264,43,predictions_total,balanced,balanced:8002,balanced-service,Tomato__Healthy,balanced
1786677342.264,44,predictions_total,balanced,balanced:8002,balanced-service,Tomato__Healthy,balanced
1786677347.264,45,predictions_total,balanced,balanced:8002,balanced-service,Tomato__Healthy,balanced
1786677352.264,45,predictions_total,balanced,balanced:8002,balanced-service,Tomato__Healthy,balanced
1786677357.264,45,predictions_total,balanced,balanced:8002,balanced-service,Tomato__Healthy,balanced
1786677362.264,47,predictions_total,balanced,balanced:8002,balanced-service,Tomato__Healthy,balanced
1786677367.264,47,predictions_total,balanced,balanced:8002,balanced-service,Tomato__Healthy,balanced
1786677372.264,47,predictions_total,balanced,balanced:8002,balanced-service,Tomato__Healthy,balanced
1786677377.264,47,predictions_total,balanced,balanced:8002,balanced-service,Tomato__Healthy,balanced
1786677382.264,47,predictions_total,balanced,balanced:8002,balanced-service,Tomato__Healthy,balanced
1786677387.264,48,predictions_total,balanced,balanced:8002,balanced-service,Tomato__Healthy,balanced
1786677392.264,48,predictions_total,balanced,balanced:8002,balanced-service,Tomato__Healthy,balanced
1786677397.264,49,predictions_total,balanced,balanced:8002,balanced-service,Tomato__Healthy,balanced
1786677402.264,49,predictions_total,balanced,balanced:8002,balanced-service,Tomato__Healthy,balanced
1786677407.264,49,predictions_total,balanced,balanced:8002,balanced-service,Tomato__Healthy,balanced
1786677412.264,49,predictions_total,balanced,balanced:8002,balanced-service,Tomato__Healthy,balanced
1786677417.264,49,predictions_total,balanced,balanced:8002,balanced-service,Tomato__Healthy,balanced
1786677422.264,49,predictions_total,balanced,balanced:8002,balanced-service,Tomato__Healthy,balanced
1786677427.264,49,predictions_total,balanced,balanced:8002,balanced-service,Tomato__Healthy,balanced
1786677432.264,49,predictions_total,balanced,balanced:8002,balanced-service,Tomato__Healthy,balanced
1786677437.264,49,predictions_total,balanced,balanced:8002,balanced-service,Tomato__Healthy,balanced
1786677442.264,49,predictions_total,balanced,balanced:8002,balanced-service,Tomato__Healthy,balanced
1786677447.264,49,predictions_total,balanced,balanced:8002,balanced-service,Tomato__Healthy,balanced
1786676642.264,2,predictions_total,balanced,balanced:8002,balanced-service,Tomato__Rotten,balanced
1786676647.264,2,predictions_total,balanced,balanced:8002,balanced-service,Tomato__Rotten,balanced
1786676652.264,2,predictions_total,balanced,balanced:8002,balanced-service,Tomato__Rotten,balanced
1786676657.264,2,predictions_total,balanced,balanced:8002,balanced-service,Tomato__Rotten,balanced
1786676662.264,3,predictions_total,balanced,balanced:8002,balanced-service,Tomato__Rotten,balanced
1786676667.264,4,predictions_total,balanced,balanced:8002,balanced-service,Tomato__Rotten,balanced
1786676672.264,5,predictions_total,balanced,balanced:8002,balanced-service,Tomato__Rotten,balanced
1786676677.264,5,predictions_total,balanced,balanced:8002,balanced-service,Tomato__Rotten,balanced
1786676682.264,6,predictions_total,balanced,balanced:8002,balanced-service,Tomato__Rotten,balanced
1786676687.264,6,predictions_total,balanced,balanced:8002,balanced-service,Tomato__Rotten,balanced
1786676692.264,6,predictions_total,balanced,balanced:8002,balanced-service,Tomato__Rotten,balanced
1786676697.264,7,predictions_total,balanced,balanced:8002,balanced-service,Tomato__Rotten,balanced
1786676702.264,7,predictions_total,balanced,balanced:8002,balanced-service,Tomato__Rotten,balanced
1786676707.264,8,predictions_total,balanced,balanced:8002,balanced-service,Tomato__Rotten,balanced
1786676712.264,8,predictions_total,balanced,balanced:8002,balanced-service,Tomato__Rotten,balanced
1786676717.264,8,predictions_total,balanced,balanced:8002,balanced-service,Tomato__Rotten,balanced
1786676722.264,8,predictions_total,balanced,balanced:8002,balanced-service,Tomato__Rotten,balanced
1786676727.264,8,predictions_total,balanced,balanced:8002,balanced-service,Tomato__Rotten,balanced
1786676732.264,8,predictions_total,balanced,balanced:8002,balanced-service,Tomato__Rotten,balanced
1786676737.264,8,predictions_total,balanced,balanced:8002,balanced-service,Tomato__Rotten,balanced
1786676742.264,8,predictions_total,balanced,balanced:8002,balanced-service,Tomato__Rotten,balanced
1786676747.264,8,predictions_total,balanced,balanced:8002,balanced-service,Tomato__Rotten,balanced
1786676752.264,8,predictions_total,balanced,balanced:8002,balanced-service,Tomato__Rotten,balanced
1786676757.264,8,predictions_total,balanced,balanced:8002,balanced-service,Tomato__Rotten,balanced
1786676762.264,8,predictions_total,balanced,balanced:8002,balanced-service,Tomato__Rotten,balanced
1786676767.264,8,predictions_total,balanced,balanced:8002,balanced-service,Tomato__Rotten,balanced
1786676772.264,8,predictions_total,balanced,balanced:8002,balanced-service,Tomato__Rotten,balanced
1786676777.264,8,predictions_total,balanced,balanced:8002,balanced-service,Tomato__Rotten,balanced
1786676782.264,8,predictions_total,balanced,balanced:8002,balanced-service,Tomato__Rotten,balanced
1786676787.264,8,predictions_total,balanced,balanced:8002,balanced-service,Tomato__Rotten,balanced
1786676792.264,8,predictions_total,balanced,balanced:8002,balanced-service,Tomato__Rotten,balanced
1786676797.264,8,predictions_total,balanced,balanced:8002,balanced-service,Tomato__Rotten,balanced
1786676802.264,8,predictions_total,balanced,balanced:8002,balanced-service,Tomato__Rotten,balanced
1786676807.264,8,predictions_total,balanced,balanced:8002,balanced-service,Tomato__Rotten,balanced
1786676812.264,8,predictions_total,balanced,balanced:8002,balanced-service,Tomato__Rotten,balanced
1786676817.264,8,predictions_total,balanced,balanced:8002,balanced-service,Tomato__Rotten,balanced
1786676822.264,8,predictions_total,balanced,balanced:8002,balanced-service,Tomato__Rotten,balanced
1786676827.264,8,predictions_total,balanced,balanced:8002,balanced-service,Tomato__Rotten,balanced
1786676832.264,8,predictions_total,balanced,balanced:8002,balanced-service,Tomato__Rotten,balanced
1786676837.264,8,predictions_total,balanced,balanced:8002,balanced-service,Tomato__Rotten,balanced
1786676842.264,8,predictions_total,balanced,balanced:8002,balanced-service,Tomato__Rotten,balanced
1786676847.264,8,predictions_total,balanced,balanced:8002,balanced-service,Tomato__Rotten,balanced
1786676852.264,8,predictions_total,balanced,balanced:8002,balanced-service,Tomato__Rotten,balanced
1786676857.264,8,predictions_total,balanced,balanced:8002,balanced-service,Tomato__Rotten,balanced
1786676862.264,8,predictions_total,balanced,balanced:8002,balanced-service,Tomato__Rotten,balanced
1786676867.264,8,predictions_total,balanced,balanced:8002,balanced-service,Tomato__Rotten,balanced
1786676872.264,8,predictions_total,balanced,balanced:8002,balanced-service,Tomato__Rotten,balanced
1786676877.264,8,predictions_total,balanced,balanced:8002,balanced-service,Tomato__Rotten,balanced
1786676882.264,8,predictions_total,balanced,balanced:8002,balanced-service,Tomato__Rotten,balanced
1786676887.264,8,predictions_total,balanced,balanced:8002,balanced-service,Tomato__Rotten,balanced
1786676892.264,8,predictions_total,balanced,balanced:8002,balanced-service,Tomato__Rotten,balanced
1786676897.264,8,predictions_total,balanced,balanced:8002,balanced-service,Tomato__Rotten,balanced
1786676902.264,8,predictions_total,balanced,balanced:8002,balanced-service,Tomato__Rotten,balanced
1786676907.264,8,predictions_total,balanced,balanced:8002,balanced-service,Tomato__Rotten,balanced
1786676912.264,8,predictions_total,balanced,balanced:8002,balanced-service,Tomato__Rotten,balanced
1786676917.264,8,predictions_total,balanced,balanced:8002,balanced-service,Tomato__Rotten,balanced
1786676922.264,8,predictions_total,balanced,balanced:8002,balanced-service,Tomato__Rotten,balanced
1786676927.264,8,predictions_total,balanced,balanced:8002,balanced-service,Tomato__Rotten,balanced
1786676932.264,8,predictions_total,balanced,balanced:8002,balanced-service,Tomato__Rotten,balanced
1786676937.264,8,predictions_total,balanced,balanced:8002,balanced-service,Tomato__Rotten,balanced
1786676942.264,8,predictions_total,balanced,balanced:8002,balanced-service,Tomato__Rotten,balanced
1786676947.264,8,predictions_total,balanced,balanced:8002,balanced-service,Tomato__Rotten,balanced
1786676952.264,8,predictions_total,balanced,balanced:8002,balanced-service,Tomato__Rotten,balanced
1786676957.264,8,predictions_total,balanced,balanced:8002,balanced-service,Tomato__Rotten,balanced
1786676962.264,8,predictions_total,balanced,balanced:8002,balanced-service,Tomato__Rotten,balanced
1786676967.264,8,predictions_total,balanced,balanced:8002,balanced-service,Tomato__Rotten,balanced
1786676972.264,8,predictions_total,balanced,balanced:8002,balanced-service,Tomato__Rotten,balanced
1786676977.264,8,predictions_total,balanced,balanced:8002,balanced-service,Tomato__Rotten,balanced
1786676982.264,8,predictions_total,balanced,balanced:8002,balanced-service,Tomato__Rotten,balanced
1786676987.264,8,predictions_total,balanced,balanced:8002,balanced-service,Tomato__Rotten,balanced
1786676992.264,8,predictions_total,balanced,balanced:8002,balanced-service,Tomato__Rotten,balanced
1786676997.264,8,predictions_total,balanced,balanced:8002,balanced-service,Tomato__Rotten,balanced
1786677002.264,8,predictions_total,balanced,balanced:8002,balanced-service,Tomato__Rotten,balanced
1786677007.264,8,predictions_total,balanced,balanced:8002,balanced-service,Tomato__Rotten,balanced
1786677012.264,8,predictions_total,balanced,balanced:8002,balanced-service,Tomato__Rotten,balanced
1786677017.264,8,predictions_total,balanced,balanced:8002,balanced-service,Tomato__Rotten,balanced
1786677022.264,8,predictions_total,balanced,balanced:8002,balanced-service,Tomato__Rotten,balanced
1786677027.264,8,predictions_total,balanced,balanced:8002,balanced-service,Tomato__Rotten,balanced
1786677032.264,8,predictions_total,balanced,balanced:8002,balanced-service,Tomato__Rotten,balanced
1786677037.264,8,predictions_total,balanced,balanced:8002,balanced-service,Tomato__Rotten,balanced
1786677042.264,8,predictions_total,balanced,balanced:8002,balanced-service,Tomato__Rotten,balanced
1786677047.264,8,predictions_total,balanced,balanced:8002,balanced-service,Tomato__Rotten,balanced
1786677052.264,8,predictions_total,balanced,balanced:8002,balanced-service,Tomato__Rotten,balanced
1786677057.264,8,predictions_total,balanced,balanced:8002,balanced-service,Tomato__Rotten,balanced
1786677062.264,8,predictions_total,balanced,balanced:8002,balanced-service,Tomato__Rotten,balanced
1786677067.264,8,predictions_total,balanced,balanced:8002,balanced-service,Tomato__Rotten,balanced
1786677072.264,8,predictions_total,balanced,balanced:8002,balanced-service,Tomato__Rotten,balanced
1786677077.264,8,predictions_total,balanced,balanced:8002,balanced-service,Tomato__Rotten,balanced
1786677082.264,8,predictions_total,balanced,balanced:8002,balanced-service,Tomato__Rotten,balanced
1786677087.264,8,predictions_total,balanced,balanced:8002,balanced-service,Tomato__Rotten,balanced
1786677092.264,8,predictions_total,balanced,balanced:8002,balanced-service,Tomato__Rotten,balanced
1786677097.264,8,predictions_total,balanced,balanced:8002,balanced-service,Tomato__Rotten,balanced
1786677102.264,8,predictions_total,balanced,balanced:8002,balanced-service,Tomato__Rotten,balanced
1786677107.264,8,predictions_total,balanced,balanced:8002,balanced-service,Tomato__Rotten,balanced
1786677112.264,8,predictions_total,balanced,balanced:8002,balanced-service,Tomato__Rotten,balanced
1786677117.264,8,predictions_total,balanced,balanced:8002,balanced-service,Tomato__Rotten,balanced
1786677122.264,8,predictions_total,balanced,balanced:8002,balanced-service,Tomato__Rotten,balanced
1786677127.264,8,predictions_total,balanced,balanced:8002,balanced-service,Tomato__Rotten,balanced
1786677132.264,8,predictions_total,balanced,balanced:8002,balanced-service,Tomato__Rotten,balanced
1786677137.264,8,predictions_total,balanced,balanced:8002,balanced-service,Tomato__Rotten,balanced
1786677142.264,8,predictions_total,balanced,balanced:8002,balanced-service,Tomato__Rotten,balanced
1786677147.264,8,predictions_total,balanced,balanced:8002,balanced-service,Tomato__Rotten,balanced
1786677152.264,8,predictions_total,balanced,balanced:8002,balanced-service,Tomato__Rotten,balanced
1786677157.264,8,predictions_total,balanced,balanced:8002,balanced-service,Tomato__Rotten,balanced
1786677162.264,8,predictions_total,balanced,balanced:8002,balanced-service,Tomato__Rotten,balanced
1786677167.264,8,predictions_total,balanced,balanced:8002,balanced-service,Tomato__Rotten,balanced
1786677172.264,8,predictions_total,balanced,balanced:8002,balanced-service,Tomato__Rotten,balanced
1786677177.264,8,predictions_total,balanced,balanced:8002,balanced-service,Tomato__Rotten,balanced
1786677182.264,8,predictions_total,balanced,balanced:8002,balanced-service,Tomato__Rotten,balanced
1786677187.264,8,predictions_total,balanced,balanced:8002,balanced-service,Tomato__Rotten,balanced
1786677192.264,8,predictions_total,balanced,balanced:8002,balanced-service,Tomato__Rotten,balanced
1786677197.264,8,predictions_total,balanced,balanced:8002,balanced-service,Tomato__Rotten,balanced
1786677202.264,8,predictions_total,balanced,balanced:8002,balanced-service,Tomato__Rotten,balanced
1786677207.264,8,predictions_total,balanced,balanced:8002,balanced-service,Tomato__Rotten,balanced
1786677212.264,8,predictions_total,balanced,balanced:8002,balanced-service,Tomato__Rotten,balanced
1786677217.264,8,predictions_total,balanced,balanced:8002,balanced-service,Tomato__Rotten,balanced
1786677222.264,8,predictions_total,balanced,balanced:8002,balanced-service,Tomato__Rotten,balanced
1786677227.264,8,predictions_total,balanced,balanced:8002,balanced-service,Tomato__Rotten,balanced
1786677232.264,8,predictions_total,balanced,balanced:8002,balanced-service,Tomato__Rotten,balanced
1786677237.264,9,predictions_total,balanced,balanced:8002,balanced-service,Tomato__Rotten,balanced
1786677242.264,9,predictions_total,balanced,balanced:8002,balanced-service,Tomato__Rotten,balanced
1786677247.264,10,predictions_total,balanced,balanced:8002,balanced-service,Tomato__Rotten,balanced
1786677252.264,12,predictions_total,balanced,balanced:8002,balanced-service,Tomato__Rotten,balanced
1786677257.264,15,predictions_total,balanced,balanced:8002,balanced-service,Tomato__Rotten,balanced
1786677262.264,17,predictions_total,balanced,balanced:8002,balanced-service,Tomato__Rotten,balanced
1786677267.264,17,predictions_total,balanced,balanced:8002,balanced-service,Tomato__Rotten,balanced
1786677272.264,17,predictions_total,balanced,balanced:8002,balanced-service,Tomato__Rotten,balanced
1786677277.264,17,predictions_total,balanced,balanced:8002,balanced-service,Tomato__Rotten,balanced
1786677282.264,17,predictions_total,balanced,balanced:8002,balanced-service,Tomato__Rotten,balanced
1786677287.264,18,predictions_total,balanced,balanced:8002,balanced-service,Tomato__Rotten,balanced
1786677292.264,18,predictions_total,balanced,balanced:8002,balanced-service,Tomato__Rotten,balanced
1786677297.264,18,predictions_total,balanced,balanced:8002,balanced-service,Tomato__Rotten,balanced
1786677302.264,18,predictions_total,balanced,balanced:8002,balanced-service,Tomato__Rotten,balanced
1786677307.264,18,predictions_total,balanced,balanced:8002,balanced-service,Tomato__Rotten,balanced
1786677312.264,19,predictions_total,balanced,balanced:8002,balanced-service,Tomato__Rotten,balanced
1786677317.264,19,predictions_total,balanced,balanced:8002,balanced-service,Tomato__Rotten,balanced
1786677322.264,19,predictions_total,balanced,balanced:8002,balanced-service,Tomato__Rotten,balanced
1786677327.264,19,predictions_total,balanced,balanced:8002,balanced-service,Tomato__Rotten,balanced
1786677332.264,19,predictions_total,balanced,balanced:8002,balanced-service,Tomato__Rotten,balanced
1786677337.264,19,predictions_total,balanced,balanced:8002,balanced-service,Tomato__Rotten,balanced
1786677342.264,19,predictions_total,balanced,balanced:8002,balanced-service,Tomato__Rotten,balanced
1786677347.264,19,predictions_total,balanced,balanced:8002,balanced-service,Tomato__Rotten,balanced
1786677352.264,19,predictions_total,balanced,balanced:8002,balanced-service,Tomato__Rotten,balanced
1786677357.264,19,predictions_total,balanced,balanced:8002,balanced-service,Tomato__Rotten,balanced
1786677362.264,19,predictions_total,balanced,balanced:8002,balanced-service,Tomato__Rotten,balanced
1786677367.264,19,predictions_total,balanced,balanced:8002,balanced-service,Tomato__Rotten,balanced
1786677372.264,19,predictions_total,balanced,balanced:8002,balanced-service,Tomato__Rotten,balanced
1786677377.264,19,predictions_total,balanced,balanced:8002,balanced-service,Tomato__Rotten,balanced
1786677382.264,19,predictions_total,balanced,balanced:8002,balanced-service,Tomato__Rotten,balanced
1786677387.264,19,predictions_total,balanced,balanced:8002,balanced-service,Tomato__Rotten,balanced
1786677392.264,19,predictions_total,balanced,balanced:8002,balanced-service,Tomato__Rotten,balanced
1786677397.264,19,predictions_total,balanced,balanced:8002,balanced-service,Tomato__Rotten,balanced
1786677402.264,19,predictions_total,balanced,balanced:8002,balanced-service,Tomato__Rotten,balanced
1786677407.264,19,predictions_total,balanced,balanced:8002,balanced-service,Tomato__Rotten,balanced
1786677412.264,19,predictions_total,balanced,balanced:8002,balanced-service,Tomato__Rotten,balanced
1786677417.264,19,predictions_total,balanced,balanced:8002,balanced-service,Tomato__Rotten,balanced
1786677422.264,19,predictions_total,balanced,balanced:8002,balanced-service,Tomato__Rotten,balanced
1786677427.264,19,predictions_total,balanced,balanced:8002,balanced-service,Tomato__Rotten,balanced
1786677432.264,19,predictions_total,balanced,balanced:8002,balanced-service,Tomato__Rotten,balanced
1786677437.264,19,predictions_total,balanced,balanced:8002,balanced-service,Tomato__Rotten,balanced
1786677442.264,19,predictions_total,balanced,balanced:8002,balanced-service,Tomato__Rotten,balanced
1786677447.264,19,predictions_total,balanced,balanced:8002,balanced-service,Tomato__Rotten,balanced
1786676342.264,1,predictions_total,heavy,heavy:8003,heavy-service,Apple__Healthy,heavy
1786676347.264,1,predictions_total,heavy,heavy:8003,heavy-service,Apple__Healthy,heavy
1786676352.264,2,predictions_total,heavy,heavy:8003,heavy-service,Apple__Healthy,heavy
1786676357.264,5,predictions_total,heavy,heavy:8003,heavy-service,Apple__Healthy,heavy
1786676362.264,8,predictions_total,heavy,heavy:8003,heavy-service,Apple__Healthy,heavy
1786676367.264,9,predictions_total,heavy,heavy:8003,heavy-service,Apple__Healthy,heavy
1786676372.264,9,predictions_total,heavy,heavy:8003,heavy-service,Apple__Healthy,heavy
1786676377.264,9,predictions_total,heavy,heavy:8003,heavy-service,Apple__Healthy,heavy
1786676382.264,11,predictions_total,heavy,heavy:8003,heavy-service,Apple__Healthy,heavy
1786676387.264,14,predictions_total,heavy,heavy:8003,heavy-service,Apple__Healthy,heavy
1786676392.264,16,predictions_total,heavy,heavy:8003,heavy-service,Apple__Healthy,heavy
1786676397.264,19,predictions_total,heavy,heavy:8003,heavy-service,Apple__Healthy,heavy
1786676402.264,22,predictions_total,heavy,heavy:8003,heavy-service,Apple__Healthy,heavy
1786676407.264,22,predictions_total,heavy,heavy:8003,heavy-service,Apple__Healthy,heavy
1786676412.264,22,predictions_total,heavy,heavy:8003,heavy-service,Apple__Healthy,heavy
1786676417.264,22,predictions_total,heavy,heavy:8003,heavy-service,Apple__Healthy,heavy
1786676422.264,22,predictions_total,heavy,heavy:8003,heavy-service,Apple__Healthy,heavy
1786676427.264,22,predictions_total,heavy,heavy:8003,heavy-service,Apple__Healthy,heavy
1786676432.264,22,predictions_total,heavy,heavy:8003,heavy-service,Apple__Healthy,heavy
1786676437.264,22,predictions_total,heavy,heavy:8003,heavy-service,Apple__Healthy,heavy
1786676442.264,22,predictions_total,heavy,heavy:8003,heavy-service,Apple__Healthy,heavy
1786676447.264,22,predictions_total,heavy,heavy:8003,heavy-service,Apple__Healthy,heavy
1786676452.264,22,predictions_total,heavy,heavy:8003,heavy-service,Apple__Healthy,heavy
1786676457.264,22,predictions_total,heavy,heavy:8003,heavy-service,Apple__Healthy,heavy
1786676462.264,22,predictions_total,heavy,heavy:8003,heavy-service,Apple__Healthy,heavy
1786676467.264,22,predictions_total,heavy,heavy:8003,heavy-service,Apple__Healthy,heavy
1786676472.264,22,predictions_total,heavy,heavy:8003,heavy-service,Apple__Healthy,heavy
1786676477.264,22,predictions_total,heavy,heavy:8003,heavy-service,Apple__Healthy,heavy
1786676482.264,22,predictions_total,heavy,heavy:8003,heavy-service,Apple__Healthy,heavy
1786676487.264,22,predictions_total,heavy,heavy:8003,heavy-service,Apple__Healthy,heavy
1786676492.264,22,predictions_total,heavy,heavy:8003,heavy-service,Apple__Healthy,heavy
1786676497.264,22,predictions_total,heavy,heavy:8003,heavy-service,Apple__Healthy,heavy
1786676502.264,22,predictions_total,heavy,heavy:8003,heavy-service,Apple__Healthy,heavy
1786676507.264,22,predictions_total,heavy,heavy:8003,heavy-service,Apple__Healthy,heavy
1786676512.264,22,predictions_total,heavy,heavy:8003,heavy-service,Apple__Healthy,heavy
1786676517.264,22,predictions_total,heavy,heavy:8003,heavy-service,Apple__Healthy,heavy
1786676522.264,22,predictions_total,heavy,heavy:8003,heavy-service,Apple__Healthy,heavy
1786676527.264,22,predictions_total,heavy,heavy:8003,heavy-service,Apple__Healthy,heavy
1786676532.264,22,predictions_total,heavy,heavy:8003,heavy-service,Apple__Healthy,heavy
1786676537.264,22,predictions_total,heavy,heavy:8003,heavy-service,Apple__Healthy,heavy
1786676542.264,22,predictions_total,heavy,heavy:8003,heavy-service,Apple__Healthy,heavy
1786676547.264,22,predictions_total,heavy,heavy:8003,heavy-service,Apple__Healthy,heavy
1786676552.264,22,predictions_total,heavy,heavy:8003,heavy-service,Apple__Healthy,heavy
1786676557.264,22,predictions_total,heavy,heavy:8003,heavy-service,Apple__Healthy,heavy
1786676562.264,22,predictions_total,heavy,heavy:8003,heavy-service,Apple__Healthy,heavy
1786676567.264,22,predictions_total,heavy,heavy:8003,heavy-service,Apple__Healthy,heavy
1786676572.264,22,predictions_total,heavy,heavy:8003,heavy-service,Apple__Healthy,heavy
1786676577.264,22,predictions_total,heavy,heavy:8003,heavy-service,Apple__Healthy,heavy
1786676582.264,22,predictions_total,heavy,heavy:8003,heavy-service,Apple__Healthy,heavy
1786676587.264,22,predictions_total,heavy,heavy:8003,heavy-service,Apple__Healthy,heavy
1786676592.264,22,predictions_total,heavy,heavy:8003,heavy-service,Apple__Healthy,heavy
1786676597.264,22,predictions_total,heavy,heavy:8003,heavy-service,Apple__Healthy,heavy
1786676602.264,22,predictions_total,heavy,heavy:8003,heavy-service,Apple__Healthy,heavy
1786676607.264,22,predictions_total,heavy,heavy:8003,heavy-service,Apple__Healthy,heavy
1786676612.264,22,predictions_total,heavy,heavy:8003,heavy-service,Apple__Healthy,heavy
1786676617.264,22,predictions_total,heavy,heavy:8003,heavy-service,Apple__Healthy,heavy
1786676622.264,22,predictions_total,heavy,heavy:8003,heavy-service,Apple__Healthy,heavy
1786676627.264,22,predictions_total,heavy,heavy:8003,heavy-service,Apple__Healthy,heavy
1786676632.264,22,predictions_total,heavy,heavy:8003,heavy-service,Apple__Healthy,heavy
1786676637.264,22,predictions_total,heavy,heavy:8003,heavy-service,Apple__Healthy,heavy
1786676642.264,22,predictions_total,heavy,heavy:8003,heavy-service,Apple__Healthy,heavy
1786676647.264,22,predictions_total,heavy,heavy:8003,heavy-service,Apple__Healthy,heavy
1786676652.264,22,predictions_total,heavy,heavy:8003,heavy-service,Apple__Healthy,heavy
1786676657.264,22,predictions_total,heavy,heavy:8003,heavy-service,Apple__Healthy,heavy
1786676662.264,22,predictions_total,heavy,heavy:8003,heavy-service,Apple__Healthy,heavy
1786676667.264,22,predictions_total,heavy,heavy:8003,heavy-service,Apple__Healthy,heavy
1786676672.264,22,predictions_total,heavy,heavy:8003,heavy-service,Apple__Healthy,heavy
1786676677.264,22,predictions_total,heavy,heavy:8003,heavy-service,Apple__Healthy,heavy
1786676682.264,22,predictions_total,heavy,heavy:8003,heavy-service,Apple__Healthy,heavy
1786676687.264,23,predictions_total,heavy,heavy:8003,heavy-service,Apple__Healthy,heavy
1786676692.264,23,predictions_total,heavy,heavy:8003,heavy-service,Apple__Healthy,heavy
1786676697.264,26,predictions_total,heavy,heavy:8003,heavy-service,Apple__Healthy,heavy
1786676702.264,26,predictions_total,heavy,heavy:8003,heavy-service,Apple__Healthy,heavy
1786676707.264,27,predictions_total,heavy,heavy:8003,heavy-service,Apple__Healthy,heavy
1786676712.264,27,predictions_total,heavy,heavy:8003,heavy-service,Apple__Healthy,heavy
1786676717.264,27,predictions_total,heavy,heavy:8003,heavy-service,Apple__Healthy,heavy
1786676722.264,28,predictions_total,heavy,heavy:8003,heavy-service,Apple__Healthy,heavy
1786676727.264,30,predictions_total,heavy,heavy:8003,heavy-service,Apple__Healthy,heavy
1786676732.264,31,predictions_total,heavy,heavy:8003,heavy-service,Apple__Healthy,heavy
1786676737.264,31,predictions_total,heavy,heavy:8003,heavy-service,Apple__Healthy,heavy
1786676742.264,32,predictions_total,heavy,heavy:8003,heavy-service,Apple__Healthy,heavy
1786676747.264,32,predictions_total,heavy,heavy:8003,heavy-service,Apple__Healthy,heavy
1786676752.264,32,predictions_total,heavy,heavy:8003,heavy-service,Apple__Healthy,heavy
1786676757.264,32,predictions_total,heavy,heavy:8003,heavy-service,Apple__Healthy,heavy
1786676762.264,32,predictions_total,heavy,heavy:8003,heavy-service,Apple__Healthy,heavy
1786676767.264,32,predictions_total,heavy,heavy:8003,heavy-service,Apple__Healthy,heavy
1786676772.264,32,predictions_total,heavy,heavy:8003,heavy-service,Apple__Healthy,heavy
1786676777.264,34,predictions_total,heavy,heavy:8003,heavy-service,Apple__Healthy,heavy
1786676782.264,34,predictions_total,heavy,heavy:8003,heavy-service,Apple__Healthy,heavy
1786676787.264,35,predictions_total,heavy,heavy:8003,heavy-service,Apple__Healthy,heavy
1786676792.264,36,predictions_total,heavy,heavy:8003,heavy-service,Apple__Healthy,heavy
1786676797.264,36,predictions_total,heavy,heavy:8003,heavy-service,Apple__Healthy,heavy
1786676802.264,36,predictions_total,heavy,heavy:8003,heavy-service,Apple__Healthy,heavy
1786676807.264,37,predictions_total,heavy,heavy:8003,heavy-service,Apple__Healthy,heavy
1786676812.264,38,predictions_total,heavy,heavy:8003,heavy-service,Apple__Healthy,heavy
1786676817.264,39,predictions_total,heavy,heavy:8003,heavy-service,Apple__Healthy,heavy
1786676822.264,39,predictions_total,heavy,heavy:8003,heavy-service,Apple__Healthy,heavy
1786676827.264,39,predictions_total,heavy,heavy:8003,heavy-service,Apple__Healthy,heavy
1786676832.264,40,predictions_total,heavy,heavy:8003,heavy-service,Apple__Healthy,heavy
1786676837.264,40,predictions_total,heavy,heavy:8003,heavy-service,Apple__Healthy,heavy
1786676842.264,41,predictions_total,heavy,heavy:8003,heavy-service,Apple__Healthy,heavy
1786676847.264,42,predictions_total,heavy,heavy:8003,heavy-service,Apple__Healthy,heavy
1786676852.264,46,predictions_total,heavy,heavy:8003,heavy-service,Apple__Healthy,heavy
1786676857.264,51,predictions_total,heavy,heavy:8003,heavy-service,Apple__Healthy,heavy
1786676862.264,53,predictions_total,heavy,heavy:8003,heavy-service,Apple__Healthy,heavy
1786676867.264,59,predictions_total,heavy,heavy:8003,heavy-service,Apple__Healthy,heavy
1786676872.264,59,predictions_total,heavy,heavy:8003,heavy-service,Apple__Healthy,heavy
1786676877.264,59,predictions_total,heavy,heavy:8003,heavy-service,Apple__Healthy,heavy
1786676882.264,59,predictions_total,heavy,heavy:8003,heavy-service,Apple__Healthy,heavy
1786676887.264,59,predictions_total,heavy,heavy:8003,heavy-service,Apple__Healthy,heavy
1786676892.264,59,predictions_total,heavy,heavy:8003,heavy-service,Apple__Healthy,heavy
1786676897.264,59,predictions_total,heavy,heavy:8003,heavy-service,Apple__Healthy,heavy
1786676902.264,59,predictions_total,heavy,heavy:8003,heavy-service,Apple__Healthy,heavy
1786676907.264,59,predictions_total,heavy,heavy:8003,heavy-service,Apple__Healthy,heavy
1786676912.264,59,predictions_total,heavy,heavy:8003,heavy-service,Apple__Healthy,heavy
1786676917.264,59,predictions_total,heavy,heavy:8003,heavy-service,Apple__Healthy,heavy
1786676922.264,59,predictions_total,heavy,heavy:8003,heavy-service,Apple__Healthy,heavy
1786676927.264,59,predictions_total,heavy,heavy:8003,heavy-service,Apple__Healthy,heavy
1786676932.264,59,predictions_total,heavy,heavy:8003,heavy-service,Apple__Healthy,heavy
1786676937.264,59,predictions_total,heavy,heavy:8003,heavy-service,Apple__Healthy,heavy
1786676942.264,59,predictions_total,heavy,heavy:8003,heavy-service,Apple__Healthy,heavy
1786676947.264,59,predictions_total,heavy,heavy:8003,heavy-service,Apple__Healthy,heavy
1786676952.264,59,predictions_total,heavy,heavy:8003,heavy-service,Apple__Healthy,heavy
1786676957.264,59,predictions_total,heavy,heavy:8003,heavy-service,Apple__Healthy,heavy
1786676962.264,59,predictions_total,heavy,heavy:8003,heavy-service,Apple__Healthy,heavy
1786676967.264,59,predictions_total,heavy,heavy:8003,heavy-service,Apple__Healthy,heavy
1786676972.264,59,predictions_total,heavy,heavy:8003,heavy-service,Apple__Healthy,heavy
1786676977.264,59,predictions_total,heavy,heavy:8003,heavy-service,Apple__Healthy,heavy
1786676982.264,59,predictions_total,heavy,heavy:8003,heavy-service,Apple__Healthy,heavy
1786676987.264,59,predictions_total,heavy,heavy:8003,heavy-service,Apple__Healthy,heavy
1786676992.264,59,predictions_total,heavy,heavy:8003,heavy-service,Apple__Healthy,heavy
1786676997.264,59,predictions_total,heavy,heavy:8003,heavy-service,Apple__Healthy,heavy
1786677002.264,59,predictions_total,heavy,heavy:8003,heavy-service,Apple__Healthy,heavy
1786677007.264,59,predictions_total,heavy,heavy:8003,heavy-service,Apple__Healthy,heavy
1786677012.264,59,predictions_total,heavy,heavy:8003,heavy-service,Apple__Healthy,heavy
1786677017.264,59,predictions_total,heavy,heavy:8003,heavy-service,Apple__Healthy,heavy
1786677022.264,59,predictions_total,heavy,heavy:8003,heavy-service,Apple__Healthy,heavy
1786677027.264,59,predictions_total,heavy,heavy:8003,heavy-service,Apple__Healthy,heavy
1786677032.264,59,predictions_total,heavy,heavy:8003,heavy-service,Apple__Healthy,heavy
1786677037.264,59,predictions_total,heavy,heavy:8003,heavy-service,Apple__Healthy,heavy
1786677042.264,59,predictions_total,heavy,heavy:8003,heavy-service,Apple__Healthy,heavy
1786677047.264,59,predictions_total,heavy,heavy:8003,heavy-service,Apple__Healthy,heavy
1786677052.264,59,predictions_total,heavy,heavy:8003,heavy-service,Apple__Healthy,heavy
1786677057.264,59,predictions_total,heavy,heavy:8003,heavy-service,Apple__Healthy,heavy
1786677062.264,59,predictions_total,heavy,heavy:8003,heavy-service,Apple__Healthy,heavy
1786677067.264,59,predictions_total,heavy,heavy:8003,heavy-service,Apple__Healthy,heavy
1786677072.264,59,predictions_total,heavy,heavy:8003,heavy-service,Apple__Healthy,heavy
1786677077.264,59,predictions_total,heavy,heavy:8003,heavy-service,Apple__Healthy,heavy
1786677082.264,59,predictions_total,heavy,heavy:8003,heavy-service,Apple__Healthy,heavy
1786677087.264,59,predictions_total,heavy,heavy:8003,heavy-service,Apple__Healthy,heavy
1786677092.264,59,predictions_total,heavy,heavy:8003,heavy-service,Apple__Healthy,heavy
1786677097.264,59,predictions_total,heavy,heavy:8003,heavy-service,Apple__Healthy,heavy
1786677102.264,59,predictions_total,heavy,heavy:8003,heavy-service,Apple__Healthy,heavy
1786677107.264,59,predictions_total,heavy,heavy:8003,heavy-service,Apple__Healthy,heavy
1786677112.264,59,predictions_total,heavy,heavy:8003,heavy-service,Apple__Healthy,heavy
1786677117.264,59,predictions_total,heavy,heavy:8003,heavy-service,Apple__Healthy,heavy
1786677122.264,59,predictions_total,heavy,heavy:8003,heavy-service,Apple__Healthy,heavy
1786677127.264,59,predictions_total,heavy,heavy:8003,heavy-service,Apple__Healthy,heavy
1786677132.264,59,predictions_total,heavy,heavy:8003,heavy-service,Apple__Healthy,heavy
1786677137.264,59,predictions_total,heavy,heavy:8003,heavy-service,Apple__Healthy,heavy
1786677142.264,59,predictions_total,heavy,heavy:8003,heavy-service,Apple__Healthy,heavy
1786677147.264,59,predictions_total,heavy,heavy:8003,heavy-service,Apple__Healthy,heavy
1786677152.264,59,predictions_total,heavy,heavy:8003,heavy-service,Apple__Healthy,heavy
1786677157.264,59,predictions_total,heavy,heavy:8003,heavy-service,Apple__Healthy,heavy
1786677162.264,59,predictions_total,heavy,heavy:8003,heavy-service,Apple__Healthy,heavy
1786677167.264,59,predictions_total,heavy,heavy:8003,heavy-service,Apple__Healthy,heavy
1786677172.264,59,predictions_total,heavy,heavy:8003,heavy-service,Apple__Healthy,heavy
1786677177.264,59,predictions_total,heavy,heavy:8003,heavy-service,Apple__Healthy,heavy
1786677182.264,59,predictions_total,heavy,heavy:8003,heavy-service,Apple__Healthy,heavy
1786677187.264,59,predictions_total,heavy,heavy:8003,heavy-service,Apple__Healthy,heavy
1786677192.264,59,predictions_total,heavy,heavy:8003,heavy-service,Apple__Healthy,heavy
1786677197.264,59,predictions_total,heavy,heavy:8003,heavy-service,Apple__Healthy,heavy
1786677202.264,59,predictions_total,heavy,heavy:8003,heavy-service,Apple__Healthy,heavy
1786677207.264,59,predictions_total,heavy,heavy:8003,heavy-service,Apple__Healthy,heavy
1786677212.264,59,predictions_total,heavy,heavy:8003,heavy-service,Apple__Healthy,heavy
1786677217.264,59,predictions_total,heavy,heavy:8003,heavy-service,Apple__Healthy,heavy
1786677222.264,59,predictions_total,heavy,heavy:8003,heavy-service,Apple__Healthy,heavy
1786677227.264,59,predictions_total,heavy,heavy:8003,heavy-service,Apple__Healthy,heavy
1786677232.264,59,predictions_total,heavy,heavy:8003,heavy-service,Apple__Healthy,heavy
1786677237.264,59,predictions_total,heavy,heavy:8003,heavy-service,Apple__Healthy,heavy
1786677242.264,59,predictions_total,heavy,heavy:8003,heavy-service,Apple__Healthy,heavy
1786677247.264,59,predictions_total,heavy,heavy:8003,heavy-service,Apple__Healthy,heavy
1786677252.264,59,predictions_total,heavy,heavy:8003,heavy-service,Apple__Healthy,heavy
1786677257.264,59,predictions_total,heavy,heavy:8003,heavy-service,Apple__Healthy,heavy
1786677262.264,59,predictions_total,heavy,heavy:8003,heavy-service,Apple__Healthy,heavy
1786677267.264,59,predictions_total,heavy,heavy:8003,heavy-service,Apple__Healthy,heavy
1786677272.264,59,predictions_total,heavy,heavy:8003,heavy-service,Apple__Healthy,heavy
1786677277.264,59,predictions_total,heavy,heavy:8003,heavy-service,Apple__Healthy,heavy
1786677282.264,61,predictions_total,heavy,heavy:8003,heavy-service,Apple__Healthy,heavy
1786677287.264,62,predictions_total,heavy,heavy:8003,heavy-service,Apple__Healthy,heavy
1786677292.264,63,predictions_total,heavy,heavy:8003,heavy-service,Apple__Healthy,heavy
1786677297.264,63,predictions_total,heavy,heavy:8003,heavy-service,Apple__Healthy,heavy
1786677302.264,65,predictions_total,heavy,heavy:8003,heavy-service,Apple__Healthy,heavy
1786677307.264,65,predictions_total,heavy,heavy:8003,heavy-service,Apple__Healthy,heavy
1786677312.264,65,predictions_total,heavy,heavy:8003,heavy-service,Apple__Healthy,heavy
1786677317.264,66,predictions_total,heavy,heavy:8003,heavy-service,Apple__Healthy,heavy
1786677322.264,67,predictions_total,heavy,heavy:8003,heavy-service,Apple__Healthy,heavy
1786677327.264,68,predictions_total,heavy,heavy:8003,heavy-service,Apple__Healthy,heavy
1786677332.264,68,predictions_total,heavy,heavy:8003,heavy-service,Apple__Healthy,heavy
1786677337.264,69,predictions_total,heavy,heavy:8003,heavy-service,Apple__Healthy,heavy
1786677342.264,69,predictions_total,heavy,heavy:8003,heavy-service,Apple__Healthy,heavy
1786677347.264,69,predictions_total,heavy,heavy:8003,heavy-service,Apple__Healthy,heavy
1786677352.264,69,predictions_total,heavy,heavy:8003,heavy-service,Apple__Healthy,heavy
1786677357.264,70,predictions_total,heavy,heavy:8003,heavy-service,Apple__Healthy,heavy
1786677362.264,70,predictions_total,heavy,heavy:8003,heavy-service,Apple__Healthy,heavy
1786677367.264,72,predictions_total,heavy,heavy:8003,heavy-service,Apple__Healthy,heavy
1786677372.264,73,predictions_total,heavy,heavy:8003,heavy-service,Apple__Healthy,heavy
1786677377.264,73,predictions_total,heavy,heavy:8003,heavy-service,Apple__Healthy,heavy
1786677382.264,75,predictions_total,heavy,heavy:8003,heavy-service,Apple__Healthy,heavy
1786677387.264,76,predictions_total,heavy,heavy:8003,heavy-service,Apple__Healthy,heavy
1786677392.264,78,predictions_total,heavy,heavy:8003,heavy-service,Apple__Healthy,heavy
1786677397.264,78,predictions_total,heavy,heavy:8003,heavy-service,Apple__Healthy,heavy
1786677402.264,78,predictions_total,heavy,heavy:8003,heavy-service,Apple__Healthy,heavy
1786677407.264,78,predictions_total,heavy,heavy:8003,heavy-service,Apple__Healthy,heavy
1786677412.264,78,predictions_total,heavy,heavy:8003,heavy-service,Apple__Healthy,heavy
1786677417.264,79,predictions_total,heavy,heavy:8003,heavy-service,Apple__Healthy,heavy
1786677422.264,80,predictions_total,heavy,heavy:8003,heavy-service,Apple__Healthy,heavy
1786677427.264,83,predictions_total,heavy,heavy:8003,heavy-service,Apple__Healthy,heavy
1786677432.264,85,predictions_total,heavy,heavy:8003,heavy-service,Apple__Healthy,heavy
1786677437.264,86,predictions_total,heavy,heavy:8003,heavy-service,Apple__Healthy,heavy
1786677442.264,87,predictions_total,heavy,heavy:8003,heavy-service,Apple__Healthy,heavy
1786677447.264,87,predictions_total,heavy,heavy:8003,heavy-service,Apple__Healthy,heavy
1786676362.264,1,predictions_total,heavy,heavy:8003,heavy-service,Apple__Rotten,heavy
1786676367.264,1,predictions_total,heavy,heavy:8003,heavy-service,Apple__Rotten,heavy
1786676372.264,1,predictions_total,heavy,heavy:8003,heavy-service,Apple__Rotten,heavy
1786676377.264,1,predictions_total,heavy,heavy:8003,heavy-service,Apple__Rotten,heavy
1786676382.264,6,predictions_total,heavy,heavy:8003,heavy-service,Apple__Rotten,heavy
1786676387.264,10,predictions_total,heavy,heavy:8003,heavy-service,Apple__Rotten,heavy
1786676392.264,10,predictions_total,heavy,heavy:8003,heavy-service,Apple__Rotten,heavy
1786676397.264,11,predictions_total,heavy,heavy:8003,heavy-service,Apple__Rotten,heavy
1786676402.264,12,predictions_total,heavy,heavy:8003,heavy-service,Apple__Rotten,heavy
1786676407.264,12,predictions_total,heavy,heavy:8003,heavy-service,Apple__Rotten,heavy
1786676412.264,12,predictions_total,heavy,heavy:8003,heavy-service,Apple__Rotten,heavy
1786676417.264,12,predictions_total,heavy,heavy:8003,heavy-service,Apple__Rotten,heavy
1786676422.264,12,predictions_total,heavy,heavy:8003,heavy-service,Apple__Rotten,heavy
1786676427.264,12,predictions_total,heavy,heavy:8003,heavy-service,Apple__Rotten,heavy
1786676432.264,12,predictions_total,heavy,heavy:8003,heavy-service,Apple__Rotten,heavy
1786676437.264,12,predictions_total,heavy,heavy:8003,heavy-service,Apple__Rotten,heavy
1786676442.264,12,predictions_total,heavy,heavy:8003,heavy-service,Apple__Rotten,heavy
1786676447.264,12,predictions_total,heavy,heavy:8003,heavy-service,Apple__Rotten,heavy
1786676452.264,12,predictions_total,heavy,heavy:8003,heavy-service,Apple__Rotten,heavy
1786676457.264,12,predictions_total,heavy,heavy:8003,heavy-service,Apple__Rotten,heavy
1786676462.264,12,predictions_total,heavy,heavy:8003,heavy-service,Apple__Rotten,heavy
1786676467.264,12,predictions_total,heavy,heavy:8003,heavy-service,Apple__Rotten,heavy
1786676472.264,12,predictions_total,heavy,heavy:8003,heavy-service,Apple__Rotten,heavy
1786676477.264,12,predictions_total,heavy,heavy:8003,heavy-service,Apple__Rotten,heavy
1786676482.264,12,predictions_total,heavy,heavy:8003,heavy-service,Apple__Rotten,heavy
1786676487.264,12,predictions_total,heavy,heavy:8003,heavy-service,Apple__Rotten,heavy
1786676492.264,12,predictions_total,heavy,heavy:8003,heavy-service,Apple__Rotten,heavy
1786676497.264,12,predictions_total,heavy,heavy:8003,heavy-service,Apple__Rotten,heavy
1786676502.264,12,predictions_total,heavy,heavy:8003,heavy-service,Apple__Rotten,heavy
1786676507.264,12,predictions_total,heavy,heavy:8003,heavy-service,Apple__Rotten,heavy
1786676512.264,12,predictions_total,heavy,heavy:8003,heavy-service,Apple__Rotten,heavy
1786676517.264,12,predictions_total,heavy,heavy:8003,heavy-service,Apple__Rotten,heavy
1786676522.264,12,predictions_total,heavy,heavy:8003,heavy-service,Apple__Rotten,heavy
1786676527.264,12,predictions_total,heavy,heavy:8003,heavy-service,Apple__Rotten,heavy
1786676532.264,12,predictions_total,heavy,heavy:8003,heavy-service,Apple__Rotten,heavy
1786676537.264,12,predictions_total,heavy,heavy:8003,heavy-service,Apple__Rotten,heavy
1786676542.264,12,predictions_total,heavy,heavy:8003,heavy-service,Apple__Rotten,heavy
1786676547.264,12,predictions_total,heavy,heavy:8003,heavy-service,Apple__Rotten,heavy
1786676552.264,12,predictions_total,heavy,heavy:8003,heavy-service,Apple__Rotten,heavy
1786676557.264,12,predictions_total,heavy,heavy:8003,heavy-service,Apple__Rotten,heavy
1786676562.264,12,predictions_total,heavy,heavy:8003,heavy-service,Apple__Rotten,heavy
1786676567.264,12,predictions_total,heavy,heavy:8003,heavy-service,Apple__Rotten,heavy
1786676572.264,12,predictions_total,heavy,heavy:8003,heavy-service,Apple__Rotten,heavy
1786676577.264,12,predictions_total,heavy,heavy:8003,heavy-service,Apple__Rotten,heavy
1786676582.264,12,predictions_total,heavy,heavy:8003,heavy-service,Apple__Rotten,heavy
1786676587.264,12,predictions_total,heavy,heavy:8003,heavy-service,Apple__Rotten,heavy
1786676592.264,12,predictions_total,heavy,heavy:8003,heavy-service,Apple__Rotten,heavy
1786676597.264,12,predictions_total,heavy,heavy:8003,heavy-service,Apple__Rotten,heavy
1786676602.264,12,predictions_total,heavy,heavy:8003,heavy-service,Apple__Rotten,heavy
1786676607.264,12,predictions_total,heavy,heavy:8003,heavy-service,Apple__Rotten,heavy
1786676612.264,12,predictions_total,heavy,heavy:8003,heavy-service,Apple__Rotten,heavy
1786676617.264,12,predictions_total,heavy,heavy:8003,heavy-service,Apple__Rotten,heavy
1786676622.264,12,predictions_total,heavy,heavy:8003,heavy-service,Apple__Rotten,heavy
1786676627.264,12,predictions_total,heavy,heavy:8003,heavy-service,Apple__Rotten,heavy
1786676632.264,12,predictions_total,heavy,heavy:8003,heavy-service,Apple__Rotten,heavy
1786676637.264,12,predictions_total,heavy,heavy:8003,heavy-service,Apple__Rotten,heavy
1786676642.264,12,predictions_total,heavy,heavy:8003,heavy-service,Apple__Rotten,heavy
1786676647.264,12,predictions_total,heavy,heavy:8003,heavy-service,Apple__Rotten,heavy
1786676652.264,14,predictions_total,heavy,heavy:8003,heavy-service,Apple__Rotten,heavy
1786676657.264,16,predictions_total,heavy,heavy:8003,heavy-service,Apple__Rotten,heavy
1786676662.264,16,predictions_total,heavy,heavy:8003,heavy-service,Apple__Rotten,heavy
1786676667.264,18,predictions_total,heavy,heavy:8003,heavy-service,Apple__Rotten,heavy
1786676672.264,18,predictions_total,heavy,heavy:8003,heavy-service,Apple__Rotten,heavy
1786676677.264,19,predictions_total,heavy,heavy:8003,heavy-service,Apple__Rotten,heavy
1786676682.264,19,predictions_total,heavy,heavy:8003,heavy-service,Apple__Rotten,heavy
1786676687.264,21,predictions_total,heavy,heavy:8003,heavy-service,Apple__Rotten,heavy
1786676692.264,22,predictions_total,heavy,heavy:8003,heavy-service,Apple__Rotten,heavy
1786676697.264,23,predictions_total,heavy,heavy:8003,heavy-service,Apple__Rotten,heavy
1786676702.264,24,predictions_total,heavy,heavy:8003,heavy-service,Apple__Rotten,heavy
1786676707.264,26,predictions_total,heavy,heavy:8003,heavy-service,Apple__Rotten,heavy
1786676712.264,27,predictions_total,heavy,heavy:8003,heavy-service,Apple__Rotten,heavy
1786676717.264,27,predictions_total,heavy,heavy:8003,heavy-service,Apple__Rotten,heavy
1786676722.264,28,predictions_total,heavy,heavy:8003,heavy-service,Apple__Rotten,heavy
1786676727.264,29,predictions_total,heavy,heavy:8003,heavy-service,Apple__Rotten,heavy
1786676732.264,32,predictions_total,heavy,heavy:8003,heavy-service,Apple__Rotten,heavy
1786676737.264,37,predictions_total,heavy,heavy:8003,heavy-service,Apple__Rotten,heavy
1786676742.264,41,predictions_total,heavy,heavy:8003,heavy-service,Apple__Rotten,heavy
1786676747.264,41,predictions_total,heavy,heavy:8003,heavy-service,Apple__Rotten,heavy
1786676752.264,41,predictions_total,heavy,heavy:8003,heavy-service,Apple__Rotten,heavy
1786676757.264,41,predictions_total,heavy,heavy:8003,heavy-service,Apple__Rotten,heavy
1786676762.264,41,predictions_total,heavy,heavy:8003,heavy-service,Apple__Rotten,heavy
1786676767.264,41,predictions_total,heavy,heavy:8003,heavy-service,Apple__Rotten,heavy
1786676772.264,41,predictions_total,heavy,heavy:8003,heavy-service,Apple__Rotten,heavy
1786676777.264,41,predictions_total,heavy,heavy:8003,heavy-service,Apple__Rotten,heavy
1786676782.264,41,predictions_total,heavy,heavy:8003,heavy-service,Apple__Rotten,heavy
1786676787.264,41,predictions_total,heavy,heavy:8003,heavy-service,Apple__Rotten,heavy
1786676792.264,41,predictions_total,heavy,heavy:8003,heavy-service,Apple__Rotten,heavy
1786676797.264,41,predictions_total,heavy,heavy:8003,heavy-service,Apple__Rotten,heavy
1786676802.264,41,predictions_total,heavy,heavy:8003,heavy-service,Apple__Rotten,heavy
1786676807.264,43,predictions_total,heavy,heavy:8003,heavy-service,Apple__Rotten,heavy
1786676812.264,43,predictions_total,heavy,heavy:8003,heavy-service,Apple__Rotten,heavy
1786676817.264,44,predictions_total,heavy,heavy:8003,heavy-service,Apple__Rotten,heavy
1786676822.264,44,predictions_total,heavy,heavy:8003,heavy-service,Apple__Rotten,heavy
1786676827.264,44,predictions_total,heavy,heavy:8003,heavy-service,Apple__Rotten,heavy
1786676832.264,46,predictions_total,heavy,heavy:8003,heavy-service,Apple__Rotten,heavy
1786676837.264,46,predictions_total,heavy,heavy:8003,heavy-service,Apple__Rotten,heavy
1786676842.264,46,predictions_total,heavy,heavy:8003,heavy-service,Apple__Rotten,heavy
1786676847.264,46,predictions_total,heavy,heavy:8003,heavy-service,Apple__Rotten,heavy
1786676852.264,46,predictions_total,heavy,heavy:8003,heavy-service,Apple__Rotten,heavy
1786676857.264,47,predictions_total,heavy,heavy:8003,heavy-service,Apple__Rotten,heavy
1786676862.264,48,predictions_total,heavy,heavy:8003,heavy-service,Apple__Rotten,heavy
1786676867.264,49,predictions_total,heavy,heavy:8003,heavy-service,Apple__Rotten,heavy
1786676872.264,49,predictions_total,heavy,heavy:8003,heavy-service,Apple__Rotten,heavy
1786676877.264,49,predictions_total,heavy,heavy:8003,heavy-service,Apple__Rotten,heavy
1786676882.264,49,predictions_total,heavy,heavy:8003,heavy-service,Apple__Rotten,heavy
1786676887.264,49,predictions_total,heavy,heavy:8003,heavy-service,Apple__Rotten,heavy
1786676892.264,49,predictions_total,heavy,heavy:8003,heavy-service,Apple__Rotten,heavy
1786676897.264,49,predictions_total,heavy,heavy:8003,heavy-service,Apple__Rotten,heavy
1786676902.264,49,predictions_total,heavy,heavy:8003,heavy-service,Apple__Rotten,heavy
1786676907.264,49,predictions_total,heavy,heavy:8003,heavy-service,Apple__Rotten,heavy
1786676912.264,49,predictions_total,heavy,heavy:8003,heavy-service,Apple__Rotten,heavy
1786676917.264,49,predictions_total,heavy,heavy:8003,heavy-service,Apple__Rotten,heavy
1786676922.264,49,predictions_total,heavy,heavy:8003,heavy-service,Apple__Rotten,heavy
1786676927.264,49,predictions_total,heavy,heavy:8003,heavy-service,Apple__Rotten,heavy
1786676932.264,49,predictions_total,heavy,heavy:8003,heavy-service,Apple__Rotten,heavy
1786676937.264,49,predictions_total,heavy,heavy:8003,heavy-service,Apple__Rotten,heavy
1786676942.264,49,predictions_total,heavy,heavy:8003,heavy-service,Apple__Rotten,heavy
1786676947.264,49,predictions_total,heavy,heavy:8003,heavy-service,Apple__Rotten,heavy
1786676952.264,49,predictions_total,heavy,heavy:8003,heavy-service,Apple__Rotten,heavy
1786676957.264,49,predictions_total,heavy,heavy:8003,heavy-service,Apple__Rotten,heavy
1786676962.264,49,predictions_total,heavy,heavy:8003,heavy-service,Apple__Rotten,heavy
1786676967.264,49,predictions_total,heavy,heavy:8003,heavy-service,Apple__Rotten,heavy
1786676972.264,49,predictions_total,heavy,heavy:8003,heavy-service,Apple__Rotten,heavy
1786676977.264,49,predictions_total,heavy,heavy:8003,heavy-service,Apple__Rotten,heavy
1786676982.264,49,predictions_total,heavy,heavy:8003,heavy-service,Apple__Rotten,heavy
1786676987.264,49,predictions_total,heavy,heavy:8003,heavy-service,Apple__Rotten,heavy
1786676992.264,49,predictions_total,heavy,heavy:8003,heavy-service,Apple__Rotten,heavy
1786676997.264,49,predictions_total,heavy,heavy:8003,heavy-service,Apple__Rotten,heavy
1786677002.264,49,predictions_total,heavy,heavy:8003,heavy-service,Apple__Rotten,heavy
1786677007.264,49,predictions_total,heavy,heavy:8003,heavy-service,Apple__Rotten,heavy
1786677012.264,49,predictions_total,heavy,heavy:8003,heavy-service,Apple__Rotten,heavy
1786677017.264,49,predictions_total,heavy,heavy:8003,heavy-service,Apple__Rotten,heavy
1786677022.264,49,predictions_total,heavy,heavy:8003,heavy-service,Apple__Rotten,heavy
1786677027.264,49,predictions_total,heavy,heavy:8003,heavy-service,Apple__Rotten,heavy
1786677032.264,49,predictions_total,heavy,heavy:8003,heavy-service,Apple__Rotten,heavy
1786677037.264,49,predictions_total,heavy,heavy:8003,heavy-service,Apple__Rotten,heavy
1786677042.264,49,predictions_total,heavy,heavy:8003,heavy-service,Apple__Rotten,heavy
1786677047.264,49,predictions_total,heavy,heavy:8003,heavy-service,Apple__Rotten,heavy
1786677052.264,49,predictions_total,heavy,heavy:8003,heavy-service,Apple__Rotten,heavy
1786677057.264,49,predictions_total,heavy,heavy:8003,heavy-service,Apple__Rotten,heavy
1786677062.264,49,predictions_total,heavy,heavy:8003,heavy-service,Apple__Rotten,heavy
1786677067.264,49,predictions_total,heavy,heavy:8003,heavy-service,Apple__Rotten,heavy
1786677072.264,49,predictions_total,heavy,heavy:8003,heavy-service,Apple__Rotten,heavy
1786677077.264,49,predictions_total,heavy,heavy:8003,heavy-service,Apple__Rotten,heavy
1786677082.264,49,predictions_total,heavy,heavy:8003,heavy-service,Apple__Rotten,heavy
1786677087.264,49,predictions_total,heavy,heavy:8003,heavy-service,Apple__Rotten,heavy
1786677092.264,49,predictions_total,heavy,heavy:8003,heavy-service,Apple__Rotten,heavy
1786677097.264,49,predictions_total,heavy,heavy:8003,heavy-service,Apple__Rotten,heavy
1786677102.264,49,predictions_total,heavy,heavy:8003,heavy-service,Apple__Rotten,heavy
1786677107.264,49,predictions_total,heavy,heavy:8003,heavy-service,Apple__Rotten,heavy
1786677112.264,49,predictions_total,heavy,heavy:8003,heavy-service,Apple__Rotten,heavy
1786677117.264,49,predictions_total,heavy,heavy:8003,heavy-service,Apple__Rotten,heavy
1786677122.264,49,predictions_total,heavy,heavy:8003,heavy-service,Apple__Rotten,heavy
1786677127.264,49,predictions_total,heavy,heavy:8003,heavy-service,Apple__Rotten,heavy
1786677132.264,49,predictions_total,heavy,heavy:8003,heavy-service,Apple__Rotten,heavy
1786677137.264,49,predictions_total,heavy,heavy:8003,heavy-service,Apple__Rotten,heavy
1786677142.264,49,predictions_total,heavy,heavy:8003,heavy-service,Apple__Rotten,heavy
1786677147.264,49,predictions_total,heavy,heavy:8003,heavy-service,Apple__Rotten,heavy
1786677152.264,49,predictions_total,heavy,heavy:8003,heavy-service,Apple__Rotten,heavy
1786677157.264,49,predictions_total,heavy,heavy:8003,heavy-service,Apple__Rotten,heavy
1786677162.264,49,predictions_total,heavy,heavy:8003,heavy-service,Apple__Rotten,heavy
1786677167.264,49,predictions_total,heavy,heavy:8003,heavy-service,Apple__Rotten,heavy
1786677172.264,49,predictions_total,heavy,heavy:8003,heavy-service,Apple__Rotten,heavy
1786677177.264,49,predictions_total,heavy,heavy:8003,heavy-service,Apple__Rotten,heavy
1786677182.264,49,predictions_total,heavy,heavy:8003,heavy-service,Apple__Rotten,heavy
1786677187.264,49,predictions_total,heavy,heavy:8003,heavy-service,Apple__Rotten,heavy
1786677192.264,49,predictions_total,heavy,heavy:8003,heavy-service,Apple__Rotten,heavy
1786677197.264,49,predictions_total,heavy,heavy:8003,heavy-service,Apple__Rotten,heavy
1786677202.264,49,predictions_total,heavy,heavy:8003,heavy-service,Apple__Rotten,heavy
1786677207.264,49,predictions_total,heavy,heavy:8003,heavy-service,Apple__Rotten,heavy
1786677212.264,49,predictions_total,heavy,heavy:8003,heavy-service,Apple__Rotten,heavy
1786677217.264,49,predictions_total,heavy,heavy:8003,heavy-service,Apple__Rotten,heavy
1786677222.264,49,predictions_total,heavy,heavy:8003,heavy-service,Apple__Rotten,heavy
1786677227.264,49,predictions_total,heavy,heavy:8003,heavy-service,Apple__Rotten,heavy
1786677232.264,49,predictions_total,heavy,heavy:8003,heavy-service,Apple__Rotten,heavy
1786677237.264,49,predictions_total,heavy,heavy:8003,heavy-service,Apple__Rotten,heavy
1786677242.264,49,predictions_total,heavy,heavy:8003,heavy-service,Apple__Rotten,heavy
1786677247.264,50,predictions_total,heavy,heavy:8003,heavy-service,Apple__Rotten,heavy
1786677252.264,50,predictions_total,heavy,heavy:8003,heavy-service,Apple__Rotten,heavy
1786677257.264,50,predictions_total,heavy,heavy:8003,heavy-service,Apple__Rotten,heavy
1786677262.264,50,predictions_total,heavy,heavy:8003,heavy-service,Apple__Rotten,heavy
1786677267.264,50,predictions_total,heavy,heavy:8003,heavy-service,Apple__Rotten,heavy
1786677272.264,51,predictions_total,heavy,heavy:8003,heavy-service,Apple__Rotten,heavy
1786677277.264,51,predictions_total,heavy,heavy:8003,heavy-service,Apple__Rotten,heavy
1786677282.264,58,predictions_total,heavy,heavy:8003,heavy-service,Apple__Rotten,heavy
1786677287.264,61,predictions_total,heavy,heavy:8003,heavy-service,Apple__Rotten,heavy
1786677292.264,64,predictions_total,heavy,heavy:8003,heavy-service,Apple__Rotten,heavy
1786677297.264,66,predictions_total,heavy,heavy:8003,heavy-service,Apple__Rotten,heavy
1786677302.264,67,predictions_total,heavy,heavy:8003,heavy-service,Apple__Rotten,heavy
1786677307.264,68,predictions_total,heavy,heavy:8003,heavy-service,Apple__Rotten,heavy
1786677312.264,68,predictions_total,heavy,heavy:8003,heavy-service,Apple__Rotten,heavy
1786677317.264,70,predictions_total,heavy,heavy:8003,heavy-service,Apple__Rotten,heavy
1786677322.264,71,predictions_total,heavy,heavy:8003,heavy-service,Apple__Rotten,heavy
1786677327.264,76,predictions_total,heavy,heavy:8003,heavy-service,Apple__Rotten,heavy
1786677332.264,77,predictions_total,heavy,heavy:8003,heavy-service,Apple__Rotten,heavy
1786677337.264,82,predictions_total,heavy,heavy:8003,heavy-service,Apple__Rotten,heavy
1786677342.264,82,predictions_total,heavy,heavy:8003,heavy-service,Apple__Rotten,heavy
1786677347.264,82,predictions_total,heavy,heavy:8003,heavy-service,Apple__Rotten,heavy
1786677352.264,82,predictions_total,heavy,heavy:8003,heavy-service,Apple__Rotten,heavy
1786677357.264,82,predictions_total,heavy,heavy:8003,heavy-service,Apple__Rotten,heavy
1786677362.264,82,predictions_total,heavy,heavy:8003,heavy-service,Apple__Rotten,heavy
1786677367.264,82,predictions_total,heavy,heavy:8003,heavy-service,Apple__Rotten,heavy
1786677372.264,82,predictions_total,heavy,heavy:8003,heavy-service,Apple__Rotten,heavy
1786677377.264,82,predictions_total,heavy,heavy:8003,heavy-service,Apple__Rotten,heavy
1786677382.264,82,predictions_total,heavy,heavy:8003,heavy-service,Apple__Rotten,heavy
1786677387.264,82,predictions_total,heavy,heavy:8003,heavy-service,Apple__Rotten,heavy
1786677392.264,82,predictions_total,heavy,heavy:8003,heavy-service,Apple__Rotten,heavy
1786677397.264,83,predictions_total,heavy,heavy:8003,heavy-service,Apple__Rotten,heavy
1786677402.264,83,predictions_total,heavy,heavy:8003,heavy-service,Apple__Rotten,heavy
1786677407.264,83,predictions_total,heavy,heavy:8003,heavy-service,Apple__Rotten,heavy
1786677412.264,83,predictions_total,heavy,heavy:8003,heavy-service,Apple__Rotten,heavy
1786677417.264,83,predictions_total,heavy,heavy:8003,heavy-service,Apple__Rotten,heavy
1786677422.264,83,predictions_total,heavy,heavy:8003,heavy-service,Apple__Rotten,heavy
1786677427.264,83,predictions_total,heavy,heavy:8003,heavy-service,Apple__Rotten,heavy
1786677432.264,87,predictions_total,heavy,heavy:8003,heavy-service,Apple__Rotten,heavy
1786677437.264,88,predictions_total,heavy,heavy:8003,heavy-service,Apple__Rotten,heavy
1786677442.264,89,predictions_total,heavy,heavy:8003,heavy-service,Apple__Rotten,heavy
1786677447.264,89,predictions_total,heavy,heavy:8003,heavy-service,Apple__Rotten,heavy
1786676342.264,1,predictions_total,heavy,heavy:8003,heavy-service,Banana__Healthy,heavy
1786676347.264,1,predictions_total,heavy,heavy:8003,heavy-service,Banana__Healthy,heavy
1786676352.264,1,predictions_total,heavy,heavy:8003,heavy-service,Banana__Healthy,heavy
1786676357.264,1,predictions_total,heavy,heavy:8003,heavy-service,Banana__Healthy,heavy
1786676362.264,1,predictions_total,heavy,heavy:8003,heavy-service,Banana__Healthy,heavy
1786676367.264,1,predictions_total,heavy,heavy:8003,heavy-service,Banana__Healthy,heavy
1786676372.264,1,predictions_total,heavy,heavy:8003,heavy-service,Banana__Healthy,heavy
1786676377.264,1,predictions_total,heavy,heavy:8003,heavy-service,Banana__Healthy,heavy
1786676382.264,1,predictions_total,heavy,heavy:8003,heavy-service,Banana__Healthy,heavy
1786676387.264,1,predictions_total,heavy,heavy:8003,heavy-service,Banana__Healthy,heavy
1786676392.264,1,predictions_total,heavy,heavy:8003,heavy-service,Banana__Healthy,heavy
1786676397.264,1,predictions_total,heavy,heavy:8003,heavy-service,Banana__Healthy,heavy
1786676402.264,2,predictions_total,heavy,heavy:8003,heavy-service,Banana__Healthy,heavy
1786676407.264,2,predictions_total,heavy,heavy:8003,heavy-service,Banana__Healthy,heavy
1786676412.264,2,predictions_total,heavy,heavy:8003,heavy-service,Banana__Healthy,heavy
1786676417.264,2,predictions_total,heavy,heavy:8003,heavy-service,Banana__Healthy,heavy
1786676422.264,2,predictions_total,heavy,heavy:8003,heavy-service,Banana__Healthy,heavy
1786676427.264,2,predictions_total,heavy,heavy:8003,heavy-service,Banana__Healthy,heavy
1786676432.264,2,predictions_total,heavy,heavy:8003,heavy-service,Banana__Healthy,heavy
1786676437.264,2,predictions_total,heavy,heavy:8003,heavy-service,Banana__Healthy,heavy
1786676442.264,2,predictions_total,heavy,heavy:8003,heavy-service,Banana__Healthy,heavy
1786676447.264,2,predictions_total,heavy,heavy:8003,heavy-service,Banana__Healthy,heavy
1786676452.264,2,predictions_total,heavy,heavy:8003,heavy-service,Banana__Healthy,heavy
1786676457.264,2,predictions_total,heavy,heavy:8003,heavy-service,Banana__Healthy,heavy
1786676462.264,2,predictions_total,heavy,heavy:8003,heavy-service,Banana__Healthy,heavy
1786676467.264,2,predictions_total,heavy,heavy:8003,heavy-service,Banana__Healthy,heavy
1786676472.264,2,predictions_total,heavy,heavy:8003,heavy-service,Banana__Healthy,heavy
1786676477.264,2,predictions_total,heavy,heavy:8003,heavy-service,Banana__Healthy,heavy
1786676482.264,2,predictions_total,heavy,heavy:8003,heavy-service,Banana__Healthy,heavy
1786676487.264,2,predictions_total,heavy,heavy:8003,heavy-service,Banana__Healthy,heavy
1786676492.264,2,predictions_total,heavy,heavy:8003,heavy-service,Banana__Healthy,heavy
1786676497.264,2,predictions_total,heavy,heavy:8003,heavy-service,Banana__Healthy,heavy
1786676502.264,2,predictions_total,heavy,heavy:8003,heavy-service,Banana__Healthy,heavy
1786676507.264,2,predictions_total,heavy,heavy:8003,heavy-service,Banana__Healthy,heavy
1786676512.264,2,predictions_total,heavy,heavy:8003,heavy-service,Banana__Healthy,heavy
1786676517.264,2,predictions_total,heavy,heavy:8003,heavy-service,Banana__Healthy,heavy
1786676522.264,2,predictions_total,heavy,heavy:8003,heavy-service,Banana__Healthy,heavy
1786676527.264,2,predictions_total,heavy,heavy:8003,heavy-service,Banana__Healthy,heavy
1786676532.264,2,predictions_total,heavy,heavy:8003,heavy-service,Banana__Healthy,heavy
1786676537.264,2,predictions_total,heavy,heavy:8003,heavy-service,Banana__Healthy,heavy
1786676542.264,2,predictions_total,heavy,heavy:8003,heavy-service,Banana__Healthy,heavy
1786676547.264,2,predictions_total,heavy,heavy:8003,heavy-service,Banana__Healthy,heavy
1786676552.264,2,predictions_total,heavy,heavy:8003,heavy-service,Banana__Healthy,heavy
1786676557.264,2,predictions_total,heavy,heavy:8003,heavy-service,Banana__Healthy,heavy
1786676562.264,2,predictions_total,heavy,heavy:8003,heavy-service,Banana__Healthy,heavy
1786676567.264,2,predictions_total,heavy,heavy:8003,heavy-service,Banana__Healthy,heavy
1786676572.264,2,predictions_total,heavy,heavy:8003,heavy-service,Banana__Healthy,heavy
1786676577.264,2,predictions_total,heavy,heavy:8003,heavy-service,Banana__Healthy,heavy
1786676582.264,2,predictions_total,heavy,heavy:8003,heavy-service,Banana__Healthy,heavy
1786676587.264,2,predictions_total,heavy,heavy:8003,heavy-service,Banana__Healthy,heavy
1786676592.264,2,predictions_total,heavy,heavy:8003,heavy-service,Banana__Healthy,heavy
1786676597.264,2,predictions_total,heavy,heavy:8003,heavy-service,Banana__Healthy,heavy
1786676602.264,2,predictions_total,heavy,heavy:8003,heavy-service,Banana__Healthy,heavy
1786676607.264,2,predictions_total,heavy,heavy:8003,heavy-service,Banana__Healthy,heavy
1786676612.264,2,predictions_total,heavy,heavy:8003,heavy-service,Banana__Healthy,heavy
1786676617.264,2,predictions_total,heavy,heavy:8003,heavy-service,Banana__Healthy,heavy
1786676622.264,2,predictions_total,heavy,heavy:8003,heavy-service,Banana__Healthy,heavy
1786676627.264,2,predictions_total,heavy,heavy:8003,heavy-service,Banana__Healthy,heavy
1786676632.264,2,predictions_total,heavy,heavy:8003,heavy-service,Banana__Healthy,heavy
1786676637.264,2,predictions_total,heavy,heavy:8003,heavy-service,Banana__Healthy,heavy
1786676642.264,2,predictions_total,heavy,heavy:8003,heavy-service,Banana__Healthy,heavy
1786676647.264,3,predictions_total,heavy,heavy:8003,heavy-service,Banana__Healthy,heavy
1786676652.264,3,predictions_total,heavy,heavy:8003,heavy-service,Banana__Healthy,heavy
1786676657.264,3,predictions_total,heavy,heavy:8003,heavy-service,Banana__Healthy,heavy
1786676662.264,3,predictions_total,heavy,heavy:8003,heavy-service,Banana__Healthy,heavy
1786676667.264,4,predictions_total,heavy,heavy:8003,heavy-service,Banana__Healthy,heavy
1786676672.264,4,predictions_total,heavy,heavy:8003,heavy-service,Banana__Healthy,heavy
1786676677.264,4,predictions_total,heavy,heavy:8003,heavy-service,Banana__Healthy,heavy
1786676682.264,5,predictions_total,heavy,heavy:8003,heavy-service,Banana__Healthy,heavy
1786676687.264,6,predictions_total,heavy,heavy:8003,heavy-service,Banana__Healthy,heavy
1786676692.264,7,predictions_total,heavy,heavy:8003,heavy-service,Banana__Healthy,heavy
1786676697.264,7,predictions_total,heavy,heavy:8003,heavy-service,Banana__Healthy,heavy
1786676702.264,8,predictions_total,heavy,heavy:8003,heavy-service,Banana__Healthy,heavy
1786676707.264,9,predictions_total,heavy,heavy:8003,heavy-service,Banana__Healthy,heavy
1786676712.264,9,predictions_total,heavy,heavy:8003,heavy-service,Banana__Healthy,heavy
1786676717.264,9,predictions_total,heavy,heavy:8003,heavy-service,Banana__Healthy,heavy
1786676722.264,9,predictions_total,heavy,heavy:8003,heavy-service,Banana__Healthy,heavy
1786676727.264,9,predictions_total,heavy,heavy:8003,heavy-service,Banana__Healthy,heavy
1786676732.264,10,predictions_total,heavy,heavy:8003,heavy-service,Banana__Healthy,heavy
1786676737.264,11,predictions_total,heavy,heavy:8003,heavy-service,Banana__Healthy,heavy
1786676742.264,12,predictions_total,heavy,heavy:8003,heavy-service,Banana__Healthy,heavy
1786676747.264,13,predictions_total,heavy,heavy:8003,heavy-service,Banana__Healthy,heavy
1786676752.264,13,predictions_total,heavy,heavy:8003,heavy-service,Banana__Healthy,heavy
1786676757.264,13,predictions_total,heavy,heavy:8003,heavy-service,Banana__Healthy,heavy
1786676762.264,13,predictions_total,heavy,heavy:8003,heavy-service,Banana__Healthy,heavy
1786676767.264,13,predictions_total,heavy,heavy:8003,heavy-service,Banana__Healthy,heavy
1786676772.264,13,predictions_total,heavy,heavy:8003,heavy-service,Banana__Healthy,heavy
1786676777.264,13,predictions_total,heavy,heavy:8003,heavy-service,Banana__Healthy,heavy
1786676782.264,13,predictions_total,heavy,heavy:8003,heavy-service,Banana__Healthy,heavy
1786676787.264,13,predictions_total,heavy,heavy:8003,heavy-service,Banana__Healthy,heavy
1786676792.264,13,predictions_total,heavy,heavy:8003,heavy-service,Banana__Healthy,heavy
1786676797.264,13,predictions_total,heavy,heavy:8003,heavy-service,Banana__Healthy,heavy
1786676802.264,13,predictions_total,heavy,heavy:8003,heavy-service,Banana__Healthy,heavy
1786676807.264,13,predictions_total,heavy,heavy:8003,heavy-service,Banana__Healthy,heavy
1786676812.264,13,predictions_total,heavy,heavy:8003,heavy-service,Banana__Healthy,heavy
1786676817.264,13,predictions_total,heavy,heavy:8003,heavy-service,Banana__Healthy,heavy
1786676822.264,13,predictions_total,heavy,heavy:8003,heavy-service,Banana__Healthy,heavy
1786676827.264,13,predictions_total,heavy,heavy:8003,heavy-service,Banana__Healthy,heavy
1786676832.264,13,predictions_total,heavy,heavy:8003,heavy-service,Banana__Healthy,heavy
1786676837.264,13,predictions_total,heavy,heavy:8003,heavy-service,Banana__Healthy,heavy
1786676842.264,13,predictions_total,heavy,heavy:8003,heavy-service,Banana__Healthy,heavy
1786676847.264,13,predictions_total,heavy,heavy:8003,heavy-service,Banana__Healthy,heavy
1786676852.264,15,predictions_total,heavy,heavy:8003,heavy-service,Banana__Healthy,heavy
1786676857.264,15,predictions_total,heavy,heavy:8003,heavy-service,Banana__Healthy,heavy
1786676862.264,17,predictions_total,heavy,heavy:8003,heavy-service,Banana__Healthy,heavy
1786676867.264,18,predictions_total,heavy,heavy:8003,heavy-service,Banana__Healthy,heavy
1786676872.264,18,predictions_total,heavy,heavy:8003,heavy-service,Banana__Healthy,heavy
1786676877.264,18,predictions_total,heavy,heavy:8003,heavy-service,Banana__Healthy,heavy
1786676882.264,18,predictions_total,heavy,heavy:8003,heavy-service,Banana__Healthy,heavy
1786676887.264,18,predictions_total,heavy,heavy:8003,heavy-service,Banana__Healthy,heavy
1786676892.264,18,predictions_total,heavy,heavy:8003,heavy-service,Banana__Healthy,heavy
1786676897.264,18,predictions_total,heavy,heavy:8003,heavy-service,Banana__Healthy,heavy
1786676902.264,18,predictions_total,heavy,heavy:8003,heavy-service,Banana__Healthy,heavy
1786676907.264,18,predictions_total,heavy,heavy:8003,heavy-service,Banana__Healthy,heavy
1786676912.264,18,predictions_total,heavy,heavy:8003,heavy-service,Banana__Healthy,heavy
1786676917.264,18,predictions_total,heavy,heavy:8003,heavy-service,Banana__Healthy,heavy
1786676922.264,18,predictions_total,heavy,heavy:8003,heavy-service,Banana__Healthy,heavy
1786676927.264,18,predictions_total,heavy,heavy:8003,heavy-service,Banana__Healthy,heavy
1786676932.264,18,predictions_total,heavy,heavy:8003,heavy-service,Banana__Healthy,heavy
1786676937.264,18,predictions_total,heavy,heavy:8003,heavy-service,Banana__Healthy,heavy
1786676942.264,18,predictions_total,heavy,heavy:8003,heavy-service,Banana__Healthy,heavy
1786676947.264,18,predictions_total,heavy,heavy:8003,heavy-service,Banana__Healthy,heavy
1786676952.264,18,predictions_total,heavy,heavy:8003,heavy-service,Banana__Healthy,heavy
1786676957.264,18,predictions_total,heavy,heavy:8003,heavy-service,Banana__Healthy,heavy
1786676962.264,18,predictions_total,heavy,heavy:8003,heavy-service,Banana__Healthy,heavy
1786676967.264,18,predictions_total,heavy,heavy:8003,heavy-service,Banana__Healthy,heavy
1786676972.264,18,predictions_total,heavy,heavy:8003,heavy-service,Banana__Healthy,heavy
1786676977.264,18,predictions_total,heavy,heavy:8003,heavy-service,Banana__Healthy,heavy
1786676982.264,18,predictions_total,heavy,heavy:8003,heavy-service,Banana__Healthy,heavy
1786676987.264,18,predictions_total,heavy,heavy:8003,heavy-service,Banana__Healthy,heavy
1786676992.264,18,predictions_total,heavy,heavy:8003,heavy-service,Banana__Healthy,heavy
1786676997.264,18,predictions_total,heavy,heavy:8003,heavy-service,Banana__Healthy,heavy
1786677002.264,18,predictions_total,heavy,heavy:8003,heavy-service,Banana__Healthy,heavy
1786677007.264,18,predictions_total,heavy,heavy:8003,heavy-service,Banana__Healthy,heavy
1786677012.264,18,predictions_total,heavy,heavy:8003,heavy-service,Banana__Healthy,heavy
1786677017.264,18,predictions_total,heavy,heavy:8003,heavy-service,Banana__Healthy,heavy
1786677022.264,18,predictions_total,heavy,heavy:8003,heavy-service,Banana__Healthy,heavy
1786677027.264,18,predictions_total,heavy,heavy:8003,heavy-service,Banana__Healthy,heavy
1786677032.264,18,predictions_total,heavy,heavy:8003,heavy-service,Banana__Healthy,heavy
1786677037.264,18,predictions_total,heavy,heavy:8003,heavy-service,Banana__Healthy,heavy
1786677042.264,18,predictions_total,heavy,heavy:8003,heavy-service,Banana__Healthy,heavy
1786677047.264,18,predictions_total,heavy,heavy:8003,heavy-service,Banana__Healthy,heavy
1786677052.264,18,predictions_total,heavy,heavy:8003,heavy-service,Banana__Healthy,heavy
1786677057.264,18,predictions_total,heavy,heavy:8003,heavy-service,Banana__Healthy,heavy
1786677062.264,18,predictions_total,heavy,heavy:8003,heavy-service,Banana__Healthy,heavy
1786677067.264,18,predictions_total,heavy,heavy:8003,heavy-service,Banana__Healthy,heavy
1786677072.264,18,predictions_total,heavy,heavy:8003,heavy-service,Banana__Healthy,heavy
1786677077.264,18,predictions_total,heavy,heavy:8003,heavy-service,Banana__Healthy,heavy
1786677082.264,18,predictions_total,heavy,heavy:8003,heavy-service,Banana__Healthy,heavy
1786677087.264,18,predictions_total,heavy,heavy:8003,heavy-service,Banana__Healthy,heavy
1786677092.264,18,predictions_total,heavy,heavy:8003,heavy-service,Banana__Healthy,heavy
1786677097.264,18,predictions_total,heavy,heavy:8003,heavy-service,Banana__Healthy,heavy
1786677102.264,18,predictions_total,heavy,heavy:8003,heavy-service,Banana__Healthy,heavy
1786677107.264,18,predictions_total,heavy,heavy:8003,heavy-service,Banana__Healthy,heavy
1786677112.264,18,predictions_total,heavy,heavy:8003,heavy-service,Banana__Healthy,heavy
1786677117.264,18,predictions_total,heavy,heavy:8003,heavy-service,Banana__Healthy,heavy
1786677122.264,18,predictions_total,heavy,heavy:8003,heavy-service,Banana__Healthy,heavy
1786677127.264,18,predictions_total,heavy,heavy:8003,heavy-service,Banana__Healthy,heavy
1786677132.264,18,predictions_total,heavy,heavy:8003,heavy-service,Banana__Healthy,heavy
1786677137.264,18,predictions_total,heavy,heavy:8003,heavy-service,Banana__Healthy,heavy
1786677142.264,18,predictions_total,heavy,heavy:8003,heavy-service,Banana__Healthy,heavy
1786677147.264,18,predictions_total,heavy,heavy:8003,heavy-service,Banana__Healthy,heavy
1786677152.264,18,predictions_total,heavy,heavy:8003,heavy-service,Banana__Healthy,heavy
1786677157.264,18,predictions_total,heavy,heavy:8003,heavy-service,Banana__Healthy,heavy
1786677162.264,18,predictions_total,heavy,heavy:8003,heavy-service,Banana__Healthy,heavy
1786677167.264,18,predictions_total,heavy,heavy:8003,heavy-service,Banana__Healthy,heavy
1786677172.264,18,predictions_total,heavy,heavy:8003,heavy-service,Banana__Healthy,heavy
1786677177.264,18,predictions_total,heavy,heavy:8003,heavy-service,Banana__Healthy,heavy
1786677182.264,18,predictions_total,heavy,heavy:8003,heavy-service,Banana__Healthy,heavy
1786677187.264,18,predictions_total,heavy,heavy:8003,heavy-service,Banana__Healthy,heavy
1786677192.264,18,predictions_total,heavy,heavy:8003,heavy-service,Banana__Healthy,heavy
1786677197.264,18,predictions_total,heavy,heavy:8003,heavy-service,Banana__Healthy,heavy
1786677202.264,18,predictions_total,heavy,heavy:8003,heavy-service,Banana__Healthy,heavy
1786677207.264,18,predictions_total,heavy,heavy:8003,heavy-service,Banana__Healthy,heavy
1786677212.264,18,predictions_total,heavy,heavy:8003,heavy-service,Banana__Healthy,heavy
1786677217.264,18,predictions_total,heavy,heavy:8003,heavy-service,Banana__Healthy,heavy
1786677222.264,18,predictions_total,heavy,heavy:8003,heavy-service,Banana__Healthy,heavy
1786677227.264,18,predictions_total,heavy,heavy:8003,heavy-service,Banana__Healthy,heavy
1786677232.264,18,predictions_total,heavy,heavy:8003,heavy-service,Banana__Healthy,heavy
1786677237.264,18,predictions_total,heavy,heavy:8003,heavy-service,Banana__Healthy,heavy
1786677242.264,18,predictions_total,heavy,heavy:8003,heavy-service,Banana__Healthy,heavy
1786677247.264,18,predictions_total,heavy,heavy:8003,heavy-service,Banana__Healthy,heavy
1786677252.264,18,predictions_total,heavy,heavy:8003,heavy-service,Banana__Healthy,heavy
1786677257.264,19,predictions_total,heavy,heavy:8003,heavy-service,Banana__Healthy,heavy
1786677262.264,20,predictions_total,heavy,heavy:8003,heavy-service,Banana__Healthy,heavy
1786677267.264,20,predictions_total,heavy,heavy:8003,heavy-service,Banana__Healthy,heavy
1786677272.264,20,predictions_total,heavy,heavy:8003,heavy-service,Banana__Healthy,heavy
1786677277.264,20,predictions_total,heavy,heavy:8003,heavy-service,Banana__Healthy,heavy
1786677282.264,23,predictions_total,heavy,heavy:8003,heavy-service,Banana__Healthy,heavy
1786677287.264,24,predictions_total,heavy,heavy:8003,heavy-service,Banana__Healthy,heavy
1786677292.264,26,predictions_total,heavy,heavy:8003,heavy-service,Banana__Healthy,heavy
1786677297.264,28,predictions_total,heavy,heavy:8003,heavy-service,Banana__Healthy,heavy
1786677302.264,29,predictions_total,heavy,heavy:8003,heavy-service,Banana__Healthy,heavy
1786677307.264,32,predictions_total,heavy,heavy:8003,heavy-service,Banana__Healthy,heavy
1786677312.264,32,predictions_total,heavy,heavy:8003,heavy-service,Banana__Healthy,heavy
1786677317.264,32,predictions_total,heavy,heavy:8003,heavy-service,Banana__Healthy,heavy
1786677322.264,33,predictions_total,heavy,heavy:8003,heavy-service,Banana__Healthy,heavy
1786677327.264,34,predictions_total,heavy,heavy:8003,heavy-service,Banana__Healthy,heavy
1786677332.264,34,predictions_total,heavy,heavy:8003,heavy-service,Banana__Healthy,heavy
1786677337.264,37,predictions_total,heavy,heavy:8003,heavy-service,Banana__Healthy,heavy
1786677342.264,37,predictions_total,heavy,heavy:8003,heavy-service,Banana__Healthy,heavy
1786677347.264,37,predictions_total,heavy,heavy:8003,heavy-service,Banana__Healthy,heavy
1786677352.264,37,predictions_total,heavy,heavy:8003,heavy-service,Banana__Healthy,heavy
1786677357.264,37,predictions_total,heavy,heavy:8003,heavy-service,Banana__Healthy,heavy
1786677362.264,37,predictions_total,heavy,heavy:8003,heavy-service,Banana__Healthy,heavy
1786677367.264,37,predictions_total,heavy,heavy:8003,heavy-service,Banana__Healthy,heavy
1786677372.264,37,predictions_total,heavy,heavy:8003,heavy-service,Banana__Healthy,heavy
1786677377.264,37,predictions_total,heavy,heavy:8003,heavy-service,Banana__Healthy,heavy
1786677382.264,37,predictions_total,heavy,heavy:8003,heavy-service,Banana__Healthy,heavy
1786677387.264,37,predictions_total,heavy,heavy:8003,heavy-service,Banana__Healthy,heavy
1786677392.264,38,predictions_total,heavy,heavy:8003,heavy-service,Banana__Healthy,heavy
1786677397.264,38,predictions_total,heavy,heavy:8003,heavy-service,Banana__Healthy,heavy
1786677402.264,38,predictions_total,heavy,heavy:8003,heavy-service,Banana__Healthy,heavy
1786677407.264,38,predictions_total,heavy,heavy:8003,heavy-service,Banana__Healthy,heavy
1786677412.264,38,predictions_total,heavy,heavy:8003,heavy-service,Banana__Healthy,heavy
1786677417.264,38,predictions_total,heavy,heavy:8003,heavy-service,Banana__Healthy,heavy
1786677422.264,40,predictions_total,heavy,heavy:8003,heavy-service,Banana__Healthy,heavy
1786677427.264,41,predictions_total,heavy,heavy:8003,heavy-service,Banana__Healthy,heavy
1786677432.264,41,predictions_total,heavy,heavy:8003,heavy-service,Banana__Healthy,heavy
1786677437.264,42,predictions_total,heavy,heavy:8003,heavy-service,Banana__Healthy,heavy
1786677442.264,42,predictions_total,heavy,heavy:8003,heavy-service,Banana__Healthy,heavy
1786677447.264,42,predictions_total,heavy,heavy:8003,heavy-service,Banana__Healthy,heavy
1786676342.264,1,predictions_total,heavy,heavy:8003,heavy-service,Banana__Rotten,heavy
1786676347.264,4,predictions_total,heavy,heavy:8003,heavy-service,Banana__Rotten,heavy
1786676352.264,6,predictions_total,heavy,heavy:8003,heavy-service,Banana__Rotten,heavy
1786676357.264,8,predictions_total,heavy,heavy:8003,heavy-service,Banana__Rotten,heavy
1786676362.264,12,predictions_total,heavy,heavy:8003,heavy-service,Banana__Rotten,heavy
1786676367.264,13,predictions_total,heavy,heavy:8003,heavy-service,Banana__Rotten,heavy
1786676372.264,13,predictions_total,heavy,heavy:8003,heavy-service,Banana__Rotten,heavy
1786676377.264,13,predictions_total,heavy,heavy:8003,heavy-service,Banana__Rotten,heavy
1786676382.264,17,predictions_total,heavy,heavy:8003,heavy-service,Banana__Rotten,heavy
1786676387.264,20,predictions_total,heavy,heavy:8003,heavy-service,Banana__Rotten,heavy
1786676392.264,23,predictions_total,heavy,heavy:8003,heavy-service,Banana__Rotten,heavy
1786676397.264,29,predictions_total,heavy,heavy:8003,heavy-service,Banana__Rotten,heavy
1786676402.264,33,predictions_total,heavy,heavy:8003,heavy-service,Banana__Rotten,heavy
1786676407.264,33,predictions_total,heavy,heavy:8003,heavy-service,Banana__Rotten,heavy
1786676412.264,33,predictions_total,heavy,heavy:8003,heavy-service,Banana__Rotten,heavy
1786676417.264,33,predictions_total,heavy,heavy:8003,heavy-service,Banana__Rotten,heavy
1786676422.264,33,predictions_total,heavy,heavy:8003,heavy-service,Banana__Rotten,heavy
1786676427.264,33,predictions_total,heavy,heavy:8003,heavy-service,Banana__Rotten,heavy
1786676432.264,33,predictions_total,heavy,heavy:8003,heavy-service,Banana__Rotten,heavy
1786676437.264,33,predictions_total,heavy,heavy:8003,heavy-service,Banana__Rotten,heavy
1786676442.264,33,predictions_total,heavy,heavy:8003,heavy-service,Banana__Rotten,heavy
1786676447.264,33,predictions_total,heavy,heavy:8003,heavy-service,Banana__Rotten,heavy
1786676452.264,33,predictions_total,heavy,heavy:8003,heavy-service,Banana__Rotten,heavy
1786676457.264,33,predictions_total,heavy,heavy:8003,heavy-service,Banana__Rotten,heavy
1786676462.264,33,predictions_total,heavy,heavy:8003,heavy-service,Banana__Rotten,heavy
1786676467.264,33,predictions_total,heavy,heavy:8003,heavy-service,Banana__Rotten,heavy
1786676472.264,33,predictions_total,heavy,heavy:8003,heavy-service,Banana__Rotten,heavy
1786676477.264,33,predictions_total,heavy,heavy:8003,heavy-service,Banana__Rotten,heavy
1786676482.264,33,predictions_total,heavy,heavy:8003,heavy-service,Banana__Rotten,heavy
1786676487.264,33,predictions_total,heavy,heavy:8003,heavy-service,Banana__Rotten,heavy
1786676492.264,33,predictions_total,heavy,heavy:8003,heavy-service,Banana__Rotten,heavy
1786676497.264,33,predictions_total,heavy,heavy:8003,heavy-service,Banana__Rotten,heavy
1786676502.264,33,predictions_total,heavy,heavy:8003,heavy-service,Banana__Rotten,heavy
1786676507.264,33,predictions_total,heavy,heavy:8003,heavy-service,Banana__Rotten,heavy
1786676512.264,33,predictions_total,heavy,heavy:8003,heavy-service,Banana__Rotten,heavy
1786676517.264,33,predictions_total,heavy,heavy:8003,heavy-service,Banana__Rotten,heavy
1786676522.264,33,predictions_total,heavy,heavy:8003,heavy-service,Banana__Rotten,heavy
1786676527.264,33,predictions_total,heavy,heavy:8003,heavy-service,Banana__Rotten,heavy
1786676532.264,33,predictions_total,heavy,heavy:8003,heavy-service,Banana__Rotten,heavy
1786676537.264,33,predictions_total,heavy,heavy:8003,heavy-service,Banana__Rotten,heavy
1786676542.264,33,predictions_total,heavy,heavy:8003,heavy-service,Banana__Rotten,heavy
1786676547.264,33,predictions_total,heavy,heavy:8003,heavy-service,Banana__Rotten,heavy
1786676552.264,33,predictions_total,heavy,heavy:8003,heavy-service,Banana__Rotten,heavy
1786676557.264,33,predictions_total,heavy,heavy:8003,heavy-service,Banana__Rotten,heavy
1786676562.264,33,predictions_total,heavy,heavy:8003,heavy-service,Banana__Rotten,heavy
1786676567.264,33,predictions_total,heavy,heavy:8003,heavy-service,Banana__Rotten,heavy
1786676572.264,33,predictions_total,heavy,heavy:8003,heavy-service,Banana__Rotten,heavy
1786676577.264,33,predictions_total,heavy,heavy:8003,heavy-service,Banana__Rotten,heavy
1786676582.264,33,predictions_total,heavy,heavy:8003,heavy-service,Banana__Rotten,heavy
1786676587.264,33,predictions_total,heavy,heavy:8003,heavy-service,Banana__Rotten,heavy
1786676592.264,33,predictions_total,heavy,heavy:8003,heavy-service,Banana__Rotten,heavy
1786676597.264,33,predictions_total,heavy,heavy:8003,heavy-service,Banana__Rotten,heavy
1786676602.264,33,predictions_total,heavy,heavy:8003,heavy-service,Banana__Rotten,heavy
1786676607.264,33,predictions_total,heavy,heavy:8003,heavy-service,Banana__Rotten,heavy
1786676612.264,33,predictions_total,heavy,heavy:8003,heavy-service,Banana__Rotten,heavy
1786676617.264,33,predictions_total,heavy,heavy:8003,heavy-service,Banana__Rotten,heavy
1786676622.264,33,predictions_total,heavy,heavy:8003,heavy-service,Banana__Rotten,heavy
1786676627.264,33,predictions_total,heavy,heavy:8003,heavy-service,Banana__Rotten,heavy
1786676632.264,33,predictions_total,heavy,heavy:8003,heavy-service,Banana__Rotten,heavy
1786676637.264,33,predictions_total,heavy,heavy:8003,heavy-service,Banana__Rotten,heavy
1786676642.264,33,predictions_total,heavy,heavy:8003,heavy-service,Banana__Rotten,heavy
1786676647.264,33,predictions_total,heavy,heavy:8003,heavy-service,Banana__Rotten,heavy
1786676652.264,33,predictions_total,heavy,heavy:8003,heavy-service,Banana__Rotten,heavy
1786676657.264,33,predictions_total,heavy,heavy:8003,heavy-service,Banana__Rotten,heavy
1786676662.264,33,predictions_total,heavy,heavy:8003,heavy-service,Banana__Rotten,heavy
1786676667.264,33,predictions_total,heavy,heavy:8003,heavy-service,Banana__Rotten,heavy
1786676672.264,33,predictions_total,heavy,heavy:8003,heavy-service,Banana__Rotten,heavy
1786676677.264,33,predictions_total,heavy,heavy:8003,heavy-service,Banana__Rotten,heavy
1786676682.264,33,predictions_total,heavy,heavy:8003,heavy-service,Banana__Rotten,heavy
1786676687.264,33,predictions_total,heavy,heavy:8003,heavy-service,Banana__Rotten,heavy
1786676692.264,33,predictions_total,heavy,heavy:8003,heavy-service,Banana__Rotten,heavy
1786676697.264,33,predictions_total,heavy,heavy:8003,heavy-service,Banana__Rotten,heavy
1786676702.264,33,predictions_total,heavy,heavy:8003,heavy-service,Banana__Rotten,heavy
1786676707.264,33,predictions_total,heavy,heavy:8003,heavy-service,Banana__Rotten,heavy
1786676712.264,33,predictions_total,heavy,heavy:8003,heavy-service,Banana__Rotten,heavy
1786676717.264,33,predictions_total,heavy,heavy:8003,heavy-service,Banana__Rotten,heavy
1786676722.264,33,predictions_total,heavy,heavy:8003,heavy-service,Banana__Rotten,heavy
1786676727.264,33,predictions_total,heavy,heavy:8003,heavy-service,Banana__Rotten,heavy
1786676732.264,33,predictions_total,heavy,heavy:8003,heavy-service,Banana__Rotten,heavy
1786676737.264,33,predictions_total,heavy,heavy:8003,heavy-service,Banana__Rotten,heavy
1786676742.264,33,predictions_total,heavy,heavy:8003,heavy-service,Banana__Rotten,heavy
1786676747.264,33,predictions_total,heavy,heavy:8003,heavy-service,Banana__Rotten,heavy
1786676752.264,33,predictions_total,heavy,heavy:8003,heavy-service,Banana__Rotten,heavy
1786676757.264,33,predictions_total,heavy,heavy:8003,heavy-service,Banana__Rotten,heavy
1786676762.264,33,predictions_total,heavy,heavy:8003,heavy-service,Banana__Rotten,heavy
1786676767.264,33,predictions_total,heavy,heavy:8003,heavy-service,Banana__Rotten,heavy
1786676772.264,33,predictions_total,heavy,heavy:8003,heavy-service,Banana__Rotten,heavy
1786676777.264,33,predictions_total,heavy,heavy:8003,heavy-service,Banana__Rotten,heavy
1786676782.264,33,predictions_total,heavy,heavy:8003,heavy-service,Banana__Rotten,heavy
1786676787.264,34,predictions_total,heavy,heavy:8003,heavy-service,Banana__Rotten,heavy
1786676792.264,34,predictions_total,heavy,heavy:8003,heavy-service,Banana__Rotten,heavy
1786676797.264,34,predictions_total,heavy,heavy:8003,heavy-service,Banana__Rotten,heavy
1786676802.264,34,predictions_total,heavy,heavy:8003,heavy-service,Banana__Rotten,heavy
1786676807.264,36,predictions_total,heavy,heavy:8003,heavy-service,Banana__Rotten,heavy
1786676812.264,38,predictions_total,heavy,heavy:8003,heavy-service,Banana__Rotten,heavy
1786676817.264,39,predictions_total,heavy,heavy:8003,heavy-service,Banana__Rotten,heavy
1786676822.264,40,predictions_total,heavy,heavy:8003,heavy-service,Banana__Rotten,heavy
1786676827.264,41,predictions_total,heavy,heavy:8003,heavy-service,Banana__Rotten,heavy
1786676832.264,46,predictions_total,heavy,heavy:8003,heavy-service,Banana__Rotten,heavy
1786676837.264,46,predictions_total,heavy,heavy:8003,heavy-service,Banana__Rotten,heavy
1786676842.264,46,predictions_total,heavy,heavy:8003,heavy-service,Banana__Rotten,heavy
1786676847.264,47,predictions_total,heavy,heavy:8003,heavy-service,Banana__Rotten,heavy
1786676852.264,48,predictions_total,heavy,heavy:8003,heavy-service,Banana__Rotten,heavy
1786676857.264,52,predictions_total,heavy,heavy:8003,heavy-service,Banana__Rotten,heavy
1786676862.264,57,predictions_total,heavy,heavy:8003,heavy-service,Banana__Rotten,heavy
1786676867.264,59,predictions_total,heavy,heavy:8003,heavy-service,Banana__Rotten,heavy
1786676872.264,59,predictions_total,heavy,heavy:8003,heavy-service,Banana__Rotten,heavy
1786676877.264,59,predictions_total,heavy,heavy:8003,heavy-service,Banana__Rotten,heavy
1786676882.264,59,predictions_total,heavy,heavy:8003,heavy-service,Banana__Rotten,heavy
1786676887.264,59,predictions_total,heavy,heavy:8003,heavy-service,Banana__Rotten,heavy
1786676892.264,59,predictions_total,heavy,heavy:8003,heavy-service,Banana__Rotten,heavy
1786676897.264,59,predictions_total,heavy,heavy:8003,heavy-service,Banana__Rotten,heavy
1786676902.264,59,predictions_total,heavy,heavy:8003,heavy-service,Banana__Rotten,heavy
1786676907.264,59,predictions_total,heavy,heavy:8003,heavy-service,Banana__Rotten,heavy
1786676912.264,59,predictions_total,heavy,heavy:8003,heavy-service,Banana__Rotten,heavy
1786676917.264,59,predictions_total,heavy,heavy:8003,heavy-service,Banana__Rotten,heavy
1786676922.264,59,predictions_total,heavy,heavy:8003,heavy-service,Banana__Rotten,heavy
1786676927.264,59,predictions_total,heavy,heavy:8003,heavy-service,Banana__Rotten,heavy
1786676932.264,59,predictions_total,heavy,heavy:8003,heavy-service,Banana__Rotten,heavy
1786676937.264,59,predictions_total,heavy,heavy:8003,heavy-service,Banana__Rotten,heavy
1786676942.264,59,predictions_total,heavy,heavy:8003,heavy-service,Banana__Rotten,heavy
1786676947.264,59,predictions_total,heavy,heavy:8003,heavy-service,Banana__Rotten,heavy
1786676952.264,59,predictions_total,heavy,heavy:8003,heavy-service,Banana__Rotten,heavy
1786676957.264,59,predictions_total,heavy,heavy:8003,heavy-service,Banana__Rotten,heavy
1786676962.264,59,predictions_total,heavy,heavy:8003,heavy-service,Banana__Rotten,heavy
1786676967.264,59,predictions_total,heavy,heavy:8003,heavy-service,Banana__Rotten,heavy
1786676972.264,59,predictions_total,heavy,heavy:8003,heavy-service,Banana__Rotten,heavy
1786676977.264,59,predictions_total,heavy,heavy:8003,heavy-service,Banana__Rotten,heavy
1786676982.264,59,predictions_total,heavy,heavy:8003,heavy-service,Banana__Rotten,heavy
1786676987.264,59,predictions_total,heavy,heavy:8003,heavy-service,Banana__Rotten,heavy
1786676992.264,59,predictions_total,heavy,heavy:8003,heavy-service,Banana__Rotten,heavy
1786676997.264,59,predictions_total,heavy,heavy:8003,heavy-service,Banana__Rotten,heavy
1786677002.264,59,predictions_total,heavy,heavy:8003,heavy-service,Banana__Rotten,heavy
1786677007.264,59,predictions_total,heavy,heavy:8003,heavy-service,Banana__Rotten,heavy
1786677012.264,59,predictions_total,heavy,heavy:8003,heavy-service,Banana__Rotten,heavy
1786677017.264,59,predictions_total,heavy,heavy:8003,heavy-service,Banana__Rotten,heavy
1786677022.264,59,predictions_total,heavy,heavy:8003,heavy-service,Banana__Rotten,heavy
1786677027.264,59,predictions_total,heavy,heavy:8003,heavy-service,Banana__Rotten,heavy
1786677032.264,59,predictions_total,heavy,heavy:8003,heavy-service,Banana__Rotten,heavy
1786677037.264,59,predictions_total,heavy,heavy:8003,heavy-service,Banana__Rotten,heavy
1786677042.264,59,predictions_total,heavy,heavy:8003,heavy-service,Banana__Rotten,heavy
1786677047.264,59,predictions_total,heavy,heavy:8003,heavy-service,Banana__Rotten,heavy
1786677052.264,59,predictions_total,heavy,heavy:8003,heavy-service,Banana__Rotten,heavy
1786677057.264,59,predictions_total,heavy,heavy:8003,heavy-service,Banana__Rotten,heavy
1786677062.264,59,predictions_total,heavy,heavy:8003,heavy-service,Banana__Rotten,heavy
1786677067.264,59,predictions_total,heavy,heavy:8003,heavy-service,Banana__Rotten,heavy
1786677072.264,59,predictions_total,heavy,heavy:8003,heavy-service,Banana__Rotten,heavy
1786677077.264,59,predictions_total,heavy,heavy:8003,heavy-service,Banana__Rotten,heavy
1786677082.264,59,predictions_total,heavy,heavy:8003,heavy-service,Banana__Rotten,heavy
1786677087.264,59,predictions_total,heavy,heavy:8003,heavy-service,Banana__Rotten,heavy
1786677092.264,59,predictions_total,heavy,heavy:8003,heavy-service,Banana__Rotten,heavy
1786677097.264,59,predictions_total,heavy,heavy:8003,heavy-service,Banana__Rotten,heavy
1786677102.264,59,predictions_total,heavy,heavy:8003,heavy-service,Banana__Rotten,heavy
1786677107.264,59,predictions_total,heavy,heavy:8003,heavy-service,Banana__Rotten,heavy
1786677112.264,59,predictions_total,heavy,heavy:8003,heavy-service,Banana__Rotten,heavy
1786677117.264,59,predictions_total,heavy,heavy:8003,heavy-service,Banana__Rotten,heavy
1786677122.264,59,predictions_total,heavy,heavy:8003,heavy-service,Banana__Rotten,heavy
1786677127.264,59,predictions_total,heavy,heavy:8003,heavy-service,Banana__Rotten,heavy
1786677132.264,59,predictions_total,heavy,heavy:8003,heavy-service,Banana__Rotten,heavy
1786677137.264,59,predictions_total,heavy,heavy:8003,heavy-service,Banana__Rotten,heavy
1786677142.264,59,predictions_total,heavy,heavy:8003,heavy-service,Banana__Rotten,heavy
1786677147.264,59,predictions_total,heavy,heavy:8003,heavy-service,Banana__Rotten,heavy
1786677152.264,59,predictions_total,heavy,heavy:8003,heavy-service,Banana__Rotten,heavy
1786677157.264,59,predictions_total,heavy,heavy:8003,heavy-service,Banana__Rotten,heavy
1786677162.264,59,predictions_total,heavy,heavy:8003,heavy-service,Banana__Rotten,heavy
1786677167.264,59,predictions_total,heavy,heavy:8003,heavy-service,Banana__Rotten,heavy
1786677172.264,59,predictions_total,heavy,heavy:8003,heavy-service,Banana__Rotten,heavy
1786677177.264,59,predictions_total,heavy,heavy:8003,heavy-service,Banana__Rotten,heavy
1786677182.264,59,predictions_total,heavy,heavy:8003,heavy-service,Banana__Rotten,heavy
1786677187.264,59,predictions_total,heavy,heavy:8003,heavy-service,Banana__Rotten,heavy
1786677192.264,59,predictions_total,heavy,heavy:8003,heavy-service,Banana__Rotten,heavy
1786677197.264,59,predictions_total,heavy,heavy:8003,heavy-service,Banana__Rotten,heavy
1786677202.264,59,predictions_total,heavy,heavy:8003,heavy-service,Banana__Rotten,heavy
1786677207.264,59,predictions_total,heavy,heavy:8003,heavy-service,Banana__Rotten,heavy
1786677212.264,59,predictions_total,heavy,heavy:8003,heavy-service,Banana__Rotten,heavy
1786677217.264,59,predictions_total,heavy,heavy:8003,heavy-service,Banana__Rotten,heavy
1786677222.264,59,predictions_total,heavy,heavy:8003,heavy-service,Banana__Rotten,heavy
1786677227.264,59,predictions_total,heavy,heavy:8003,heavy-service,Banana__Rotten,heavy
1786677232.264,59,predictions_total,heavy,heavy:8003,heavy-service,Banana__Rotten,heavy
1786677237.264,59,predictions_total,heavy,heavy:8003,heavy-service,Banana__Rotten,heavy
1786677242.264,59,predictions_total,heavy,heavy:8003,heavy-service,Banana__Rotten,heavy
1786677247.264,59,predictions_total,heavy,heavy:8003,heavy-service,Banana__Rotten,heavy
1786677252.264,59,predictions_total,heavy,heavy:8003,heavy-service,Banana__Rotten,heavy
1786677257.264,59,predictions_total,heavy,heavy:8003,heavy-service,Banana__Rotten,heavy
1786677262.264,59,predictions_total,heavy,heavy:8003,heavy-service,Banana__Rotten,heavy
1786677267.264,59,predictions_total,heavy,heavy:8003,heavy-service,Banana__Rotten,heavy
1786677272.264,59,predictions_total,heavy,heavy:8003,heavy-service,Banana__Rotten,heavy
1786677277.264,59,predictions_total,heavy,heavy:8003,heavy-service,Banana__Rotten,heavy
1786677282.264,59,predictions_total,heavy,heavy:8003,heavy-service,Banana__Rotten,heavy
1786677287.264,59,predictions_total,heavy,heavy:8003,heavy-service,Banana__Rotten,heavy
1786677292.264,59,predictions_total,heavy,heavy:8003,heavy-service,Banana__Rotten,heavy
1786677297.264,59,predictions_total,heavy,heavy:8003,heavy-service,Banana__Rotten,heavy
1786677302.264,59,predictions_total,heavy,heavy:8003,heavy-service,Banana__Rotten,heavy
1786677307.264,59,predictions_total,heavy,heavy:8003,heavy-service,Banana__Rotten,heavy
1786677312.264,59,predictions_total,heavy,heavy:8003,heavy-service,Banana__Rotten,heavy
1786677317.264,59,predictions_total,heavy,heavy:8003,heavy-service,Banana__Rotten,heavy
1786677322.264,59,predictions_total,heavy,heavy:8003,heavy-service,Banana__Rotten,heavy
1786677327.264,59,predictions_total,heavy,heavy:8003,heavy-service,Banana__Rotten,heavy
1786677332.264,59,predictions_total,heavy,heavy:8003,heavy-service,Banana__Rotten,heavy
1786677337.264,59,predictions_total,heavy,heavy:8003,heavy-service,Banana__Rotten,heavy
1786677342.264,59,predictions_total,heavy,heavy:8003,heavy-service,Banana__Rotten,heavy
1786677347.264,59,predictions_total,heavy,heavy:8003,heavy-service,Banana__Rotten,heavy
1786677352.264,59,predictions_total,heavy,heavy:8003,heavy-service,Banana__Rotten,heavy
1786677357.264,60,predictions_total,heavy,heavy:8003,heavy-service,Banana__Rotten,heavy
1786677362.264,60,predictions_total,heavy,heavy:8003,heavy-service,Banana__Rotten,heavy
1786677367.264,60,predictions_total,heavy,heavy:8003,heavy-service,Banana__Rotten,heavy
1786677372.264,60,predictions_total,heavy,heavy:8003,heavy-service,Banana__Rotten,heavy
1786677377.264,60,predictions_total,heavy,heavy:8003,heavy-service,Banana__Rotten,heavy
1786677382.264,63,predictions_total,heavy,heavy:8003,heavy-service,Banana__Rotten,heavy
1786677387.264,65,predictions_total,heavy,heavy:8003,heavy-service,Banana__Rotten,heavy
1786677392.264,67,predictions_total,heavy,heavy:8003,heavy-service,Banana__Rotten,heavy
1786677397.264,69,predictions_total,heavy,heavy:8003,heavy-service,Banana__Rotten,heavy
1786677402.264,71,predictions_total,heavy,heavy:8003,heavy-service,Banana__Rotten,heavy
1786677407.264,71,predictions_total,heavy,heavy:8003,heavy-service,Banana__Rotten,heavy
1786677412.264,71,predictions_total,heavy,heavy:8003,heavy-service,Banana__Rotten,heavy
1786677417.264,71,predictions_total,heavy,heavy:8003,heavy-service,Banana__Rotten,heavy
1786677422.264,75,predictions_total,heavy,heavy:8003,heavy-service,Banana__Rotten,heavy
1786677427.264,80,predictions_total,heavy,heavy:8003,heavy-service,Banana__Rotten,heavy
1786677432.264,84,predictions_total,heavy,heavy:8003,heavy-service,Banana__Rotten,heavy
1786677437.264,88,predictions_total,heavy,heavy:8003,heavy-service,Banana__Rotten,heavy
1786677442.264,95,predictions_total,heavy,heavy:8003,heavy-service,Banana__Rotten,heavy
1786677447.264,95,predictions_total,heavy,heavy:8003,heavy-service,Banana__Rotten,heavy
1786676327.264,1,predictions_total,heavy,heavy:8003,heavy-service,Bellpepper__Rotten,heavy
1786676332.264,2,predictions_total,heavy,heavy:8003,heavy-service,Bellpepper__Rotten,heavy
1786676337.264,2,predictions_total,heavy,heavy:8003,heavy-service,Bellpepper__Rotten,heavy
1786676342.264,4,predictions_total,heavy,heavy:8003,heavy-service,Bellpepper__Rotten,heavy
1786676347.264,5,predictions_total,heavy,heavy:8003,heavy-service,Bellpepper__Rotten,heavy
1786676352.264,5,predictions_total,heavy,heavy:8003,heavy-service,Bellpepper__Rotten,heavy
1786676357.264,6,predictions_total,heavy,heavy:8003,heavy-service,Bellpepper__Rotten,heavy
1786676362.264,7,predictions_total,heavy,heavy:8003,heavy-service,Bellpepper__Rotten,heavy
1786676367.264,7,predictions_total,heavy,heavy:8003,heavy-service,Bellpepper__Rotten,heavy
1786676372.264,7,predictions_total,heavy,heavy:8003,heavy-service,Bellpepper__Rotten,heavy
1786676377.264,8,predictions_total,heavy,heavy:8003,heavy-service,Bellpepper__Rotten,heavy
1786676382.264,8,predictions_total,heavy,heavy:8003,heavy-service,Bellpepper__Rotten,heavy
1786676387.264,8,predictions_total,heavy,heavy:8003,heavy-service,Bellpepper__Rotten,heavy
1786676392.264,8,predictions_total,heavy,heavy:8003,heavy-service,Bellpepper__Rotten,heavy
1786676397.264,8,predictions_total,heavy,heavy:8003,heavy-service,Bellpepper__Rotten,heavy
1786676402.264,8,predictions_total,heavy,heavy:8003,heavy-service,Bellpepper__Rotten,heavy
1786676407.264,8,predictions_total,heavy,heavy:8003,heavy-service,Bellpepper__Rotten,heavy
1786676412.264,8,predictions_total,heavy,heavy:8003,heavy-service,Bellpepper__Rotten,heavy
1786676417.264,8,predictions_total,heavy,heavy:8003,heavy-service,Bellpepper__Rotten,heavy
1786676422.264,8,predictions_total,heavy,heavy:8003,heavy-service,Bellpepper__Rotten,heavy
1786676427.264,8,predictions_total,heavy,heavy:8003,heavy-service,Bellpepper__Rotten,heavy
1786676432.264,8,predictions_total,heavy,heavy:8003,heavy-service,Bellpepper__Rotten,heavy
1786676437.264,8,predictions_total,heavy,heavy:8003,heavy-service,Bellpepper__Rotten,heavy
1786676442.264,8,predictions_total,heavy,heavy:8003,heavy-service,Bellpepper__Rotten,heavy
1786676447.264,8,predictions_total,heavy,heavy:8003,heavy-service,Bellpepper__Rotten,heavy
1786676452.264,8,predictions_total,heavy,heavy:8003,heavy-service,Bellpepper__Rotten,heavy
1786676457.264,8,predictions_total,heavy,heavy:8003,heavy-service,Bellpepper__Rotten,heavy
1786676462.264,8,predictions_total,heavy,heavy:8003,heavy-service,Bellpepper__Rotten,heavy
1786676467.264,8,predictions_total,heavy,heavy:8003,heavy-service,Bellpepper__Rotten,heavy
1786676472.264,8,predictions_total,heavy,heavy:8003,heavy-service,Bellpepper__Rotten,heavy
1786676477.264,8,predictions_total,heavy,heavy:8003,heavy-service,Bellpepper__Rotten,heavy
1786676482.264,8,predictions_total,heavy,heavy:8003,heavy-service,Bellpepper__Rotten,heavy
1786676487.264,8,predictions_total,heavy,heavy:8003,heavy-service,Bellpepper__Rotten,heavy
1786676492.264,8,predictions_total,heavy,heavy:8003,heavy-service,Bellpepper__Rotten,heavy
1786676497.264,8,predictions_total,heavy,heavy:8003,heavy-service,Bellpepper__Rotten,heavy
1786676502.264,8,predictions_total,heavy,heavy:8003,heavy-service,Bellpepper__Rotten,heavy
1786676507.264,8,predictions_total,heavy,heavy:8003,heavy-service,Bellpepper__Rotten,heavy
1786676512.264,8,predictions_total,heavy,heavy:8003,heavy-service,Bellpepper__Rotten,heavy
1786676517.264,8,predictions_total,heavy,heavy:8003,heavy-service,Bellpepper__Rotten,heavy
1786676522.264,8,predictions_total,heavy,heavy:8003,heavy-service,Bellpepper__Rotten,heavy
1786676527.264,8,predictions_total,heavy,heavy:8003,heavy-service,Bellpepper__Rotten,heavy
1786676532.264,8,predictions_total,heavy,heavy:8003,heavy-service,Bellpepper__Rotten,heavy
1786676537.264,8,predictions_total,heavy,heavy:8003,heavy-service,Bellpepper__Rotten,heavy
1786676542.264,8,predictions_total,heavy,heavy:8003,heavy-service,Bellpepper__Rotten,heavy
1786676547.264,8,predictions_total,heavy,heavy:8003,heavy-service,Bellpepper__Rotten,heavy
1786676552.264,8,predictions_total,heavy,heavy:8003,heavy-service,Bellpepper__Rotten,heavy
1786676557.264,8,predictions_total,heavy,heavy:8003,heavy-service,Bellpepper__Rotten,heavy
1786676562.264,8,predictions_total,heavy,heavy:8003,heavy-service,Bellpepper__Rotten,heavy
1786676567.264,8,predictions_total,heavy,heavy:8003,heavy-service,Bellpepper__Rotten,heavy
1786676572.264,8,predictions_total,heavy,heavy:8003,heavy-service,Bellpepper__Rotten,heavy
1786676577.264,8,predictions_total,heavy,heavy:8003,heavy-service,Bellpepper__Rotten,heavy
1786676582.264,8,predictions_total,heavy,heavy:8003,heavy-service,Bellpepper__Rotten,heavy
1786676587.264,8,predictions_total,heavy,heavy:8003,heavy-service,Bellpepper__Rotten,heavy
1786676592.264,8,predictions_total,heavy,heavy:8003,heavy-service,Bellpepper__Rotten,heavy
1786676597.264,8,predictions_total,heavy,heavy:8003,heavy-service,Bellpepper__Rotten,heavy
1786676602.264,8,predictions_total,heavy,heavy:8003,heavy-service,Bellpepper__Rotten,heavy
1786676607.264,8,predictions_total,heavy,heavy:8003,heavy-service,Bellpepper__Rotten,heavy
1786676612.264,8,predictions_total,heavy,heavy:8003,heavy-service,Bellpepper__Rotten,heavy
1786676617.264,8,predictions_total,heavy,heavy:8003,heavy-service,Bellpepper__Rotten,heavy
1786676622.264,8,predictions_total,heavy,heavy:8003,heavy-service,Bellpepper__Rotten,heavy
1786676627.264,8,predictions_total,heavy,heavy:8003,heavy-service,Bellpepper__Rotten,heavy
1786676632.264,8,predictions_total,heavy,heavy:8003,heavy-service,Bellpepper__Rotten,heavy
1786676637.264,8,predictions_total,heavy,heavy:8003,heavy-service,Bellpepper__Rotten,heavy
1786676642.264,8,predictions_total,heavy,heavy:8003,heavy-service,Bellpepper__Rotten,heavy
1786676647.264,8,predictions_total,heavy,heavy:8003,heavy-service,Bellpepper__Rotten,heavy
1786676652.264,8,predictions_total,heavy,heavy:8003,heavy-service,Bellpepper__Rotten,heavy
1786676657.264,8,predictions_total,heavy,heavy:8003,heavy-service,Bellpepper__Rotten,heavy
1786676662.264,8,predictions_total,heavy,heavy:8003,heavy-service,Bellpepper__Rotten,heavy
1786676667.264,8,predictions_total,heavy,heavy:8003,heavy-service,Bellpepper__Rotten,heavy
1786676672.264,8,predictions_total,heavy,heavy:8003,heavy-service,Bellpepper__Rotten,heavy
1786676677.264,8,predictions_total,heavy,heavy:8003,heavy-service,Bellpepper__Rotten,heavy
1786676682.264,8,predictions_total,heavy,heavy:8003,heavy-service,Bellpepper__Rotten,heavy
1786676687.264,9,predictions_total,heavy,heavy:8003,heavy-service,Bellpepper__Rotten,heavy
1786676692.264,10,predictions_total,heavy,heavy:8003,heavy-service,Bellpepper__Rotten,heavy
1786676697.264,11,predictions_total,heavy,heavy:8003,heavy-service,Bellpepper__Rotten,heavy
1786676702.264,12,predictions_total,heavy,heavy:8003,heavy-service,Bellpepper__Rotten,heavy
1786676707.264,12,predictions_total,heavy,heavy:8003,heavy-service,Bellpepper__Rotten,heavy
1786676712.264,13,predictions_total,heavy,heavy:8003,heavy-service,Bellpepper__Rotten,heavy
1786676717.264,14,predictions_total,heavy,heavy:8003,heavy-service,Bellpepper__Rotten,heavy
1786676722.264,15,predictions_total,heavy,heavy:8003,heavy-service,Bellpepper__Rotten,heavy
1786676727.264,16,predictions_total,heavy,heavy:8003,heavy-service,Bellpepper__Rotten,heavy
1786676732.264,17,predictions_total,heavy,heavy:8003,heavy-service,Bellpepper__Rotten,heavy
1786676737.264,18,predictions_total,heavy,heavy:8003,heavy-service,Bellpepper__Rotten,heavy
1786676742.264,20,predictions_total,heavy,heavy:8003,heavy-service,Bellpepper__Rotten,heavy
1786676747.264,20,predictions_total,heavy,heavy:8003,heavy-service,Bellpepper__Rotten,heavy
1786676752.264,20,predictions_total,heavy,heavy:8003,heavy-service,Bellpepper__Rotten,heavy
1786676757.264,20,predictions_total,heavy,heavy:8003,heavy-service,Bellpepper__Rotten,heavy
1786676762.264,20,predictions_total,heavy,heavy:8003,heavy-service,Bellpepper__Rotten,heavy
1786676767.264,20,predictions_total,heavy,heavy:8003,heavy-service,Bellpepper__Rotten,heavy
1786676772.264,21,predictions_total,heavy,heavy:8003,heavy-service,Bellpepper__Rotten,heavy
1786676777.264,21,predictions_total,heavy,heavy:8003,heavy-service,Bellpepper__Rotten,heavy
1786676782.264,21,predictions_total,heavy,heavy:8003,heavy-service,Bellpepper__Rotten,heavy
1786676787.264,21,predictions_total,heavy,heavy:8003,heavy-service,Bellpepper__Rotten,heavy
1786676792.264,21,predictions_total,heavy,heavy:8003,heavy-service,Bellpepper__Rotten,heavy
1786676797.264,23,predictions_total,heavy,heavy:8003,heavy-service,Bellpepper__Rotten,heavy
1786676802.264,23,predictions_total,heavy,heavy:8003,heavy-service,Bellpepper__Rotten,heavy
1786676807.264,24,predictions_total,heavy,heavy:8003,heavy-service,Bellpepper__Rotten,heavy
1786676812.264,25,predictions_total,heavy,heavy:8003,heavy-service,Bellpepper__Rotten,heavy
1786676817.264,26,predictions_total,heavy,heavy:8003,heavy-service,Bellpepper__Rotten,heavy
1786676822.264,26,predictions_total,heavy,heavy:8003,heavy-service,Bellpepper__Rotten,heavy
1786676827.264,27,predictions_total,heavy,heavy:8003,heavy-service,Bellpepper__Rotten,heavy
1786676832.264,27,predictions_total,heavy,heavy:8003,heavy-service,Bellpepper__Rotten,heavy
1786676837.264,27,predictions_total,heavy,heavy:8003,heavy-service,Bellpepper__Rotten,heavy
1786676842.264,28,predictions_total,heavy,heavy:8003,heavy-service,Bellpepper__Rotten,heavy
1786676847.264,30,predictions_total,heavy,heavy:8003,heavy-service,Bellpepper__Rotten,heavy
1786676852.264,30,predictions_total,heavy,heavy:8003,heavy-service,Bellpepper__Rotten,heavy
1786676857.264,30,predictions_total,heavy,heavy:8003,heavy-service,Bellpepper__Rotten,heavy
1786676862.264,30,predictions_total,heavy,heavy:8003,heavy-service,Bellpepper__Rotten,heavy
1786676867.264,30,predictions_total,heavy,heavy:8003,heavy-service,Bellpepper__Rotten,heavy
1786676872.264,30,predictions_total,heavy,heavy:8003,heavy-service,Bellpepper__Rotten,heavy
1786676877.264,30,predictions_total,heavy,heavy:8003,heavy-service,Bellpepper__Rotten,heavy
1786676882.264,30,predictions_total,heavy,heavy:8003,heavy-service,Bellpepper__Rotten,heavy
1786676887.264,30,predictions_total,heavy,heavy:8003,heavy-service,Bellpepper__Rotten,heavy
1786676892.264,30,predictions_total,heavy,heavy:8003,heavy-service,Bellpepper__Rotten,heavy
1786676897.264,30,predictions_total,heavy,heavy:8003,heavy-service,Bellpepper__Rotten,heavy
1786676902.264,30,predictions_total,heavy,heavy:8003,heavy-service,Bellpepper__Rotten,heavy
1786676907.264,30,predictions_total,heavy,heavy:8003,heavy-service,Bellpepper__Rotten,heavy
1786676912.264,30,predictions_total,heavy,heavy:8003,heavy-service,Bellpepper__Rotten,heavy
1786676917.264,30,predictions_total,heavy,heavy:8003,heavy-service,Bellpepper__Rotten,heavy
1786676922.264,30,predictions_total,heavy,heavy:8003,heavy-service,Bellpepper__Rotten,heavy
1786676927.264,30,predictions_total,heavy,heavy:8003,heavy-service,Bellpepper__Rotten,heavy
1786676932.264,30,predictions_total,heavy,heavy:8003,heavy-service,Bellpepper__Rotten,heavy
1786676937.264,30,predictions_total,heavy,heavy:8003,heavy-service,Bellpepper__Rotten,heavy
1786676942.264,30,predictions_total,heavy,heavy:8003,heavy-service,Bellpepper__Rotten,heavy
1786676947.264,30,predictions_total,heavy,heavy:8003,heavy-service,Bellpepper__Rotten,heavy
1786676952.264,30,predictions_total,heavy,heavy:8003,heavy-service,Bellpepper__Rotten,heavy
1786676957.264,30,predictions_total,heavy,heavy:8003,heavy-service,Bellpepper__Rotten,heavy
1786676962.264,30,predictions_total,heavy,heavy:8003,heavy-service,Bellpepper__Rotten,heavy
1786676967.264,30,predictions_total,heavy,heavy:8003,heavy-service,Bellpepper__Rotten,heavy
1786676972.264,30,predictions_total,heavy,heavy:8003,heavy-service,Bellpepper__Rotten,heavy
1786676977.264,30,predictions_total,heavy,heavy:8003,heavy-service,Bellpepper__Rotten,heavy
1786676982.264,30,predictions_total,heavy,heavy:8003,heavy-service,Bellpepper__Rotten,heavy
1786676987.264,30,predictions_total,heavy,heavy:8003,heavy-service,Bellpepper__Rotten,heavy
1786676992.264,30,predictions_total,heavy,heavy:8003,heavy-service,Bellpepper__Rotten,heavy
1786676997.264,30,predictions_total,heavy,heavy:8003,heavy-service,Bellpepper__Rotten,heavy
1786677002.264,30,predictions_total,heavy,heavy:8003,heavy-service,Bellpepper__Rotten,heavy
1786677007.264,30,predictions_total,heavy,heavy:8003,heavy-service,Bellpepper__Rotten,heavy
1786677012.264,30,predictions_total,heavy,heavy:8003,heavy-service,Bellpepper__Rotten,heavy
1786677017.264,30,predictions_total,heavy,heavy:8003,heavy-service,Bellpepper__Rotten,heavy
1786677022.264,30,predictions_total,heavy,heavy:8003,heavy-service,Bellpepper__Rotten,heavy
1786677027.264,30,predictions_total,heavy,heavy:8003,heavy-service,Bellpepper__Rotten,heavy
1786677032.264,30,predictions_total,heavy,heavy:8003,heavy-service,Bellpepper__Rotten,heavy
1786677037.264,30,predictions_total,heavy,heavy:8003,heavy-service,Bellpepper__Rotten,heavy
1786677042.264,30,predictions_total,heavy,heavy:8003,heavy-service,Bellpepper__Rotten,heavy
1786677047.264,30,predictions_total,heavy,heavy:8003,heavy-service,Bellpepper__Rotten,heavy
1786677052.264,30,predictions_total,heavy,heavy:8003,heavy-service,Bellpepper__Rotten,heavy
1786677057.264,30,predictions_total,heavy,heavy:8003,heavy-service,Bellpepper__Rotten,heavy
1786677062.264,30,predictions_total,heavy,heavy:8003,heavy-service,Bellpepper__Rotten,heavy
1786677067.264,30,predictions_total,heavy,heavy:8003,heavy-service,Bellpepper__Rotten,heavy
1786677072.264,30,predictions_total,heavy,heavy:8003,heavy-service,Bellpepper__Rotten,heavy
1786677077.264,30,predictions_total,heavy,heavy:8003,heavy-service,Bellpepper__Rotten,heavy
1786677082.264,30,predictions_total,heavy,heavy:8003,heavy-service,Bellpepper__Rotten,heavy
1786677087.264,30,predictions_total,heavy,heavy:8003,heavy-service,Bellpepper__Rotten,heavy
1786677092.264,30,predictions_total,heavy,heavy:8003,heavy-service,Bellpepper__Rotten,heavy
1786677097.264,30,predictions_total,heavy,heavy:8003,heavy-service,Bellpepper__Rotten,heavy
1786677102.264,30,predictions_total,heavy,heavy:8003,heavy-service,Bellpepper__Rotten,heavy
1786677107.264,30,predictions_total,heavy,heavy:8003,heavy-service,Bellpepper__Rotten,heavy
1786677112.264,30,predictions_total,heavy,heavy:8003,heavy-service,Bellpepper__Rotten,heavy
1786677117.264,30,predictions_total,heavy,heavy:8003,heavy-service,Bellpepper__Rotten,heavy
1786677122.264,30,predictions_total,heavy,heavy:8003,heavy-service,Bellpepper__Rotten,heavy
1786677127.264,30,predictions_total,heavy,heavy:8003,heavy-service,Bellpepper__Rotten,heavy
1786677132.264,30,predictions_total,heavy,heavy:8003,heavy-service,Bellpepper__Rotten,heavy
1786677137.264,30,predictions_total,heavy,heavy:8003,heavy-service,Bellpepper__Rotten,heavy
1786677142.264,30,predictions_total,heavy,heavy:8003,heavy-service,Bellpepper__Rotten,heavy
1786677147.264,30,predictions_total,heavy,heavy:8003,heavy-service,Bellpepper__Rotten,heavy
1786677152.264,30,predictions_total,heavy,heavy:8003,heavy-service,Bellpepper__Rotten,heavy
1786677157.264,30,predictions_total,heavy,heavy:8003,heavy-service,Bellpepper__Rotten,heavy
1786677162.264,30,predictions_total,heavy,heavy:8003,heavy-service,Bellpepper__Rotten,heavy
1786677167.264,30,predictions_total,heavy,heavy:8003,heavy-service,Bellpepper__Rotten,heavy
1786677172.264,30,predictions_total,heavy,heavy:8003,heavy-service,Bellpepper__Rotten,heavy
1786677177.264,30,predictions_total,heavy,heavy:8003,heavy-service,Bellpepper__Rotten,heavy
1786677182.264,30,predictions_total,heavy,heavy:8003,heavy-service,Bellpepper__Rotten,heavy
1786677187.264,30,predictions_total,heavy,heavy:8003,heavy-service,Bellpepper__Rotten,heavy
1786677192.264,30,predictions_total,heavy,heavy:8003,heavy-service,Bellpepper__Rotten,heavy
1786677197.264,30,predictions_total,heavy,heavy:8003,heavy-service,Bellpepper__Rotten,heavy
1786677202.264,30,predictions_total,heavy,heavy:8003,heavy-service,Bellpepper__Rotten,heavy
1786677207.264,30,predictions_total,heavy,heavy:8003,heavy-service,Bellpepper__Rotten,heavy
1786677212.264,30,predictions_total,heavy,heavy:8003,heavy-service,Bellpepper__Rotten,heavy
1786677217.264,30,predictions_total,heavy,heavy:8003,heavy-service,Bellpepper__Rotten,heavy
1786677222.264,30,predictions_total,heavy,heavy:8003,heavy-service,Bellpepper__Rotten,heavy
1786677227.264,30,predictions_total,heavy,heavy:8003,heavy-service,Bellpepper__Rotten,heavy
1786677232.264,30,predictions_total,heavy,heavy:8003,heavy-service,Bellpepper__Rotten,heavy
1786677237.264,30,predictions_total,heavy,heavy:8003,heavy-service,Bellpepper__Rotten,heavy
1786677242.264,30,predictions_total,heavy,heavy:8003,heavy-service,Bellpepper__Rotten,heavy
1786677247.264,31,predictions_total,heavy,heavy:8003,heavy-service,Bellpepper__Rotten,heavy
1786677252.264,32,predictions_total,heavy,heavy:8003,heavy-service,Bellpepper__Rotten,heavy
1786677257.264,32,predictions_total,heavy,heavy:8003,heavy-service,Bellpepper__Rotten,heavy
1786677262.264,32,predictions_total,heavy,heavy:8003,heavy-service,Bellpepper__Rotten,heavy
1786677267.264,33,predictions_total,heavy,heavy:8003,heavy-service,Bellpepper__Rotten,heavy
1786677272.264,33,predictions_total,heavy,heavy:8003,heavy-service,Bellpepper__Rotten,heavy
1786677277.264,33,predictions_total,heavy,heavy:8003,heavy-service,Bellpepper__Rotten,heavy
1786677282.264,36,predictions_total,heavy,heavy:8003,heavy-service,Bellpepper__Rotten,heavy
1786677287.264,37,predictions_total,heavy,heavy:8003,heavy-service,Bellpepper__Rotten,heavy
1786677292.264,37,predictions_total,heavy,heavy:8003,heavy-service,Bellpepper__Rotten,heavy
1786677297.264,38,predictions_total,heavy,heavy:8003,heavy-service,Bellpepper__Rotten,heavy
1786677302.264,38,predictions_total,heavy,heavy:8003,heavy-service,Bellpepper__Rotten,heavy
1786677307.264,38,predictions_total,heavy,heavy:8003,heavy-service,Bellpepper__Rotten,heavy
1786677312.264,38,predictions_total,heavy,heavy:8003,heavy-service,Bellpepper__Rotten,heavy
1786677317.264,39,predictions_total,heavy,heavy:8003,heavy-service,Bellpepper__Rotten,heavy
1786677322.264,41,predictions_total,heavy,heavy:8003,heavy-service,Bellpepper__Rotten,heavy
1786677327.264,46,predictions_total,heavy,heavy:8003,heavy-service,Bellpepper__Rotten,heavy
1786677332.264,47,predictions_total,heavy,heavy:8003,heavy-service,Bellpepper__Rotten,heavy
1786677337.264,48,predictions_total,heavy,heavy:8003,heavy-service,Bellpepper__Rotten,heavy
1786677342.264,48,predictions_total,heavy,heavy:8003,heavy-service,Bellpepper__Rotten,heavy
1786677347.264,52,predictions_total,heavy,heavy:8003,heavy-service,Bellpepper__Rotten,heavy
1786677352.264,53,predictions_total,heavy,heavy:8003,heavy-service,Bellpepper__Rotten,heavy
1786677357.264,55,predictions_total,heavy,heavy:8003,heavy-service,Bellpepper__Rotten,heavy
1786677362.264,56,predictions_total,heavy,heavy:8003,heavy-service,Bellpepper__Rotten,heavy
1786677367.264,57,predictions_total,heavy,heavy:8003,heavy-service,Bellpepper__Rotten,heavy
1786677372.264,57,predictions_total,heavy,heavy:8003,heavy-service,Bellpepper__Rotten,heavy
1786677377.264,57,predictions_total,heavy,heavy:8003,heavy-service,Bellpepper__Rotten,heavy
1786677382.264,58,predictions_total,heavy,heavy:8003,heavy-service,Bellpepper__Rotten,heavy
1786677387.264,58,predictions_total,heavy,heavy:8003,heavy-service,Bellpepper__Rotten,heavy
1786677392.264,58,predictions_total,heavy,heavy:8003,heavy-service,Bellpepper__Rotten,heavy
1786677397.264,58,predictions_total,heavy,heavy:8003,heavy-service,Bellpepper__Rotten,heavy
1786677402.264,60,predictions_total,heavy,heavy:8003,heavy-service,Bellpepper__Rotten,heavy
1786677407.264,60,predictions_total,heavy,heavy:8003,heavy-service,Bellpepper__Rotten,heavy
1786677412.264,60,predictions_total,heavy,heavy:8003,heavy-service,Bellpepper__Rotten,heavy
1786677417.264,60,predictions_total,heavy,heavy:8003,heavy-service,Bellpepper__Rotten,heavy
1786677422.264,60,predictions_total,heavy,heavy:8003,heavy-service,Bellpepper__Rotten,heavy
1786677427.264,60,predictions_total,heavy,heavy:8003,heavy-service,Bellpepper__Rotten,heavy
1786677432.264,60,predictions_total,heavy,heavy:8003,heavy-service,Bellpepper__Rotten,heavy
1786677437.264,60,predictions_total,heavy,heavy:8003,heavy-service,Bellpepper__Rotten,heavy
1786677442.264,60,predictions_total,heavy,heavy:8003,heavy-service,Bellpepper__Rotten,heavy
1786677447.264,60,predictions_total,heavy,heavy:8003,heavy-service,Bellpepper__Rotten,heavy
1786676362.264,1,predictions_total,heavy,heavy:8003,heavy-service,Carrot__Healthy,heavy
1786676367.264,1,predictions_total,heavy,heavy:8003,heavy-service,Carrot__Healthy,heavy
1786676372.264,1,predictions_total,heavy,heavy:8003,heavy-service,Carrot__Healthy,heavy
1786676377.264,1,predictions_total,heavy,heavy:8003,heavy-service,Carrot__Healthy,heavy
1786676382.264,4,predictions_total,heavy,heavy:8003,heavy-service,Carrot__Healthy,heavy
1786676387.264,5,predictions_total,heavy,heavy:8003,heavy-service,Carrot__Healthy,heavy
1786676392.264,6,predictions_total,heavy,heavy:8003,heavy-service,Carrot__Healthy,heavy
1786676397.264,9,predictions_total,heavy,heavy:8003,heavy-service,Carrot__Healthy,heavy
1786676402.264,9,predictions_total,heavy,heavy:8003,heavy-service,Carrot__Healthy,heavy
1786676407.264,9,predictions_total,heavy,heavy:8003,heavy-service,Carrot__Healthy,heavy
1786676412.264,9,predictions_total,heavy,heavy:8003,heavy-service,Carrot__Healthy,heavy
1786676417.264,9,predictions_total,heavy,heavy:8003,heavy-service,Carrot__Healthy,heavy
1786676422.264,9,predictions_total,heavy,heavy:8003,heavy-service,Carrot__Healthy,heavy
1786676427.264,9,predictions_total,heavy,heavy:8003,heavy-service,Carrot__Healthy,heavy
1786676432.264,9,predictions_total,heavy,heavy:8003,heavy-service,Carrot__Healthy,heavy
1786676437.264,9,predictions_total,heavy,heavy:8003,heavy-service,Carrot__Healthy,heavy
1786676442.264,9,predictions_total,heavy,heavy:8003,heavy-service,Carrot__Healthy,heavy
1786676447.264,9,predictions_total,heavy,heavy:8003,heavy-service,Carrot__Healthy,heavy
1786676452.264,9,predictions_total,heavy,heavy:8003,heavy-service,Carrot__Healthy,heavy
1786676457.264,9,predictions_total,heavy,heavy:8003,heavy-service,Carrot__Healthy,heavy
1786676462.264,9,predictions_total,heavy,heavy:8003,heavy-service,Carrot__Healthy,heavy
1786676467.264,9,predictions_total,heavy,heavy:8003,heavy-service,Carrot__Healthy,heavy
1786676472.264,9,predictions_total,heavy,heavy:8003,heavy-service,Carrot__Healthy,heavy
1786676477.264,9,predictions_total,heavy,heavy:8003,heavy-service,Carrot__Healthy,heavy
1786676482.264,9,predictions_total,heavy,heavy:8003,heavy-service,Carrot__Healthy,heavy
1786676487.264,9,predictions_total,heavy,heavy:8003,heavy-service,Carrot__Healthy,heavy
1786676492.264,9,predictions_total,heavy,heavy:8003,heavy-service,Carrot__Healthy,heavy
1786676497.264,9,predictions_total,heavy,heavy:8003,heavy-service,Carrot__Healthy,heavy
1786676502.264,9,predictions_total,heavy,heavy:8003,heavy-service,Carrot__Healthy,heavy
1786676507.264,9,predictions_total,heavy,heavy:8003,heavy-service,Carrot__Healthy,heavy
1786676512.264,9,predictions_total,heavy,heavy:8003,heavy-service,Carrot__Healthy,heavy
1786676517.264,9,predictions_total,heavy,heavy:8003,heavy-service,Carrot__Healthy,heavy
1786676522.264,9,predictions_total,heavy,heavy:8003,heavy-service,Carrot__Healthy,heavy
1786676527.264,9,predictions_total,heavy,heavy:8003,heavy-service,Carrot__Healthy,heavy
1786676532.264,9,predictions_total,heavy,heavy:8003,heavy-service,Carrot__Healthy,heavy
1786676537.264,9,predictions_total,heavy,heavy:8003,heavy-service,Carrot__Healthy,heavy
1786676542.264,9,predictions_total,heavy,heavy:8003,heavy-service,Carrot__Healthy,heavy
1786676547.264,9,predictions_total,heavy,heavy:8003,heavy-service,Carrot__Healthy,heavy
1786676552.264,9,predictions_total,heavy,heavy:8003,heavy-service,Carrot__Healthy,heavy
1786676557.264,9,predictions_total,heavy,heavy:8003,heavy-service,Carrot__Healthy,heavy
1786676562.264,9,predictions_total,heavy,heavy:8003,heavy-service,Carrot__Healthy,heavy
1786676567.264,9,predictions_total,heavy,heavy:8003,heavy-service,Carrot__Healthy,heavy
1786676572.264,9,predictions_total,heavy,heavy:8003,heavy-service,Carrot__Healthy,heavy
1786676577.264,9,predictions_total,heavy,heavy:8003,heavy-service,Carrot__Healthy,heavy
1786676582.264,9,predictions_total,heavy,heavy:8003,heavy-service,Carrot__Healthy,heavy
1786676587.264,9,predictions_total,heavy,heavy:8003,heavy-service,Carrot__Healthy,heavy
1786676592.264,9,predictions_total,heavy,heavy:8003,heavy-service,Carrot__Healthy,heavy
1786676597.264,9,predictions_total,heavy,heavy:8003,heavy-service,Carrot__Healthy,heavy
1786676602.264,9,predictions_total,heavy,heavy:8003,heavy-service,Carrot__Healthy,heavy
1786676607.264,9,predictions_total,heavy,heavy:8003,heavy-service,Carrot__Healthy,heavy
1786676612.264,9,predictions_total,heavy,heavy:8003,heavy-service,Carrot__Healthy,heavy
1786676617.264,9,predictions_total,heavy,heavy:8003,heavy-service,Carrot__Healthy,heavy
1786676622.264,9,predictions_total,heavy,heavy:8003,heavy-service,Carrot__Healthy,heavy
1786676627.264,9,predictions_total,heavy,heavy:8003,heavy-service,Carrot__Healthy,heavy
1786676632.264,9,predictions_total,heavy,heavy:8003,heavy-service,Carrot__Healthy,heavy
1786676637.264,9,predictions_total,heavy,heavy:8003,heavy-service,Carrot__Healthy,heavy
1786676642.264,9,predictions_total,heavy,heavy:8003,heavy-service,Carrot__Healthy,heavy
1786676647.264,9,predictions_total,heavy,heavy:8003,heavy-service,Carrot__Healthy,heavy
1786676652.264,9,predictions_total,heavy,heavy:8003,heavy-service,Carrot__Healthy,heavy
1786676657.264,9,predictions_total,heavy,heavy:8003,heavy-service,Carrot__Healthy,heavy
1786676662.264,9,predictions_total,heavy,heavy:8003,heavy-service,Carrot__Healthy,heavy
1786676667.264,9,predictions_total,heavy,heavy:8003,heavy-service,Carrot__Healthy,heavy
1786676672.264,9,predictions_total,heavy,heavy:8003,heavy-service,Carrot__Healthy,heavy
1786676677.264,9,predictions_total,heavy,heavy:8003,heavy-service,Carrot__Healthy,heavy
1786676682.264,9,predictions_total,heavy,heavy:8003,heavy-service,Carrot__Healthy,heavy
1786676687.264,10,predictions_total,heavy,heavy:8003,heavy-service,Carrot__Healthy,heavy
1786676692.264,10,predictions_total,heavy,heavy:8003,heavy-service,Carrot__Healthy,heavy
1786676697.264,10,predictions_total,heavy,heavy:8003,heavy-service,Carrot__Healthy,heavy
1786676702.264,12,predictions_total,heavy,heavy:8003,heavy-service,Carrot__Healthy,heavy
1786676707.264,12,predictions_total,heavy,heavy:8003,heavy-service,Carrot__Healthy,heavy
1786676712.264,12,predictions_total,heavy,heavy:8003,heavy-service,Carrot__Healthy,heavy
1786676717.264,12,predictions_total,heavy,heavy:8003,heavy-service,Carrot__Healthy,heavy
1786676722.264,12,predictions_total,heavy,heavy:8003,heavy-service,Carrot__Healthy,heavy
1786676727.264,13,predictions_total,heavy,heavy:8003,heavy-service,Carrot__Healthy,heavy
1786676732.264,14,predictions_total,heavy,heavy:8003,heavy-service,Carrot__Healthy,heavy
1786676737.264,14,predictions_total,heavy,heavy:8003,heavy-service,Carrot__Healthy,heavy
1786676742.264,16,predictions_total,heavy,heavy:8003,heavy-service,Carrot__Healthy,heavy
1786676747.264,16,predictions_total,heavy,heavy:8003,heavy-service,Carrot__Healthy,heavy
1786676752.264,16,predictions_total,heavy,heavy:8003,heavy-service,Carrot__Healthy,heavy
1786676757.264,16,predictions_total,heavy,heavy:8003,heavy-service,Carrot__Healthy,heavy
1786676762.264,16,predictions_total,heavy,heavy:8003,heavy-service,Carrot__Healthy,heavy
1786676767.264,16,predictions_total,heavy,heavy:8003,heavy-service,Carrot__Healthy,heavy
1786676772.264,16,predictions_total,heavy,heavy:8003,heavy-service,Carrot__Healthy,heavy
1786676777.264,16,predictions_total,heavy,heavy:8003,heavy-service,Carrot__Healthy,heavy
1786676782.264,16,predictions_total,heavy,heavy:8003,heavy-service,Carrot__Healthy,heavy
1786676787.264,16,predictions_total,heavy,heavy:8003,heavy-service,Carrot__Healthy,heavy
1786676792.264,16,predictions_total,heavy,heavy:8003,heavy-service,Carrot__Healthy,heavy
1786676797.264,16,predictions_total,heavy,heavy:8003,heavy-service,Carrot__Healthy,heavy
1786676802.264,16,predictions_total,heavy,heavy:8003,heavy-service,Carrot__Healthy,heavy
1786676807.264,16,predictions_total,heavy,heavy:8003,heavy-service,Carrot__Healthy,heavy
1786676812.264,16,predictions_total,heavy,heavy:8003,heavy-service,Carrot__Healthy,heavy
1786676817.264,17,predictions_total,heavy,heavy:8003,heavy-service,Carrot__Healthy,heavy
1786676822.264,17,predictions_total,heavy,heavy:8003,heavy-service,Carrot__Healthy,heavy
1786676827.264,17,predictions_total,heavy,heavy:8003,heavy-service,Carrot__Healthy,heavy
1786676832.264,18,predictions_total,heavy,heavy:8003,heavy-service,Carrot__Healthy,heavy
1786676837.264,18,predictions_total,heavy,heavy:8003,heavy-service,Carrot__Healthy,heavy
1786676842.264,18,predictions_total,heavy,heavy:8003,heavy-service,Carrot__Healthy,heavy
1786676847.264,18,predictions_total,heavy,heavy:8003,heavy-service,Carrot__Healthy,heavy
1786676852.264,19,predictions_total,heavy,heavy:8003,heavy-service,Carrot__Healthy,heavy
1786676857.264,19,predictions_total,heavy,heavy:8003,heavy-service,Carrot__Healthy,heavy
1786676862.264,19,predictions_total,heavy,heavy:8003,heavy-service,Carrot__Healthy,heavy
1786676867.264,21,predictions_total,heavy,heavy:8003,heavy-service,Carrot__Healthy,heavy
1786676872.264,21,predictions_total,heavy,heavy:8003,heavy-service,Carrot__Healthy,heavy
1786676877.264,21,predictions_total,heavy,heavy:8003,heavy-service,Carrot__Healthy,heavy
1786676882.264,21,predictions_total,heavy,heavy:8003,heavy-service,Carrot__Healthy,heavy
1786676887.264,21,predictions_total,heavy,heavy:8003,heavy-service,Carrot__Healthy,heavy
1786676892.264,21,predictions_total,heavy,heavy:8003,heavy-service,Carrot__Healthy,heavy
1786676897.264,21,predictions_total,heavy,heavy:8003,heavy-service,Carrot__Healthy,heavy
1786676902.264,21,predictions_total,heavy,heavy:8003,heavy-service,Carrot__Healthy,heavy
1786676907.264,21,predictions_total,heavy,heavy:8003,heavy-service,Carrot__Healthy,heavy
1786676912.264,21,predictions_total,heavy,heavy:8003,heavy-service,Carrot__Healthy,heavy
1786676917.264,21,predictions_total,heavy,heavy:8003,heavy-service,Carrot__Healthy,heavy
1786676922.264,21,predictions_total,heavy,heavy:8003,heavy-service,Carrot__Healthy,heavy
1786676927.264,21,predictions_total,heavy,heavy:8003,heavy-service,Carrot__Healthy,heavy
1786676932.264,21,predictions_total,heavy,heavy:8003,heavy-service,Carrot__Healthy,heavy
1786676937.264,21,predictions_total,heavy,heavy:8003,heavy-service,Carrot__Healthy,heavy
1786676942.264,21,predictions_total,heavy,heavy:8003,heavy-service,Carrot__Healthy,heavy
1786676947.264,21,predictions_total,heavy,heavy:8003,heavy-service,Carrot__Healthy,heavy
1786676952.264,21,predictions_total,heavy,heavy:8003,heavy-service,Carrot__Healthy,heavy
1786676957.264,21,predictions_total,heavy,heavy:8003,heavy-service,Carrot__Healthy,heavy
1786676962.264,21,predictions_total,heavy,heavy:8003,heavy-service,Carrot__Healthy,heavy
1786676967.264,21,predictions_total,heavy,heavy:8003,heavy-service,Carrot__Healthy,heavy
1786676972.264,21,predictions_total,heavy,heavy:8003,heavy-service,Carrot__Healthy,heavy
1786676977.264,21,predictions_total,heavy,heavy:8003,heavy-service,Carrot__Healthy,heavy
1786676982.264,21,predictions_total,heavy,heavy:8003,heavy-service,Carrot__Healthy,heavy
1786676987.264,21,predictions_total,heavy,heavy:8003,heavy-service,Carrot__Healthy,heavy
1786676992.264,21,predictions_total,heavy,heavy:8003,heavy-service,Carrot__Healthy,heavy
1786676997.264,21,predictions_total,heavy,heavy:8003,heavy-service,Carrot__Healthy,heavy
1786677002.264,21,predictions_total,heavy,heavy:8003,heavy-service,Carrot__Healthy,heavy
1786677007.264,21,predictions_total,heavy,heavy:8003,heavy-service,Carrot__Healthy,heavy
1786677012.264,21,predictions_total,heavy,heavy:8003,heavy-service,Carrot__Healthy,heavy
1786677017.264,21,predictions_total,heavy,heavy:8003,heavy-service,Carrot__Healthy,heavy
1786677022.264,21,predictions_total,heavy,heavy:8003,heavy-service,Carrot__Healthy,heavy
1786677027.264,21,predictions_total,heavy,heavy:8003,heavy-service,Carrot__Healthy,heavy
1786677032.264,21,predictions_total,heavy,heavy:8003,heavy-service,Carrot__Healthy,heavy
1786677037.264,21,predictions_total,heavy,heavy:8003,heavy-service,Carrot__Healthy,heavy
1786677042.264,21,predictions_total,heavy,heavy:8003,heavy-service,Carrot__Healthy,heavy
1786677047.264,21,predictions_total,heavy,heavy:8003,heavy-service,Carrot__Healthy,heavy
1786677052.264,21,predictions_total,heavy,heavy:8003,heavy-service,Carrot__Healthy,heavy
1786677057.264,21,predictions_total,heavy,heavy:8003,heavy-service,Carrot__Healthy,heavy
1786677062.264,21,predictions_total,heavy,heavy:8003,heavy-service,Carrot__Healthy,heavy
1786677067.264,21,predictions_total,heavy,heavy:8003,heavy-service,Carrot__Healthy,heavy
1786677072.264,21,predictions_total,heavy,heavy:8003,heavy-service,Carrot__Healthy,heavy
1786677077.264,21,predictions_total,heavy,heavy:8003,heavy-service,Carrot__Healthy,heavy
1786677082.264,21,predictions_total,heavy,heavy:8003,heavy-service,Carrot__Healthy,heavy
1786677087.264,21,predictions_total,heavy,heavy:8003,heavy-service,Carrot__Healthy,heavy
1786677092.264,21,predictions_total,heavy,heavy:8003,heavy-service,Carrot__Healthy,heavy
1786677097.264,21,predictions_total,heavy,heavy:8003,heavy-service,Carrot__Healthy,heavy
1786677102.264,21,predictions_total,heavy,heavy:8003,heavy-service,Carrot__Healthy,heavy
1786677107.264,21,predictions_total,heavy,heavy:8003,heavy-service,Carrot__Healthy,heavy
1786677112.264,21,predictions_total,heavy,heavy:8003,heavy-service,Carrot__Healthy,heavy
1786677117.264,21,predictions_total,heavy,heavy:8003,heavy-service,Carrot__Healthy,heavy
1786677122.264,21,predictions_total,heavy,heavy:8003,heavy-service,Carrot__Healthy,heavy
1786677127.264,21,predictions_total,heavy,heavy:8003,heavy-service,Carrot__Healthy,heavy
1786677132.264,21,predictions_total,heavy,heavy:8003,heavy-service,Carrot__Healthy,heavy
1786677137.264,21,predictions_total,heavy,heavy:8003,heavy-service,Carrot__Healthy,heavy
1786677142.264,21,predictions_total,heavy,heavy:8003,heavy-service,Carrot__Healthy,heavy
1786677147.264,21,predictions_total,heavy,heavy:8003,heavy-service,Carrot__Healthy,heavy
1786677152.264,21,predictions_total,heavy,heavy:8003,heavy-service,Carrot__Healthy,heavy
1786677157.264,21,predictions_total,heavy,heavy:8003,heavy-service,Carrot__Healthy,heavy
1786677162.264,21,predictions_total,heavy,heavy:8003,heavy-service,Carrot__Healthy,heavy
1786677167.264,21,predictions_total,heavy,heavy:8003,heavy-service,Carrot__Healthy,heavy
1786677172.264,21,predictions_total,heavy,heavy:8003,heavy-service,Carrot__Healthy,heavy
1786677177.264,21,predictions_total,heavy,heavy:8003,heavy-service,Carrot__Healthy,heavy
1786677182.264,21,predictions_total,heavy,heavy:8003,heavy-service,Carrot__Healthy,heavy
1786677187.264,21,predictions_total,heavy,heavy:8003,heavy-service,Carrot__Healthy,heavy
1786677192.264,21,predictions_total,heavy,heavy:8003,heavy-service,Carrot__Healthy,heavy
1786677197.264,21,predictions_total,heavy,heavy:8003,heavy-service,Carrot__Healthy,heavy
1786677202.264,21,predictions_total,heavy,heavy:8003,heavy-service,Carrot__Healthy,heavy
1786677207.264,21,predictions_total,heavy,heavy:8003,heavy-service,Carrot__Healthy,heavy
1786677212.264,21,predictions_total,heavy,heavy:8003,heavy-service,Carrot__Healthy,heavy
1786677217.264,21,predictions_total,heavy,heavy:8003,heavy-service,Carrot__Healthy,heavy
1786677222.264,21,predictions_total,heavy,heavy:8003,heavy-service,Carrot__Healthy,heavy
1786677227.264,21,predictions_total,heavy,heavy:8003,heavy-service,Carrot__Healthy,heavy
1786677232.264,21,predictions_total,heavy,heavy:8003,heavy-service,Carrot__Healthy,heavy
1786677237.264,21,predictions_total,heavy,heavy:8003,heavy-service,Carrot__Healthy,heavy
1786677242.264,21,predictions_total,heavy,heavy:8003,heavy-service,Carrot__Healthy,heavy
1786677247.264,21,predictions_total,heavy,heavy:8003,heavy-service,Carrot__Healthy,heavy
1786677252.264,21,predictions_total,heavy,heavy:8003,heavy-service,Carrot__Healthy,heavy
1786677257.264,21,predictions_total,heavy,heavy:8003,heavy-service,Carrot__Healthy,heavy
1786677262.264,21,predictions_total,heavy,heavy:8003,heavy-service,Carrot__Healthy,heavy
1786677267.264,21,predictions_total,heavy,heavy:8003,heavy-service,Carrot__Healthy,heavy
1786677272.264,21,predictions_total,heavy,heavy:8003,heavy-service,Carrot__Healthy,heavy
1786677277.264,21,predictions_total,heavy,heavy:8003,heavy-service,Carrot__Healthy,heavy
1786677282.264,21,predictions_total,heavy,heavy:8003,heavy-service,Carrot__Healthy,heavy
1786677287.264,22,predictions_total,heavy,heavy:8003,heavy-service,Carrot__Healthy,heavy
1786677292.264,22,predictions_total,heavy,heavy:8003,heavy-service,Carrot__Healthy,heavy
1786677297.264,22,predictions_total,heavy,heavy:8003,heavy-service,Carrot__Healthy,heavy
1786677302.264,22,predictions_total,heavy,heavy:8003,heavy-service,Carrot__Healthy,heavy
1786677307.264,23,predictions_total,heavy,heavy:8003,heavy-service,Carrot__Healthy,heavy
1786677312.264,23,predictions_total,heavy,heavy:8003,heavy-service,Carrot__Healthy,heavy
1786677317.264,23,predictions_total,heavy,heavy:8003,heavy-service,Carrot__Healthy,heavy
1786677322.264,24,predictions_total,heavy,heavy:8003,heavy-service,Carrot__Healthy,heavy
1786677327.264,25,predictions_total,heavy,heavy:8003,heavy-service,Carrot__Healthy,heavy
1786677332.264,25,predictions_total,heavy,heavy:8003,heavy-service,Carrot__Healthy,heavy
1786677337.264,25,predictions_total,heavy,heavy:8003,heavy-service,Carrot__Healthy,heavy
1786677342.264,25,predictions_total,heavy,heavy:8003,heavy-service,Carrot__Healthy,heavy
1786677347.264,25,predictions_total,heavy,heavy:8003,heavy-service,Carrot__Healthy,heavy
1786677352.264,25,predictions_total,heavy,heavy:8003,heavy-service,Carrot__Healthy,heavy
1786677357.264,25,predictions_total,heavy,heavy:8003,heavy-service,Carrot__Healthy,heavy
1786677362.264,25,predictions_total,heavy,heavy:8003,heavy-service,Carrot__Healthy,heavy
1786677367.264,25,predictions_total,heavy,heavy:8003,heavy-service,Carrot__Healthy,heavy
1786677372.264,25,predictions_total,heavy,heavy:8003,heavy-service,Carrot__Healthy,heavy
1786677377.264,25,predictions_total,heavy,heavy:8003,heavy-service,Carrot__Healthy,heavy
1786677382.264,26,predictions_total,heavy,heavy:8003,heavy-service,Carrot__Healthy,heavy
1786677387.264,27,predictions_total,heavy,heavy:8003,heavy-service,Carrot__Healthy,heavy
1786677392.264,28,predictions_total,heavy,heavy:8003,heavy-service,Carrot__Healthy,heavy
1786677397.264,28,predictions_total,heavy,heavy:8003,heavy-service,Carrot__Healthy,heavy
1786677402.264,28,predictions_total,heavy,heavy:8003,heavy-service,Carrot__Healthy,heavy
1786677407.264,28,predictions_total,heavy,heavy:8003,heavy-service,Carrot__Healthy,heavy
1786677412.264,28,predictions_total,heavy,heavy:8003,heavy-service,Carrot__Healthy,heavy
1786677417.264,28,predictions_total,heavy,heavy:8003,heavy-service,Carrot__Healthy,heavy
1786677422.264,28,predictions_total,heavy,heavy:8003,heavy-service,Carrot__Healthy,heavy
1786677427.264,29,predictions_total,heavy,heavy:8003,heavy-service,Carrot__Healthy,heavy
1786677432.264,30,predictions_total,heavy,heavy:8003,heavy-service,Carrot__Healthy,heavy
1786677437.264,32,predictions_total,heavy,heavy:8003,heavy-service,Carrot__Healthy,heavy
1786677442.264,33,predictions_total,heavy,heavy:8003,heavy-service,Carrot__Healthy,heavy
1786677447.264,33,predictions_total,heavy,heavy:8003,heavy-service,Carrot__Healthy,heavy
1786676657.264,1,predictions_total,heavy,heavy:8003,heavy-service,Carrot__Rotten,heavy
1786676662.264,2,predictions_total,heavy,heavy:8003,heavy-service,Carrot__Rotten,heavy
1786676667.264,2,predictions_total,heavy,heavy:8003,heavy-service,Carrot__Rotten,heavy
1786676672.264,3,predictions_total,heavy,heavy:8003,heavy-service,Carrot__Rotten,heavy
1786676677.264,3,predictions_total,heavy,heavy:8003,heavy-service,Carrot__Rotten,heavy
1786676682.264,3,predictions_total,heavy,heavy:8003,heavy-service,Carrot__Rotten,heavy
1786676687.264,3,predictions_total,heavy,heavy:8003,heavy-service,Carrot__Rotten,heavy
1786676692.264,4,predictions_total,heavy,heavy:8003,heavy-service,Carrot__Rotten,heavy
1786676697.264,5,predictions_total,heavy,heavy:8003,heavy-service,Carrot__Rotten,heavy
1786676702.264,6,predictions_total,heavy,heavy:8003,heavy-service,Carrot__Rotten,heavy
1786676707.264,6,predictions_total,heavy,heavy:8003,heavy-service,Carrot__Rotten,heavy
1786676712.264,6,predictions_total,heavy,heavy:8003,heavy-service,Carrot__Rotten,heavy
1786676717.264,6,predictions_total,heavy,heavy:8003,heavy-service,Carrot__Rotten,heavy
1786676722.264,8,predictions_total,heavy,heavy:8003,heavy-service,Carrot__Rotten,heavy
1786676727.264,9,predictions_total,heavy,heavy:8003,heavy-service,Carrot__Rotten,heavy
1786676732.264,10,predictions_total,heavy,heavy:8003,heavy-service,Carrot__Rotten,heavy
1786676737.264,11,predictions_total,heavy,heavy:8003,heavy-service,Carrot__Rotten,heavy
1786676742.264,12,predictions_total,heavy,heavy:8003,heavy-service,Carrot__Rotten,heavy
1786676747.264,12,predictions_total,heavy,heavy:8003,heavy-service,Carrot__Rotten,heavy
1786676752.264,12,predictions_total,heavy,heavy:8003,heavy-service,Carrot__Rotten,heavy
1786676757.264,12,predictions_total,heavy,heavy:8003,heavy-service,Carrot__Rotten,heavy
1786676762.264,12,predictions_total,heavy,heavy:8003,heavy-service,Carrot__Rotten,heavy
1786676767.264,12,predictions_total,heavy,heavy:8003,heavy-service,Carrot__Rotten,heavy
1786676772.264,12,predictions_total,heavy,heavy:8003,heavy-service,Carrot__Rotten,heavy
1786676777.264,12,predictions_total,heavy,heavy:8003,heavy-service,Carrot__Rotten,heavy
1786676782.264,12,predictions_total,heavy,heavy:8003,heavy-service,Carrot__Rotten,heavy
1786676787.264,12,predictions_total,heavy,heavy:8003,heavy-service,Carrot__Rotten,heavy
1786676792.264,12,predictions_total,heavy,heavy:8003,heavy-service,Carrot__Rotten,heavy
1786676797.264,12,predictions_total,heavy,heavy:8003,heavy-service,Carrot__Rotten,heavy
1786676802.264,12,predictions_total,heavy,heavy:8003,heavy-service,Carrot__Rotten,heavy
1786676807.264,12,predictions_total,heavy,heavy:8003,heavy-service,Carrot__Rotten,heavy
1786676812.264,12,predictions_total,heavy,heavy:8003,heavy-service,Carrot__Rotten,heavy
1786676817.264,12,predictions_total,heavy,heavy:8003,heavy-service,Carrot__Rotten,heavy
1786676822.264,12,predictions_total,heavy,heavy:8003,heavy-service,Carrot__Rotten,heavy
1786676827.264,12,predictions_total,heavy,heavy:8003,heavy-service,Carrot__Rotten,heavy
1786676832.264,12,predictions_total,heavy,heavy:8003,heavy-service,Carrot__Rotten,heavy
1786676837.264,12,predictions_total,heavy,heavy:8003,heavy-service,Carrot__Rotten,heavy
1786676842.264,12,predictions_total,heavy,heavy:8003,heavy-service,Carrot__Rotten,heavy
1786676847.264,12,predictions_total,heavy,heavy:8003,heavy-service,Carrot__Rotten,heavy
1786676852.264,12,predictions_total,heavy,heavy:8003,heavy-service,Carrot__Rotten,heavy
1786676857.264,12,predictions_total,heavy,heavy:8003,heavy-service,Carrot__Rotten,heavy
1786676862.264,12,predictions_total,heavy,heavy:8003,heavy-service,Carrot__Rotten,heavy
1786676867.264,12,predictions_total,heavy,heavy:8003,heavy-service,Carrot__Rotten,heavy
1786676872.264,12,predictions_total,heavy,heavy:8003,heavy-service,Carrot__Rotten,heavy
1786676877.264,12,predictions_total,heavy,heavy:8003,heavy-service,Carrot__Rotten,heavy
1786676882.264,12,predictions_total,heavy,heavy:8003,heavy-service,Carrot__Rotten,heavy
1786676887.264,12,predictions_total,heavy,heavy:8003,heavy-service,Carrot__Rotten,heavy
1786676892.264,12,predictions_total,heavy,heavy:8003,heavy-service,Carrot__Rotten,heavy
1786676897.264,12,predictions_total,heavy,heavy:8003,heavy-service,Carrot__Rotten,heavy
1786676902.264,12,predictions_total,heavy,heavy:8003,heavy-service,Carrot__Rotten,heavy
1786676907.264,12,predictions_total,heavy,heavy:8003,heavy-service,Carrot__Rotten,heavy
1786676912.264,12,predictions_total,heavy,heavy:8003,heavy-service,Carrot__Rotten,heavy
1786676917.264,12,predictions_total,heavy,heavy:8003,heavy-service,Carrot__Rotten,heavy
1786676922.264,12,predictions_total,heavy,heavy:8003,heavy-service,Carrot__Rotten,heavy
1786676927.264,12,predictions_total,heavy,heavy:8003,heavy-service,Carrot__Rotten,heavy
1786676932.264,12,predictions_total,heavy,heavy:8003,heavy-service,Carrot__Rotten,heavy
1786676937.264,12,predictions_total,heavy,heavy:8003,heavy-service,Carrot__Rotten,heavy
1786676942.264,12,predictions_total,heavy,heavy:8003,heavy-service,Carrot__Rotten,heavy
1786676947.264,12,predictions_total,heavy,heavy:8003,heavy-service,Carrot__Rotten,heavy
1786676952.264,12,predictions_total,heavy,heavy:8003,heavy-service,Carrot__Rotten,heavy
1786676957.264,12,predictions_total,heavy,heavy:8003,heavy-service,Carrot__Rotten,heavy
1786676962.264,12,predictions_total,heavy,heavy:8003,heavy-service,Carrot__Rotten,heavy
1786676967.264,12,predictions_total,heavy,heavy:8003,heavy-service,Carrot__Rotten,heavy
1786676972.264,12,predictions_total,heavy,heavy:8003,heavy-service,Carrot__Rotten,heavy
1786676977.264,12,predictions_total,heavy,heavy:8003,heavy-service,Carrot__Rotten,heavy
1786676982.264,12,predictions_total,heavy,heavy:8003,heavy-service,Carrot__Rotten,heavy
1786676987.264,12,predictions_total,heavy,heavy:8003,heavy-service,Carrot__Rotten,heavy
1786676992.264,12,predictions_total,heavy,heavy:8003,heavy-service,Carrot__Rotten,heavy
1786676997.264,12,predictions_total,heavy,heavy:8003,heavy-service,Carrot__Rotten,heavy
1786677002.264,12,predictions_total,heavy,heavy:8003,heavy-service,Carrot__Rotten,heavy
1786677007.264,12,predictions_total,heavy,heavy:8003,heavy-service,Carrot__Rotten,heavy
1786677012.264,12,predictions_total,heavy,heavy:8003,heavy-service,Carrot__Rotten,heavy
1786677017.264,12,predictions_total,heavy,heavy:8003,heavy-service,Carrot__Rotten,heavy
1786677022.264,12,predictions_total,heavy,heavy:8003,heavy-service,Carrot__Rotten,heavy
1786677027.264,12,predictions_total,heavy,heavy:8003,heavy-service,Carrot__Rotten,heavy
1786677032.264,12,predictions_total,heavy,heavy:8003,heavy-service,Carrot__Rotten,heavy
1786677037.264,12,predictions_total,heavy,heavy:8003,heavy-service,Carrot__Rotten,heavy
1786677042.264,12,predictions_total,heavy,heavy:8003,heavy-service,Carrot__Rotten,heavy
1786677047.264,12,predictions_total,heavy,heavy:8003,heavy-service,Carrot__Rotten,heavy
1786677052.264,12,predictions_total,heavy,heavy:8003,heavy-service,Carrot__Rotten,heavy
1786677057.264,12,predictions_total,heavy,heavy:8003,heavy-service,Carrot__Rotten,heavy
1786677062.264,12,predictions_total,heavy,heavy:8003,heavy-service,Carrot__Rotten,heavy
1786677067.264,12,predictions_total,heavy,heavy:8003,heavy-service,Carrot__Rotten,heavy
1786677072.264,12,predictions_total,heavy,heavy:8003,heavy-service,Carrot__Rotten,heavy
1786677077.264,12,predictions_total,heavy,heavy:8003,heavy-service,Carrot__Rotten,heavy
1786677082.264,12,predictions_total,heavy,heavy:8003,heavy-service,Carrot__Rotten,heavy
1786677087.264,12,predictions_total,heavy,heavy:8003,heavy-service,Carrot__Rotten,heavy
1786677092.264,12,predictions_total,heavy,heavy:8003,heavy-service,Carrot__Rotten,heavy
1786677097.264,12,predictions_total,heavy,heavy:8003,heavy-service,Carrot__Rotten,heavy
1786677102.264,12,predictions_total,heavy,heavy:8003,heavy-service,Carrot__Rotten,heavy
1786677107.264,12,predictions_total,heavy,heavy:8003,heavy-service,Carrot__Rotten,heavy
1786677112.264,12,predictions_total,heavy,heavy:8003,heavy-service,Carrot__Rotten,heavy
1786677117.264,12,predictions_total,heavy,heavy:8003,heavy-service,Carrot__Rotten,heavy
1786677122.264,12,predictions_total,heavy,heavy:8003,heavy-service,Carrot__Rotten,heavy
1786677127.264,12,predictions_total,heavy,heavy:8003,heavy-service,Carrot__Rotten,heavy
1786677132.264,12,predictions_total,heavy,heavy:8003,heavy-service,Carrot__Rotten,heavy
1786677137.264,12,predictions_total,heavy,heavy:8003,heavy-service,Carrot__Rotten,heavy
1786677142.264,12,predictions_total,heavy,heavy:8003,heavy-service,Carrot__Rotten,heavy
1786677147.264,12,predictions_total,heavy,heavy:8003,heavy-service,Carrot__Rotten,heavy
1786677152.264,12,predictions_total,heavy,heavy:8003,heavy-service,Carrot__Rotten,heavy
1786677157.264,12,predictions_total,heavy,heavy:8003,heavy-service,Carrot__Rotten,heavy
1786677162.264,12,predictions_total,heavy,heavy:8003,heavy-service,Carrot__Rotten,heavy
1786677167.264,12,predictions_total,heavy,heavy:8003,heavy-service,Carrot__Rotten,heavy
1786677172.264,12,predictions_total,heavy,heavy:8003,heavy-service,Carrot__Rotten,heavy
1786677177.264,12,predictions_total,heavy,heavy:8003,heavy-service,Carrot__Rotten,heavy
1786677182.264,12,predictions_total,heavy,heavy:8003,heavy-service,Carrot__Rotten,heavy
1786677187.264,12,predictions_total,heavy,heavy:8003,heavy-service,Carrot__Rotten,heavy
1786677192.264,12,predictions_total,heavy,heavy:8003,heavy-service,Carrot__Rotten,heavy
1786677197.264,12,predictions_total,heavy,heavy:8003,heavy-service,Carrot__Rotten,heavy
1786677202.264,12,predictions_total,heavy,heavy:8003,heavy-service,Carrot__Rotten,heavy
1786677207.264,12,predictions_total,heavy,heavy:8003,heavy-service,Carrot__Rotten,heavy
1786677212.264,12,predictions_total,heavy,heavy:8003,heavy-service,Carrot__Rotten,heavy
1786677217.264,12,predictions_total,heavy,heavy:8003,heavy-service,Carrot__Rotten,heavy
1786677222.264,12,predictions_total,heavy,heavy:8003,heavy-service,Carrot__Rotten,heavy
1786677227.264,12,predictions_total,heavy,heavy:8003,heavy-service,Carrot__Rotten,heavy
1786677232.264,12,predictions_total,heavy,heavy:8003,heavy-service,Carrot__Rotten,heavy
1786677237.264,12,predictions_total,heavy,heavy:8003,heavy-service,Carrot__Rotten,heavy
1786677242.264,13,predictions_total,heavy,heavy:8003,heavy-service,Carrot__Rotten,heavy
1786677247.264,13,predictions_total,heavy,heavy:8003,heavy-service,Carrot__Rotten,heavy
1786677252.264,13,predictions_total,heavy,heavy:8003,heavy-service,Carrot__Rotten,heavy
1786677257.264,14,predictions_total,heavy,heavy:8003,heavy-service,Carrot__Rotten,heavy
1786677262.264,14,predictions_total,heavy,heavy:8003,heavy-service,Carrot__Rotten,heavy
1786677267.264,16,predictions_total,heavy,heavy:8003,heavy-service,Carrot__Rotten,heavy
1786677272.264,16,predictions_total,heavy,heavy:8003,heavy-service,Carrot__Rotten,heavy
1786677277.264,16,predictions_total,heavy,heavy:8003,heavy-service,Carrot__Rotten,heavy
1786677282.264,16,predictions_total,heavy,heavy:8003,heavy-service,Carrot__Rotten,heavy
1786677287.264,18,predictions_total,heavy,heavy:8003,heavy-service,Carrot__Rotten,heavy
1786677292.264,18,predictions_total,heavy,heavy:8003,heavy-service,Carrot__Rotten,heavy
1786677297.264,19,predictions_total,heavy,heavy:8003,heavy-service,Carrot__Rotten,heavy
1786677302.264,21,predictions_total,heavy,heavy:8003,heavy-service,Carrot__Rotten,heavy
1786677307.264,22,predictions_total,heavy,heavy:8003,heavy-service,Carrot__Rotten,heavy
1786677312.264,22,predictions_total,heavy,heavy:8003,heavy-service,Carrot__Rotten,heavy
1786677317.264,23,predictions_total,heavy,heavy:8003,heavy-service,Carrot__Rotten,heavy
1786677322.264,24,predictions_total,heavy,heavy:8003,heavy-service,Carrot__Rotten,heavy
1786677327.264,25,predictions_total,heavy,heavy:8003,heavy-service,Carrot__Rotten,heavy
1786677332.264,26,predictions_total,heavy,heavy:8003,heavy-service,Carrot__Rotten,heavy
1786677337.264,28,predictions_total,heavy,heavy:8003,heavy-service,Carrot__Rotten,heavy
1786677342.264,28,predictions_total,heavy,heavy:8003,heavy-service,Carrot__Rotten,heavy
1786677347.264,28,predictions_total,heavy,heavy:8003,heavy-service,Carrot__Rotten,heavy
1786677352.264,28,predictions_total,heavy,heavy:8003,heavy-service,Carrot__Rotten,heavy
1786677357.264,28,predictions_total,heavy,heavy:8003,heavy-service,Carrot__Rotten,heavy
1786677362.264,28,predictions_total,heavy,heavy:8003,heavy-service,Carrot__Rotten,heavy
1786677367.264,28,predictions_total,heavy,heavy:8003,heavy-service,Carrot__Rotten,heavy
1786677372.264,28,predictions_total,heavy,heavy:8003,heavy-service,Carrot__Rotten,heavy
1786677377.264,28,predictions_total,heavy,heavy:8003,heavy-service,Carrot__Rotten,heavy
1786677382.264,28,predictions_total,heavy,heavy:8003,heavy-service,Carrot__Rotten,heavy
1786677387.264,28,predictions_total,heavy,heavy:8003,heavy-service,Carrot__Rotten,heavy
1786677392.264,28,predictions_total,heavy,heavy:8003,heavy-service,Carrot__Rotten,heavy
1786677397.264,28,predictions_total,heavy,heavy:8003,heavy-service,Carrot__Rotten,heavy
1786677402.264,28,predictions_total,heavy,heavy:8003,heavy-service,Carrot__Rotten,heavy
1786677407.264,28,predictions_total,heavy,heavy:8003,heavy-service,Carrot__Rotten,heavy
1786677412.264,28,predictions_total,heavy,heavy:8003,heavy-service,Carrot__Rotten,heavy
1786677417.264,28,predictions_total,heavy,heavy:8003,heavy-service,Carrot__Rotten,heavy
1786677422.264,28,predictions_total,heavy,heavy:8003,heavy-service,Carrot__Rotten,heavy
1786677427.264,28,predictions_total,heavy,heavy:8003,heavy-service,Carrot__Rotten,heavy
1786677432.264,28,predictions_total,heavy,heavy:8003,heavy-service,Carrot__Rotten,heavy
1786677437.264,28,predictions_total,heavy,heavy:8003,heavy-service,Carrot__Rotten,heavy
1786677442.264,28,predictions_total,heavy,heavy:8003,heavy-service,Carrot__Rotten,heavy
1786677447.264,28,predictions_total,heavy,heavy:8003,heavy-service,Carrot__Rotten,heavy
1786676327.264,1,predictions_total,heavy,heavy:8003,heavy-service,Cucumber__Healthy,heavy
1786676332.264,5,predictions_total,heavy,heavy:8003,heavy-service,Cucumber__Healthy,heavy
1786676337.264,5,predictions_total,heavy,heavy:8003,heavy-service,Cucumber__Healthy,heavy
1786676342.264,7,predictions_total,heavy,heavy:8003,heavy-service,Cucumber__Healthy,heavy
1786676347.264,8,predictions_total,heavy,heavy:8003,heavy-service,Cucumber__Healthy,heavy
1786676352.264,8,predictions_total,heavy,heavy:8003,heavy-service,Cucumber__Healthy,heavy
1786676357.264,9,predictions_total,heavy,heavy:8003,heavy-service,Cucumber__Healthy,heavy
1786676362.264,10,predictions_total,heavy,heavy:8003,heavy-service,Cucumber__Healthy,heavy
1786676367.264,13,predictions_total,heavy,heavy:8003,heavy-service,Cucumber__Healthy,heavy
1786676372.264,14,predictions_total,heavy,heavy:8003,heavy-service,Cucumber__Healthy,heavy
1786676377.264,17,predictions_total,heavy,heavy:8003,heavy-service,Cucumber__Healthy,heavy
1786676382.264,17,predictions_total,heavy,heavy:8003,heavy-service,Cucumber__Healthy,heavy
1786676387.264,17,predictions_total,heavy,heavy:8003,heavy-service,Cucumber__Healthy,heavy
1786676392.264,17,predictions_total,heavy,heavy:8003,heavy-service,Cucumber__Healthy,heavy
1786676397.264,17,predictions_total,heavy,heavy:8003,heavy-service,Cucumber__Healthy,heavy
1786676402.264,17,predictions_total,heavy,heavy:8003,heavy-service,Cucumber__Healthy,heavy
1786676407.264,17,predictions_total,heavy,heavy:8003,heavy-service,Cucumber__Healthy,heavy
1786676412.264,17,predictions_total,heavy,heavy:8003,heavy-service,Cucumber__Healthy,heavy
1786676417.264,17,predictions_total,heavy,heavy:8003,heavy-service,Cucumber__Healthy,heavy
1786676422.264,17,predictions_total,heavy,heavy:8003,heavy-service,Cucumber__Healthy,heavy
1786676427.264,17,predictions_total,heavy,heavy:8003,heavy-service,Cucumber__Healthy,heavy
1786676432.264,17,predictions_total,heavy,heavy:8003,heavy-service,Cucumber__Healthy,heavy
1786676437.264,17,predictions_total,heavy,heavy:8003,heavy-service,Cucumber__Healthy,heavy
1786676442.264,17,predictions_total,heavy,heavy:8003,heavy-service,Cucumber__Healthy,heavy
1786676447.264,17,predictions_total,heavy,heavy:8003,heavy-service,Cucumber__Healthy,heavy
1786676452.264,17,predictions_total,heavy,heavy:8003,heavy-service,Cucumber__Healthy,heavy
1786676457.264,17,predictions_total,heavy,heavy:8003,heavy-service,Cucumber__Healthy,heavy
1786676462.264,17,predictions_total,heavy,heavy:8003,heavy-service,Cucumber__Healthy,heavy
1786676467.264,17,predictions_total,heavy,heavy:8003,heavy-service,Cucumber__Healthy,heavy
1786676472.264,17,predictions_total,heavy,heavy:8003,heavy-service,Cucumber__Healthy,heavy
1786676477.264,17,predictions_total,heavy,heavy:8003,heavy-service,Cucumber__Healthy,heavy
1786676482.264,17,predictions_total,heavy,heavy:8003,heavy-service,Cucumber__Healthy,heavy
1786676487.264,17,predictions_total,heavy,heavy:8003,heavy-service,Cucumber__Healthy,heavy
1786676492.264,17,predictions_total,heavy,heavy:8003,heavy-service,Cucumber__Healthy,heavy
1786676497.264,17,predictions_total,heavy,heavy:8003,heavy-service,Cucumber__Healthy,heavy
1786676502.264,17,predictions_total,heavy,heavy:8003,heavy-service,Cucumber__Healthy,heavy
1786676507.264,17,predictions_total,heavy,heavy:8003,heavy-service,Cucumber__Healthy,heavy
1786676512.264,17,predictions_total,heavy,heavy:8003,heavy-service,Cucumber__Healthy,heavy
1786676517.264,17,predictions_total,heavy,heavy:8003,heavy-service,Cucumber__Healthy,heavy
1786676522.264,17,predictions_total,heavy,heavy:8003,heavy-service,Cucumber__Healthy,heavy
1786676527.264,17,predictions_total,heavy,heavy:8003,heavy-service,Cucumber__Healthy,heavy
1786676532.264,17,predictions_total,heavy,heavy:8003,heavy-service,Cucumber__Healthy,heavy
1786676537.264,17,predictions_total,heavy,heavy:8003,heavy-service,Cucumber__Healthy,heavy
1786676542.264,17,predictions_total,heavy,heavy:8003,heavy-service,Cucumber__Healthy,heavy
1786676547.264,17,predictions_total,heavy,heavy:8003,heavy-service,Cucumber__Healthy,heavy
1786676552.264,17,predictions_total,heavy,heavy:8003,heavy-service,Cucumber__Healthy,heavy
1786676557.264,17,predictions_total,heavy,heavy:8003,heavy-service,Cucumber__Healthy,heavy
1786676562.264,17,predictions_total,heavy,heavy:8003,heavy-service,Cucumber__Healthy,heavy
1786676567.264,17,predictions_total,heavy,heavy:8003,heavy-service,Cucumber__Healthy,heavy
1786676572.264,17,predictions_total,heavy,heavy:8003,heavy-service,Cucumber__Healthy,heavy
1786676577.264,17,predictions_total,heavy,heavy:8003,heavy-service,Cucumber__Healthy,heavy
1786676582.264,17,predictions_total,heavy,heavy:8003,heavy-service,Cucumber__Healthy,heavy
1786676587.264,17,predictions_total,heavy,heavy:8003,heavy-service,Cucumber__Healthy,heavy
1786676592.264,17,predictions_total,heavy,heavy:8003,heavy-service,Cucumber__Healthy,heavy
1786676597.264,17,predictions_total,heavy,heavy:8003,heavy-service,Cucumber__Healthy,heavy
1786676602.264,17,predictions_total,heavy,heavy:8003,heavy-service,Cucumber__Healthy,heavy
1786676607.264,17,predictions_total,heavy,heavy:8003,heavy-service,Cucumber__Healthy,heavy
1786676612.264,17,predictions_total,heavy,heavy:8003,heavy-service,Cucumber__Healthy,heavy
1786676617.264,17,predictions_total,heavy,heavy:8003,heavy-service,Cucumber__Healthy,heavy
1786676622.264,17,predictions_total,heavy,heavy:8003,heavy-service,Cucumber__Healthy,heavy
1786676627.264,17,predictions_total,heavy,heavy:8003,heavy-service,Cucumber__Healthy,heavy
1786676632.264,17,predictions_total,heavy,heavy:8003,heavy-service,Cucumber__Healthy,heavy
1786676637.264,17,predictions_total,heavy,heavy:8003,heavy-service,Cucumber__Healthy,heavy
1786676642.264,17,predictions_total,heavy,heavy:8003,heavy-service,Cucumber__Healthy,heavy
1786676647.264,17,predictions_total,heavy,heavy:8003,heavy-service,Cucumber__Healthy,heavy
1786676652.264,17,predictions_total,heavy,heavy:8003,heavy-service,Cucumber__Healthy,heavy
1786676657.264,17,predictions_total,heavy,heavy:8003,heavy-service,Cucumber__Healthy,heavy
1786676662.264,17,predictions_total,heavy,heavy:8003,heavy-service,Cucumber__Healthy,heavy
1786676667.264,18,predictions_total,heavy,heavy:8003,heavy-service,Cucumber__Healthy,heavy
1786676672.264,18,predictions_total,heavy,heavy:8003,heavy-service,Cucumber__Healthy,heavy
1786676677.264,18,predictions_total,heavy,heavy:8003,heavy-service,Cucumber__Healthy,heavy
1786676682.264,18,predictions_total,heavy,heavy:8003,heavy-service,Cucumber__Healthy,heavy
1786676687.264,19,predictions_total,heavy,heavy:8003,heavy-service,Cucumber__Healthy,heavy
1786676692.264,19,predictions_total,heavy,heavy:8003,heavy-service,Cucumber__Healthy,heavy
1786676697.264,19,predictions_total,heavy,heavy:8003,heavy-service,Cucumber__Healthy,heavy
1786676702.264,21,predictions_total,heavy,heavy:8003,heavy-service,Cucumber__Healthy,heavy
1786676707.264,21,predictions_total,heavy,heavy:8003,heavy-service,Cucumber__Healthy,heavy
1786676712.264,22,predictions_total,heavy,heavy:8003,heavy-service,Cucumber__Healthy,heavy
1786676717.264,22,predictions_total,heavy,heavy:8003,heavy-service,Cucumber__Healthy,heavy
1786676722.264,23,predictions_total,heavy,heavy:8003,heavy-service,Cucumber__Healthy,heavy
1786676727.264,23,predictions_total,heavy,heavy:8003,heavy-service,Cucumber__Healthy,heavy
1786676732.264,24,predictions_total,heavy,heavy:8003,heavy-service,Cucumber__Healthy,heavy
1786676737.264,25,predictions_total,heavy,heavy:8003,heavy-service,Cucumber__Healthy,heavy
1786676742.264,26,predictions_total,heavy,heavy:8003,heavy-service,Cucumber__Healthy,heavy
1786676747.264,26,predictions_total,heavy,heavy:8003,heavy-service,Cucumber__Healthy,heavy
1786676752.264,26,predictions_total,heavy,heavy:8003,heavy-service,Cucumber__Healthy,heavy
1786676757.264,26,predictions_total,heavy,heavy:8003,heavy-service,Cucumber__Healthy,heavy
1786676762.264,26,predictions_total,heavy,heavy:8003,heavy-service,Cucumber__Healthy,heavy
1786676767.264,26,predictions_total,heavy,heavy:8003,heavy-service,Cucumber__Healthy,heavy
1786676772.264,28,predictions_total,heavy,heavy:8003,heavy-service,Cucumber__Healthy,heavy
1786676777.264,29,predictions_total,heavy,heavy:8003,heavy-service,Cucumber__Healthy,heavy
1786676782.264,31,predictions_total,heavy,heavy:8003,heavy-service,Cucumber__Healthy,heavy
1786676787.264,32,predictions_total,heavy,heavy:8003,heavy-service,Cucumber__Healthy,heavy
1786676792.264,33,predictions_total,heavy,heavy:8003,heavy-service,Cucumber__Healthy,heavy
1786676797.264,34,predictions_total,heavy,heavy:8003,heavy-service,Cucumber__Healthy,heavy
1786676802.264,34,predictions_total,heavy,heavy:8003,heavy-service,Cucumber__Healthy,heavy
1786676807.264,35,predictions_total,heavy,heavy:8003,heavy-service,Cucumber__Healthy,heavy
1786676812.264,35,predictions_total,heavy,heavy:8003,heavy-service,Cucumber__Healthy,heavy
1786676817.264,35,predictions_total,heavy,heavy:8003,heavy-service,Cucumber__Healthy,heavy
1786676822.264,36,predictions_total,heavy,heavy:8003,heavy-service,Cucumber__Healthy,heavy
1786676827.264,36,predictions_total,heavy,heavy:8003,heavy-service,Cucumber__Healthy,heavy
1786676832.264,36,predictions_total,heavy,heavy:8003,heavy-service,Cucumber__Healthy,heavy
1786676837.264,36,predictions_total,heavy,heavy:8003,heavy-service,Cucumber__Healthy,heavy
1786676842.264,37,predictions_total,heavy,heavy:8003,heavy-service,Cucumber__Healthy,heavy
1786676847.264,37,predictions_total,heavy,heavy:8003,heavy-service,Cucumber__Healthy,heavy
1786676852.264,37,predictions_total,heavy,heavy:8003,heavy-service,Cucumber__Healthy,heavy
1786676857.264,37,predictions_total,heavy,heavy:8003,heavy-service,Cucumber__Healthy,heavy
1786676862.264,37,predictions_total,heavy,heavy:8003,heavy-service,Cucumber__Healthy,heavy
1786676867.264,37,predictions_total,heavy,heavy:8003,heavy-service,Cucumber__Healthy,heavy
1786676872.264,37,predictions_total,heavy,heavy:8003,heavy-service,Cucumber__Healthy,heavy
1786676877.264,37,predictions_total,heavy,heavy:8003,heavy-service,Cucumber__Healthy,heavy
1786676882.264,37,predictions_total,heavy,heavy:8003,heavy-service,Cucumber__Healthy,heavy
1786676887.264,37,predictions_total,heavy,heavy:8003,heavy-service,Cucumber__Healthy,heavy
1786676892.264,37,predictions_total,heavy,heavy:8003,heavy-service,Cucumber__Healthy,heavy
1786676897.264,37,predictions_total,heavy,heavy:8003,heavy-service,Cucumber__Healthy,heavy
1786676902.264,37,predictions_total,heavy,heavy:8003,heavy-service,Cucumber__Healthy,heavy
1786676907.264,37,predictions_total,heavy,heavy:8003,heavy-service,Cucumber__Healthy,heavy
1786676912.264,37,predictions_total,heavy,heavy:8003,heavy-service,Cucumber__Healthy,heavy
1786676917.264,37,predictions_total,heavy,heavy:8003,heavy-service,Cucumber__Healthy,heavy
1786676922.264,37,predictions_total,heavy,heavy:8003,heavy-service,Cucumber__Healthy,heavy
1786676927.264,37,predictions_total,heavy,heavy:8003,heavy-service,Cucumber__Healthy,heavy
1786676932.264,37,predictions_total,heavy,heavy:8003,heavy-service,Cucumber__Healthy,heavy
1786676937.264,37,predictions_total,heavy,heavy:8003,heavy-service,Cucumber__Healthy,heavy
1786676942.264,37,predictions_total,heavy,heavy:8003,heavy-service,Cucumber__Healthy,heavy
1786676947.264,37,predictions_total,heavy,heavy:8003,heavy-service,Cucumber__Healthy,heavy
1786676952.264,37,predictions_total,heavy,heavy:8003,heavy-service,Cucumber__Healthy,heavy
1786676957.264,37,predictions_total,heavy,heavy:8003,heavy-service,Cucumber__Healthy,heavy
1786676962.264,37,predictions_total,heavy,heavy:8003,heavy-service,Cucumber__Healthy,heavy
1786676967.264,37,predictions_total,heavy,heavy:8003,heavy-service,Cucumber__Healthy,heavy
1786676972.264,37,predictions_total,heavy,heavy:8003,heavy-service,Cucumber__Healthy,heavy
1786676977.264,37,predictions_total,heavy,heavy:8003,heavy-service,Cucumber__Healthy,heavy
1786676982.264,37,predictions_total,heavy,heavy:8003,heavy-service,Cucumber__Healthy,heavy
1786676987.264,37,predictions_total,heavy,heavy:8003,heavy-service,Cucumber__Healthy,heavy
1786676992.264,37,predictions_total,heavy,heavy:8003,heavy-service,Cucumber__Healthy,heavy
1786676997.264,37,predictions_total,heavy,heavy:8003,heavy-service,Cucumber__Healthy,heavy
1786677002.264,37,predictions_total,heavy,heavy:8003,heavy-service,Cucumber__Healthy,heavy
1786677007.264,37,predictions_total,heavy,heavy:8003,heavy-service,Cucumber__Healthy,heavy
1786677012.264,37,predictions_total,heavy,heavy:8003,heavy-service,Cucumber__Healthy,heavy
1786677017.264,37,predictions_total,heavy,heavy:8003,heavy-service,Cucumber__Healthy,heavy
1786677022.264,37,predictions_total,heavy,heavy:8003,heavy-service,Cucumber__Healthy,heavy
1786677027.264,37,predictions_total,heavy,heavy:8003,heavy-service,Cucumber__Healthy,heavy
1786677032.264,37,predictions_total,heavy,heavy:8003,heavy-service,Cucumber__Healthy,heavy
1786677037.264,37,predictions_total,heavy,heavy:8003,heavy-service,Cucumber__Healthy,heavy
1786677042.264,37,predictions_total,heavy,heavy:8003,heavy-service,Cucumber__Healthy,heavy
1786677047.264,37,predictions_total,heavy,heavy:8003,heavy-service,Cucumber__Healthy,heavy
1786677052.264,37,predictions_total,heavy,heavy:8003,heavy-service,Cucumber__Healthy,heavy
1786677057.264,37,predictions_total,heavy,heavy:8003,heavy-service,Cucumber__Healthy,heavy
1786677062.264,37,predictions_total,heavy,heavy:8003,heavy-service,Cucumber__Healthy,heavy
1786677067.264,37,predictions_total,heavy,heavy:8003,heavy-service,Cucumber__Healthy,heavy
1786677072.264,37,predictions_total,heavy,heavy:8003,heavy-service,Cucumber__Healthy,heavy
1786677077.264,37,predictions_total,heavy,heavy:8003,heavy-service,Cucumber__Healthy,heavy
1786677082.264,37,predictions_total,heavy,heavy:8003,heavy-service,Cucumber__Healthy,heavy
1786677087.264,37,predictions_total,heavy,heavy:8003,heavy-service,Cucumber__Healthy,heavy
1786677092.264,37,predictions_total,heavy,heavy:8003,heavy-service,Cucumber__Healthy,heavy
1786677097.264,37,predictions_total,heavy,heavy:8003,heavy-service,Cucumber__Healthy,heavy
1786677102.264,37,predictions_total,heavy,heavy:8003,heavy-service,Cucumber__Healthy,heavy
1786677107.264,37,predictions_total,heavy,heavy:8003,heavy-service,Cucumber__Healthy,heavy
1786677112.264,37,predictions_total,heavy,heavy:8003,heavy-service,Cucumber__Healthy,heavy
1786677117.264,37,predictions_total,heavy,heavy:8003,heavy-service,Cucumber__Healthy,heavy
1786677122.264,37,predictions_total,heavy,heavy:8003,heavy-service,Cucumber__Healthy,heavy
1786677127.264,37,predictions_total,heavy,heavy:8003,heavy-service,Cucumber__Healthy,heavy
1786677132.264,37,predictions_total,heavy,heavy:8003,heavy-service,Cucumber__Healthy,heavy
1786677137.264,37,predictions_total,heavy,heavy:8003,heavy-service,Cucumber__Healthy,heavy
1786677142.264,37,predictions_total,heavy,heavy:8003,heavy-service,Cucumber__Healthy,heavy
1786677147.264,37,predictions_total,heavy,heavy:8003,heavy-service,Cucumber__Healthy,heavy
1786677152.264,37,predictions_total,heavy,heavy:8003,heavy-service,Cucumber__Healthy,heavy
1786677157.264,37,predictions_total,heavy,heavy:8003,heavy-service,Cucumber__Healthy,heavy
1786677162.264,37,predictions_total,heavy,heavy:8003,heavy-service,Cucumber__Healthy,heavy
1786677167.264,37,predictions_total,heavy,heavy:8003,heavy-service,Cucumber__Healthy,heavy
1786677172.264,37,predictions_total,heavy,heavy:8003,heavy-service,Cucumber__Healthy,heavy
1786677177.264,37,predictions_total,heavy,heavy:8003,heavy-service,Cucumber__Healthy,heavy
1786677182.264,37,predictions_total,heavy,heavy:8003,heavy-service,Cucumber__Healthy,heavy
1786677187.264,37,predictions_total,heavy,heavy:8003,heavy-service,Cucumber__Healthy,heavy
1786677192.264,37,predictions_total,heavy,heavy:8003,heavy-service,Cucumber__Healthy,heavy
1786677197.264,37,predictions_total,heavy,heavy:8003,heavy-service,Cucumber__Healthy,heavy
1786677202.264,37,predictions_total,heavy,heavy:8003,heavy-service,Cucumber__Healthy,heavy
1786677207.264,37,predictions_total,heavy,heavy:8003,heavy-service,Cucumber__Healthy,heavy
1786677212.264,37,predictions_total,heavy,heavy:8003,heavy-service,Cucumber__Healthy,heavy
1786677217.264,37,predictions_total,heavy,heavy:8003,heavy-service,Cucumber__Healthy,heavy
1786677222.264,37,predictions_total,heavy,heavy:8003,heavy-service,Cucumber__Healthy,heavy
1786677227.264,37,predictions_total,heavy,heavy:8003,heavy-service,Cucumber__Healthy,heavy
1786677232.264,37,predictions_total,heavy,heavy:8003,heavy-service,Cucumber__Healthy,heavy
1786677237.264,37,predictions_total,heavy,heavy:8003,heavy-service,Cucumber__Healthy,heavy
1786677242.264,37,predictions_total,heavy,heavy:8003,heavy-service,Cucumber__Healthy,heavy
1786677247.264,37,predictions_total,heavy,heavy:8003,heavy-service,Cucumber__Healthy,heavy
1786677252.264,37,predictions_total,heavy,heavy:8003,heavy-service,Cucumber__Healthy,heavy
1786677257.264,37,predictions_total,heavy,heavy:8003,heavy-service,Cucumber__Healthy,heavy
1786677262.264,37,predictions_total,heavy,heavy:8003,heavy-service,Cucumber__Healthy,heavy
1786677267.264,37,predictions_total,heavy,heavy:8003,heavy-service,Cucumber__Healthy,heavy
1786677272.264,38,predictions_total,heavy,heavy:8003,heavy-service,Cucumber__Healthy,heavy
1786677277.264,38,predictions_total,heavy,heavy:8003,heavy-service,Cucumber__Healthy,heavy
1786677282.264,39,predictions_total,heavy,heavy:8003,heavy-service,Cucumber__Healthy,heavy
1786677287.264,39,predictions_total,heavy,heavy:8003,heavy-service,Cucumber__Healthy,heavy
1786677292.264,39,predictions_total,heavy,heavy:8003,heavy-service,Cucumber__Healthy,heavy
1786677297.264,40,predictions_total,heavy,heavy:8003,heavy-service,Cucumber__Healthy,heavy
1786677302.264,40,predictions_total,heavy,heavy:8003,heavy-service,Cucumber__Healthy,heavy
1786677307.264,40,predictions_total,heavy,heavy:8003,heavy-service,Cucumber__Healthy,heavy
1786677312.264,40,predictions_total,heavy,heavy:8003,heavy-service,Cucumber__Healthy,heavy
1786677317.264,40,predictions_total,heavy,heavy:8003,heavy-service,Cucumber__Healthy,heavy
1786677322.264,41,predictions_total,heavy,heavy:8003,heavy-service,Cucumber__Healthy,heavy
1786677327.264,41,predictions_total,heavy,heavy:8003,heavy-service,Cucumber__Healthy,heavy
1786677332.264,41,predictions_total,heavy,heavy:8003,heavy-service,Cucumber__Healthy,heavy
1786677337.264,42,predictions_total,heavy,heavy:8003,heavy-service,Cucumber__Healthy,heavy
1786677342.264,43,predictions_total,heavy,heavy:8003,heavy-service,Cucumber__Healthy,heavy
1786677347.264,43,predictions_total,heavy,heavy:8003,heavy-service,Cucumber__Healthy,heavy
1786677352.264,44,predictions_total,heavy,heavy:8003,heavy-service,Cucumber__Healthy,heavy
1786677357.264,46,predictions_total,heavy,heavy:8003,heavy-service,Cucumber__Healthy,heavy
1786677362.264,46,predictions_total,heavy,heavy:8003,heavy-service,Cucumber__Healthy,heavy
1786677367.264,47,predictions_total,heavy,heavy:8003,heavy-service,Cucumber__Healthy,heavy
1786677372.264,47,predictions_total,heavy,heavy:8003,heavy-service,Cucumber__Healthy,heavy
1786677377.264,47,predictions_total,heavy,heavy:8003,heavy-service,Cucumber__Healthy,heavy
1786677382.264,50,predictions_total,heavy,heavy:8003,heavy-service,Cucumber__Healthy,heavy
1786677387.264,50,predictions_total,heavy,heavy:8003,heavy-service,Cucumber__Healthy,heavy
1786677392.264,51,predictions_total,heavy,heavy:8003,heavy-service,Cucumber__Healthy,heavy
1786677397.264,51,predictions_total,heavy,heavy:8003,heavy-service,Cucumber__Healthy,heavy
1786677402.264,53,predictions_total,heavy,heavy:8003,heavy-service,Cucumber__Healthy,heavy
1786677407.264,53,predictions_total,heavy,heavy:8003,heavy-service,Cucumber__Healthy,heavy
1786677412.264,54,predictions_total,heavy,heavy:8003,heavy-service,Cucumber__Healthy,heavy
1786677417.264,54,predictions_total,heavy,heavy:8003,heavy-service,Cucumber__Healthy,heavy
1786677422.264,54,predictions_total,heavy,heavy:8003,heavy-service,Cucumber__Healthy,heavy
1786677427.264,54,predictions_total,heavy,heavy:8003,heavy-service,Cucumber__Healthy,heavy
1786677432.264,54,predictions_total,heavy,heavy:8003,heavy-service,Cucumber__Healthy,heavy
1786677437.264,54,predictions_total,heavy,heavy:8003,heavy-service,Cucumber__Healthy,heavy
1786677442.264,54,predictions_total,heavy,heavy:8003,heavy-service,Cucumber__Healthy,heavy
1786677447.264,54,predictions_total,heavy,heavy:8003,heavy-service,Cucumber__Healthy,heavy
1786676742.264,2,predictions_total,heavy,heavy:8003,heavy-service,Cucumber__Rotten,heavy
1786676747.264,2,predictions_total,heavy,heavy:8003,heavy-service,Cucumber__Rotten,heavy
1786676752.264,2,predictions_total,heavy,heavy:8003,heavy-service,Cucumber__Rotten,heavy
1786676757.264,2,predictions_total,heavy,heavy:8003,heavy-service,Cucumber__Rotten,heavy
1786676762.264,2,predictions_total,heavy,heavy:8003,heavy-service,Cucumber__Rotten,heavy
1786676767.264,2,predictions_total,heavy,heavy:8003,heavy-service,Cucumber__Rotten,heavy
1786676772.264,2,predictions_total,heavy,heavy:8003,heavy-service,Cucumber__Rotten,heavy
1786676777.264,2,predictions_total,heavy,heavy:8003,heavy-service,Cucumber__Rotten,heavy
1786676782.264,2,predictions_total,heavy,heavy:8003,heavy-service,Cucumber__Rotten,heavy
1786676787.264,2,predictions_total,heavy,heavy:8003,heavy-service,Cucumber__Rotten,heavy
1786676792.264,2,predictions_total,heavy,heavy:8003,heavy-service,Cucumber__Rotten,heavy
1786676797.264,2,predictions_total,heavy,heavy:8003,heavy-service,Cucumber__Rotten,heavy
1786676802.264,2,predictions_total,heavy,heavy:8003,heavy-service,Cucumber__Rotten,heavy
1786676807.264,2,predictions_total,heavy,heavy:8003,heavy-service,Cucumber__Rotten,heavy
1786676812.264,2,predictions_total,heavy,heavy:8003,heavy-service,Cucumber__Rotten,heavy
1786676817.264,2,predictions_total,heavy,heavy:8003,heavy-service,Cucumber__Rotten,heavy
1786676822.264,2,predictions_total,heavy,heavy:8003,heavy-service,Cucumber__Rotten,heavy
1786676827.264,2,predictions_total,heavy,heavy:8003,heavy-service,Cucumber__Rotten,heavy
1786676832.264,2,predictions_total,heavy,heavy:8003,heavy-service,Cucumber__Rotten,heavy
1786676837.264,2,predictions_total,heavy,heavy:8003,heavy-service,Cucumber__Rotten,heavy
1786676842.264,2,predictions_total,heavy,heavy:8003,heavy-service,Cucumber__Rotten,heavy
1786676847.264,2,predictions_total,heavy,heavy:8003,heavy-service,Cucumber__Rotten,heavy
1786676852.264,2,predictions_total,heavy,heavy:8003,heavy-service,Cucumber__Rotten,heavy
1786676857.264,2,predictions_total,heavy,heavy:8003,heavy-service,Cucumber__Rotten,heavy
1786676862.264,2,predictions_total,heavy,heavy:8003,heavy-service,Cucumber__Rotten,heavy
1786676867.264,2,predictions_total,heavy,heavy:8003,heavy-service,Cucumber__Rotten,heavy
1786676872.264,2,predictions_total,heavy,heavy:8003,heavy-service,Cucumber__Rotten,heavy
1786676877.264,2,predictions_total,heavy,heavy:8003,heavy-service,Cucumber__Rotten,heavy
1786676882.264,2,predictions_total,heavy,heavy:8003,heavy-service,Cucumber__Rotten,heavy
1786676887.264,2,predictions_total,heavy,heavy:8003,heavy-service,Cucumber__Rotten,heavy
1786676892.264,2,predictions_total,heavy,heavy:8003,heavy-service,Cucumber__Rotten,heavy
1786676897.264,2,predictions_total,heavy,heavy:8003,heavy-service,Cucumber__Rotten,heavy
1786676902.264,2,predictions_total,heavy,heavy:8003,heavy-service,Cucumber__Rotten,heavy
1786676907.264,2,predictions_total,heavy,heavy:8003,heavy-service,Cucumber__Rotten,heavy
1786676912.264,2,predictions_total,heavy,heavy:8003,heavy-service,Cucumber__Rotten,heavy
1786676917.264,2,predictions_total,heavy,heavy:8003,heavy-service,Cucumber__Rotten,heavy
1786676922.264,2,predictions_total,heavy,heavy:8003,heavy-service,Cucumber__Rotten,heavy
1786676927.264,2,predictions_total,heavy,heavy:8003,heavy-service,Cucumber__Rotten,heavy
1786676932.264,2,predictions_total,heavy,heavy:8003,heavy-service,Cucumber__Rotten,heavy
1786676937.264,2,predictions_total,heavy,heavy:8003,heavy-service,Cucumber__Rotten,heavy
1786676942.264,2,predictions_total,heavy,heavy:8003,heavy-service,Cucumber__Rotten,heavy
1786676947.264,2,predictions_total,heavy,heavy:8003,heavy-service,Cucumber__Rotten,heavy
1786676952.264,2,predictions_total,heavy,heavy:8003,heavy-service,Cucumber__Rotten,heavy
1786676957.264,2,predictions_total,heavy,heavy:8003,heavy-service,Cucumber__Rotten,heavy
1786676962.264,2,predictions_total,heavy,heavy:8003,heavy-service,Cucumber__Rotten,heavy
1786676967.264,2,predictions_total,heavy,heavy:8003,heavy-service,Cucumber__Rotten,heavy
1786676972.264,2,predictions_total,heavy,heavy:8003,heavy-service,Cucumber__Rotten,heavy
1786676977.264,2,predictions_total,heavy,heavy:8003,heavy-service,Cucumber__Rotten,heavy
1786676982.264,2,predictions_total,heavy,heavy:8003,heavy-service,Cucumber__Rotten,heavy
1786676987.264,2,predictions_total,heavy,heavy:8003,heavy-service,Cucumber__Rotten,heavy
1786676992.264,2,predictions_total,heavy,heavy:8003,heavy-service,Cucumber__Rotten,heavy
1786676997.264,2,predictions_total,heavy,heavy:8003,heavy-service,Cucumber__Rotten,heavy
1786677002.264,2,predictions_total,heavy,heavy:8003,heavy-service,Cucumber__Rotten,heavy
1786677007.264,2,predictions_total,heavy,heavy:8003,heavy-service,Cucumber__Rotten,heavy
1786677012.264,2,predictions_total,heavy,heavy:8003,heavy-service,Cucumber__Rotten,heavy
1786677017.264,2,predictions_total,heavy,heavy:8003,heavy-service,Cucumber__Rotten,heavy
1786677022.264,2,predictions_total,heavy,heavy:8003,heavy-service,Cucumber__Rotten,heavy
1786677027.264,2,predictions_total,heavy,heavy:8003,heavy-service,Cucumber__Rotten,heavy
1786677032.264,2,predictions_total,heavy,heavy:8003,heavy-service,Cucumber__Rotten,heavy
1786677037.264,2,predictions_total,heavy,heavy:8003,heavy-service,Cucumber__Rotten,heavy
1786677042.264,2,predictions_total,heavy,heavy:8003,heavy-service,Cucumber__Rotten,heavy
1786677047.264,2,predictions_total,heavy,heavy:8003,heavy-service,Cucumber__Rotten,heavy
1786677052.264,2,predictions_total,heavy,heavy:8003,heavy-service,Cucumber__Rotten,heavy
1786677057.264,2,predictions_total,heavy,heavy:8003,heavy-service,Cucumber__Rotten,heavy
1786677062.264,2,predictions_total,heavy,heavy:8003,heavy-service,Cucumber__Rotten,heavy
1786677067.264,2,predictions_total,heavy,heavy:8003,heavy-service,Cucumber__Rotten,heavy
1786677072.264,2,predictions_total,heavy,heavy:8003,heavy-service,Cucumber__Rotten,heavy
1786677077.264,2,predictions_total,heavy,heavy:8003,heavy-service,Cucumber__Rotten,heavy
1786677082.264,2,predictions_total,heavy,heavy:8003,heavy-service,Cucumber__Rotten,heavy
1786677087.264,2,predictions_total,heavy,heavy:8003,heavy-service,Cucumber__Rotten,heavy
1786677092.264,2,predictions_total,heavy,heavy:8003,heavy-service,Cucumber__Rotten,heavy
1786677097.264,2,predictions_total,heavy,heavy:8003,heavy-service,Cucumber__Rotten,heavy
1786677102.264,2,predictions_total,heavy,heavy:8003,heavy-service,Cucumber__Rotten,heavy
1786677107.264,2,predictions_total,heavy,heavy:8003,heavy-service,Cucumber__Rotten,heavy
1786677112.264,2,predictions_total,heavy,heavy:8003,heavy-service,Cucumber__Rotten,heavy
1786677117.264,2,predictions_total,heavy,heavy:8003,heavy-service,Cucumber__Rotten,heavy
1786677122.264,2,predictions_total,heavy,heavy:8003,heavy-service,Cucumber__Rotten,heavy
1786677127.264,2,predictions_total,heavy,heavy:8003,heavy-service,Cucumber__Rotten,heavy
1786677132.264,2,predictions_total,heavy,heavy:8003,heavy-service,Cucumber__Rotten,heavy
1786677137.264,2,predictions_total,heavy,heavy:8003,heavy-service,Cucumber__Rotten,heavy
1786677142.264,2,predictions_total,heavy,heavy:8003,heavy-service,Cucumber__Rotten,heavy
1786677147.264,2,predictions_total,heavy,heavy:8003,heavy-service,Cucumber__Rotten,heavy
1786677152.264,2,predictions_total,heavy,heavy:8003,heavy-service,Cucumber__Rotten,heavy
1786677157.264,2,predictions_total,heavy,heavy:8003,heavy-service,Cucumber__Rotten,heavy
1786677162.264,2,predictions_total,heavy,heavy:8003,heavy-service,Cucumber__Rotten,heavy
1786677167.264,2,predictions_total,heavy,heavy:8003,heavy-service,Cucumber__Rotten,heavy
1786677172.264,2,predictions_total,heavy,heavy:8003,heavy-service,Cucumber__Rotten,heavy
1786677177.264,2,predictions_total,heavy,heavy:8003,heavy-service,Cucumber__Rotten,heavy
1786677182.264,2,predictions_total,heavy,heavy:8003,heavy-service,Cucumber__Rotten,heavy
1786677187.264,2,predictions_total,heavy,heavy:8003,heavy-service,Cucumber__Rotten,heavy
1786677192.264,2,predictions_total,heavy,heavy:8003,heavy-service,Cucumber__Rotten,heavy
1786677197.264,2,predictions_total,heavy,heavy:8003,heavy-service,Cucumber__Rotten,heavy
1786677202.264,2,predictions_total,heavy,heavy:8003,heavy-service,Cucumber__Rotten,heavy
1786677207.264,2,predictions_total,heavy,heavy:8003,heavy-service,Cucumber__Rotten,heavy
1786677212.264,2,predictions_total,heavy,heavy:8003,heavy-service,Cucumber__Rotten,heavy
1786677217.264,2,predictions_total,heavy,heavy:8003,heavy-service,Cucumber__Rotten,heavy
1786677222.264,2,predictions_total,heavy,heavy:8003,heavy-service,Cucumber__Rotten,heavy
1786677227.264,2,predictions_total,heavy,heavy:8003,heavy-service,Cucumber__Rotten,heavy
1786677232.264,2,predictions_total,heavy,heavy:8003,heavy-service,Cucumber__Rotten,heavy
1786677237.264,2,predictions_total,heavy,heavy:8003,heavy-service,Cucumber__Rotten,heavy
1786677242.264,2,predictions_total,heavy,heavy:8003,heavy-service,Cucumber__Rotten,heavy
1786677247.264,2,predictions_total,heavy,heavy:8003,heavy-service,Cucumber__Rotten,heavy
1786677252.264,2,predictions_total,heavy,heavy:8003,heavy-service,Cucumber__Rotten,heavy
1786677257.264,2,predictions_total,heavy,heavy:8003,heavy-service,Cucumber__Rotten,heavy
1786677262.264,2,predictions_total,heavy,heavy:8003,heavy-service,Cucumber__Rotten,heavy
1786677267.264,2,predictions_total,heavy,heavy:8003,heavy-service,Cucumber__Rotten,heavy
1786677272.264,2,predictions_total,heavy,heavy:8003,heavy-service,Cucumber__Rotten,heavy
1786677277.264,2,predictions_total,heavy,heavy:8003,heavy-service,Cucumber__Rotten,heavy
1786677282.264,2,predictions_total,heavy,heavy:8003,heavy-service,Cucumber__Rotten,heavy
1786677287.264,3,predictions_total,heavy,heavy:8003,heavy-service,Cucumber__Rotten,heavy
1786677292.264,4,predictions_total,heavy,heavy:8003,heavy-service,Cucumber__Rotten,heavy
1786677297.264,5,predictions_total,heavy,heavy:8003,heavy-service,Cucumber__Rotten,heavy
1786677302.264,5,predictions_total,heavy,heavy:8003,heavy-service,Cucumber__Rotten,heavy
1786677307.264,5,predictions_total,heavy,heavy:8003,heavy-service,Cucumber__Rotten,heavy
1786677312.264,5,predictions_total,heavy,heavy:8003,heavy-service,Cucumber__Rotten,heavy
1786677317.264,6,predictions_total,heavy,heavy:8003,heavy-service,Cucumber__Rotten,heavy
1786677322.264,6,predictions_total,heavy,heavy:8003,heavy-service,Cucumber__Rotten,heavy
1786677327.264,6,predictions_total,heavy,heavy:8003,heavy-service,Cucumber__Rotten,heavy
1786677332.264,6,predictions_total,heavy,heavy:8003,heavy-service,Cucumber__Rotten,heavy
1786677337.264,8,predictions_total,heavy,heavy:8003,heavy-service,Cucumber__Rotten,heavy
1786677342.264,8,predictions_total,heavy,heavy:8003,heavy-service,Cucumber__Rotten,heavy
1786677347.264,8,predictions_total,heavy,heavy:8003,heavy-service,Cucumber__Rotten,heavy
1786677352.264,8,predictions_total,heavy,heavy:8003,heavy-service,Cucumber__Rotten,heavy
1786677357.264,8,predictions_total,heavy,heavy:8003,heavy-service,Cucumber__Rotten,heavy
1786677362.264,8,predictions_total,heavy,heavy:8003,heavy-service,Cucumber__Rotten,heavy
1786677367.264,8,predictions_total,heavy,heavy:8003,heavy-service,Cucumber__Rotten,heavy
1786677372.264,8,predictions_total,heavy,heavy:8003,heavy-service,Cucumber__Rotten,heavy
1786677377.264,8,predictions_total,heavy,heavy:8003,heavy-service,Cucumber__Rotten,heavy
1786677382.264,8,predictions_total,heavy,heavy:8003,heavy-service,Cucumber__Rotten,heavy
1786677387.264,8,predictions_total,heavy,heavy:8003,heavy-service,Cucumber__Rotten,heavy
1786677392.264,8,predictions_total,heavy,heavy:8003,heavy-service,Cucumber__Rotten,heavy
1786677397.264,8,predictions_total,heavy,heavy:8003,heavy-service,Cucumber__Rotten,heavy
1786677402.264,8,predictions_total,heavy,heavy:8003,heavy-service,Cucumber__Rotten,heavy
1786677407.264,8,predictions_total,heavy,heavy:8003,heavy-service,Cucumber__Rotten,heavy
1786677412.264,8,predictions_total,heavy,heavy:8003,heavy-service,Cucumber__Rotten,heavy
1786677417.264,8,predictions_total,heavy,heavy:8003,heavy-service,Cucumber__Rotten,heavy
1786677422.264,8,predictions_total,heavy,heavy:8003,heavy-service,Cucumber__Rotten,heavy
1786677427.264,8,predictions_total,heavy,heavy:8003,heavy-service,Cucumber__Rotten,heavy
1786677432.264,8,predictions_total,heavy,heavy:8003,heavy-service,Cucumber__Rotten,heavy
1786677437.264,8,predictions_total,heavy,heavy:8003,heavy-service,Cucumber__Rotten,heavy
1786677442.264,8,predictions_total,heavy,heavy:8003,heavy-service,Cucumber__Rotten,heavy
1786677447.264,8,predictions_total,heavy,heavy:8003,heavy-service,Cucumber__Rotten,heavy
1786676357.264,1,predictions_total,heavy,heavy:8003,heavy-service,Guava__Rotten,heavy
1786676362.264,1,predictions_total,heavy,heavy:8003,heavy-service,Guava__Rotten,heavy
1786676367.264,1,predictions_total,heavy,heavy:8003,heavy-service,Guava__Rotten,heavy
1786676372.264,1,predictions_total,heavy,heavy:8003,heavy-service,Guava__Rotten,heavy
1786676377.264,1,predictions_total,heavy,heavy:8003,heavy-service,Guava__Rotten,heavy
1786676382.264,1,predictions_total,heavy,heavy:8003,heavy-service,Guava__Rotten,heavy
1786676387.264,2,predictions_total,heavy,heavy:8003,heavy-service,Guava__Rotten,heavy
1786676392.264,3,predictions_total,heavy,heavy:8003,heavy-service,Guava__Rotten,heavy
1786676397.264,3,predictions_total,heavy,heavy:8003,heavy-service,Guava__Rotten,heavy
1786676402.264,6,predictions_total,heavy,heavy:8003,heavy-service,Guava__Rotten,heavy
1786676407.264,6,predictions_total,heavy,heavy:8003,heavy-service,Guava__Rotten,heavy
1786676412.264,6,predictions_total,heavy,heavy:8003,heavy-service,Guava__Rotten,heavy
1786676417.264,6,predictions_total,heavy,heavy:8003,heavy-service,Guava__Rotten,heavy
1786676422.264,6,predictions_total,heavy,heavy:8003,heavy-service,Guava__Rotten,heavy
1786676427.264,6,predictions_total,heavy,heavy:8003,heavy-service,Guava__Rotten,heavy
1786676432.264,6,predictions_total,heavy,heavy:8003,heavy-service,Guava__Rotten,heavy
1786676437.264,6,predictions_total,heavy,heavy:8003,heavy-service,Guava__Rotten,heavy
1786676442.264,6,predictions_total,heavy,heavy:8003,heavy-service,Guava__Rotten,heavy
1786676447.264,6,predictions_total,heavy,heavy:8003,heavy-service,Guava__Rotten,heavy
1786676452.264,6,predictions_total,heavy,heavy:8003,heavy-service,Guava__Rotten,heavy
1786676457.264,6,predictions_total,heavy,heavy:8003,heavy-service,Guava__Rotten,heavy
1786676462.264,6,predictions_total,heavy,heavy:8003,heavy-service,Guava__Rotten,heavy
1786676467.264,6,predictions_total,heavy,heavy:8003,heavy-service,Guava__Rotten,heavy
1786676472.264,6,predictions_total,heavy,heavy:8003,heavy-service,Guava__Rotten,heavy
1786676477.264,6,predictions_total,heavy,heavy:8003,heavy-service,Guava__Rotten,heavy
1786676482.264,6,predictions_total,heavy,heavy:8003,heavy-service,Guava__Rotten,heavy
1786676487.264,6,predictions_total,heavy,heavy:8003,heavy-service,Guava__Rotten,heavy
1786676492.264,6,predictions_total,heavy,heavy:8003,heavy-service,Guava__Rotten,heavy
1786676497.264,6,predictions_total,heavy,heavy:8003,heavy-service,Guava__Rotten,heavy
1786676502.264,6,predictions_total,heavy,heavy:8003,heavy-service,Guava__Rotten,heavy
1786676507.264,6,predictions_total,heavy,heavy:8003,heavy-service,Guava__Rotten,heavy
1786676512.264,6,predictions_total,heavy,heavy:8003,heavy-service,Guava__Rotten,heavy
1786676517.264,6,predictions_total,heavy,heavy:8003,heavy-service,Guava__Rotten,heavy
1786676522.264,6,predictions_total,heavy,heavy:8003,heavy-service,Guava__Rotten,heavy
1786676527.264,6,predictions_total,heavy,heavy:8003,heavy-service,Guava__Rotten,heavy
1786676532.264,6,predictions_total,heavy,heavy:8003,heavy-service,Guava__Rotten,heavy
1786676537.264,6,predictions_total,heavy,heavy:8003,heavy-service,Guava__Rotten,heavy
1786676542.264,6,predictions_total,heavy,heavy:8003,heavy-service,Guava__Rotten,heavy
1786676547.264,6,predictions_total,heavy,heavy:8003,heavy-service,Guava__Rotten,heavy
1786676552.264,6,predictions_total,heavy,heavy:8003,heavy-service,Guava__Rotten,heavy
1786676557.264,6,predictions_total,heavy,heavy:8003,heavy-service,Guava__Rotten,heavy
1786676562.264,6,predictions_total,heavy,heavy:8003,heavy-service,Guava__Rotten,heavy
1786676567.264,6,predictions_total,heavy,heavy:8003,heavy-service,Guava__Rotten,heavy
1786676572.264,6,predictions_total,heavy,heavy:8003,heavy-service,Guava__Rotten,heavy
1786676577.264,6,predictions_total,heavy,heavy:8003,heavy-service,Guava__Rotten,heavy
1786676582.264,6,predictions_total,heavy,heavy:8003,heavy-service,Guava__Rotten,heavy
1786676587.264,6,predictions_total,heavy,heavy:8003,heavy-service,Guava__Rotten,heavy
1786676592.264,6,predictions_total,heavy,heavy:8003,heavy-service,Guava__Rotten,heavy
1786676597.264,6,predictions_total,heavy,heavy:8003,heavy-service,Guava__Rotten,heavy
1786676602.264,6,predictions_total,heavy,heavy:8003,heavy-service,Guava__Rotten,heavy
1786676607.264,6,predictions_total,heavy,heavy:8003,heavy-service,Guava__Rotten,heavy
1786676612.264,6,predictions_total,heavy,heavy:8003,heavy-service,Guava__Rotten,heavy
1786676617.264,6,predictions_total,heavy,heavy:8003,heavy-service,Guava__Rotten,heavy
1786676622.264,6,predictions_total,heavy,heavy:8003,heavy-service,Guava__Rotten,heavy
1786676627.264,6,predictions_total,heavy,heavy:8003,heavy-service,Guava__Rotten,heavy
1786676632.264,6,predictions_total,heavy,heavy:8003,heavy-service,Guava__Rotten,heavy
1786676637.264,6,predictions_total,heavy,heavy:8003,heavy-service,Guava__Rotten,heavy
1786676642.264,6,predictions_total,heavy,heavy:8003,heavy-service,Guava__Rotten,heavy
1786676647.264,6,predictions_total,heavy,heavy:8003,heavy-service,Guava__Rotten,heavy
1786676652.264,6,predictions_total,heavy,heavy:8003,heavy-service,Guava__Rotten,heavy
1786676657.264,6,predictions_total,heavy,heavy:8003,heavy-service,Guava__Rotten,heavy
1786676662.264,6,predictions_total,heavy,heavy:8003,heavy-service,Guava__Rotten,heavy
1786676667.264,6,predictions_total,heavy,heavy:8003,heavy-service,Guava__Rotten,heavy
1786676672.264,6,predictions_total,heavy,heavy:8003,heavy-service,Guava__Rotten,heavy
1786676677.264,6,predictions_total,heavy,heavy:8003,heavy-service,Guava__Rotten,heavy
1786676682.264,6,predictions_total,heavy,heavy:8003,heavy-service,Guava__Rotten,heavy
1786676687.264,6,predictions_total,heavy,heavy:8003,heavy-service,Guava__Rotten,heavy
1786676692.264,6,predictions_total,heavy,heavy:8003,heavy-service,Guava__Rotten,heavy
1786676697.264,6,predictions_total,heavy,heavy:8003,heavy-service,Guava__Rotten,heavy
1786676702.264,6,predictions_total,heavy,heavy:8003,heavy-service,Guava__Rotten,heavy
1786676707.264,6,predictions_total,heavy,heavy:8003,heavy-service,Guava__Rotten,heavy
1786676712.264,6,predictions_total,heavy,heavy:8003,heavy-service,Guava__Rotten,heavy
1786676717.264,6,predictions_total,heavy,heavy:8003,heavy-service,Guava__Rotten,heavy
1786676722.264,6,predictions_total,heavy,heavy:8003,heavy-service,Guava__Rotten,heavy
1786676727.264,6,predictions_total,heavy,heavy:8003,heavy-service,Guava__Rotten,heavy
1786676732.264,6,predictions_total,heavy,heavy:8003,heavy-service,Guava__Rotten,heavy
1786676737.264,6,predictions_total,heavy,heavy:8003,heavy-service,Guava__Rotten,heavy
1786676742.264,6,predictions_total,heavy,heavy:8003,heavy-service,Guava__Rotten,heavy
1786676747.264,6,predictions_total,heavy,heavy:8003,heavy-service,Guava__Rotten,heavy
1786676752.264,6,predictions_total,heavy,heavy:8003,heavy-service,Guava__Rotten,heavy
1786676757.264,6,predictions_total,heavy,heavy:8003,heavy-service,Guava__Rotten,heavy
1786676762.264,6,predictions_total,heavy,heavy:8003,heavy-service,Guava__Rotten,heavy
1786676767.264,6,predictions_total,heavy,heavy:8003,heavy-service,Guava__Rotten,heavy
1786676772.264,6,predictions_total,heavy,heavy:8003,heavy-service,Guava__Rotten,heavy
1786676777.264,6,predictions_total,heavy,heavy:8003,heavy-service,Guava__Rotten,heavy
1786676782.264,6,predictions_total,heavy,heavy:8003,heavy-service,Guava__Rotten,heavy
1786676787.264,6,predictions_total,heavy,heavy:8003,heavy-service,Guava__Rotten,heavy
1786676792.264,6,predictions_total,heavy,heavy:8003,heavy-service,Guava__Rotten,heavy
1786676797.264,6,predictions_total,heavy,heavy:8003,heavy-service,Guava__Rotten,heavy
1786676802.264,6,predictions_total,heavy,heavy:8003,heavy-service,Guava__Rotten,heavy
1786676807.264,6,predictions_total,heavy,heavy:8003,heavy-service,Guava__Rotten,heavy
1786676812.264,6,predictions_total,heavy,heavy:8003,heavy-service,Guava__Rotten,heavy
1786676817.264,6,predictions_total,heavy,heavy:8003,heavy-service,Guava__Rotten,heavy
1786676822.264,6,predictions_total,heavy,heavy:8003,heavy-service,Guava__Rotten,heavy
1786676827.264,6,predictions_total,heavy,heavy:8003,heavy-service,Guava__Rotten,heavy
1786676832.264,6,predictions_total,heavy,heavy:8003,heavy-service,Guava__Rotten,heavy
1786676837.264,6,predictions_total,heavy,heavy:8003,heavy-service,Guava__Rotten,heavy
1786676842.264,6,predictions_total,heavy,heavy:8003,heavy-service,Guava__Rotten,heavy
1786676847.264,6,predictions_total,heavy,heavy:8003,heavy-service,Guava__Rotten,heavy
1786676852.264,7,predictions_total,heavy,heavy:8003,heavy-service,Guava__Rotten,heavy
1786676857.264,8,predictions_total,heavy,heavy:8003,heavy-service,Guava__Rotten,heavy
1786676862.264,9,predictions_total,heavy,heavy:8003,heavy-service,Guava__Rotten,heavy
1786676867.264,11,predictions_total,heavy,heavy:8003,heavy-service,Guava__Rotten,heavy
1786676872.264,11,predictions_total,heavy,heavy:8003,heavy-service,Guava__Rotten,heavy
1786676877.264,11,predictions_total,heavy,heavy:8003,heavy-service,Guava__Rotten,heavy
1786676882.264,11,predictions_total,heavy,heavy:8003,heavy-service,Guava__Rotten,heavy
1786676887.264,11,predictions_total,heavy,heavy:8003,heavy-service,Guava__Rotten,heavy
1786676892.264,11,predictions_total,heavy,heavy:8003,heavy-service,Guava__Rotten,heavy
1786676897.264,11,predictions_total,heavy,heavy:8003,heavy-service,Guava__Rotten,heavy
1786676902.264,11,predictions_total,heavy,heavy:8003,heavy-service,Guava__Rotten,heavy
1786676907.264,11,predictions_total,heavy,heavy:8003,heavy-service,Guava__Rotten,heavy
1786676912.264,11,predictions_total,heavy,heavy:8003,heavy-service,Guava__Rotten,heavy
1786676917.264,11,predictions_total,heavy,heavy:8003,heavy-service,Guava__Rotten,heavy
1786676922.264,11,predictions_total,heavy,heavy:8003,heavy-service,Guava__Rotten,heavy
1786676927.264,11,predictions_total,heavy,heavy:8003,heavy-service,Guava__Rotten,heavy
1786676932.264,11,predictions_total,heavy,heavy:8003,heavy-service,Guava__Rotten,heavy
1786676937.264,11,predictions_total,heavy,heavy:8003,heavy-service,Guava__Rotten,heavy
1786676942.264,11,predictions_total,heavy,heavy:8003,heavy-service,Guava__Rotten,heavy
1786676947.264,11,predictions_total,heavy,heavy:8003,heavy-service,Guava__Rotten,heavy
1786676952.264,11,predictions_total,heavy,heavy:8003,heavy-service,Guava__Rotten,heavy
1786676957.264,11,predictions_total,heavy,heavy:8003,heavy-service,Guava__Rotten,heavy
1786676962.264,11,predictions_total,heavy,heavy:8003,heavy-service,Guava__Rotten,heavy
1786676967.264,11,predictions_total,heavy,heavy:8003,heavy-service,Guava__Rotten,heavy
1786676972.264,11,predictions_total,heavy,heavy:8003,heavy-service,Guava__Rotten,heavy
1786676977.264,11,predictions_total,heavy,heavy:8003,heavy-service,Guava__Rotten,heavy
1786676982.264,11,predictions_total,heavy,heavy:8003,heavy-service,Guava__Rotten,heavy
1786676987.264,11,predictions_total,heavy,heavy:8003,heavy-service,Guava__Rotten,heavy
1786676992.264,11,predictions_total,heavy,heavy:8003,heavy-service,Guava__Rotten,heavy
1786676997.264,11,predictions_total,heavy,heavy:8003,heavy-service,Guava__Rotten,heavy
1786677002.264,11,predictions_total,heavy,heavy:8003,heavy-service,Guava__Rotten,heavy
1786677007.264,11,predictions_total,heavy,heavy:8003,heavy-service,Guava__Rotten,heavy
1786677012.264,11,predictions_total,heavy,heavy:8003,heavy-service,Guava__Rotten,heavy
1786677017.264,11,predictions_total,heavy,heavy:8003,heavy-service,Guava__Rotten,heavy
1786677022.264,11,predictions_total,heavy,heavy:8003,heavy-service,Guava__Rotten,heavy
1786677027.264,11,predictions_total,heavy,heavy:8003,heavy-service,Guava__Rotten,heavy
1786677032.264,11,predictions_total,heavy,heavy:8003,heavy-service,Guava__Rotten,heavy
1786677037.264,11,predictions_total,heavy,heavy:8003,heavy-service,Guava__Rotten,heavy
1786677042.264,11,predictions_total,heavy,heavy:8003,heavy-service,Guava__Rotten,heavy
1786677047.264,11,predictions_total,heavy,heavy:8003,heavy-service,Guava__Rotten,heavy
1786677052.264,11,predictions_total,heavy,heavy:8003,heavy-service,Guava__Rotten,heavy
1786677057.264,11,predictions_total,heavy,heavy:8003,heavy-service,Guava__Rotten,heavy
1786677062.264,11,predictions_total,heavy,heavy:8003,heavy-service,Guava__Rotten,heavy
1786677067.264,11,predictions_total,heavy,heavy:8003,heavy-service,Guava__Rotten,heavy
1786677072.264,11,predictions_total,heavy,heavy:8003,heavy-service,Guava__Rotten,heavy
1786677077.264,11,predictions_total,heavy,heavy:8003,heavy-service,Guava__Rotten,heavy
1786677082.264,11,predictions_total,heavy,heavy:8003,heavy-service,Guava__Rotten,heavy
1786677087.264,11,predictions_total,heavy,heavy:8003,heavy-service,Guava__Rotten,heavy
1786677092.264,11,predictions_total,heavy,heavy:8003,heavy-service,Guava__Rotten,heavy
1786677097.264,11,predictions_total,heavy,heavy:8003,heavy-service,Guava__Rotten,heavy
1786677102.264,11,predictions_total,heavy,heavy:8003,heavy-service,Guava__Rotten,heavy
1786677107.264,11,predictions_total,heavy,heavy:8003,heavy-service,Guava__Rotten,heavy
1786677112.264,11,predictions_total,heavy,heavy:8003,heavy-service,Guava__Rotten,heavy
1786677117.264,11,predictions_total,heavy,heavy:8003,heavy-service,Guava__Rotten,heavy
1786677122.264,11,predictions_total,heavy,heavy:8003,heavy-service,Guava__Rotten,heavy
1786677127.264,11,predictions_total,heavy,heavy:8003,heavy-service,Guava__Rotten,heavy
1786677132.264,11,predictions_total,heavy,heavy:8003,heavy-service,Guava__Rotten,heavy
1786677137.264,11,predictions_total,heavy,heavy:8003,heavy-service,Guava__Rotten,heavy
1786677142.264,11,predictions_total,heavy,heavy:8003,heavy-service,Guava__Rotten,heavy
1786677147.264,11,predictions_total,heavy,heavy:8003,heavy-service,Guava__Rotten,heavy
1786677152.264,11,predictions_total,heavy,heavy:8003,heavy-service,Guava__Rotten,heavy
1786677157.264,11,predictions_total,heavy,heavy:8003,heavy-service,Guava__Rotten,heavy
1786677162.264,11,predictions_total,heavy,heavy:8003,heavy-service,Guava__Rotten,heavy
1786677167.264,11,predictions_total,heavy,heavy:8003,heavy-service,Guava__Rotten,heavy
1786677172.264,11,predictions_total,heavy,heavy:8003,heavy-service,Guava__Rotten,heavy
1786677177.264,11,predictions_total,heavy,heavy:8003,heavy-service,Guava__Rotten,heavy
1786677182.264,11,predictions_total,heavy,heavy:8003,heavy-service,Guava__Rotten,heavy
1786677187.264,11,predictions_total,heavy,heavy:8003,heavy-service,Guava__Rotten,heavy
1786677192.264,11,predictions_total,heavy,heavy:8003,heavy-service,Guava__Rotten,heavy
1786677197.264,11,predictions_total,heavy,heavy:8003,heavy-service,Guava__Rotten,heavy
1786677202.264,11,predictions_total,heavy,heavy:8003,heavy-service,Guava__Rotten,heavy
1786677207.264,11,predictions_total,heavy,heavy:8003,heavy-service,Guava__Rotten,heavy
1786677212.264,11,predictions_total,heavy,heavy:8003,heavy-service,Guava__Rotten,heavy
1786677217.264,11,predictions_total,heavy,heavy:8003,heavy-service,Guava__Rotten,heavy
1786677222.264,11,predictions_total,heavy,heavy:8003,heavy-service,Guava__Rotten,heavy
1786677227.264,11,predictions_total,heavy,heavy:8003,heavy-service,Guava__Rotten,heavy
1786677232.264,11,predictions_total,heavy,heavy:8003,heavy-service,Guava__Rotten,heavy
1786677237.264,11,predictions_total,heavy,heavy:8003,heavy-service,Guava__Rotten,heavy
1786677242.264,11,predictions_total,heavy,heavy:8003,heavy-service,Guava__Rotten,heavy
1786677247.264,11,predictions_total,heavy,heavy:8003,heavy-service,Guava__Rotten,heavy
1786677252.264,11,predictions_total,heavy,heavy:8003,heavy-service,Guava__Rotten,heavy
1786677257.264,11,predictions_total,heavy,heavy:8003,heavy-service,Guava__Rotten,heavy
1786677262.264,11,predictions_total,heavy,heavy:8003,heavy-service,Guava__Rotten,heavy
1786677267.264,11,predictions_total,heavy,heavy:8003,heavy-service,Guava__Rotten,heavy
1786677272.264,11,predictions_total,heavy,heavy:8003,heavy-service,Guava__Rotten,heavy
1786677277.264,11,predictions_total,heavy,heavy:8003,heavy-service,Guava__Rotten,heavy
1786677282.264,11,predictions_total,heavy,heavy:8003,heavy-service,Guava__Rotten,heavy
1786677287.264,11,predictions_total,heavy,heavy:8003,heavy-service,Guava__Rotten,heavy
1786677292.264,11,predictions_total,heavy,heavy:8003,heavy-service,Guava__Rotten,heavy
1786677297.264,11,predictions_total,heavy,heavy:8003,heavy-service,Guava__Rotten,heavy
1786677302.264,11,predictions_total,heavy,heavy:8003,heavy-service,Guava__Rotten,heavy
1786677307.264,11,predictions_total,heavy,heavy:8003,heavy-service,Guava__Rotten,heavy
1786677312.264,11,predictions_total,heavy,heavy:8003,heavy-service,Guava__Rotten,heavy
1786677317.264,11,predictions_total,heavy,heavy:8003,heavy-service,Guava__Rotten,heavy
1786677322.264,11,predictions_total,heavy,heavy:8003,heavy-service,Guava__Rotten,heavy
1786677327.264,11,predictions_total,heavy,heavy:8003,heavy-service,Guava__Rotten,heavy
1786677332.264,11,predictions_total,heavy,heavy:8003,heavy-service,Guava__Rotten,heavy
1786677337.264,11,predictions_total,heavy,heavy:8003,heavy-service,Guava__Rotten,heavy
1786677342.264,11,predictions_total,heavy,heavy:8003,heavy-service,Guava__Rotten,heavy
1786677347.264,11,predictions_total,heavy,heavy:8003,heavy-service,Guava__Rotten,heavy
1786677352.264,11,predictions_total,heavy,heavy:8003,heavy-service,Guava__Rotten,heavy
1786677357.264,11,predictions_total,heavy,heavy:8003,heavy-service,Guava__Rotten,heavy
1786677362.264,11,predictions_total,heavy,heavy:8003,heavy-service,Guava__Rotten,heavy
1786677367.264,11,predictions_total,heavy,heavy:8003,heavy-service,Guava__Rotten,heavy
1786677372.264,11,predictions_total,heavy,heavy:8003,heavy-service,Guava__Rotten,heavy
1786677377.264,11,predictions_total,heavy,heavy:8003,heavy-service,Guava__Rotten,heavy
1786677382.264,12,predictions_total,heavy,heavy:8003,heavy-service,Guava__Rotten,heavy
1786677387.264,12,predictions_total,heavy,heavy:8003,heavy-service,Guava__Rotten,heavy
1786677392.264,12,predictions_total,heavy,heavy:8003,heavy-service,Guava__Rotten,heavy
1786677397.264,13,predictions_total,heavy,heavy:8003,heavy-service,Guava__Rotten,heavy
1786677402.264,13,predictions_total,heavy,heavy:8003,heavy-service,Guava__Rotten,heavy
1786677407.264,13,predictions_total,heavy,heavy:8003,heavy-service,Guava__Rotten,heavy
1786677412.264,13,predictions_total,heavy,heavy:8003,heavy-service,Guava__Rotten,heavy
1786677417.264,13,predictions_total,heavy,heavy:8003,heavy-service,Guava__Rotten,heavy
1786677422.264,13,predictions_total,heavy,heavy:8003,heavy-service,Guava__Rotten,heavy
1786677427.264,13,predictions_total,heavy,heavy:8003,heavy-service,Guava__Rotten,heavy
1786677432.264,13,predictions_total,heavy,heavy:8003,heavy-service,Guava__Rotten,heavy
1786677437.264,13,predictions_total,heavy,heavy:8003,heavy-service,Guava__Rotten,heavy
1786677442.264,13,predictions_total,heavy,heavy:8003,heavy-service,Guava__Rotten,heavy
1786677447.264,13,predictions_total,heavy,heavy:8003,heavy-service,Guava__Rotten,heavy
1786676347.264,2,predictions_total,heavy,heavy:8003,heavy-service,Jujube__Healthy,heavy
1786676352.264,3,predictions_total,heavy,heavy:8003,heavy-service,Jujube__Healthy,heavy
1786676357.264,4,predictions_total,heavy,heavy:8003,heavy-service,Jujube__Healthy,heavy
1786676362.264,5,predictions_total,heavy,heavy:8003,heavy-service,Jujube__Healthy,heavy
1786676367.264,5,predictions_total,heavy,heavy:8003,heavy-service,Jujube__Healthy,heavy
1786676372.264,5,predictions_total,heavy,heavy:8003,heavy-service,Jujube__Healthy,heavy
1786676377.264,5,predictions_total,heavy,heavy:8003,heavy-service,Jujube__Healthy,heavy
1786676382.264,6,predictions_total,heavy,heavy:8003,heavy-service,Jujube__Healthy,heavy
1786676387.264,7,predictions_total,heavy,heavy:8003,heavy-service,Jujube__Healthy,heavy
1786676392.264,7,predictions_total,heavy,heavy:8003,heavy-service,Jujube__Healthy,heavy
1786676397.264,7,predictions_total,heavy,heavy:8003,heavy-service,Jujube__Healthy,heavy
1786676402.264,10,predictions_total,heavy,heavy:8003,heavy-service,Jujube__Healthy,heavy
1786676407.264,10,predictions_total,heavy,heavy:8003,heavy-service,Jujube__Healthy,heavy
1786676412.264,10,predictions_total,heavy,heavy:8003,heavy-service,Jujube__Healthy,heavy
1786676417.264,10,predictions_total,heavy,heavy:8003,heavy-service,Jujube__Healthy,heavy
1786676422.264,10,predictions_total,heavy,heavy:8003,heavy-service,Jujube__Healthy,heavy
1786676427.264,10,predictions_total,heavy,heavy:8003,heavy-service,Jujube__Healthy,heavy
1786676432.264,10,predictions_total,heavy,heavy:8003,heavy-service,Jujube__Healthy,heavy
1786676437.264,10,predictions_total,heavy,heavy:8003,heavy-service,Jujube__Healthy,heavy
1786676442.264,10,predictions_total,heavy,heavy:8003,heavy-service,Jujube__Healthy,heavy
1786676447.264,10,predictions_total,heavy,heavy:8003,heavy-service,Jujube__Healthy,heavy
1786676452.264,10,predictions_total,heavy,heavy:8003,heavy-service,Jujube__Healthy,heavy
1786676457.264,10,predictions_total,heavy,heavy:8003,heavy-service,Jujube__Healthy,heavy
1786676462.264,10,predictions_total,heavy,heavy:8003,heavy-service,Jujube__Healthy,heavy
1786676467.264,10,predictions_total,heavy,heavy:8003,heavy-service,Jujube__Healthy,heavy
1786676472.264,10,predictions_total,heavy,heavy:8003,heavy-service,Jujube__Healthy,heavy
1786676477.264,10,predictions_total,heavy,heavy:8003,heavy-service,Jujube__Healthy,heavy
1786676482.264,10,predictions_total,heavy,heavy:8003,heavy-service,Jujube__Healthy,heavy
1786676487.264,10,predictions_total,heavy,heavy:8003,heavy-service,Jujube__Healthy,heavy
1786676492.264,10,predictions_total,heavy,heavy:8003,heavy-service,Jujube__Healthy,heavy
1786676497.264,10,predictions_total,heavy,heavy:8003,heavy-service,Jujube__Healthy,heavy
1786676502.264,10,predictions_total,heavy,heavy:8003,heavy-service,Jujube__Healthy,heavy
1786676507.264,10,predictions_total,heavy,heavy:8003,heavy-service,Jujube__Healthy,heavy
1786676512.264,10,predictions_total,heavy,heavy:8003,heavy-service,Jujube__Healthy,heavy
1786676517.264,10,predictions_total,heavy,heavy:8003,heavy-service,Jujube__Healthy,heavy
1786676522.264,10,predictions_total,heavy,heavy:8003,heavy-service,Jujube__Healthy,heavy
1786676527.264,10,predictions_total,heavy,heavy:8003,heavy-service,Jujube__Healthy,heavy
1786676532.264,10,predictions_total,heavy,heavy:8003,heavy-service,Jujube__Healthy,heavy
1786676537.264,10,predictions_total,heavy,heavy:8003,heavy-service,Jujube__Healthy,heavy
1786676542.264,10,predictions_total,heavy,heavy:8003,heavy-service,Jujube__Healthy,heavy
1786676547.264,10,predictions_total,heavy,heavy:8003,heavy-service,Jujube__Healthy,heavy
1786676552.264,10,predictions_total,heavy,heavy:8003,heavy-service,Jujube__Healthy,heavy
1786676557.264,10,predictions_total,heavy,heavy:8003,heavy-service,Jujube__Healthy,heavy
1786676562.264,10,predictions_total,heavy,heavy:8003,heavy-service,Jujube__Healthy,heavy
1786676567.264,10,predictions_total,heavy,heavy:8003,heavy-service,Jujube__Healthy,heavy
1786676572.264,10,predictions_total,heavy,heavy:8003,heavy-service,Jujube__Healthy,heavy
1786676577.264,10,predictions_total,heavy,heavy:8003,heavy-service,Jujube__Healthy,heavy
1786676582.264,10,predictions_total,heavy,heavy:8003,heavy-service,Jujube__Healthy,heavy
1786676587.264,10,predictions_total,heavy,heavy:8003,heavy-service,Jujube__Healthy,heavy
1786676592.264,10,predictions_total,heavy,heavy:8003,heavy-service,Jujube__Healthy,heavy
1786676597.264,10,predictions_total,heavy,heavy:8003,heavy-service,Jujube__Healthy,heavy
1786676602.264,10,predictions_total,heavy,heavy:8003,heavy-service,Jujube__Healthy,heavy
1786676607.264,10,predictions_total,heavy,heavy:8003,heavy-service,Jujube__Healthy,heavy
1786676612.264,10,predictions_total,heavy,heavy:8003,heavy-service,Jujube__Healthy,heavy
1786676617.264,10,predictions_total,heavy,heavy:8003,heavy-service,Jujube__Healthy,heavy
1786676622.264,10,predictions_total,heavy,heavy:8003,heavy-service,Jujube__Healthy,heavy
1786676627.264,10,predictions_total,heavy,heavy:8003,heavy-service,Jujube__Healthy,heavy
1786676632.264,10,predictions_total,heavy,heavy:8003,heavy-service,Jujube__Healthy,heavy
1786676637.264,10,predictions_total,heavy,heavy:8003,heavy-service,Jujube__Healthy,heavy
1786676642.264,10,predictions_total,heavy,heavy:8003,heavy-service,Jujube__Healthy,heavy
1786676647.264,10,predictions_total,heavy,heavy:8003,heavy-service,Jujube__Healthy,heavy
1786676652.264,10,predictions_total,heavy,heavy:8003,heavy-service,Jujube__Healthy,heavy
1786676657.264,10,predictions_total,heavy,heavy:8003,heavy-service,Jujube__Healthy,heavy
1786676662.264,10,predictions_total,heavy,heavy:8003,heavy-service,Jujube__Healthy,heavy
1786676667.264,10,predictions_total,heavy,heavy:8003,heavy-service,Jujube__Healthy,heavy
1786676672.264,10,predictions_total,heavy,heavy:8003,heavy-service,Jujube__Healthy,heavy
1786676677.264,10,predictions_total,heavy,heavy:8003,heavy-service,Jujube__Healthy,heavy
1786676682.264,10,predictions_total,heavy,heavy:8003,heavy-service,Jujube__Healthy,heavy
1786676687.264,10,predictions_total,heavy,heavy:8003,heavy-service,Jujube__Healthy,heavy
1786676692.264,10,predictions_total,heavy,heavy:8003,heavy-service,Jujube__Healthy,heavy
1786676697.264,10,predictions_total,heavy,heavy:8003,heavy-service,Jujube__Healthy,heavy
1786676702.264,10,predictions_total,heavy,heavy:8003,heavy-service,Jujube__Healthy,heavy
1786676707.264,10,predictions_total,heavy,heavy:8003,heavy-service,Jujube__Healthy,heavy
1786676712.264,10,predictions_total,heavy,heavy:8003,heavy-service,Jujube__Healthy,heavy
1786676717.264,10,predictions_total,heavy,heavy:8003,heavy-service,Jujube__Healthy,heavy
1786676722.264,10,predictions_total,heavy,heavy:8003,heavy-service,Jujube__Healthy,heavy
1786676727.264,10,predictions_total,heavy,heavy:8003,heavy-service,Jujube__Healthy,heavy
1786676732.264,10,predictions_total,heavy,heavy:8003,heavy-service,Jujube__Healthy,heavy
1786676737.264,10,predictions_total,heavy,heavy:8003,heavy-service,Jujube__Healthy,heavy
1786676742.264,10,predictions_total,heavy,heavy:8003,heavy-service,Jujube__Healthy,heavy
1786676747.264,10,predictions_total,heavy,heavy:8003,heavy-service,Jujube__Healthy,heavy
1786676752.264,10,predictions_total,heavy,heavy:8003,heavy-service,Jujube__Healthy,heavy
1786676757.264,10,predictions_total,heavy,heavy:8003,heavy-service,Jujube__Healthy,heavy
1786676762.264,10,predictions_total,heavy,heavy:8003,heavy-service,Jujube__Healthy,heavy
1786676767.264,10,predictions_total,heavy,heavy:8003,heavy-service,Jujube__Healthy,heavy
1786676772.264,10,predictions_total,heavy,heavy:8003,heavy-service,Jujube__Healthy,heavy
1786676777.264,10,predictions_total,heavy,heavy:8003,heavy-service,Jujube__Healthy,heavy
1786676782.264,10,predictions_total,heavy,heavy:8003,heavy-service,Jujube__Healthy,heavy
1786676787.264,10,predictions_total,heavy,heavy:8003,heavy-service,Jujube__Healthy,heavy
1786676792.264,10,predictions_total,heavy,heavy:8003,heavy-service,Jujube__Healthy,heavy
1786676797.264,10,predictions_total,heavy,heavy:8003,heavy-service,Jujube__Healthy,heavy
1786676802.264,10,predictions_total,heavy,heavy:8003,heavy-service,Jujube__Healthy,heavy
1786676807.264,10,predictions_total,heavy,heavy:8003,heavy-service,Jujube__Healthy,heavy
1786676812.264,10,predictions_total,heavy,heavy:8003,heavy-service,Jujube__Healthy,heavy
1786676817.264,10,predictions_total,heavy,heavy:8003,heavy-service,Jujube__Healthy,heavy
1786676822.264,10,predictions_total,heavy,heavy:8003,heavy-service,Jujube__Healthy,heavy
1786676827.264,10,predictions_total,heavy,heavy:8003,heavy-service,Jujube__Healthy,heavy
1786676832.264,10,predictions_total,heavy,heavy:8003,heavy-service,Jujube__Healthy,heavy
1786676837.264,10,predictions_total,heavy,heavy:8003,heavy-service,Jujube__Healthy,heavy
1786676842.264,11,predictions_total,heavy,heavy:8003,heavy-service,Jujube__Healthy,heavy
1786676847.264,11,predictions_total,heavy,heavy:8003,heavy-service,Jujube__Healthy,heavy
1786676852.264,11,predictions_total,heavy,heavy:8003,heavy-service,Jujube__Healthy,heavy
1786676857.264,12,predictions_total,heavy,heavy:8003,heavy-service,Jujube__Healthy,heavy
1786676862.264,14,predictions_total,heavy,heavy:8003,heavy-service,Jujube__Healthy,heavy
1786676867.264,14,predictions_total,heavy,heavy:8003,heavy-service,Jujube__Healthy,heavy
1786676872.264,14,predictions_total,heavy,heavy:8003,heavy-service,Jujube__Healthy,heavy
1786676877.264,14,predictions_total,heavy,heavy:8003,heavy-service,Jujube__Healthy,heavy
1786676882.264,14,predictions_total,heavy,heavy:8003,heavy-service,Jujube__Healthy,heavy
1786676887.264,14,predictions_total,heavy,heavy:8003,heavy-service,Jujube__Healthy,heavy
1786676892.264,14,predictions_total,heavy,heavy:8003,heavy-service,Jujube__Healthy,heavy
1786676897.264,14,predictions_total,heavy,heavy:8003,heavy-service,Jujube__Healthy,heavy
1786676902.264,14,predictions_total,heavy,heavy:8003,heavy-service,Jujube__Healthy,heavy
1786676907.264,14,predictions_total,heavy,heavy:8003,heavy-service,Jujube__Healthy,heavy
1786676912.264,14,predictions_total,heavy,heavy:8003,heavy-service,Jujube__Healthy,heavy
1786676917.264,14,predictions_total,heavy,heavy:8003,heavy-service,Jujube__Healthy,heavy
1786676922.264,14,predictions_total,heavy,heavy:8003,heavy-service,Jujube__Healthy,heavy
1786676927.264,14,predictions_total,heavy,heavy:8003,heavy-service,Jujube__Healthy,heavy
1786676932.264,14,predictions_total,heavy,heavy:8003,heavy-service,Jujube__Healthy,heavy
1786676937.264,14,predictions_total,heavy,heavy:8003,heavy-service,Jujube__Healthy,heavy
1786676942.264,14,predictions_total,heavy,heavy:8003,heavy-service,Jujube__Healthy,heavy
1786676947.264,14,predictions_total,heavy,heavy:8003,heavy-service,Jujube__Healthy,heavy
1786676952.264,14,predictions_total,heavy,heavy:8003,heavy-service,Jujube__Healthy,heavy
1786676957.264,14,predictions_total,heavy,heavy:8003,heavy-service,Jujube__Healthy,heavy
1786676962.264,14,predictions_total,heavy,heavy:8003,heavy-service,Jujube__Healthy,heavy
1786676967.264,14,predictions_total,heavy,heavy:8003,heavy-service,Jujube__Healthy,heavy
1786676972.264,14,predictions_total,heavy,heavy:8003,heavy-service,Jujube__Healthy,heavy
1786676977.264,14,predictions_total,heavy,heavy:8003,heavy-service,Jujube__Healthy,heavy
1786676982.264,14,predictions_total,heavy,heavy:8003,heavy-service,Jujube__Healthy,heavy
1786676987.264,14,predictions_total,heavy,heavy:8003,heavy-service,Jujube__Healthy,heavy
1786676992.264,14,predictions_total,heavy,heavy:8003,heavy-service,Jujube__Healthy,heavy
1786676997.264,14,predictions_total,heavy,heavy:8003,heavy-service,Jujube__Healthy,heavy
1786677002.264,14,predictions_total,heavy,heavy:8003,heavy-service,Jujube__Healthy,heavy
1786677007.264,14,predictions_total,heavy,heavy:8003,heavy-service,Jujube__Healthy,heavy
1786677012.264,14,predictions_total,heavy,heavy:8003,heavy-service,Jujube__Healthy,heavy
1786677017.264,14,predictions_total,heavy,heavy:8003,heavy-service,Jujube__Healthy,heavy
1786677022.264,14,predictions_total,heavy,heavy:8003,heavy-service,Jujube__Healthy,heavy
1786677027.264,14,predictions_total,heavy,heavy:8003,heavy-service,Jujube__Healthy,heavy
1786677032.264,14,predictions_total,heavy,heavy:8003,heavy-service,Jujube__Healthy,heavy
1786677037.264,14,predictions_total,heavy,heavy:8003,heavy-service,Jujube__Healthy,heavy
1786677042.264,14,predictions_total,heavy,heavy:8003,heavy-service,Jujube__Healthy,heavy
1786677047.264,14,predictions_total,heavy,heavy:8003,heavy-service,Jujube__Healthy,heavy
1786677052.264,14,predictions_total,heavy,heavy:8003,heavy-service,Jujube__Healthy,heavy
1786677057.264,14,predictions_total,heavy,heavy:8003,heavy-service,Jujube__Healthy,heavy
1786677062.264,14,predictions_total,heavy,heavy:8003,heavy-service,Jujube__Healthy,heavy
1786677067.264,14,predictions_total,heavy,heavy:8003,heavy-service,Jujube__Healthy,heavy
1786677072.264,14,predictions_total,heavy,heavy:8003,heavy-service,Jujube__Healthy,heavy
1786677077.264,14,predictions_total,heavy,heavy:8003,heavy-service,Jujube__Healthy,heavy
1786677082.264,14,predictions_total,heavy,heavy:8003,heavy-service,Jujube__Healthy,heavy
1786677087.264,14,predictions_total,heavy,heavy:8003,heavy-service,Jujube__Healthy,heavy
1786677092.264,14,predictions_total,heavy,heavy:8003,heavy-service,Jujube__Healthy,heavy
1786677097.264,14,predictions_total,heavy,heavy:8003,heavy-service,Jujube__Healthy,heavy
1786677102.264,14,predictions_total,heavy,heavy:8003,heavy-service,Jujube__Healthy,heavy
1786677107.264,14,predictions_total,heavy,heavy:8003,heavy-service,Jujube__Healthy,heavy
1786677112.264,14,predictions_total,heavy,heavy:8003,heavy-service,Jujube__Healthy,heavy
1786677117.264,14,predictions_total,heavy,heavy:8003,heavy-service,Jujube__Healthy,heavy
1786677122.264,14,predictions_total,heavy,heavy:8003,heavy-service,Jujube__Healthy,heavy
1786677127.264,14,predictions_total,heavy,heavy:8003,heavy-service,Jujube__Healthy,heavy
1786677132.264,14,predictions_total,heavy,heavy:8003,heavy-service,Jujube__Healthy,heavy
1786677137.264,14,predictions_total,heavy,heavy:8003,heavy-service,Jujube__Healthy,heavy
1786677142.264,14,predictions_total,heavy,heavy:8003,heavy-service,Jujube__Healthy,heavy
1786677147.264,14,predictions_total,heavy,heavy:8003,heavy-service,Jujube__Healthy,heavy
1786677152.264,14,predictions_total,heavy,heavy:8003,heavy-service,Jujube__Healthy,heavy
1786677157.264,14,predictions_total,heavy,heavy:8003,heavy-service,Jujube__Healthy,heavy
1786677162.264,14,predictions_total,heavy,heavy:8003,heavy-service,Jujube__Healthy,heavy
1786677167.264,14,predictions_total,heavy,heavy:8003,heavy-service,Jujube__Healthy,heavy
1786677172.264,14,predictions_total,heavy,heavy:8003,heavy-service,Jujube__Healthy,heavy
1786677177.264,14,predictions_total,heavy,heavy:8003,heavy-service,Jujube__Healthy,heavy
1786677182.264,14,predictions_total,heavy,heavy:8003,heavy-service,Jujube__Healthy,heavy
1786677187.264,14,predictions_total,heavy,heavy:8003,heavy-service,Jujube__Healthy,heavy
1786677192.264,14,predictions_total,heavy,heavy:8003,heavy-service,Jujube__Healthy,heavy
1786677197.264,14,predictions_total,heavy,heavy:8003,heavy-service,Jujube__Healthy,heavy
1786677202.264,14,predictions_total,heavy,heavy:8003,heavy-service,Jujube__Healthy,heavy
1786677207.264,14,predictions_total,heavy,heavy:8003,heavy-service,Jujube__Healthy,heavy
1786677212.264,14,predictions_total,heavy,heavy:8003,heavy-service,Jujube__Healthy,heavy
1786677217.264,14,predictions_total,heavy,heavy:8003,heavy-service,Jujube__Healthy,heavy
1786677222.264,14,predictions_total,heavy,heavy:8003,heavy-service,Jujube__Healthy,heavy
1786677227.264,14,predictions_total,heavy,heavy:8003,heavy-service,Jujube__Healthy,heavy
1786677232.264,14,predictions_total,heavy,heavy:8003,heavy-service,Jujube__Healthy,heavy
1786677237.264,14,predictions_total,heavy,heavy:8003,heavy-service,Jujube__Healthy,heavy
1786677242.264,14,predictions_total,heavy,heavy:8003,heavy-service,Jujube__Healthy,heavy
1786677247.264,14,predictions_total,heavy,heavy:8003,heavy-service,Jujube__Healthy,heavy
1786677252.264,15,predictions_total,heavy,heavy:8003,heavy-service,Jujube__Healthy,heavy
1786677257.264,15,predictions_total,heavy,heavy:8003,heavy-service,Jujube__Healthy,heavy
1786677262.264,17,predictions_total,heavy,heavy:8003,heavy-service,Jujube__Healthy,heavy
1786677267.264,17,predictions_total,heavy,heavy:8003,heavy-service,Jujube__Healthy,heavy
1786677272.264,17,predictions_total,heavy,heavy:8003,heavy-service,Jujube__Healthy,heavy
1786677277.264,17,predictions_total,heavy,heavy:8003,heavy-service,Jujube__Healthy,heavy
1786677282.264,17,predictions_total,heavy,heavy:8003,heavy-service,Jujube__Healthy,heavy
1786677287.264,17,predictions_total,heavy,heavy:8003,heavy-service,Jujube__Healthy,heavy
1786677292.264,17,predictions_total,heavy,heavy:8003,heavy-service,Jujube__Healthy,heavy
1786677297.264,17,predictions_total,heavy,heavy:8003,heavy-service,Jujube__Healthy,heavy
1786677302.264,17,predictions_total,heavy,heavy:8003,heavy-service,Jujube__Healthy,heavy
1786677307.264,17,predictions_total,heavy,heavy:8003,heavy-service,Jujube__Healthy,heavy
1786677312.264,18,predictions_total,heavy,heavy:8003,heavy-service,Jujube__Healthy,heavy
1786677317.264,18,predictions_total,heavy,heavy:8003,heavy-service,Jujube__Healthy,heavy
1786677322.264,18,predictions_total,heavy,heavy:8003,heavy-service,Jujube__Healthy,heavy
1786677327.264,18,predictions_total,heavy,heavy:8003,heavy-service,Jujube__Healthy,heavy
1786677332.264,18,predictions_total,heavy,heavy:8003,heavy-service,Jujube__Healthy,heavy
1786677337.264,18,predictions_total,heavy,heavy:8003,heavy-service,Jujube__Healthy,heavy
1786677342.264,18,predictions_total,heavy,heavy:8003,heavy-service,Jujube__Healthy,heavy
1786677347.264,18,predictions_total,heavy,heavy:8003,heavy-service,Jujube__Healthy,heavy
1786677352.264,18,predictions_total,heavy,heavy:8003,heavy-service,Jujube__Healthy,heavy
1786677357.264,18,predictions_total,heavy,heavy:8003,heavy-service,Jujube__Healthy,heavy
1786677362.264,18,predictions_total,heavy,heavy:8003,heavy-service,Jujube__Healthy,heavy
1786677367.264,18,predictions_total,heavy,heavy:8003,heavy-service,Jujube__Healthy,heavy
1786677372.264,18,predictions_total,heavy,heavy:8003,heavy-service,Jujube__Healthy,heavy
1786677377.264,18,predictions_total,heavy,heavy:8003,heavy-service,Jujube__Healthy,heavy
1786677382.264,18,predictions_total,heavy,heavy:8003,heavy-service,Jujube__Healthy,heavy
1786677387.264,19,predictions_total,heavy,heavy:8003,heavy-service,Jujube__Healthy,heavy
1786677392.264,19,predictions_total,heavy,heavy:8003,heavy-service,Jujube__Healthy,heavy
1786677397.264,20,predictions_total,heavy,heavy:8003,heavy-service,Jujube__Healthy,heavy
1786677402.264,20,predictions_total,heavy,heavy:8003,heavy-service,Jujube__Healthy,heavy
1786677407.264,20,predictions_total,heavy,heavy:8003,heavy-service,Jujube__Healthy,heavy
1786677412.264,20,predictions_total,heavy,heavy:8003,heavy-service,Jujube__Healthy,heavy
1786677417.264,20,predictions_total,heavy,heavy:8003,heavy-service,Jujube__Healthy,heavy
1786677422.264,20,predictions_total,heavy,heavy:8003,heavy-service,Jujube__Healthy,heavy
1786677427.264,21,predictions_total,heavy,heavy:8003,heavy-service,Jujube__Healthy,heavy
1786677432.264,21,predictions_total,heavy,heavy:8003,heavy-service,Jujube__Healthy,heavy
1786677437.264,21,predictions_total,heavy,heavy:8003,heavy-service,Jujube__Healthy,heavy
1786677442.264,23,predictions_total,heavy,heavy:8003,heavy-service,Jujube__Healthy,heavy
1786677447.264,23,predictions_total,heavy,heavy:8003,heavy-service,Jujube__Healthy,heavy
1786676737.264,1,predictions_total,heavy,heavy:8003,heavy-service,Jujube__Rotten,heavy
1786676742.264,2,predictions_total,heavy,heavy:8003,heavy-service,Jujube__Rotten,heavy
1786676747.264,3,predictions_total,heavy,heavy:8003,heavy-service,Jujube__Rotten,heavy
1786676752.264,3,predictions_total,heavy,heavy:8003,heavy-service,Jujube__Rotten,heavy
1786676757.264,3,predictions_total,heavy,heavy:8003,heavy-service,Jujube__Rotten,heavy
1786676762.264,3,predictions_total,heavy,heavy:8003,heavy-service,Jujube__Rotten,heavy
1786676767.264,3,predictions_total,heavy,heavy:8003,heavy-service,Jujube__Rotten,heavy
1786676772.264,3,predictions_total,heavy,heavy:8003,heavy-service,Jujube__Rotten,heavy
1786676777.264,3,predictions_total,heavy,heavy:8003,heavy-service,Jujube__Rotten,heavy
1786676782.264,3,predictions_total,heavy,heavy:8003,heavy-service,Jujube__Rotten,heavy
1786676787.264,3,predictions_total,heavy,heavy:8003,heavy-service,Jujube__Rotten,heavy
1786676792.264,3,predictions_total,heavy,heavy:8003,heavy-service,Jujube__Rotten,heavy
1786676797.264,3,predictions_total,heavy,heavy:8003,heavy-service,Jujube__Rotten,heavy
1786676802.264,3,predictions_total,heavy,heavy:8003,heavy-service,Jujube__Rotten,heavy
1786676807.264,3,predictions_total,heavy,heavy:8003,heavy-service,Jujube__Rotten,heavy
1786676812.264,3,predictions_total,heavy,heavy:8003,heavy-service,Jujube__Rotten,heavy
1786676817.264,3,predictions_total,heavy,heavy:8003,heavy-service,Jujube__Rotten,heavy
1786676822.264,3,predictions_total,heavy,heavy:8003,heavy-service,Jujube__Rotten,heavy
1786676827.264,3,predictions_total,heavy,heavy:8003,heavy-service,Jujube__Rotten,heavy
1786676832.264,3,predictions_total,heavy,heavy:8003,heavy-service,Jujube__Rotten,heavy
1786676837.264,3,predictions_total,heavy,heavy:8003,heavy-service,Jujube__Rotten,heavy
1786676842.264,3,predictions_total,heavy,heavy:8003,heavy-service,Jujube__Rotten,heavy
1786676847.264,3,predictions_total,heavy,heavy:8003,heavy-service,Jujube__Rotten,heavy
1786676852.264,3,predictions_total,heavy,heavy:8003,heavy-service,Jujube__Rotten,heavy
1786676857.264,3,predictions_total,heavy,heavy:8003,heavy-service,Jujube__Rotten,heavy
1786676862.264,3,predictions_total,heavy,heavy:8003,heavy-service,Jujube__Rotten,heavy
1786676867.264,3,predictions_total,heavy,heavy:8003,heavy-service,Jujube__Rotten,heavy
1786676872.264,3,predictions_total,heavy,heavy:8003,heavy-service,Jujube__Rotten,heavy
1786676877.264,3,predictions_total,heavy,heavy:8003,heavy-service,Jujube__Rotten,heavy
1786676882.264,3,predictions_total,heavy,heavy:8003,heavy-service,Jujube__Rotten,heavy
1786676887.264,3,predictions_total,heavy,heavy:8003,heavy-service,Jujube__Rotten,heavy
1786676892.264,3,predictions_total,heavy,heavy:8003,heavy-service,Jujube__Rotten,heavy
1786676897.264,3,predictions_total,heavy,heavy:8003,heavy-service,Jujube__Rotten,heavy
1786676902.264,3,predictions_total,heavy,heavy:8003,heavy-service,Jujube__Rotten,heavy
1786676907.264,3,predictions_total,heavy,heavy:8003,heavy-service,Jujube__Rotten,heavy
1786676912.264,3,predictions_total,heavy,heavy:8003,heavy-service,Jujube__Rotten,heavy
1786676917.264,3,predictions_total,heavy,heavy:8003,heavy-service,Jujube__Rotten,heavy
1786676922.264,3,predictions_total,heavy,heavy:8003,heavy-service,Jujube__Rotten,heavy
1786676927.264,3,predictions_total,heavy,heavy:8003,heavy-service,Jujube__Rotten,heavy
1786676932.264,3,predictions_total,heavy,heavy:8003,heavy-service,Jujube__Rotten,heavy
1786676937.264,3,predictions_total,heavy,heavy:8003,heavy-service,Jujube__Rotten,heavy
1786676942.264,3,predictions_total,heavy,heavy:8003,heavy-service,Jujube__Rotten,heavy
1786676947.264,3,predictions_total,heavy,heavy:8003,heavy-service,Jujube__Rotten,heavy
1786676952.264,3,predictions_total,heavy,heavy:8003,heavy-service,Jujube__Rotten,heavy
1786676957.264,3,predictions_total,heavy,heavy:8003,heavy-service,Jujube__Rotten,heavy
1786676962.264,3,predictions_total,heavy,heavy:8003,heavy-service,Jujube__Rotten,heavy
1786676967.264,3,predictions_total,heavy,heavy:8003,heavy-service,Jujube__Rotten,heavy
1786676972.264,3,predictions_total,heavy,heavy:8003,heavy-service,Jujube__Rotten,heavy
1786676977.264,3,predictions_total,heavy,heavy:8003,heavy-service,Jujube__Rotten,heavy
1786676982.264,3,predictions_total,heavy,heavy:8003,heavy-service,Jujube__Rotten,heavy
1786676987.264,3,predictions_total,heavy,heavy:8003,heavy-service,Jujube__Rotten,heavy
1786676992.264,3,predictions_total,heavy,heavy:8003,heavy-service,Jujube__Rotten,heavy
1786676997.264,3,predictions_total,heavy,heavy:8003,heavy-service,Jujube__Rotten,heavy
1786677002.264,3,predictions_total,heavy,heavy:8003,heavy-service,Jujube__Rotten,heavy
1786677007.264,3,predictions_total,heavy,heavy:8003,heavy-service,Jujube__Rotten,heavy
1786677012.264,3,predictions_total,heavy,heavy:8003,heavy-service,Jujube__Rotten,heavy
1786677017.264,3,predictions_total,heavy,heavy:8003,heavy-service,Jujube__Rotten,heavy
1786677022.264,3,predictions_total,heavy,heavy:8003,heavy-service,Jujube__Rotten,heavy
1786677027.264,3,predictions_total,heavy,heavy:8003,heavy-service,Jujube__Rotten,heavy
1786677032.264,3,predictions_total,heavy,heavy:8003,heavy-service,Jujube__Rotten,heavy
1786677037.264,3,predictions_total,heavy,heavy:8003,heavy-service,Jujube__Rotten,heavy
1786677042.264,3,predictions_total,heavy,heavy:8003,heavy-service,Jujube__Rotten,heavy
1786677047.264,3,predictions_total,heavy,heavy:8003,heavy-service,Jujube__Rotten,heavy
1786677052.264,3,predictions_total,heavy,heavy:8003,heavy-service,Jujube__Rotten,heavy
1786677057.264,3,predictions_total,heavy,heavy:8003,heavy-service,Jujube__Rotten,heavy
1786677062.264,3,predictions_total,heavy,heavy:8003,heavy-service,Jujube__Rotten,heavy
1786677067.264,3,predictions_total,heavy,heavy:8003,heavy-service,Jujube__Rotten,heavy
1786677072.264,3,predictions_total,heavy,heavy:8003,heavy-service,Jujube__Rotten,heavy
1786677077.264,3,predictions_total,heavy,heavy:8003,heavy-service,Jujube__Rotten,heavy
1786677082.264,3,predictions_total,heavy,heavy:8003,heavy-service,Jujube__Rotten,heavy
1786677087.264,3,predictions_total,heavy,heavy:8003,heavy-service,Jujube__Rotten,heavy
1786677092.264,3,predictions_total,heavy,heavy:8003,heavy-service,Jujube__Rotten,heavy
1786677097.264,3,predictions_total,heavy,heavy:8003,heavy-service,Jujube__Rotten,heavy
1786677102.264,3,predictions_total,heavy,heavy:8003,heavy-service,Jujube__Rotten,heavy
1786677107.264,3,predictions_total,heavy,heavy:8003,heavy-service,Jujube__Rotten,heavy
1786677112.264,3,predictions_total,heavy,heavy:8003,heavy-service,Jujube__Rotten,heavy
1786677117.264,3,predictions_total,heavy,heavy:8003,heavy-service,Jujube__Rotten,heavy
1786677122.264,3,predictions_total,heavy,heavy:8003,heavy-service,Jujube__Rotten,heavy
1786677127.264,3,predictions_total,heavy,heavy:8003,heavy-service,Jujube__Rotten,heavy
1786677132.264,3,predictions_total,heavy,heavy:8003,heavy-service,Jujube__Rotten,heavy
1786677137.264,3,predictions_total,heavy,heavy:8003,heavy-service,Jujube__Rotten,heavy
1786677142.264,3,predictions_total,heavy,heavy:8003,heavy-service,Jujube__Rotten,heavy
1786677147.264,3,predictions_total,heavy,heavy:8003,heavy-service,Jujube__Rotten,heavy
1786677152.264,3,predictions_total,heavy,heavy:8003,heavy-service,Jujube__Rotten,heavy
1786677157.264,3,predictions_total,heavy,heavy:8003,heavy-service,Jujube__Rotten,heavy
1786677162.264,3,predictions_total,heavy,heavy:8003,heavy-service,Jujube__Rotten,heavy
1786677167.264,3,predictions_total,heavy,heavy:8003,heavy-service,Jujube__Rotten,heavy
1786677172.264,3,predictions_total,heavy,heavy:8003,heavy-service,Jujube__Rotten,heavy
1786677177.264,3,predictions_total,heavy,heavy:8003,heavy-service,Jujube__Rotten,heavy
1786677182.264,3,predictions_total,heavy,heavy:8003,heavy-service,Jujube__Rotten,heavy
1786677187.264,3,predictions_total,heavy,heavy:8003,heavy-service,Jujube__Rotten,heavy
1786677192.264,3,predictions_total,heavy,heavy:8003,heavy-service,Jujube__Rotten,heavy
1786677197.264,3,predictions_total,heavy,heavy:8003,heavy-service,Jujube__Rotten,heavy
1786677202.264,3,predictions_total,heavy,heavy:8003,heavy-service,Jujube__Rotten,heavy
1786677207.264,3,predictions_total,heavy,heavy:8003,heavy-service,Jujube__Rotten,heavy
1786677212.264,3,predictions_total,heavy,heavy:8003,heavy-service,Jujube__Rotten,heavy
1786677217.264,3,predictions_total,heavy,heavy:8003,heavy-service,Jujube__Rotten,heavy
1786677222.264,3,predictions_total,heavy,heavy:8003,heavy-service,Jujube__Rotten,heavy
1786677227.264,3,predictions_total,heavy,heavy:8003,heavy-service,Jujube__Rotten,heavy
1786677232.264,3,predictions_total,heavy,heavy:8003,heavy-service,Jujube__Rotten,heavy
1786677237.264,3,predictions_total,heavy,heavy:8003,heavy-service,Jujube__Rotten,heavy
1786677242.264,3,predictions_total,heavy,heavy:8003,heavy-service,Jujube__Rotten,heavy
1786677247.264,3,predictions_total,heavy,heavy:8003,heavy-service,Jujube__Rotten,heavy
1786677252.264,3,predictions_total,heavy,heavy:8003,heavy-service,Jujube__Rotten,heavy
1786677257.264,3,predictions_total,heavy,heavy:8003,heavy-service,Jujube__Rotten,heavy
1786677262.264,3,predictions_total,heavy,heavy:8003,heavy-service,Jujube__Rotten,heavy
1786677267.264,3,predictions_total,heavy,heavy:8003,heavy-service,Jujube__Rotten,heavy
1786677272.264,3,predictions_total,heavy,heavy:8003,heavy-service,Jujube__Rotten,heavy
1786677277.264,3,predictions_total,heavy,heavy:8003,heavy-service,Jujube__Rotten,heavy
1786677282.264,3,predictions_total,heavy,heavy:8003,heavy-service,Jujube__Rotten,heavy
1786677287.264,3,predictions_total,heavy,heavy:8003,heavy-service,Jujube__Rotten,heavy
1786677292.264,3,predictions_total,heavy,heavy:8003,heavy-service,Jujube__Rotten,heavy
1786677297.264,3,predictions_total,heavy,heavy:8003,heavy-service,Jujube__Rotten,heavy
1786677302.264,3,predictions_total,heavy,heavy:8003,heavy-service,Jujube__Rotten,heavy
1786677307.264,3,predictions_total,heavy,heavy:8003,heavy-service,Jujube__Rotten,heavy
1786677312.264,3,predictions_total,heavy,heavy:8003,heavy-service,Jujube__Rotten,heavy
1786677317.264,3,predictions_total,heavy,heavy:8003,heavy-service,Jujube__Rotten,heavy
1786677322.264,3,predictions_total,heavy,heavy:8003,heavy-service,Jujube__Rotten,heavy
1786677327.264,3,predictions_total,heavy,heavy:8003,heavy-service,Jujube__Rotten,heavy
1786677332.264,3,predictions_total,heavy,heavy:8003,heavy-service,Jujube__Rotten,heavy
1786677337.264,6,predictions_total,heavy,heavy:8003,heavy-service,Jujube__Rotten,heavy
1786677342.264,6,predictions_total,heavy,heavy:8003,heavy-service,Jujube__Rotten,heavy
1786677347.264,6,predictions_total,heavy,heavy:8003,heavy-service,Jujube__Rotten,heavy
1786677352.264,6,predictions_total,heavy,heavy:8003,heavy-service,Jujube__Rotten,heavy
1786677357.264,6,predictions_total,heavy,heavy:8003,heavy-service,Jujube__Rotten,heavy
1786677362.264,6,predictions_total,heavy,heavy:8003,heavy-service,Jujube__Rotten,heavy
1786677367.264,6,predictions_total,heavy,heavy:8003,heavy-service,Jujube__Rotten,heavy
1786677372.264,6,predictions_total,heavy,heavy:8003,heavy-service,Jujube__Rotten,heavy
1786677377.264,6,predictions_total,heavy,heavy:8003,heavy-service,Jujube__Rotten,heavy
1786677382.264,6,predictions_total,heavy,heavy:8003,heavy-service,Jujube__Rotten,heavy
1786677387.264,6,predictions_total,heavy,heavy:8003,heavy-service,Jujube__Rotten,heavy
1786677392.264,6,predictions_total,heavy,heavy:8003,heavy-service,Jujube__Rotten,heavy
1786677397.264,6,predictions_total,heavy,heavy:8003,heavy-service,Jujube__Rotten,heavy
1786677402.264,6,predictions_total,heavy,heavy:8003,heavy-service,Jujube__Rotten,heavy
1786677407.264,6,predictions_total,heavy,heavy:8003,heavy-service,Jujube__Rotten,heavy
1786677412.264,6,predictions_total,heavy,heavy:8003,heavy-service,Jujube__Rotten,heavy
1786677417.264,6,predictions_total,heavy,heavy:8003,heavy-service,Jujube__Rotten,heavy
1786677422.264,6,predictions_total,heavy,heavy:8003,heavy-service,Jujube__Rotten,heavy
1786677427.264,6,predictions_total,heavy,heavy:8003,heavy-service,Jujube__Rotten,heavy
1786677432.264,6,predictions_total,heavy,heavy:8003,heavy-service,Jujube__Rotten,heavy
1786677437.264,6,predictions_total,heavy,heavy:8003,heavy-service,Jujube__Rotten,heavy
1786677442.264,6,predictions_total,heavy,heavy:8003,heavy-service,Jujube__Rotten,heavy
1786677447.264,6,predictions_total,heavy,heavy:8003,heavy-service,Jujube__Rotten,heavy
1786676367.264,1,predictions_total,heavy,heavy:8003,heavy-service,Mango__Healthy,heavy
1786676372.264,1,predictions_total,heavy,heavy:8003,heavy-service,Mango__Healthy,heavy
1786676377.264,1,predictions_total,heavy,heavy:8003,heavy-service,Mango__Healthy,heavy
1786676382.264,1,predictions_total,heavy,heavy:8003,heavy-service,Mango__Healthy,heavy
1786676387.264,3,predictions_total,heavy,heavy:8003,heavy-service,Mango__Healthy,heavy
1786676392.264,3,predictions_total,heavy,heavy:8003,heavy-service,Mango__Healthy,heavy
1786676397.264,3,predictions_total,heavy,heavy:8003,heavy-service,Mango__Healthy,heavy
1786676402.264,4,predictions_total,heavy,heavy:8003,heavy-service,Mango__Healthy,heavy
1786676407.264,4,predictions_total,heavy,heavy:8003,heavy-service,Mango__Healthy,heavy
1786676412.264,4,predictions_total,heavy,heavy:8003,heavy-service,Mango__Healthy,heavy
1786676417.264,4,predictions_total,heavy,heavy:8003,heavy-service,Mango__Healthy,heavy
1786676422.264,4,predictions_total,heavy,heavy:8003,heavy-service,Mango__Healthy,heavy
1786676427.264,4,predictions_total,heavy,heavy:8003,heavy-service,Mango__Healthy,heavy
1786676432.264,4,predictions_total,heavy,heavy:8003,heavy-service,Mango__Healthy,heavy
1786676437.264,4,predictions_total,heavy,heavy:8003,heavy-service,Mango__Healthy,heavy
1786676442.264,4,predictions_total,heavy,heavy:8003,heavy-service,Mango__Healthy,heavy
1786676447.264,4,predictions_total,heavy,heavy:8003,heavy-service,Mango__Healthy,heavy
1786676452.264,4,predictions_total,heavy,heavy:8003,heavy-service,Mango__Healthy,heavy
1786676457.264,4,predictions_total,heavy,heavy:8003,heavy-service,Mango__Healthy,heavy
1786676462.264,4,predictions_total,heavy,heavy:8003,heavy-service,Mango__Healthy,heavy
1786676467.264,4,predictions_total,heavy,heavy:8003,heavy-service,Mango__Healthy,heavy
1786676472.264,4,predictions_total,heavy,heavy:8003,heavy-service,Mango__Healthy,heavy
1786676477.264,4,predictions_total,heavy,heavy:8003,heavy-service,Mango__Healthy,heavy
1786676482.264,4,predictions_total,heavy,heavy:8003,heavy-service,Mango__Healthy,heavy
1786676487.264,4,predictions_total,heavy,heavy:8003,heavy-service,Mango__Healthy,heavy
1786676492.264,4,predictions_total,heavy,heavy:8003,heavy-service,Mango__Healthy,heavy
1786676497.264,4,predictions_total,heavy,heavy:8003,heavy-service,Mango__Healthy,heavy
1786676502.264,4,predictions_total,heavy,heavy:8003,heavy-service,Mango__Healthy,heavy
1786676507.264,4,predictions_total,heavy,heavy:8003,heavy-service,Mango__Healthy,heavy
1786676512.264,4,predictions_total,heavy,heavy:8003,heavy-service,Mango__Healthy,heavy
1786676517.264,4,predictions_total,heavy,heavy:8003,heavy-service,Mango__Healthy,heavy
1786676522.264,4,predictions_total,heavy,heavy:8003,heavy-service,Mango__Healthy,heavy
1786676527.264,4,predictions_total,heavy,heavy:8003,heavy-service,Mango__Healthy,heavy
1786676532.264,4,predictions_total,heavy,heavy:8003,heavy-service,Mango__Healthy,heavy
1786676537.264,4,predictions_total,heavy,heavy:8003,heavy-service,Mango__Healthy,heavy
1786676542.264,4,predictions_total,heavy,heavy:8003,heavy-service,Mango__Healthy,heavy
1786676547.264,4,predictions_total,heavy,heavy:8003,heavy-service,Mango__Healthy,heavy
1786676552.264,4,predictions_total,heavy,heavy:8003,heavy-service,Mango__Healthy,heavy
1786676557.264,4,predictions_total,heavy,heavy:8003,heavy-service,Mango__Healthy,heavy
1786676562.264,4,predictions_total,heavy,heavy:8003,heavy-service,Mango__Healthy,heavy
1786676567.264,4,predictions_total,heavy,heavy:8003,heavy-service,Mango__Healthy,heavy
1786676572.264,4,predictions_total,heavy,heavy:8003,heavy-service,Mango__Healthy,heavy
1786676577.264,4,predictions_total,heavy,heavy:8003,heavy-service,Mango__Healthy,heavy
1786676582.264,4,predictions_total,heavy,heavy:8003,heavy-service,Mango__Healthy,heavy
1786676587.264,4,predictions_total,heavy,heavy:8003,heavy-service,Mango__Healthy,heavy
1786676592.264,4,predictions_total,heavy,heavy:8003,heavy-service,Mango__Healthy,heavy
1786676597.264,4,predictions_total,heavy,heavy:8003,heavy-service,Mango__Healthy,heavy
1786676602.264,4,predictions_total,heavy,heavy:8003,heavy-service,Mango__Healthy,heavy
1786676607.264,4,predictions_total,heavy,heavy:8003,heavy-service,Mango__Healthy,heavy
1786676612.264,4,predictions_total,heavy,heavy:8003,heavy-service,Mango__Healthy,heavy
1786676617.264,4,predictions_total,heavy,heavy:8003,heavy-service,Mango__Healthy,heavy
1786676622.264,4,predictions_total,heavy,heavy:8003,heavy-service,Mango__Healthy,heavy
1786676627.264,4,predictions_total,heavy,heavy:8003,heavy-service,Mango__Healthy,heavy
1786676632.264,4,predictions_total,heavy,heavy:8003,heavy-service,Mango__Healthy,heavy
1786676637.264,4,predictions_total,heavy,heavy:8003,heavy-service,Mango__Healthy,heavy
1786676642.264,4,predictions_total,heavy,heavy:8003,heavy-service,Mango__Healthy,heavy
1786676647.264,4,predictions_total,heavy,heavy:8003,heavy-service,Mango__Healthy,heavy
1786676652.264,4,predictions_total,heavy,heavy:8003,heavy-service,Mango__Healthy,heavy
1786676657.264,4,predictions_total,heavy,heavy:8003,heavy-service,Mango__Healthy,heavy
1786676662.264,4,predictions_total,heavy,heavy:8003,heavy-service,Mango__Healthy,heavy
1786676667.264,4,predictions_total,heavy,heavy:8003,heavy-service,Mango__Healthy,heavy
1786676672.264,4,predictions_total,heavy,heavy:8003,heavy-service,Mango__Healthy,heavy
1786676677.264,4,predictions_total,heavy,heavy:8003,heavy-service,Mango__Healthy,heavy
1786676682.264,4,predictions_total,heavy,heavy:8003,heavy-service,Mango__Healthy,heavy
1786676687.264,4,predictions_total,heavy,heavy:8003,heavy-service,Mango__Healthy,heavy
1786676692.264,4,predictions_total,heavy,heavy:8003,heavy-service,Mango__Healthy,heavy
1786676697.264,4,predictions_total,heavy,heavy:8003,heavy-service,Mango__Healthy,heavy
1786676702.264,4,predictions_total,heavy,heavy:8003,heavy-service,Mango__Healthy,heavy
1786676707.264,4,predictions_total,heavy,heavy:8003,heavy-service,Mango__Healthy,heavy
1786676712.264,4,predictions_total,heavy,heavy:8003,heavy-service,Mango__Healthy,heavy
1786676717.264,4,predictions_total,heavy,heavy:8003,heavy-service,Mango__Healthy,heavy
1786676722.264,4,predictions_total,heavy,heavy:8003,heavy-service,Mango__Healthy,heavy
1786676727.264,4,predictions_total,heavy,heavy:8003,heavy-service,Mango__Healthy,heavy
1786676732.264,4,predictions_total,heavy,heavy:8003,heavy-service,Mango__Healthy,heavy
1786676737.264,5,predictions_total,heavy,heavy:8003,heavy-service,Mango__Healthy,heavy
1786676742.264,5,predictions_total,heavy,heavy:8003,heavy-service,Mango__Healthy,heavy
1786676747.264,5,predictions_total,heavy,heavy:8003,heavy-service,Mango__Healthy,heavy
1786676752.264,5,predictions_total,heavy,heavy:8003,heavy-service,Mango__Healthy,heavy
1786676757.264,5,predictions_total,heavy,heavy:8003,heavy-service,Mango__Healthy,heavy
1786676762.264,5,predictions_total,heavy,heavy:8003,heavy-service,Mango__Healthy,heavy
1786676767.264,5,predictions_total,heavy,heavy:8003,heavy-service,Mango__Healthy,heavy
1786676772.264,5,predictions_total,heavy,heavy:8003,heavy-service,Mango__Healthy,heavy
1786676777.264,5,predictions_total,heavy,heavy:8003,heavy-service,Mango__Healthy,heavy
1786676782.264,5,predictions_total,heavy,heavy:8003,heavy-service,Mango__Healthy,heavy
1786676787.264,5,predictions_total,heavy,heavy:8003,heavy-service,Mango__Healthy,heavy
1786676792.264,5,predictions_total,heavy,heavy:8003,heavy-service,Mango__Healthy,heavy
1786676797.264,5,predictions_total,heavy,heavy:8003,heavy-service,Mango__Healthy,heavy
1786676802.264,5,predictions_total,heavy,heavy:8003,heavy-service,Mango__Healthy,heavy
1786676807.264,8,predictions_total,heavy,heavy:8003,heavy-service,Mango__Healthy,heavy
1786676812.264,10,predictions_total,heavy,heavy:8003,heavy-service,Mango__Healthy,heavy
1786676817.264,10,predictions_total,heavy,heavy:8003,heavy-service,Mango__Healthy,heavy
1786676822.264,10,predictions_total,heavy,heavy:8003,heavy-service,Mango__Healthy,heavy
1786676827.264,10,predictions_total,heavy,heavy:8003,heavy-service,Mango__Healthy,heavy
1786676832.264,10,predictions_total,heavy,heavy:8003,heavy-service,Mango__Healthy,heavy
1786676837.264,10,predictions_total,heavy,heavy:8003,heavy-service,Mango__Healthy,heavy
1786676842.264,10,predictions_total,heavy,heavy:8003,heavy-service,Mango__Healthy,heavy
1786676847.264,10,predictions_total,heavy,heavy:8003,heavy-service,Mango__Healthy,heavy
1786676852.264,13,predictions_total,heavy,heavy:8003,heavy-service,Mango__Healthy,heavy
1786676857.264,13,predictions_total,heavy,heavy:8003,heavy-service,Mango__Healthy,heavy
1786676862.264,15,predictions_total,heavy,heavy:8003,heavy-service,Mango__Healthy,heavy
1786676867.264,16,predictions_total,heavy,heavy:8003,heavy-service,Mango__Healthy,heavy
1786676872.264,16,predictions_total,heavy,heavy:8003,heavy-service,Mango__Healthy,heavy
1786676877.264,16,predictions_total,heavy,heavy:8003,heavy-service,Mango__Healthy,heavy
1786676882.264,16,predictions_total,heavy,heavy:8003,heavy-service,Mango__Healthy,heavy
1786676887.264,16,predictions_total,heavy,heavy:8003,heavy-service,Mango__Healthy,heavy
1786676892.264,16,predictions_total,heavy,heavy:8003,heavy-service,Mango__Healthy,heavy
1786676897.264,16,predictions_total,heavy,heavy:8003,heavy-service,Mango__Healthy,heavy
1786676902.264,16,predictions_total,heavy,heavy:8003,heavy-service,Mango__Healthy,heavy
1786676907.264,16,predictions_total,heavy,heavy:8003,heavy-service,Mango__Healthy,heavy
1786676912.264,16,predictions_total,heavy,heavy:8003,heavy-service,Mango__Healthy,heavy
1786676917.264,16,predictions_total,heavy,heavy:8003,heavy-service,Mango__Healthy,heavy
1786676922.264,16,predictions_total,heavy,heavy:8003,heavy-service,Mango__Healthy,heavy
1786676927.264,16,predictions_total,heavy,heavy:8003,heavy-service,Mango__Healthy,heavy
1786676932.264,16,predictions_total,heavy,heavy:8003,heavy-service,Mango__Healthy,heavy
1786676937.264,16,predictions_total,heavy,heavy:8003,heavy-service,Mango__Healthy,heavy
1786676942.264,16,predictions_total,heavy,heavy:8003,heavy-service,Mango__Healthy,heavy
1786676947.264,16,predictions_total,heavy,heavy:8003,heavy-service,Mango__Healthy,heavy
1786676952.264,16,predictions_total,heavy,heavy:8003,heavy-service,Mango__Healthy,heavy
1786676957.264,16,predictions_total,heavy,heavy:8003,heavy-service,Mango__Healthy,heavy
1786676962.264,16,predictions_total,heavy,heavy:8003,heavy-service,Mango__Healthy,heavy
1786676967.264,16,predictions_total,heavy,heavy:8003,heavy-service,Mango__Healthy,heavy
1786676972.264,16,predictions_total,heavy,heavy:8003,heavy-service,Mango__Healthy,heavy
1786676977.264,16,predictions_total,heavy,heavy:8003,heavy-service,Mango__Healthy,heavy
1786676982.264,16,predictions_total,heavy,heavy:8003,heavy-service,Mango__Healthy,heavy
1786676987.264,16,predictions_total,heavy,heavy:8003,heavy-service,Mango__Healthy,heavy
1786676992.264,16,predictions_total,heavy,heavy:8003,heavy-service,Mango__Healthy,heavy
1786676997.264,16,predictions_total,heavy,heavy:8003,heavy-service,Mango__Healthy,heavy
1786677002.264,16,predictions_total,heavy,heavy:8003,heavy-service,Mango__Healthy,heavy
1786677007.264,16,predictions_total,heavy,heavy:8003,heavy-service,Mango__Healthy,heavy
1786677012.264,16,predictions_total,heavy,heavy:8003,heavy-service,Mango__Healthy,heavy
1786677017.264,16,predictions_total,heavy,heavy:8003,heavy-service,Mango__Healthy,heavy
1786677022.264,16,predictions_total,heavy,heavy:8003,heavy-service,Mango__Healthy,heavy
1786677027.264,16,predictions_total,heavy,heavy:8003,heavy-service,Mango__Healthy,heavy
1786677032.264,16,predictions_total,heavy,heavy:8003,heavy-service,Mango__Healthy,heavy
1786677037.264,16,predictions_total,heavy,heavy:8003,heavy-service,Mango__Healthy,heavy
1786677042.264,16,predictions_total,heavy,heavy:8003,heavy-service,Mango__Healthy,heavy
1786677047.264,16,predictions_total,heavy,heavy:8003,heavy-service,Mango__Healthy,heavy
1786677052.264,16,predictions_total,heavy,heavy:8003,heavy-service,Mango__Healthy,heavy
1786677057.264,16,predictions_total,heavy,heavy:8003,heavy-service,Mango__Healthy,heavy
1786677062.264,16,predictions_total,heavy,heavy:8003,heavy-service,Mango__Healthy,heavy
1786677067.264,16,predictions_total,heavy,heavy:8003,heavy-service,Mango__Healthy,heavy
1786677072.264,16,predictions_total,heavy,heavy:8003,heavy-service,Mango__Healthy,heavy
1786677077.264,16,predictions_total,heavy,heavy:8003,heavy-service,Mango__Healthy,heavy
1786677082.264,16,predictions_total,heavy,heavy:8003,heavy-service,Mango__Healthy,heavy
1786677087.264,16,predictions_total,heavy,heavy:8003,heavy-service,Mango__Healthy,heavy
1786677092.264,16,predictions_total,heavy,heavy:8003,heavy-service,Mango__Healthy,heavy
1786677097.264,16,predictions_total,heavy,heavy:8003,heavy-service,Mango__Healthy,heavy
1786677102.264,16,predictions_total,heavy,heavy:8003,heavy-service,Mango__Healthy,heavy
1786677107.264,16,predictions_total,heavy,heavy:8003,heavy-service,Mango__Healthy,heavy
1786677112.264,16,predictions_total,heavy,heavy:8003,heavy-service,Mango__Healthy,heavy
1786677117.264,16,predictions_total,heavy,heavy:8003,heavy-service,Mango__Healthy,heavy
1786677122.264,16,predictions_total,heavy,heavy:8003,heavy-service,Mango__Healthy,heavy
1786677127.264,16,predictions_total,heavy,heavy:8003,heavy-service,Mango__Healthy,heavy
1786677132.264,16,predictions_total,heavy,heavy:8003,heavy-service,Mango__Healthy,heavy
1786677137.264,16,predictions_total,heavy,heavy:8003,heavy-service,Mango__Healthy,heavy
1786677142.264,16,predictions_total,heavy,heavy:8003,heavy-service,Mango__Healthy,heavy
1786677147.264,16,predictions_total,heavy,heavy:8003,heavy-service,Mango__Healthy,heavy
1786677152.264,16,predictions_total,heavy,heavy:8003,heavy-service,Mango__Healthy,heavy
1786677157.264,16,predictions_total,heavy,heavy:8003,heavy-service,Mango__Healthy,heavy
1786677162.264,16,predictions_total,heavy,heavy:8003,heavy-service,Mango__Healthy,heavy
1786677167.264,16,predictions_total,heavy,heavy:8003,heavy-service,Mango__Healthy,heavy
1786677172.264,16,predictions_total,heavy,heavy:8003,heavy-service,Mango__Healthy,heavy
1786677177.264,16,predictions_total,heavy,heavy:8003,heavy-service,Mango__Healthy,heavy
1786677182.264,16,predictions_total,heavy,heavy:8003,heavy-service,Mango__Healthy,heavy
1786677187.264,16,predictions_total,heavy,heavy:8003,heavy-service,Mango__Healthy,heavy
1786677192.264,16,predictions_total,heavy,heavy:8003,heavy-service,Mango__Healthy,heavy
1786677197.264,16,predictions_total,heavy,heavy:8003,heavy-service,Mango__Healthy,heavy
1786677202.264,16,predictions_total,heavy,heavy:8003,heavy-service,Mango__Healthy,heavy
1786677207.264,16,predictions_total,heavy,heavy:8003,heavy-service,Mango__Healthy,heavy
1786677212.264,16,predictions_total,heavy,heavy:8003,heavy-service,Mango__Healthy,heavy
1786677217.264,16,predictions_total,heavy,heavy:8003,heavy-service,Mango__Healthy,heavy
1786677222.264,16,predictions_total,heavy,heavy:8003,heavy-service,Mango__Healthy,heavy
1786677227.264,16,predictions_total,heavy,heavy:8003,heavy-service,Mango__Healthy,heavy
1786677232.264,16,predictions_total,heavy,heavy:8003,heavy-service,Mango__Healthy,heavy
1786677237.264,16,predictions_total,heavy,heavy:8003,heavy-service,Mango__Healthy,heavy
1786677242.264,16,predictions_total,heavy,heavy:8003,heavy-service,Mango__Healthy,heavy
1786677247.264,16,predictions_total,heavy,heavy:8003,heavy-service,Mango__Healthy,heavy
1786677252.264,16,predictions_total,heavy,heavy:8003,heavy-service,Mango__Healthy,heavy
1786677257.264,16,predictions_total,heavy,heavy:8003,heavy-service,Mango__Healthy,heavy
1786677262.264,16,predictions_total,heavy,heavy:8003,heavy-service,Mango__Healthy,heavy
1786677267.264,16,predictions_total,heavy,heavy:8003,heavy-service,Mango__Healthy,heavy
1786677272.264,16,predictions_total,heavy,heavy:8003,heavy-service,Mango__Healthy,heavy
1786677277.264,16,predictions_total,heavy,heavy:8003,heavy-service,Mango__Healthy,heavy
1786677282.264,19,predictions_total,heavy,heavy:8003,heavy-service,Mango__Healthy,heavy
1786677287.264,21,predictions_total,heavy,heavy:8003,heavy-service,Mango__Healthy,heavy
1786677292.264,21,predictions_total,heavy,heavy:8003,heavy-service,Mango__Healthy,heavy
1786677297.264,23,predictions_total,heavy,heavy:8003,heavy-service,Mango__Healthy,heavy
1786677302.264,24,predictions_total,heavy,heavy:8003,heavy-service,Mango__Healthy,heavy
1786677307.264,24,predictions_total,heavy,heavy:8003,heavy-service,Mango__Healthy,heavy
1786677312.264,24,predictions_total,heavy,heavy:8003,heavy-service,Mango__Healthy,heavy
1786677317.264,24,predictions_total,heavy,heavy:8003,heavy-service,Mango__Healthy,heavy
1786677322.264,24,predictions_total,heavy,heavy:8003,heavy-service,Mango__Healthy,heavy
1786677327.264,25,predictions_total,heavy,heavy:8003,heavy-service,Mango__Healthy,heavy
1786677332.264,25,predictions_total,heavy,heavy:8003,heavy-service,Mango__Healthy,heavy
1786677337.264,26,predictions_total,heavy,heavy:8003,heavy-service,Mango__Healthy,heavy
1786677342.264,26,predictions_total,heavy,heavy:8003,heavy-service,Mango__Healthy,heavy
1786677347.264,26,predictions_total,heavy,heavy:8003,heavy-service,Mango__Healthy,heavy
1786677352.264,26,predictions_total,heavy,heavy:8003,heavy-service,Mango__Healthy,heavy
1786677357.264,26,predictions_total,heavy,heavy:8003,heavy-service,Mango__Healthy,heavy
1786677362.264,26,predictions_total,heavy,heavy:8003,heavy-service,Mango__Healthy,heavy
1786677367.264,26,predictions_total,heavy,heavy:8003,heavy-service,Mango__Healthy,heavy
1786677372.264,26,predictions_total,heavy,heavy:8003,heavy-service,Mango__Healthy,heavy
1786677377.264,26,predictions_total,heavy,heavy:8003,heavy-service,Mango__Healthy,heavy
1786677382.264,26,predictions_total,heavy,heavy:8003,heavy-service,Mango__Healthy,heavy
1786677387.264,27,predictions_total,heavy,heavy:8003,heavy-service,Mango__Healthy,heavy
1786677392.264,27,predictions_total,heavy,heavy:8003,heavy-service,Mango__Healthy,heavy
1786677397.264,29,predictions_total,heavy,heavy:8003,heavy-service,Mango__Healthy,heavy
1786677402.264,29,predictions_total,heavy,heavy:8003,heavy-service,Mango__Healthy,heavy
1786677407.264,29,predictions_total,heavy,heavy:8003,heavy-service,Mango__Healthy,heavy
1786677412.264,29,predictions_total,heavy,heavy:8003,heavy-service,Mango__Healthy,heavy
1786677417.264,29,predictions_total,heavy,heavy:8003,heavy-service,Mango__Healthy,heavy
1786677422.264,30,predictions_total,heavy,heavy:8003,heavy-service,Mango__Healthy,heavy
1786677427.264,30,predictions_total,heavy,heavy:8003,heavy-service,Mango__Healthy,heavy
1786677432.264,31,predictions_total,heavy,heavy:8003,heavy-service,Mango__Healthy,heavy
1786677437.264,32,predictions_total,heavy,heavy:8003,heavy-service,Mango__Healthy,heavy
1786677442.264,32,predictions_total,heavy,heavy:8003,heavy-service,Mango__Healthy,heavy
1786677447.264,32,predictions_total,heavy,heavy:8003,heavy-service,Mango__Healthy,heavy
1786676397.264,1,predictions_total,heavy,heavy:8003,heavy-service,Mango__Rotten,heavy
1786676402.264,4,predictions_total,heavy,heavy:8003,heavy-service,Mango__Rotten,heavy
1786676407.264,4,predictions_total,heavy,heavy:8003,heavy-service,Mango__Rotten,heavy
1786676412.264,4,predictions_total,heavy,heavy:8003,heavy-service,Mango__Rotten,heavy
1786676417.264,4,predictions_total,heavy,heavy:8003,heavy-service,Mango__Rotten,heavy
1786676422.264,4,predictions_total,heavy,heavy:8003,heavy-service,Mango__Rotten,heavy
1786676427.264,4,predictions_total,heavy,heavy:8003,heavy-service,Mango__Rotten,heavy
1786676432.264,4,predictions_total,heavy,heavy:8003,heavy-service,Mango__Rotten,heavy
1786676437.264,4,predictions_total,heavy,heavy:8003,heavy-service,Mango__Rotten,heavy
1786676442.264,4,predictions_total,heavy,heavy:8003,heavy-service,Mango__Rotten,heavy
1786676447.264,4,predictions_total,heavy,heavy:8003,heavy-service,Mango__Rotten,heavy
1786676452.264,4,predictions_total,heavy,heavy:8003,heavy-service,Mango__Rotten,heavy
1786676457.264,4,predictions_total,heavy,heavy:8003,heavy-service,Mango__Rotten,heavy
1786676462.264,4,predictions_total,heavy,heavy:8003,heavy-service,Mango__Rotten,heavy
1786676467.264,4,predictions_total,heavy,heavy:8003,heavy-service,Mango__Rotten,heavy
1786676472.264,4,predictions_total,heavy,heavy:8003,heavy-service,Mango__Rotten,heavy
1786676477.264,4,predictions_total,heavy,heavy:8003,heavy-service,Mango__Rotten,heavy
1786676482.264,4,predictions_total,heavy,heavy:8003,heavy-service,Mango__Rotten,heavy
1786676487.264,4,predictions_total,heavy,heavy:8003,heavy-service,Mango__Rotten,heavy
1786676492.264,4,predictions_total,heavy,heavy:8003,heavy-service,Mango__Rotten,heavy
1786676497.264,4,predictions_total,heavy,heavy:8003,heavy-service,Mango__Rotten,heavy
1786676502.264,4,predictions_total,heavy,heavy:8003,heavy-service,Mango__Rotten,heavy
1786676507.264,4,predictions_total,heavy,heavy:8003,heavy-service,Mango__Rotten,heavy
1786676512.264,4,predictions_total,heavy,heavy:8003,heavy-service,Mango__Rotten,heavy
1786676517.264,4,predictions_total,heavy,heavy:8003,heavy-service,Mango__Rotten,heavy
1786676522.264,4,predictions_total,heavy,heavy:8003,heavy-service,Mango__Rotten,heavy
1786676527.264,4,predictions_total,heavy,heavy:8003,heavy-service,Mango__Rotten,heavy
1786676532.264,4,predictions_total,heavy,heavy:8003,heavy-service,Mango__Rotten,heavy
1786676537.264,4,predictions_total,heavy,heavy:8003,heavy-service,Mango__Rotten,heavy
1786676542.264,4,predictions_total,heavy,heavy:8003,heavy-service,Mango__Rotten,heavy
1786676547.264,4,predictions_total,heavy,heavy:8003,heavy-service,Mango__Rotten,heavy
1786676552.264,4,predictions_total,heavy,heavy:8003,heavy-service,Mango__Rotten,heavy
1786676557.264,4,predictions_total,heavy,heavy:8003,heavy-service,Mango__Rotten,heavy
1786676562.264,4,predictions_total,heavy,heavy:8003,heavy-service,Mango__Rotten,heavy
1786676567.264,4,predictions_total,heavy,heavy:8003,heavy-service,Mango__Rotten,heavy
1786676572.264,4,predictions_total,heavy,heavy:8003,heavy-service,Mango__Rotten,heavy
1786676577.264,4,predictions_total,heavy,heavy:8003,heavy-service,Mango__Rotten,heavy
1786676582.264,4,predictions_total,heavy,heavy:8003,heavy-service,Mango__Rotten,heavy
1786676587.264,4,predictions_total,heavy,heavy:8003,heavy-service,Mango__Rotten,heavy
1786676592.264,4,predictions_total,heavy,heavy:8003,heavy-service,Mango__Rotten,heavy
1786676597.264,4,predictions_total,heavy,heavy:8003,heavy-service,Mango__Rotten,heavy
1786676602.264,4,predictions_total,heavy,heavy:8003,heavy-service,Mango__Rotten,heavy
1786676607.264,4,predictions_total,heavy,heavy:8003,heavy-service,Mango__Rotten,heavy
1786676612.264,4,predictions_total,heavy,heavy:8003,heavy-service,Mango__Rotten,heavy
1786676617.264,4,predictions_total,heavy,heavy:8003,heavy-service,Mango__Rotten,heavy
1786676622.264,4,predictions_total,heavy,heavy:8003,heavy-service,Mango__Rotten,heavy
1786676627.264,4,predictions_total,heavy,heavy:8003,heavy-service,Mango__Rotten,heavy
1786676632.264,4,predictions_total,heavy,heavy:8003,heavy-service,Mango__Rotten,heavy
1786676637.264,4,predictions_total,heavy,heavy:8003,heavy-service,Mango__Rotten,heavy
1786676642.264,4,predictions_total,heavy,heavy:8003,heavy-service,Mango__Rotten,heavy
1786676647.264,4,predictions_total,heavy,heavy:8003,heavy-service,Mango__Rotten,heavy
1786676652.264,4,predictions_total,heavy,heavy:8003,heavy-service,Mango__Rotten,heavy
1786676657.264,4,predictions_total,heavy,heavy:8003,heavy-service,Mango__Rotten,heavy
1786676662.264,4,predictions_total,heavy,heavy:8003,heavy-service,Mango__Rotten,heavy
1786676667.264,4,predictions_total,heavy,heavy:8003,heavy-service,Mango__Rotten,heavy
1786676672.264,4,predictions_total,heavy,heavy:8003,heavy-service,Mango__Rotten,heavy
1786676677.264,4,predictions_total,heavy,heavy:8003,heavy-service,Mango__Rotten,heavy
1786676682.264,4,predictions_total,heavy,heavy:8003,heavy-service,Mango__Rotten,heavy
1786676687.264,5,predictions_total,heavy,heavy:8003,heavy-service,Mango__Rotten,heavy
1786676692.264,5,predictions_total,heavy,heavy:8003,heavy-service,Mango__Rotten,heavy
1786676697.264,5,predictions_total,heavy,heavy:8003,heavy-service,Mango__Rotten,heavy
1786676702.264,6,predictions_total,heavy,heavy:8003,heavy-service,Mango__Rotten,heavy
1786676707.264,7,predictions_total,heavy,heavy:8003,heavy-service,Mango__Rotten,heavy
1786676712.264,7,predictions_total,heavy,heavy:8003,heavy-service,Mango__Rotten,heavy
1786676717.264,7,predictions_total,heavy,heavy:8003,heavy-service,Mango__Rotten,heavy
1786676722.264,8,predictions_total,heavy,heavy:8003,heavy-service,Mango__Rotten,heavy
1786676727.264,11,predictions_total,heavy,heavy:8003,heavy-service,Mango__Rotten,heavy
1786676732.264,14,predictions_total,heavy,heavy:8003,heavy-service,Mango__Rotten,heavy
1786676737.264,15,predictions_total,heavy,heavy:8003,heavy-service,Mango__Rotten,heavy
1786676742.264,19,predictions_total,heavy,heavy:8003,heavy-service,Mango__Rotten,heavy
1786676747.264,21,predictions_total,heavy,heavy:8003,heavy-service,Mango__Rotten,heavy
1786676752.264,21,predictions_total,heavy,heavy:8003,heavy-service,Mango__Rotten,heavy
1786676757.264,21,predictions_total,heavy,heavy:8003,heavy-service,Mango__Rotten,heavy
1786676762.264,21,predictions_total,heavy,heavy:8003,heavy-service,Mango__Rotten,heavy
1786676767.264,21,predictions_total,heavy,heavy:8003,heavy-service,Mango__Rotten,heavy
1786676772.264,21,predictions_total,heavy,heavy:8003,heavy-service,Mango__Rotten,heavy
1786676777.264,21,predictions_total,heavy,heavy:8003,heavy-service,Mango__Rotten,heavy
1786676782.264,21,predictions_total,heavy,heavy:8003,heavy-service,Mango__Rotten,heavy
1786676787.264,21,predictions_total,heavy,heavy:8003,heavy-service,Mango__Rotten,heavy
1786676792.264,21,predictions_total,heavy,heavy:8003,heavy-service,Mango__Rotten,heavy
1786676797.264,21,predictions_total,heavy,heavy:8003,heavy-service,Mango__Rotten,heavy
1786676802.264,21,predictions_total,heavy,heavy:8003,heavy-service,Mango__Rotten,heavy
1786676807.264,21,predictions_total,heavy,heavy:8003,heavy-service,Mango__Rotten,heavy
1786676812.264,22,predictions_total,heavy,heavy:8003,heavy-service,Mango__Rotten,heavy
1786676817.264,22,predictions_total,heavy,heavy:8003,heavy-service,Mango__Rotten,heavy
1786676822.264,22,predictions_total,heavy,heavy:8003,heavy-service,Mango__Rotten,heavy
1786676827.264,22,predictions_total,heavy,heavy:8003,heavy-service,Mango__Rotten,heavy
1786676832.264,22,predictions_total,heavy,heavy:8003,heavy-service,Mango__Rotten,heavy
1786676837.264,22,predictions_total,heavy,heavy:8003,heavy-service,Mango__Rotten,heavy
1786676842.264,22,predictions_total,heavy,heavy:8003,heavy-service,Mango__Rotten,heavy
1786676847.264,22,predictions_total,heavy,heavy:8003,heavy-service,Mango__Rotten,heavy
1786676852.264,23,predictions_total,heavy,heavy:8003,heavy-service,Mango__Rotten,heavy
1786676857.264,23,predictions_total,heavy,heavy:8003,heavy-service,Mango__Rotten,heavy
1786676862.264,24,predictions_total,heavy,heavy:8003,heavy-service,Mango__Rotten,heavy
1786676867.264,25,predictions_total,heavy,heavy:8003,heavy-service,Mango__Rotten,heavy
1786676872.264,25,predictions_total,heavy,heavy:8003,heavy-service,Mango__Rotten,heavy
1786676877.264,25,predictions_total,heavy,heavy:8003,heavy-service,Mango__Rotten,heavy
1786676882.264,25,predictions_total,heavy,heavy:8003,heavy-service,Mango__Rotten,heavy
1786676887.264,25,predictions_total,heavy,heavy:8003,heavy-service,Mango__Rotten,heavy
1786676892.264,25,predictions_total,heavy,heavy:8003,heavy-service,Mango__Rotten,heavy
1786676897.264,25,predictions_total,heavy,heavy:8003,heavy-service,Mango__Rotten,heavy
1786676902.264,25,predictions_total,heavy,heavy:8003,heavy-service,Mango__Rotten,heavy
1786676907.264,25,predictions_total,heavy,heavy:8003,heavy-service,Mango__Rotten,heavy
1786676912.264,25,predictions_total,heavy,heavy:8003,heavy-service,Mango__Rotten,heavy
1786676917.264,25,predictions_total,heavy,heavy:8003,heavy-service,Mango__Rotten,heavy
1786676922.264,25,predictions_total,heavy,heavy:8003,heavy-service,Mango__Rotten,heavy
1786676927.264,25,predictions_total,heavy,heavy:8003,heavy-service,Mango__Rotten,heavy
1786676932.264,25,predictions_total,heavy,heavy:8003,heavy-service,Mango__Rotten,heavy
1786676937.264,25,predictions_total,heavy,heavy:8003,heavy-service,Mango__Rotten,heavy
1786676942.264,25,predictions_total,heavy,heavy:8003,heavy-service,Mango__Rotten,heavy
1786676947.264,25,predictions_total,heavy,heavy:8003,heavy-service,Mango__Rotten,heavy
1786676952.264,25,predictions_total,heavy,heavy:8003,heavy-service,Mango__Rotten,heavy
1786676957.264,25,predictions_total,heavy,heavy:8003,heavy-service,Mango__Rotten,heavy
1786676962.264,25,predictions_total,heavy,heavy:8003,heavy-service,Mango__Rotten,heavy
1786676967.264,25,predictions_total,heavy,heavy:8003,heavy-service,Mango__Rotten,heavy
1786676972.264,25,predictions_total,heavy,heavy:8003,heavy-service,Mango__Rotten,heavy
1786676977.264,25,predictions_total,heavy,heavy:8003,heavy-service,Mango__Rotten,heavy
1786676982.264,25,predictions_total,heavy,heavy:8003,heavy-service,Mango__Rotten,heavy
1786676987.264,25,predictions_total,heavy,heavy:8003,heavy-service,Mango__Rotten,heavy
1786676992.264,25,predictions_total,heavy,heavy:8003,heavy-service,Mango__Rotten,heavy
1786676997.264,25,predictions_total,heavy,heavy:8003,heavy-service,Mango__Rotten,heavy
1786677002.264,25,predictions_total,heavy,heavy:8003,heavy-service,Mango__Rotten,heavy
1786677007.264,25,predictions_total,heavy,heavy:8003,heavy-service,Mango__Rotten,heavy
1786677012.264,25,predictions_total,heavy,heavy:8003,heavy-service,Mango__Rotten,heavy
1786677017.264,25,predictions_total,heavy,heavy:8003,heavy-service,Mango__Rotten,heavy
1786677022.264,25,predictions_total,heavy,heavy:8003,heavy-service,Mango__Rotten,heavy
1786677027.264,25,predictions_total,heavy,heavy:8003,heavy-service,Mango__Rotten,heavy
1786677032.264,25,predictions_total,heavy,heavy:8003,heavy-service,Mango__Rotten,heavy
1786677037.264,25,predictions_total,heavy,heavy:8003,heavy-service,Mango__Rotten,heavy
1786677042.264,25,predictions_total,heavy,heavy:8003,heavy-service,Mango__Rotten,heavy
1786677047.264,25,predictions_total,heavy,heavy:8003,heavy-service,Mango__Rotten,heavy
1786677052.264,25,predictions_total,heavy,heavy:8003,heavy-service,Mango__Rotten,heavy
1786677057.264,25,predictions_total,heavy,heavy:8003,heavy-service,Mango__Rotten,heavy
1786677062.264,25,predictions_total,heavy,heavy:8003,heavy-service,Mango__Rotten,heavy
1786677067.264,25,predictions_total,heavy,heavy:8003,heavy-service,Mango__Rotten,heavy
1786677072.264,25,predictions_total,heavy,heavy:8003,heavy-service,Mango__Rotten,heavy
1786677077.264,25,predictions_total,heavy,heavy:8003,heavy-service,Mango__Rotten,heavy
1786677082.264,25,predictions_total,heavy,heavy:8003,heavy-service,Mango__Rotten,heavy
1786677087.264,25,predictions_total,heavy,heavy:8003,heavy-service,Mango__Rotten,heavy
1786677092.264,25,predictions_total,heavy,heavy:8003,heavy-service,Mango__Rotten,heavy
1786677097.264,25,predictions_total,heavy,heavy:8003,heavy-service,Mango__Rotten,heavy
1786677102.264,25,predictions_total,heavy,heavy:8003,heavy-service,Mango__Rotten,heavy
1786677107.264,25,predictions_total,heavy,heavy:8003,heavy-service,Mango__Rotten,heavy
1786677112.264,25,predictions_total,heavy,heavy:8003,heavy-service,Mango__Rotten,heavy
1786677117.264,25,predictions_total,heavy,heavy:8003,heavy-service,Mango__Rotten,heavy
1786677122.264,25,predictions_total,heavy,heavy:8003,heavy-service,Mango__Rotten,heavy
1786677127.264,25,predictions_total,heavy,heavy:8003,heavy-service,Mango__Rotten,heavy
1786677132.264,25,predictions_total,heavy,heavy:8003,heavy-service,Mango__Rotten,heavy
1786677137.264,25,predictions_total,heavy,heavy:8003,heavy-service,Mango__Rotten,heavy
1786677142.264,25,predictions_total,heavy,heavy:8003,heavy-service,Mango__Rotten,heavy
1786677147.264,25,predictions_total,heavy,heavy:8003,heavy-service,Mango__Rotten,heavy
1786677152.264,25,predictions_total,heavy,heavy:8003,heavy-service,Mango__Rotten,heavy
1786677157.264,25,predictions_total,heavy,heavy:8003,heavy-service,Mango__Rotten,heavy
1786677162.264,25,predictions_total,heavy,heavy:8003,heavy-service,Mango__Rotten,heavy
1786677167.264,25,predictions_total,heavy,heavy:8003,heavy-service,Mango__Rotten,heavy
1786677172.264,25,predictions_total,heavy,heavy:8003,heavy-service,Mango__Rotten,heavy
1786677177.264,25,predictions_total,heavy,heavy:8003,heavy-service,Mango__Rotten,heavy
1786677182.264,25,predictions_total,heavy,heavy:8003,heavy-service,Mango__Rotten,heavy
1786677187.264,25,predictions_total,heavy,heavy:8003,heavy-service,Mango__Rotten,heavy
1786677192.264,25,predictions_total,heavy,heavy:8003,heavy-service,Mango__Rotten,heavy
1786677197.264,25,predictions_total,heavy,heavy:8003,heavy-service,Mango__Rotten,heavy
1786677202.264,25,predictions_total,heavy,heavy:8003,heavy-service,Mango__Rotten,heavy
1786677207.264,25,predictions_total,heavy,heavy:8003,heavy-service,Mango__Rotten,heavy
1786677212.264,25,predictions_total,heavy,heavy:8003,heavy-service,Mango__Rotten,heavy
1786677217.264,25,predictions_total,heavy,heavy:8003,heavy-service,Mango__Rotten,heavy
1786677222.264,25,predictions_total,heavy,heavy:8003,heavy-service,Mango__Rotten,heavy
1786677227.264,25,predictions_total,heavy,heavy:8003,heavy-service,Mango__Rotten,heavy
1786677232.264,25,predictions_total,heavy,heavy:8003,heavy-service,Mango__Rotten,heavy
1786677237.264,25,predictions_total,heavy,heavy:8003,heavy-service,Mango__Rotten,heavy
1786677242.264,25,predictions_total,heavy,heavy:8003,heavy-service,Mango__Rotten,heavy
1786677247.264,25,predictions_total,heavy,heavy:8003,heavy-service,Mango__Rotten,heavy
1786677252.264,25,predictions_total,heavy,heavy:8003,heavy-service,Mango__Rotten,heavy
1786677257.264,25,predictions_total,heavy,heavy:8003,heavy-service,Mango__Rotten,heavy
1786677262.264,25,predictions_total,heavy,heavy:8003,heavy-service,Mango__Rotten,heavy
1786677267.264,25,predictions_total,heavy,heavy:8003,heavy-service,Mango__Rotten,heavy
1786677272.264,25,predictions_total,heavy,heavy:8003,heavy-service,Mango__Rotten,heavy
1786677277.264,25,predictions_total,heavy,heavy:8003,heavy-service,Mango__Rotten,heavy
1786677282.264,27,predictions_total,heavy,heavy:8003,heavy-service,Mango__Rotten,heavy
1786677287.264,29,predictions_total,heavy,heavy:8003,heavy-service,Mango__Rotten,heavy
1786677292.264,30,predictions_total,heavy,heavy:8003,heavy-service,Mango__Rotten,heavy
1786677297.264,32,predictions_total,heavy,heavy:8003,heavy-service,Mango__Rotten,heavy
1786677302.264,32,predictions_total,heavy,heavy:8003,heavy-service,Mango__Rotten,heavy
1786677307.264,33,predictions_total,heavy,heavy:8003,heavy-service,Mango__Rotten,heavy
1786677312.264,33,predictions_total,heavy,heavy:8003,heavy-service,Mango__Rotten,heavy
1786677317.264,34,predictions_total,heavy,heavy:8003,heavy-service,Mango__Rotten,heavy
1786677322.264,38,predictions_total,heavy,heavy:8003,heavy-service,Mango__Rotten,heavy
1786677327.264,38,predictions_total,heavy,heavy:8003,heavy-service,Mango__Rotten,heavy
1786677332.264,38,predictions_total,heavy,heavy:8003,heavy-service,Mango__Rotten,heavy
1786677337.264,40,predictions_total,heavy,heavy:8003,heavy-service,Mango__Rotten,heavy
1786677342.264,40,predictions_total,heavy,heavy:8003,heavy-service,Mango__Rotten,heavy
1786677347.264,40,predictions_total,heavy,heavy:8003,heavy-service,Mango__Rotten,heavy
1786677352.264,40,predictions_total,heavy,heavy:8003,heavy-service,Mango__Rotten,heavy
1786677357.264,40,predictions_total,heavy,heavy:8003,heavy-service,Mango__Rotten,heavy
1786677362.264,40,predictions_total,heavy,heavy:8003,heavy-service,Mango__Rotten,heavy
1786677367.264,40,predictions_total,heavy,heavy:8003,heavy-service,Mango__Rotten,heavy
1786677372.264,40,predictions_total,heavy,heavy:8003,heavy-service,Mango__Rotten,heavy
1786677377.264,40,predictions_total,heavy,heavy:8003,heavy-service,Mango__Rotten,heavy
1786677382.264,40,predictions_total,heavy,heavy:8003,heavy-service,Mango__Rotten,heavy
1786677387.264,40,predictions_total,heavy,heavy:8003,heavy-service,Mango__Rotten,heavy
1786677392.264,40,predictions_total,heavy,heavy:8003,heavy-service,Mango__Rotten,heavy
1786677397.264,40,predictions_total,heavy,heavy:8003,heavy-service,Mango__Rotten,heavy
1786677402.264,41,predictions_total,heavy,heavy:8003,heavy-service,Mango__Rotten,heavy
1786677407.264,41,predictions_total,heavy,heavy:8003,heavy-service,Mango__Rotten,heavy
1786677412.264,41,predictions_total,heavy,heavy:8003,heavy-service,Mango__Rotten,heavy
1786677417.264,41,predictions_total,heavy,heavy:8003,heavy-service,Mango__Rotten,heavy
1786677422.264,41,predictions_total,heavy,heavy:8003,heavy-service,Mango__Rotten,heavy
1786677427.264,41,predictions_total,heavy,heavy:8003,heavy-service,Mango__Rotten,heavy
1786677432.264,41,predictions_total,heavy,heavy:8003,heavy-service,Mango__Rotten,heavy
1786677437.264,41,predictions_total,heavy,heavy:8003,heavy-service,Mango__Rotten,heavy
1786677442.264,42,predictions_total,heavy,heavy:8003,heavy-service,Mango__Rotten,heavy
1786677447.264,42,predictions_total,heavy,heavy:8003,heavy-service,Mango__Rotten,heavy
1786676342.264,1,predictions_total,heavy,heavy:8003,heavy-service,Orange__Healthy,heavy
1786676347.264,1,predictions_total,heavy,heavy:8003,heavy-service,Orange__Healthy,heavy
1786676352.264,1,predictions_total,heavy,heavy:8003,heavy-service,Orange__Healthy,heavy
1786676357.264,1,predictions_total,heavy,heavy:8003,heavy-service,Orange__Healthy,heavy
1786676362.264,2,predictions_total,heavy,heavy:8003,heavy-service,Orange__Healthy,heavy
1786676367.264,2,predictions_total,heavy,heavy:8003,heavy-service,Orange__Healthy,heavy
1786676372.264,2,predictions_total,heavy,heavy:8003,heavy-service,Orange__Healthy,heavy
1786676377.264,2,predictions_total,heavy,heavy:8003,heavy-service,Orange__Healthy,heavy
1786676382.264,4,predictions_total,heavy,heavy:8003,heavy-service,Orange__Healthy,heavy
1786676387.264,4,predictions_total,heavy,heavy:8003,heavy-service,Orange__Healthy,heavy
1786676392.264,4,predictions_total,heavy,heavy:8003,heavy-service,Orange__Healthy,heavy
1786676397.264,4,predictions_total,heavy,heavy:8003,heavy-service,Orange__Healthy,heavy
1786676402.264,6,predictions_total,heavy,heavy:8003,heavy-service,Orange__Healthy,heavy
1786676407.264,6,predictions_total,heavy,heavy:8003,heavy-service,Orange__Healthy,heavy
1786676412.264,6,predictions_total,heavy,heavy:8003,heavy-service,Orange__Healthy,heavy
1786676417.264,6,predictions_total,heavy,heavy:8003,heavy-service,Orange__Healthy,heavy
1786676422.264,6,predictions_total,heavy,heavy:8003,heavy-service,Orange__Healthy,heavy
1786676427.264,6,predictions_total,heavy,heavy:8003,heavy-service,Orange__Healthy,heavy
1786676432.264,6,predictions_total,heavy,heavy:8003,heavy-service,Orange__Healthy,heavy
1786676437.264,6,predictions_total,heavy,heavy:8003,heavy-service,Orange__Healthy,heavy
1786676442.264,6,predictions_total,heavy,heavy:8003,heavy-service,Orange__Healthy,heavy
1786676447.264,6,predictions_total,heavy,heavy:8003,heavy-service,Orange__Healthy,heavy
1786676452.264,6,predictions_total,heavy,heavy:8003,heavy-service,Orange__Healthy,heavy
1786676457.264,6,predictions_total,heavy,heavy:8003,heavy-service,Orange__Healthy,heavy
1786676462.264,6,predictions_total,heavy,heavy:8003,heavy-service,Orange__Healthy,heavy
1786676467.264,6,predictions_total,heavy,heavy:8003,heavy-service,Orange__Healthy,heavy
1786676472.264,6,predictions_total,heavy,heavy:8003,heavy-service,Orange__Healthy,heavy
1786676477.264,6,predictions_total,heavy,heavy:8003,heavy-service,Orange__Healthy,heavy
1786676482.264,6,predictions_total,heavy,heavy:8003,heavy-service,Orange__Healthy,heavy
1786676487.264,6,predictions_total,heavy,heavy:8003,heavy-service,Orange__Healthy,heavy
1786676492.264,6,predictions_total,heavy,heavy:8003,heavy-service,Orange__Healthy,heavy
1786676497.264,6,predictions_total,heavy,heavy:8003,heavy-service,Orange__Healthy,heavy
1786676502.264,6,predictions_total,heavy,heavy:8003,heavy-service,Orange__Healthy,heavy
1786676507.264,6,predictions_total,heavy,heavy:8003,heavy-service,Orange__Healthy,heavy
1786676512.264,6,predictions_total,heavy,heavy:8003,heavy-service,Orange__Healthy,heavy
1786676517.264,6,predictions_total,heavy,heavy:8003,heavy-service,Orange__Healthy,heavy
1786676522.264,6,predictions_total,heavy,heavy:8003,heavy-service,Orange__Healthy,heavy
1786676527.264,6,predictions_total,heavy,heavy:8003,heavy-service,Orange__Healthy,heavy
1786676532.264,6,predictions_total,heavy,heavy:8003,heavy-service,Orange__Healthy,heavy
1786676537.264,6,predictions_total,heavy,heavy:8003,heavy-service,Orange__Healthy,heavy
1786676542.264,6,predictions_total,heavy,heavy:8003,heavy-service,Orange__Healthy,heavy
1786676547.264,6,predictions_total,heavy,heavy:8003,heavy-service,Orange__Healthy,heavy
1786676552.264,6,predictions_total,heavy,heavy:8003,heavy-service,Orange__Healthy,heavy
1786676557.264,6,predictions_total,heavy,heavy:8003,heavy-service,Orange__Healthy,heavy
1786676562.264,6,predictions_total,heavy,heavy:8003,heavy-service,Orange__Healthy,heavy
1786676567.264,6,predictions_total,heavy,heavy:8003,heavy-service,Orange__Healthy,heavy
1786676572.264,6,predictions_total,heavy,heavy:8003,heavy-service,Orange__Healthy,heavy
1786676577.264,6,predictions_total,heavy,heavy:8003,heavy-service,Orange__Healthy,heavy
1786676582.264,6,predictions_total,heavy,heavy:8003,heavy-service,Orange__Healthy,heavy
1786676587.264,6,predictions_total,heavy,heavy:8003,heavy-service,Orange__Healthy,heavy
1786676592.264,6,predictions_total,heavy,heavy:8003,heavy-service,Orange__Healthy,heavy
1786676597.264,6,predictions_total,heavy,heavy:8003,heavy-service,Orange__Healthy,heavy
1786676602.264,6,predictions_total,heavy,heavy:8003,heavy-service,Orange__Healthy,heavy
1786676607.264,6,predictions_total,heavy,heavy:8003,heavy-service,Orange__Healthy,heavy
1786676612.264,6,predictions_total,heavy,heavy:8003,heavy-service,Orange__Healthy,heavy
1786676617.264,6,predictions_total,heavy,heavy:8003,heavy-service,Orange__Healthy,heavy
1786676622.264,6,predictions_total,heavy,heavy:8003,heavy-service,Orange__Healthy,heavy
1786676627.264,6,predictions_total,heavy,heavy:8003,heavy-service,Orange__Healthy,heavy
1786676632.264,6,predictions_total,heavy,heavy:8003,heavy-service,Orange__Healthy,heavy
1786676637.264,6,predictions_total,heavy,heavy:8003,heavy-service,Orange__Healthy,heavy
1786676642.264,6,predictions_total,heavy,heavy:8003,heavy-service,Orange__Healthy,heavy
1786676647.264,6,predictions_total,heavy,heavy:8003,heavy-service,Orange__Healthy,heavy
1786676652.264,6,predictions_total,heavy,heavy:8003,heavy-service,Orange__Healthy,heavy
1786676657.264,6,predictions_total,heavy,heavy:8003,heavy-service,Orange__Healthy,heavy
1786676662.264,6,predictions_total,heavy,heavy:8003,heavy-service,Orange__Healthy,heavy
1786676667.264,6,predictions_total,heavy,heavy:8003,heavy-service,Orange__Healthy,heavy
1786676672.264,6,predictions_total,heavy,heavy:8003,heavy-service,Orange__Healthy,heavy
1786676677.264,6,predictions_total,heavy,heavy:8003,heavy-service,Orange__Healthy,heavy
1786676682.264,6,predictions_total,heavy,heavy:8003,heavy-service,Orange__Healthy,heavy
1786676687.264,7,predictions_total,heavy,heavy:8003,heavy-service,Orange__Healthy,heavy
1786676692.264,7,predictions_total,heavy,heavy:8003,heavy-service,Orange__Healthy,heavy
1786676697.264,7,predictions_total,heavy,heavy:8003,heavy-service,Orange__Healthy,heavy
1786676702.264,7,predictions_total,heavy,heavy:8003,heavy-service,Orange__Healthy,heavy
1786676707.264,7,predictions_total,heavy,heavy:8003,heavy-service,Orange__Healthy,heavy
1786676712.264,7,predictions_total,heavy,heavy:8003,heavy-service,Orange__Healthy,heavy
1786676717.264,7,predictions_total,heavy,heavy:8003,heavy-service,Orange__Healthy,heavy
1786676722.264,7,predictions_total,heavy,heavy:8003,heavy-service,Orange__Healthy,heavy
1786676727.264,8,predictions_total,heavy,heavy:8003,heavy-service,Orange__Healthy,heavy
1786676732.264,9,predictions_total,heavy,heavy:8003,heavy-service,Orange__Healthy,heavy
1786676737.264,9,predictions_total,heavy,heavy:8003,heavy-service,Orange__Healthy,heavy
1786676742.264,9,predictions_total,heavy,heavy:8003,heavy-service,Orange__Healthy,heavy
1786676747.264,10,predictions_total,heavy,heavy:8003,heavy-service,Orange__Healthy,heavy
1786676752.264,10,predictions_total,heavy,heavy:8003,heavy-service,Orange__Healthy,heavy
1786676757.264,10,predictions_total,heavy,heavy:8003,heavy-service,Orange__Healthy,heavy
1786676762.264,10,predictions_total,heavy,heavy:8003,heavy-service,Orange__Healthy,heavy
1786676767.264,10,predictions_total,heavy,heavy:8003,heavy-service,Orange__Healthy,heavy
1786676772.264,10,predictions_total,heavy,heavy:8003,heavy-service,Orange__Healthy,heavy
1786676777.264,10,predictions_total,heavy,heavy:8003,heavy-service,Orange__Healthy,heavy
1786676782.264,10,predictions_total,heavy,heavy:8003,heavy-service,Orange__Healthy,heavy
1786676787.264,10,predictions_total,heavy,heavy:8003,heavy-service,Orange__Healthy,heavy
1786676792.264,10,predictions_total,heavy,heavy:8003,heavy-service,Orange__Healthy,heavy
1786676797.264,10,predictions_total,heavy,heavy:8003,heavy-service,Orange__Healthy,heavy
1786676802.264,10,predictions_total,heavy,heavy:8003,heavy-service,Orange__Healthy,heavy
1786676807.264,10,predictions_total,heavy,heavy:8003,heavy-service,Orange__Healthy,heavy
1786676812.264,10,predictions_total,heavy,heavy:8003,heavy-service,Orange__Healthy,heavy
1786676817.264,10,predictions_total,heavy,heavy:8003,heavy-service,Orange__Healthy,heavy
1786676822.264,10,predictions_total,heavy,heavy:8003,heavy-service,Orange__Healthy,heavy
1786676827.264,10,predictions_total,heavy,heavy:8003,heavy-service,Orange__Healthy,heavy
1786676832.264,11,predictions_total,heavy,heavy:8003,heavy-service,Orange__Healthy,heavy
1786676837.264,11,predictions_total,heavy,heavy:8003,heavy-service,Orange__Healthy,heavy
1786676842.264,11,predictions_total,heavy,heavy:8003,heavy-service,Orange__Healthy,heavy
1786676847.264,11,predictions_total,heavy,heavy:8003,heavy-service,Orange__Healthy,heavy
1786676852.264,11,predictions_total,heavy,heavy:8003,heavy-service,Orange__Healthy,heavy
1786676857.264,12,predictions_total,heavy,heavy:8003,heavy-service,Orange__Healthy,heavy
1786676862.264,15,predictions_total,heavy,heavy:8003,heavy-service,Orange__Healthy,heavy
1786676867.264,16,predictions_total,heavy,heavy:8003,heavy-service,Orange__Healthy,heavy
1786676872.264,16,predictions_total,heavy,heavy:8003,heavy-service,Orange__Healthy,heavy
1786676877.264,16,predictions_total,heavy,heavy:8003,heavy-service,Orange__Healthy,heavy
1786676882.264,16,predictions_total,heavy,heavy:8003,heavy-service,Orange__Healthy,heavy
1786676887.264,16,predictions_total,heavy,heavy:8003,heavy-service,Orange__Healthy,heavy
1786676892.264,16,predictions_total,heavy,heavy:8003,heavy-service,Orange__Healthy,heavy
1786676897.264,16,predictions_total,heavy,heavy:8003,heavy-service,Orange__Healthy,heavy
1786676902.264,16,predictions_total,heavy,heavy:8003,heavy-service,Orange__Healthy,heavy
1786676907.264,16,predictions_total,heavy,heavy:8003,heavy-service,Orange__Healthy,heavy
1786676912.264,16,predictions_total,heavy,heavy:8003,heavy-service,Orange__Healthy,heavy
1786676917.264,16,predictions_total,heavy,heavy:8003,heavy-service,Orange__Healthy,heavy
1786676922.264,16,predictions_total,heavy,heavy:8003,heavy-service,Orange__Healthy,heavy
1786676927.264,16,predictions_total,heavy,heavy:8003,heavy-service,Orange__Healthy,heavy
1786676932.264,16,predictions_total,heavy,heavy:8003,heavy-service,Orange__Healthy,heavy
1786676937.264,16,predictions_total,heavy,heavy:8003,heavy-service,Orange__Healthy,heavy
1786676942.264,16,predictions_total,heavy,heavy:8003,heavy-service,Orange__Healthy,heavy
1786676947.264,16,predictions_total,heavy,heavy:8003,heavy-service,Orange__Healthy,heavy
1786676952.264,16,predictions_total,heavy,heavy:8003,heavy-service,Orange__Healthy,heavy
1786676957.264,16,predictions_total,heavy,heavy:8003,heavy-service,Orange__Healthy,heavy
1786676962.264,16,predictions_total,heavy,heavy:8003,heavy-service,Orange__Healthy,heavy
1786676967.264,16,predictions_total,heavy,heavy:8003,heavy-service,Orange__Healthy,heavy
1786676972.264,16,predictions_total,heavy,heavy:8003,heavy-service,Orange__Healthy,heavy
1786676977.264,16,predictions_total,heavy,heavy:8003,heavy-service,Orange__Healthy,heavy
1786676982.264,16,predictions_total,heavy,heavy:8003,heavy-service,Orange__Healthy,heavy
1786676987.264,16,predictions_total,heavy,heavy:8003,heavy-service,Orange__Healthy,heavy
1786676992.264,16,predictions_total,heavy,heavy:8003,heavy-service,Orange__Healthy,heavy
1786676997.264,16,predictions_total,heavy,heavy:8003,heavy-service,Orange__Healthy,heavy
1786677002.264,16,predictions_total,heavy,heavy:8003,heavy-service,Orange__Healthy,heavy
1786677007.264,16,predictions_total,heavy,heavy:8003,heavy-service,Orange__Healthy,heavy
1786677012.264,16,predictions_total,heavy,heavy:8003,heavy-service,Orange__Healthy,heavy
1786677017.264,16,predictions_total,heavy,heavy:8003,heavy-service,Orange__Healthy,heavy
1786677022.264,16,predictions_total,heavy,heavy:8003,heavy-service,Orange__Healthy,heavy
1786677027.264,16,predictions_total,heavy,heavy:8003,heavy-service,Orange__Healthy,heavy
1786677032.264,16,predictions_total,heavy,heavy:8003,heavy-service,Orange__Healthy,heavy
1786677037.264,16,predictions_total,heavy,heavy:8003,heavy-service,Orange__Healthy,heavy
1786677042.264,16,predictions_total,heavy,heavy:8003,heavy-service,Orange__Healthy,heavy
1786677047.264,16,predictions_total,heavy,heavy:8003,heavy-service,Orange__Healthy,heavy
1786677052.264,16,predictions_total,heavy,heavy:8003,heavy-service,Orange__Healthy,heavy
1786677057.264,16,predictions_total,heavy,heavy:8003,heavy-service,Orange__Healthy,heavy
1786677062.264,16,predictions_total,heavy,heavy:8003,heavy-service,Orange__Healthy,heavy
1786677067.264,16,predictions_total,heavy,heavy:8003,heavy-service,Orange__Healthy,heavy
1786677072.264,16,predictions_total,heavy,heavy:8003,heavy-service,Orange__Healthy,heavy
1786677077.264,16,predictions_total,heavy,heavy:8003,heavy-service,Orange__Healthy,heavy
1786677082.264,16,predictions_total,heavy,heavy:8003,heavy-service,Orange__Healthy,heavy
1786677087.264,16,predictions_total,heavy,heavy:8003,heavy-service,Orange__Healthy,heavy
1786677092.264,16,predictions_total,heavy,heavy:8003,heavy-service,Orange__Healthy,heavy
1786677097.264,16,predictions_total,heavy,heavy:8003,heavy-service,Orange__Healthy,heavy
1786677102.264,16,predictions_total,heavy,heavy:8003,heavy-service,Orange__Healthy,heavy
1786677107.264,16,predictions_total,heavy,heavy:8003,heavy-service,Orange__Healthy,heavy
1786677112.264,16,predictions_total,heavy,heavy:8003,heavy-service,Orange__Healthy,heavy
1786677117.264,16,predictions_total,heavy,heavy:8003,heavy-service,Orange__Healthy,heavy
1786677122.264,16,predictions_total,heavy,heavy:8003,heavy-service,Orange__Healthy,heavy
1786677127.264,16,predictions_total,heavy,heavy:8003,heavy-service,Orange__Healthy,heavy
1786677132.264,16,predictions_total,heavy,heavy:8003,heavy-service,Orange__Healthy,heavy
1786677137.264,16,predictions_total,heavy,heavy:8003,heavy-service,Orange__Healthy,heavy
1786677142.264,16,predictions_total,heavy,heavy:8003,heavy-service,Orange__Healthy,heavy
1786677147.264,16,predictions_total,heavy,heavy:8003,heavy-service,Orange__Healthy,heavy
1786677152.264,16,predictions_total,heavy,heavy:8003,heavy-service,Orange__Healthy,heavy
1786677157.264,16,predictions_total,heavy,heavy:8003,heavy-service,Orange__Healthy,heavy
1786677162.264,16,predictions_total,heavy,heavy:8003,heavy-service,Orange__Healthy,heavy
1786677167.264,16,predictions_total,heavy,heavy:8003,heavy-service,Orange__Healthy,heavy
1786677172.264,16,predictions_total,heavy,heavy:8003,heavy-service,Orange__Healthy,heavy
1786677177.264,16,predictions_total,heavy,heavy:8003,heavy-service,Orange__Healthy,heavy
1786677182.264,16,predictions_total,heavy,heavy:8003,heavy-service,Orange__Healthy,heavy
1786677187.264,16,predictions_total,heavy,heavy:8003,heavy-service,Orange__Healthy,heavy
1786677192.264,16,predictions_total,heavy,heavy:8003,heavy-service,Orange__Healthy,heavy
1786677197.264,16,predictions_total,heavy,heavy:8003,heavy-service,Orange__Healthy,heavy
1786677202.264,16,predictions_total,heavy,heavy:8003,heavy-service,Orange__Healthy,heavy
1786677207.264,16,predictions_total,heavy,heavy:8003,heavy-service,Orange__Healthy,heavy
1786677212.264,16,predictions_total,heavy,heavy:8003,heavy-service,Orange__Healthy,heavy
1786677217.264,16,predictions_total,heavy,heavy:8003,heavy-service,Orange__Healthy,heavy
1786677222.264,16,predictions_total,heavy,heavy:8003,heavy-service,Orange__Healthy,heavy
1786677227.264,16,predictions_total,heavy,heavy:8003,heavy-service,Orange__Healthy,heavy
1786677232.264,16,predictions_total,heavy,heavy:8003,heavy-service,Orange__Healthy,heavy
1786677237.264,16,predictions_total,heavy,heavy:8003,heavy-service,Orange__Healthy,heavy
1786677242.264,16,predictions_total,heavy,heavy:8003,heavy-service,Orange__Healthy,heavy
1786677247.264,16,predictions_total,heavy,heavy:8003,heavy-service,Orange__Healthy,heavy
1786677252.264,16,predictions_total,heavy,heavy:8003,heavy-service,Orange__Healthy,heavy
1786677257.264,16,predictions_total,heavy,heavy:8003,heavy-service,Orange__Healthy,heavy
1786677262.264,16,predictions_total,heavy,heavy:8003,heavy-service,Orange__Healthy,heavy
1786677267.264,16,predictions_total,heavy,heavy:8003,heavy-service,Orange__Healthy,heavy
1786677272.264,16,predictions_total,heavy,heavy:8003,heavy-service,Orange__Healthy,heavy
1786677277.264,16,predictions_total,heavy,heavy:8003,heavy-service,Orange__Healthy,heavy
1786677282.264,16,predictions_total,heavy,heavy:8003,heavy-service,Orange__Healthy,heavy
1786677287.264,17,predictions_total,heavy,heavy:8003,heavy-service,Orange__Healthy,heavy
1786677292.264,17,predictions_total,heavy,heavy:8003,heavy-service,Orange__Healthy,heavy
1786677297.264,19,predictions_total,heavy,heavy:8003,heavy-service,Orange__Healthy,heavy
1786677302.264,21,predictions_total,heavy,heavy:8003,heavy-service,Orange__Healthy,heavy
1786677307.264,22,predictions_total,heavy,heavy:8003,heavy-service,Orange__Healthy,heavy
1786677312.264,22,predictions_total,heavy,heavy:8003,heavy-service,Orange__Healthy,heavy
1786677317.264,22,predictions_total,heavy,heavy:8003,heavy-service,Orange__Healthy,heavy
1786677322.264,23,predictions_total,heavy,heavy:8003,heavy-service,Orange__Healthy,heavy
1786677327.264,23,predictions_total,heavy,heavy:8003,heavy-service,Orange__Healthy,heavy
1786677332.264,25,predictions_total,heavy,heavy:8003,heavy-service,Orange__Healthy,heavy
1786677337.264,27,predictions_total,heavy,heavy:8003,heavy-service,Orange__Healthy,heavy
1786677342.264,28,predictions_total,heavy,heavy:8003,heavy-service,Orange__Healthy,heavy
1786677347.264,28,predictions_total,heavy,heavy:8003,heavy-service,Orange__Healthy,heavy
1786677352.264,28,predictions_total,heavy,heavy:8003,heavy-service,Orange__Healthy,heavy
1786677357.264,28,predictions_total,heavy,heavy:8003,heavy-service,Orange__Healthy,heavy
1786677362.264,28,predictions_total,heavy,heavy:8003,heavy-service,Orange__Healthy,heavy
1786677367.264,28,predictions_total,heavy,heavy:8003,heavy-service,Orange__Healthy,heavy
1786677372.264,28,predictions_total,heavy,heavy:8003,heavy-service,Orange__Healthy,heavy
1786677377.264,28,predictions_total,heavy,heavy:8003,heavy-service,Orange__Healthy,heavy
1786677382.264,28,predictions_total,heavy,heavy:8003,heavy-service,Orange__Healthy,heavy
1786677387.264,29,predictions_total,heavy,heavy:8003,heavy-service,Orange__Healthy,heavy
1786677392.264,29,predictions_total,heavy,heavy:8003,heavy-service,Orange__Healthy,heavy
1786677397.264,30,predictions_total,heavy,heavy:8003,heavy-service,Orange__Healthy,heavy
1786677402.264,30,predictions_total,heavy,heavy:8003,heavy-service,Orange__Healthy,heavy
1786677407.264,30,predictions_total,heavy,heavy:8003,heavy-service,Orange__Healthy,heavy
1786677412.264,31,predictions_total,heavy,heavy:8003,heavy-service,Orange__Healthy,heavy
1786677417.264,31,predictions_total,heavy,heavy:8003,heavy-service,Orange__Healthy,heavy
1786677422.264,33,predictions_total,heavy,heavy:8003,heavy-service,Orange__Healthy,heavy
1786677427.264,33,predictions_total,heavy,heavy:8003,heavy-service,Orange__Healthy,heavy
1786677432.264,34,predictions_total,heavy,heavy:8003,heavy-service,Orange__Healthy,heavy
1786677437.264,34,predictions_total,heavy,heavy:8003,heavy-service,Orange__Healthy,heavy
1786677442.264,36,predictions_total,heavy,heavy:8003,heavy-service,Orange__Healthy,heavy
1786677447.264,36,predictions_total,heavy,heavy:8003,heavy-service,Orange__Healthy,heavy
1786676342.264,1,predictions_total,heavy,heavy:8003,heavy-service,Orange__Rotten,heavy
1786676347.264,1,predictions_total,heavy,heavy:8003,heavy-service,Orange__Rotten,heavy
1786676352.264,2,predictions_total,heavy,heavy:8003,heavy-service,Orange__Rotten,heavy
1786676357.264,3,predictions_total,heavy,heavy:8003,heavy-service,Orange__Rotten,heavy
1786676362.264,3,predictions_total,heavy,heavy:8003,heavy-service,Orange__Rotten,heavy
1786676367.264,6,predictions_total,heavy,heavy:8003,heavy-service,Orange__Rotten,heavy
1786676372.264,6,predictions_total,heavy,heavy:8003,heavy-service,Orange__Rotten,heavy
1786676377.264,6,predictions_total,heavy,heavy:8003,heavy-service,Orange__Rotten,heavy
1786676382.264,9,predictions_total,heavy,heavy:8003,heavy-service,Orange__Rotten,heavy
1786676387.264,12,predictions_total,heavy,heavy:8003,heavy-service,Orange__Rotten,heavy
1786676392.264,14,predictions_total,heavy,heavy:8003,heavy-service,Orange__Rotten,heavy
1786676397.264,16,predictions_total,heavy,heavy:8003,heavy-service,Orange__Rotten,heavy
1786676402.264,21,predictions_total,heavy,heavy:8003,heavy-service,Orange__Rotten,heavy
1786676407.264,21,predictions_total,heavy,heavy:8003,heavy-service,Orange__Rotten,heavy
1786676412.264,21,predictions_total,heavy,heavy:8003,heavy-service,Orange__Rotten,heavy
1786676417.264,21,predictions_total,heavy,heavy:8003,heavy-service,Orange__Rotten,heavy
1786676422.264,21,predictions_total,heavy,heavy:8003,heavy-service,Orange__Rotten,heavy
1786676427.264,21,predictions_total,heavy,heavy:8003,heavy-service,Orange__Rotten,heavy
1786676432.264,21,predictions_total,heavy,heavy:8003,heavy-service,Orange__Rotten,heavy
1786676437.264,21,predictions_total,heavy,heavy:8003,heavy-service,Orange__Rotten,heavy
1786676442.264,21,predictions_total,heavy,heavy:8003,heavy-service,Orange__Rotten,heavy
1786676447.264,21,predictions_total,heavy,heavy:8003,heavy-service,Orange__Rotten,heavy
1786676452.264,21,predictions_total,heavy,heavy:8003,heavy-service,Orange__Rotten,heavy
1786676457.264,21,predictions_total,heavy,heavy:8003,heavy-service,Orange__Rotten,heavy
1786676462.264,21,predictions_total,heavy,heavy:8003,heavy-service,Orange__Rotten,heavy
1786676467.264,21,predictions_total,heavy,heavy:8003,heavy-service,Orange__Rotten,heavy
1786676472.264,21,predictions_total,heavy,heavy:8003,heavy-service,Orange__Rotten,heavy
1786676477.264,21,predictions_total,heavy,heavy:8003,heavy-service,Orange__Rotten,heavy
1786676482.264,21,predictions_total,heavy,heavy:8003,heavy-service,Orange__Rotten,heavy
1786676487.264,21,predictions_total,heavy,heavy:8003,heavy-service,Orange__Rotten,heavy
1786676492.264,21,predictions_total,heavy,heavy:8003,heavy-service,Orange__Rotten,heavy
1786676497.264,21,predictions_total,heavy,heavy:8003,heavy-service,Orange__Rotten,heavy
1786676502.264,21,predictions_total,heavy,heavy:8003,heavy-service,Orange__Rotten,heavy
1786676507.264,21,predictions_total,heavy,heavy:8003,heavy-service,Orange__Rotten,heavy
1786676512.264,21,predictions_total,heavy,heavy:8003,heavy-service,Orange__Rotten,heavy
1786676517.264,21,predictions_total,heavy,heavy:8003,heavy-service,Orange__Rotten,heavy
1786676522.264,21,predictions_total,heavy,heavy:8003,heavy-service,Orange__Rotten,heavy
1786676527.264,21,predictions_total,heavy,heavy:8003,heavy-service,Orange__Rotten,heavy
1786676532.264,21,predictions_total,heavy,heavy:8003,heavy-service,Orange__Rotten,heavy
1786676537.264,21,predictions_total,heavy,heavy:8003,heavy-service,Orange__Rotten,heavy
1786676542.264,21,predictions_total,heavy,heavy:8003,heavy-service,Orange__Rotten,heavy
1786676547.264,21,predictions_total,heavy,heavy:8003,heavy-service,Orange__Rotten,heavy
1786676552.264,21,predictions_total,heavy,heavy:8003,heavy-service,Orange__Rotten,heavy
1786676557.264,21,predictions_total,heavy,heavy:8003,heavy-service,Orange__Rotten,heavy
1786676562.264,21,predictions_total,heavy,heavy:8003,heavy-service,Orange__Rotten,heavy
1786676567.264,21,predictions_total,heavy,heavy:8003,heavy-service,Orange__Rotten,heavy
1786676572.264,21,predictions_total,heavy,heavy:8003,heavy-service,Orange__Rotten,heavy
1786676577.264,21,predictions_total,heavy,heavy:8003,heavy-service,Orange__Rotten,heavy
1786676582.264,21,predictions_total,heavy,heavy:8003,heavy-service,Orange__Rotten,heavy
1786676587.264,21,predictions_total,heavy,heavy:8003,heavy-service,Orange__Rotten,heavy
1786676592.264,21,predictions_total,heavy,heavy:8003,heavy-service,Orange__Rotten,heavy
1786676597.264,21,predictions_total,heavy,heavy:8003,heavy-service,Orange__Rotten,heavy
1786676602.264,21,predictions_total,heavy,heavy:8003,heavy-service,Orange__Rotten,heavy
1786676607.264,21,predictions_total,heavy,heavy:8003,heavy-service,Orange__Rotten,heavy
1786676612.264,21,predictions_total,heavy,heavy:8003,heavy-service,Orange__Rotten,heavy
1786676617.264,21,predictions_total,heavy,heavy:8003,heavy-service,Orange__Rotten,heavy
1786676622.264,21,predictions_total,heavy,heavy:8003,heavy-service,Orange__Rotten,heavy
1786676627.264,21,predictions_total,heavy,heavy:8003,heavy-service,Orange__Rotten,heavy
1786676632.264,21,predictions_total,heavy,heavy:8003,heavy-service,Orange__Rotten,heavy
1786676637.264,21,predictions_total,heavy,heavy:8003,heavy-service,Orange__Rotten,heavy
1786676642.264,21,predictions_total,heavy,heavy:8003,heavy-service,Orange__Rotten,heavy
1786676647.264,21,predictions_total,heavy,heavy:8003,heavy-service,Orange__Rotten,heavy
1786676652.264,21,predictions_total,heavy,heavy:8003,heavy-service,Orange__Rotten,heavy
1786676657.264,21,predictions_total,heavy,heavy:8003,heavy-service,Orange__Rotten,heavy
1786676662.264,21,predictions_total,heavy,heavy:8003,heavy-service,Orange__Rotten,heavy
1786676667.264,21,predictions_total,heavy,heavy:8003,heavy-service,Orange__Rotten,heavy
1786676672.264,21,predictions_total,heavy,heavy:8003,heavy-service,Orange__Rotten,heavy
1786676677.264,21,predictions_total,heavy,heavy:8003,heavy-service,Orange__Rotten,heavy
1786676682.264,21,predictions_total,heavy,heavy:8003,heavy-service,Orange__Rotten,heavy
1786676687.264,23,predictions_total,heavy,heavy:8003,heavy-service,Orange__Rotten,heavy
1786676692.264,23,predictions_total,heavy,heavy:8003,heavy-service,Orange__Rotten,heavy
1786676697.264,23,predictions_total,heavy,heavy:8003,heavy-service,Orange__Rotten,heavy
1786676702.264,23,predictions_total,heavy,heavy:8003,heavy-service,Orange__Rotten,heavy
1786676707.264,23,predictions_total,heavy,heavy:8003,heavy-service,Orange__Rotten,heavy
1786676712.264,23,predictions_total,heavy,heavy:8003,heavy-service,Orange__Rotten,heavy
1786676717.264,23,predictions_total,heavy,heavy:8003,heavy-service,Orange__Rotten,heavy
1786676722.264,25,predictions_total,heavy,heavy:8003,heavy-service,Orange__Rotten,heavy
1786676727.264,26,predictions_total,heavy,heavy:8003,heavy-service,Orange__Rotten,heavy
1786676732.264,27,predictions_total,heavy,heavy:8003,heavy-service,Orange__Rotten,heavy
1786676737.264,28,predictions_total,heavy,heavy:8003,heavy-service,Orange__Rotten,heavy
1786676742.264,31,predictions_total,heavy,heavy:8003,heavy-service,Orange__Rotten,heavy
1786676747.264,31,predictions_total,heavy,heavy:8003,heavy-service,Orange__Rotten,heavy
1786676752.264,31,predictions_total,heavy,heavy:8003,heavy-service,Orange__Rotten,heavy
1786676757.264,31,predictions_total,heavy,heavy:8003,heavy-service,Orange__Rotten,heavy
1786676762.264,31,predictions_total,heavy,heavy:8003,heavy-service,Orange__Rotten,heavy
1786676767.264,31,predictions_total,heavy,heavy:8003,heavy-service,Orange__Rotten,heavy
1786676772.264,31,predictions_total,heavy,heavy:8003,heavy-service,Orange__Rotten,heavy
1786676777.264,31,predictions_total,heavy,heavy:8003,heavy-service,Orange__Rotten,heavy
1786676782.264,31,predictions_total,heavy,heavy:8003,heavy-service,Orange__Rotten,heavy
1786676787.264,31,predictions_total,heavy,heavy:8003,heavy-service,Orange__Rotten,heavy
1786676792.264,31,predictions_total,heavy,heavy:8003,heavy-service,Orange__Rotten,heavy
1786676797.264,31,predictions_total,heavy,heavy:8003,heavy-service,Orange__Rotten,heavy
1786676802.264,31,predictions_total,heavy,heavy:8003,heavy-service,Orange__Rotten,heavy
1786676807.264,35,predictions_total,heavy,heavy:8003,heavy-service,Orange__Rotten,heavy
1786676812.264,36,predictions_total,heavy,heavy:8003,heavy-service,Orange__Rotten,heavy
1786676817.264,37,predictions_total,heavy,heavy:8003,heavy-service,Orange__Rotten,heavy
1786676822.264,37,predictions_total,heavy,heavy:8003,heavy-service,Orange__Rotten,heavy
1786676827.264,37,predictions_total,heavy,heavy:8003,heavy-service,Orange__Rotten,heavy
1786676832.264,37,predictions_total,heavy,heavy:8003,heavy-service,Orange__Rotten,heavy
1786676837.264,37,predictions_total,heavy,heavy:8003,heavy-service,Orange__Rotten,heavy
1786676842.264,38,predictions_total,heavy,heavy:8003,heavy-service,Orange__Rotten,heavy
1786676847.264,38,predictions_total,heavy,heavy:8003,heavy-service,Orange__Rotten,heavy
1786676852.264,39,predictions_total,heavy,heavy:8003,heavy-service,Orange__Rotten,heavy
1786676857.264,44,predictions_total,heavy,heavy:8003,heavy-service,Orange__Rotten,heavy
1786676862.264,46,predictions_total,heavy,heavy:8003,heavy-service,Orange__Rotten,heavy
1786676867.264,50,predictions_total,heavy,heavy:8003,heavy-service,Orange__Rotten,heavy
1786676872.264,50,predictions_total,heavy,heavy:8003,heavy-service,Orange__Rotten,heavy
1786676877.264,50,predictions_total,heavy,heavy:8003,heavy-service,Orange__Rotten,heavy
1786676882.264,50,predictions_total,heavy,heavy:8003,heavy-service,Orange__Rotten,heavy
1786676887.264,50,predictions_total,heavy,heavy:8003,heavy-service,Orange__Rotten,heavy
1786676892.264,50,predictions_total,heavy,heavy:8003,heavy-service,Orange__Rotten,heavy
1786676897.264,50,predictions_total,heavy,heavy:8003,heavy-service,Orange__Rotten,heavy
1786676902.264,50,predictions_total,heavy,heavy:8003,heavy-service,Orange__Rotten,heavy
1786676907.264,50,predictions_total,heavy,heavy:8003,heavy-service,Orange__Rotten,heavy
1786676912.264,50,predictions_total,heavy,heavy:8003,heavy-service,Orange__Rotten,heavy
1786676917.264,50,predictions_total,heavy,heavy:8003,heavy-service,Orange__Rotten,heavy
1786676922.264,50,predictions_total,heavy,heavy:8003,heavy-service,Orange__Rotten,heavy
1786676927.264,50,predictions_total,heavy,heavy:8003,heavy-service,Orange__Rotten,heavy
1786676932.264,50,predictions_total,heavy,heavy:8003,heavy-service,Orange__Rotten,heavy
1786676937.264,50,predictions_total,heavy,heavy:8003,heavy-service,Orange__Rotten,heavy
1786676942.264,50,predictions_total,heavy,heavy:8003,heavy-service,Orange__Rotten,heavy
1786676947.264,50,predictions_total,heavy,heavy:8003,heavy-service,Orange__Rotten,heavy
1786676952.264,50,predictions_total,heavy,heavy:8003,heavy-service,Orange__Rotten,heavy
1786676957.264,50,predictions_total,heavy,heavy:8003,heavy-service,Orange__Rotten,heavy
1786676962.264,50,predictions_total,heavy,heavy:8003,heavy-service,Orange__Rotten,heavy
1786676967.264,50,predictions_total,heavy,heavy:8003,heavy-service,Orange__Rotten,heavy
1786676972.264,50,predictions_total,heavy,heavy:8003,heavy-service,Orange__Rotten,heavy
1786676977.264,50,predictions_total,heavy,heavy:8003,heavy-service,Orange__Rotten,heavy
1786676982.264,50,predictions_total,heavy,heavy:8003,heavy-service,Orange__Rotten,heavy
1786676987.264,50,predictions_total,heavy,heavy:8003,heavy-service,Orange__Rotten,heavy
1786676992.264,50,predictions_total,heavy,heavy:8003,heavy-service,Orange__Rotten,heavy
1786676997.264,50,predictions_total,heavy,heavy:8003,heavy-service,Orange__Rotten,heavy
1786677002.264,50,predictions_total,heavy,heavy:8003,heavy-service,Orange__Rotten,heavy
1786677007.264,50,predictions_total,heavy,heavy:8003,heavy-service,Orange__Rotten,heavy
1786677012.264,50,predictions_total,heavy,heavy:8003,heavy-service,Orange__Rotten,heavy
1786677017.264,50,predictions_total,heavy,heavy:8003,heavy-service,Orange__Rotten,heavy
1786677022.264,50,predictions_total,heavy,heavy:8003,heavy-service,Orange__Rotten,heavy
1786677027.264,50,predictions_total,heavy,heavy:8003,heavy-service,Orange__Rotten,heavy
1786677032.264,50,predictions_total,heavy,heavy:8003,heavy-service,Orange__Rotten,heavy
1786677037.264,50,predictions_total,heavy,heavy:8003,heavy-service,Orange__Rotten,heavy
1786677042.264,50,predictions_total,heavy,heavy:8003,heavy-service,Orange__Rotten,heavy
1786677047.264,50,predictions_total,heavy,heavy:8003,heavy-service,Orange__Rotten,heavy
1786677052.264,50,predictions_total,heavy,heavy:8003,heavy-service,Orange__Rotten,heavy
1786677057.264,50,predictions_total,heavy,heavy:8003,heavy-service,Orange__Rotten,heavy
1786677062.264,50,predictions_total,heavy,heavy:8003,heavy-service,Orange__Rotten,heavy
1786677067.264,50,predictions_total,heavy,heavy:8003,heavy-service,Orange__Rotten,heavy
1786677072.264,50,predictions_total,heavy,heavy:8003,heavy-service,Orange__Rotten,heavy
1786677077.264,50,predictions_total,heavy,heavy:8003,heavy-service,Orange__Rotten,heavy
1786677082.264,50,predictions_total,heavy,heavy:8003,heavy-service,Orange__Rotten,heavy
1786677087.264,50,predictions_total,heavy,heavy:8003,heavy-service,Orange__Rotten,heavy
1786677092.264,50,predictions_total,heavy,heavy:8003,heavy-service,Orange__Rotten,heavy
1786677097.264,50,predictions_total,heavy,heavy:8003,heavy-service,Orange__Rotten,heavy
1786677102.264,50,predictions_total,heavy,heavy:8003,heavy-service,Orange__Rotten,heavy
1786677107.264,50,predictions_total,heavy,heavy:8003,heavy-service,Orange__Rotten,heavy
1786677112.264,50,predictions_total,heavy,heavy:8003,heavy-service,Orange__Rotten,heavy
1786677117.264,50,predictions_total,heavy,heavy:8003,heavy-service,Orange__Rotten,heavy
1786677122.264,50,predictions_total,heavy,heavy:8003,heavy-service,Orange__Rotten,heavy
1786677127.264,50,predictions_total,heavy,heavy:8003,heavy-service,Orange__Rotten,heavy
1786677132.264,50,predictions_total,heavy,heavy:8003,heavy-service,Orange__Rotten,heavy
1786677137.264,50,predictions_total,heavy,heavy:8003,heavy-service,Orange__Rotten,heavy
1786677142.264,50,predictions_total,heavy,heavy:8003,heavy-service,Orange__Rotten,heavy
1786677147.264,50,predictions_total,heavy,heavy:8003,heavy-service,Orange__Rotten,heavy
1786677152.264,50,predictions_total,heavy,heavy:8003,heavy-service,Orange__Rotten,heavy
1786677157.264,50,predictions_total,heavy,heavy:8003,heavy-service,Orange__Rotten,heavy
1786677162.264,50,predictions_total,heavy,heavy:8003,heavy-service,Orange__Rotten,heavy
1786677167.264,50,predictions_total,heavy,heavy:8003,heavy-service,Orange__Rotten,heavy
1786677172.264,50,predictions_total,heavy,heavy:8003,heavy-service,Orange__Rotten,heavy
1786677177.264,50,predictions_total,heavy,heavy:8003,heavy-service,Orange__Rotten,heavy
1786677182.264,50,predictions_total,heavy,heavy:8003,heavy-service,Orange__Rotten,heavy
1786677187.264,50,predictions_total,heavy,heavy:8003,heavy-service,Orange__Rotten,heavy
1786677192.264,50,predictions_total,heavy,heavy:8003,heavy-service,Orange__Rotten,heavy
1786677197.264,50,predictions_total,heavy,heavy:8003,heavy-service,Orange__Rotten,heavy
1786677202.264,50,predictions_total,heavy,heavy:8003,heavy-service,Orange__Rotten,heavy
1786677207.264,50,predictions_total,heavy,heavy:8003,heavy-service,Orange__Rotten,heavy
1786677212.264,50,predictions_total,heavy,heavy:8003,heavy-service,Orange__Rotten,heavy
1786677217.264,50,predictions_total,heavy,heavy:8003,heavy-service,Orange__Rotten,heavy
1786677222.264,50,predictions_total,heavy,heavy:8003,heavy-service,Orange__Rotten,heavy
1786677227.264,50,predictions_total,heavy,heavy:8003,heavy-service,Orange__Rotten,heavy
1786677232.264,50,predictions_total,heavy,heavy:8003,heavy-service,Orange__Rotten,heavy
1786677237.264,50,predictions_total,heavy,heavy:8003,heavy-service,Orange__Rotten,heavy
1786677242.264,50,predictions_total,heavy,heavy:8003,heavy-service,Orange__Rotten,heavy
1786677247.264,50,predictions_total,heavy,heavy:8003,heavy-service,Orange__Rotten,heavy
1786677252.264,50,predictions_total,heavy,heavy:8003,heavy-service,Orange__Rotten,heavy
1786677257.264,50,predictions_total,heavy,heavy:8003,heavy-service,Orange__Rotten,heavy
1786677262.264,50,predictions_total,heavy,heavy:8003,heavy-service,Orange__Rotten,heavy
1786677267.264,50,predictions_total,heavy,heavy:8003,heavy-service,Orange__Rotten,heavy
1786677272.264,50,predictions_total,heavy,heavy:8003,heavy-service,Orange__Rotten,heavy
1786677277.264,50,predictions_total,heavy,heavy:8003,heavy-service,Orange__Rotten,heavy
1786677282.264,51,predictions_total,heavy,heavy:8003,heavy-service,Orange__Rotten,heavy
1786677287.264,53,predictions_total,heavy,heavy:8003,heavy-service,Orange__Rotten,heavy
1786677292.264,53,predictions_total,heavy,heavy:8003,heavy-service,Orange__Rotten,heavy
1786677297.264,54,predictions_total,heavy,heavy:8003,heavy-service,Orange__Rotten,heavy
1786677302.264,55,predictions_total,heavy,heavy:8003,heavy-service,Orange__Rotten,heavy
1786677307.264,56,predictions_total,heavy,heavy:8003,heavy-service,Orange__Rotten,heavy
1786677312.264,56,predictions_total,heavy,heavy:8003,heavy-service,Orange__Rotten,heavy
1786677317.264,56,predictions_total,heavy,heavy:8003,heavy-service,Orange__Rotten,heavy
1786677322.264,57,predictions_total,heavy,heavy:8003,heavy-service,Orange__Rotten,heavy
1786677327.264,57,predictions_total,heavy,heavy:8003,heavy-service,Orange__Rotten,heavy
1786677332.264,60,predictions_total,heavy,heavy:8003,heavy-service,Orange__Rotten,heavy
1786677337.264,63,predictions_total,heavy,heavy:8003,heavy-service,Orange__Rotten,heavy
1786677342.264,64,predictions_total,heavy,heavy:8003,heavy-service,Orange__Rotten,heavy
1786677347.264,64,predictions_total,heavy,heavy:8003,heavy-service,Orange__Rotten,heavy
1786677352.264,64,predictions_total,heavy,heavy:8003,heavy-service,Orange__Rotten,heavy
1786677357.264,64,predictions_total,heavy,heavy:8003,heavy-service,Orange__Rotten,heavy
1786677362.264,64,predictions_total,heavy,heavy:8003,heavy-service,Orange__Rotten,heavy
1786677367.264,64,predictions_total,heavy,heavy:8003,heavy-service,Orange__Rotten,heavy
1786677372.264,64,predictions_total,heavy,heavy:8003,heavy-service,Orange__Rotten,heavy
1786677377.264,64,predictions_total,heavy,heavy:8003,heavy-service,Orange__Rotten,heavy
1786677382.264,66,predictions_total,heavy,heavy:8003,heavy-service,Orange__Rotten,heavy
1786677387.264,68,predictions_total,heavy,heavy:8003,heavy-service,Orange__Rotten,heavy
1786677392.264,71,predictions_total,heavy,heavy:8003,heavy-service,Orange__Rotten,heavy
1786677397.264,74,predictions_total,heavy,heavy:8003,heavy-service,Orange__Rotten,heavy
1786677402.264,75,predictions_total,heavy,heavy:8003,heavy-service,Orange__Rotten,heavy
1786677407.264,75,predictions_total,heavy,heavy:8003,heavy-service,Orange__Rotten,heavy
1786677412.264,75,predictions_total,heavy,heavy:8003,heavy-service,Orange__Rotten,heavy
1786677417.264,75,predictions_total,heavy,heavy:8003,heavy-service,Orange__Rotten,heavy
1786677422.264,78,predictions_total,heavy,heavy:8003,heavy-service,Orange__Rotten,heavy
1786677427.264,80,predictions_total,heavy,heavy:8003,heavy-service,Orange__Rotten,heavy
1786677432.264,85,predictions_total,heavy,heavy:8003,heavy-service,Orange__Rotten,heavy
1786677437.264,87,predictions_total,heavy,heavy:8003,heavy-service,Orange__Rotten,heavy
1786677442.264,91,predictions_total,heavy,heavy:8003,heavy-service,Orange__Rotten,heavy
1786677447.264,91,predictions_total,heavy,heavy:8003,heavy-service,Orange__Rotten,heavy
1786676347.264,1,predictions_total,heavy,heavy:8003,heavy-service,Pomegranate__Healthy,heavy
1786676352.264,1,predictions_total,heavy,heavy:8003,heavy-service,Pomegranate__Healthy,heavy
1786676357.264,1,predictions_total,heavy,heavy:8003,heavy-service,Pomegranate__Healthy,heavy
1786676362.264,1,predictions_total,heavy,heavy:8003,heavy-service,Pomegranate__Healthy,heavy
1786676367.264,1,predictions_total,heavy,heavy:8003,heavy-service,Pomegranate__Healthy,heavy
1786676372.264,1,predictions_total,heavy,heavy:8003,heavy-service,Pomegranate__Healthy,heavy
1786676377.264,1,predictions_total,heavy,heavy:8003,heavy-service,Pomegranate__Healthy,heavy
1786676382.264,1,predictions_total,heavy,heavy:8003,heavy-service,Pomegranate__Healthy,heavy
1786676387.264,2,predictions_total,heavy,heavy:8003,heavy-service,Pomegranate__Healthy,heavy
1786676392.264,2,predictions_total,heavy,heavy:8003,heavy-service,Pomegranate__Healthy,heavy
1786676397.264,2,predictions_total,heavy,heavy:8003,heavy-service,Pomegranate__Healthy,heavy
1786676402.264,3,predictions_total,heavy,heavy:8003,heavy-service,Pomegranate__Healthy,heavy
1786676407.264,3,predictions_total,heavy,heavy:8003,heavy-service,Pomegranate__Healthy,heavy
1786676412.264,3,predictions_total,heavy,heavy:8003,heavy-service,Pomegranate__Healthy,heavy
1786676417.264,3,predictions_total,heavy,heavy:8003,heavy-service,Pomegranate__Healthy,heavy
1786676422.264,3,predictions_total,heavy,heavy:8003,heavy-service,Pomegranate__Healthy,heavy
1786676427.264,3,predictions_total,heavy,heavy:8003,heavy-service,Pomegranate__Healthy,heavy
1786676432.264,3,predictions_total,heavy,heavy:8003,heavy-service,Pomegranate__Healthy,heavy
1786676437.264,3,predictions_total,heavy,heavy:8003,heavy-service,Pomegranate__Healthy,heavy
1786676442.264,3,predictions_total,heavy,heavy:8003,heavy-service,Pomegranate__Healthy,heavy
1786676447.264,3,predictions_total,heavy,heavy:8003,heavy-service,Pomegranate__Healthy,heavy
1786676452.264,3,predictions_total,heavy,heavy:8003,heavy-service,Pomegranate__Healthy,heavy
1786676457.264,3,predictions_total,heavy,heavy:8003,heavy-service,Pomegranate__Healthy,heavy
1786676462.264,3,predictions_total,heavy,heavy:8003,heavy-service,Pomegranate__Healthy,heavy
1786676467.264,3,predictions_total,heavy,heavy:8003,heavy-service,Pomegranate__Healthy,heavy
1786676472.264,3,predictions_total,heavy,heavy:8003,heavy-service,Pomegranate__Healthy,heavy
1786676477.264,3,predictions_total,heavy,heavy:8003,heavy-service,Pomegranate__Healthy,heavy
1786676482.264,3,predictions_total,heavy,heavy:8003,heavy-service,Pomegranate__Healthy,heavy
1786676487.264,3,predictions_total,heavy,heavy:8003,heavy-service,Pomegranate__Healthy,heavy
1786676492.264,3,predictions_total,heavy,heavy:8003,heavy-service,Pomegranate__Healthy,heavy
1786676497.264,3,predictions_total,heavy,heavy:8003,heavy-service,Pomegranate__Healthy,heavy
1786676502.264,3,predictions_total,heavy,heavy:8003,heavy-service,Pomegranate__Healthy,heavy
1786676507.264,3,predictions_total,heavy,heavy:8003,heavy-service,Pomegranate__Healthy,heavy
1786676512.264,3,predictions_total,heavy,heavy:8003,heavy-service,Pomegranate__Healthy,heavy
1786676517.264,3,predictions_total,heavy,heavy:8003,heavy-service,Pomegranate__Healthy,heavy
1786676522.264,3,predictions_total,heavy,heavy:8003,heavy-service,Pomegranate__Healthy,heavy
1786676527.264,3,predictions_total,heavy,heavy:8003,heavy-service,Pomegranate__Healthy,heavy
1786676532.264,3,predictions_total,heavy,heavy:8003,heavy-service,Pomegranate__Healthy,heavy
1786676537.264,3,predictions_total,heavy,heavy:8003,heavy-service,Pomegranate__Healthy,heavy
1786676542.264,3,predictions_total,heavy,heavy:8003,heavy-service,Pomegranate__Healthy,heavy
1786676547.264,3,predictions_total,heavy,heavy:8003,heavy-service,Pomegranate__Healthy,heavy
1786676552.264,3,predictions_total,heavy,heavy:8003,heavy-service,Pomegranate__Healthy,heavy
1786676557.264,3,predictions_total,heavy,heavy:8003,heavy-service,Pomegranate__Healthy,heavy
1786676562.264,3,predictions_total,heavy,heavy:8003,heavy-service,Pomegranate__Healthy,heavy
1786676567.264,3,predictions_total,heavy,heavy:8003,heavy-service,Pomegranate__Healthy,heavy
1786676572.264,3,predictions_total,heavy,heavy:8003,heavy-service,Pomegranate__Healthy,heavy
1786676577.264,3,predictions_total,heavy,heavy:8003,heavy-service,Pomegranate__Healthy,heavy
1786676582.264,3,predictions_total,heavy,heavy:8003,heavy-service,Pomegranate__Healthy,heavy
1786676587.264,3,predictions_total,heavy,heavy:8003,heavy-service,Pomegranate__Healthy,heavy
1786676592.264,3,predictions_total,heavy,heavy:8003,heavy-service,Pomegranate__Healthy,heavy
1786676597.264,3,predictions_total,heavy,heavy:8003,heavy-service,Pomegranate__Healthy,heavy
1786676602.264,3,predictions_total,heavy,heavy:8003,heavy-service,Pomegranate__Healthy,heavy
1786676607.264,3,predictions_total,heavy,heavy:8003,heavy-service,Pomegranate__Healthy,heavy
1786676612.264,3,predictions_total,heavy,heavy:8003,heavy-service,Pomegranate__Healthy,heavy
1786676617.264,3,predictions_total,heavy,heavy:8003,heavy-service,Pomegranate__Healthy,heavy
1786676622.264,3,predictions_total,heavy,heavy:8003,heavy-service,Pomegranate__Healthy,heavy
1786676627.264,3,predictions_total,heavy,heavy:8003,heavy-service,Pomegranate__Healthy,heavy
1786676632.264,3,predictions_total,heavy,heavy:8003,heavy-service,Pomegranate__Healthy,heavy
1786676637.264,3,predictions_total,heavy,heavy:8003,heavy-service,Pomegranate__Healthy,heavy
1786676642.264,3,predictions_total,heavy,heavy:8003,heavy-service,Pomegranate__Healthy,heavy
1786676647.264,3,predictions_total,heavy,heavy:8003,heavy-service,Pomegranate__Healthy,heavy
1786676652.264,3,predictions_total,heavy,heavy:8003,heavy-service,Pomegranate__Healthy,heavy
1786676657.264,3,predictions_total,heavy,heavy:8003,heavy-service,Pomegranate__Healthy,heavy
1786676662.264,3,predictions_total,heavy,heavy:8003,heavy-service,Pomegranate__Healthy,heavy
1786676667.264,3,predictions_total,heavy,heavy:8003,heavy-service,Pomegranate__Healthy,heavy
1786676672.264,3,predictions_total,heavy,heavy:8003,heavy-service,Pomegranate__Healthy,heavy
1786676677.264,3,predictions_total,heavy,heavy:8003,heavy-service,Pomegranate__Healthy,heavy
1786676682.264,3,predictions_total,heavy,heavy:8003,heavy-service,Pomegranate__Healthy,heavy
1786676687.264,3,predictions_total,heavy,heavy:8003,heavy-service,Pomegranate__Healthy,heavy
1786676692.264,4,predictions_total,heavy,heavy:8003,heavy-service,Pomegranate__Healthy,heavy
1786676697.264,4,predictions_total,heavy,heavy:8003,heavy-service,Pomegranate__Healthy,heavy
1786676702.264,6,predictions_total,heavy,heavy:8003,heavy-service,Pomegranate__Healthy,heavy
1786676707.264,6,predictions_total,heavy,heavy:8003,heavy-service,Pomegranate__Healthy,heavy
1786676712.264,6,predictions_total,heavy,heavy:8003,heavy-service,Pomegranate__Healthy,heavy
1786676717.264,6,predictions_total,heavy,heavy:8003,heavy-service,Pomegranate__Healthy,heavy
1786676722.264,6,predictions_total,heavy,heavy:8003,heavy-service,Pomegranate__Healthy,heavy
1786676727.264,6,predictions_total,heavy,heavy:8003,heavy-service,Pomegranate__Healthy,heavy
1786676732.264,7,predictions_total,heavy,heavy:8003,heavy-service,Pomegranate__Healthy,heavy
1786676737.264,8,predictions_total,heavy,heavy:8003,heavy-service,Pomegranate__Healthy,heavy
1786676742.264,9,predictions_total,heavy,heavy:8003,heavy-service,Pomegranate__Healthy,heavy
1786676747.264,10,predictions_total,heavy,heavy:8003,heavy-service,Pomegranate__Healthy,heavy
1786676752.264,10,predictions_total,heavy,heavy:8003,heavy-service,Pomegranate__Healthy,heavy
1786676757.264,10,predictions_total,heavy,heavy:8003,heavy-service,Pomegranate__Healthy,heavy
1786676762.264,10,predictions_total,heavy,heavy:8003,heavy-service,Pomegranate__Healthy,heavy
1786676767.264,10,predictions_total,heavy,heavy:8003,heavy-service,Pomegranate__Healthy,heavy
1786676772.264,10,predictions_total,heavy,heavy:8003,heavy-service,Pomegranate__Healthy,heavy
1786676777.264,10,predictions_total,heavy,heavy:8003,heavy-service,Pomegranate__Healthy,heavy
1786676782.264,10,predictions_total,heavy,heavy:8003,heavy-service,Pomegranate__Healthy,heavy
1786676787.264,10,predictions_total,heavy,heavy:8003,heavy-service,Pomegranate__Healthy,heavy
1786676792.264,10,predictions_total,heavy,heavy:8003,heavy-service,Pomegranate__Healthy,heavy
1786676797.264,10,predictions_total,heavy,heavy:8003,heavy-service,Pomegranate__Healthy,heavy
1786676802.264,10,predictions_total,heavy,heavy:8003,heavy-service,Pomegranate__Healthy,heavy
1786676807.264,10,predictions_total,heavy,heavy:8003,heavy-service,Pomegranate__Healthy,heavy
1786676812.264,10,predictions_total,heavy,heavy:8003,heavy-service,Pomegranate__Healthy,heavy
1786676817.264,11,predictions_total,heavy,heavy:8003,heavy-service,Pomegranate__Healthy,heavy
1786676822.264,11,predictions_total,heavy,heavy:8003,heavy-service,Pomegranate__Healthy,heavy
1786676827.264,11,predictions_total,heavy,heavy:8003,heavy-service,Pomegranate__Healthy,heavy
1786676832.264,11,predictions_total,heavy,heavy:8003,heavy-service,Pomegranate__Healthy,heavy
1786676837.264,11,predictions_total,heavy,heavy:8003,heavy-service,Pomegranate__Healthy,heavy
1786676842.264,11,predictions_total,heavy,heavy:8003,heavy-service,Pomegranate__Healthy,heavy
1786676847.264,11,predictions_total,heavy,heavy:8003,heavy-service,Pomegranate__Healthy,heavy
1786676852.264,12,predictions_total,heavy,heavy:8003,heavy-service,Pomegranate__Healthy,heavy
1786676857.264,13,predictions_total,heavy,heavy:8003,heavy-service,Pomegranate__Healthy,heavy
1786676862.264,13,predictions_total,heavy,heavy:8003,heavy-service,Pomegranate__Healthy,heavy
1786676867.264,14,predictions_total,heavy,heavy:8003,heavy-service,Pomegranate__Healthy,heavy
1786676872.264,14,predictions_total,heavy,heavy:8003,heavy-service,Pomegranate__Healthy,heavy
1786676877.264,14,predictions_total,heavy,heavy:8003,heavy-service,Pomegranate__Healthy,heavy
1786676882.264,14,predictions_total,heavy,heavy:8003,heavy-service,Pomegranate__Healthy,heavy
1786676887.264,14,predictions_total,heavy,heavy:8003,heavy-service,Pomegranate__Healthy,heavy
1786676892.264,14,predictions_total,heavy,heavy:8003,heavy-service,Pomegranate__Healthy,heavy
1786676897.264,14,predictions_total,heavy,heavy:8003,heavy-service,Pomegranate__Healthy,heavy
1786676902.264,14,predictions_total,heavy,heavy:8003,heavy-service,Pomegranate__Healthy,heavy
1786676907.264,14,predictions_total,heavy,heavy:8003,heavy-service,Pomegranate__Healthy,heavy
1786676912.264,14,predictions_total,heavy,heavy:8003,heavy-service,Pomegranate__Healthy,heavy
1786676917.264,14,predictions_total,heavy,heavy:8003,heavy-service,Pomegranate__Healthy,heavy
1786676922.264,14,predictions_total,heavy,heavy:8003,heavy-service,Pomegranate__Healthy,heavy
1786676927.264,14,predictions_total,heavy,heavy:8003,heavy-service,Pomegranate__Healthy,heavy
1786676932.264,14,predictions_total,heavy,heavy:8003,heavy-service,Pomegranate__Healthy,heavy
1786676937.264,14,predictions_total,heavy,heavy:8003,heavy-service,Pomegranate__Healthy,heavy
1786676942.264,14,predictions_total,heavy,heavy:8003,heavy-service,Pomegranate__Healthy,heavy
1786676947.264,14,predictions_total,heavy,heavy:8003,heavy-service,Pomegranate__Healthy,heavy
1786676952.264,14,predictions_total,heavy,heavy:8003,heavy-service,Pomegranate__Healthy,heavy
1786676957.264,14,predictions_total,heavy,heavy:8003,heavy-service,Pomegranate__Healthy,heavy
1786676962.264,14,predictions_total,heavy,heavy:8003,heavy-service,Pomegranate__Healthy,heavy
1786676967.264,14,predictions_total,heavy,heavy:8003,heavy-service,Pomegranate__Healthy,heavy
1786676972.264,14,predictions_total,heavy,heavy:8003,heavy-service,Pomegranate__Healthy,heavy
1786676977.264,14,predictions_total,heavy,heavy:8003,heavy-service,Pomegranate__Healthy,heavy
1786676982.264,14,predictions_total,heavy,heavy:8003,heavy-service,Pomegranate__Healthy,heavy
1786676987.264,14,predictions_total,heavy,heavy:8003,heavy-service,Pomegranate__Healthy,heavy
1786676992.264,14,predictions_total,heavy,heavy:8003,heavy-service,Pomegranate__Healthy,heavy
1786676997.264,14,predictions_total,heavy,heavy:8003,heavy-service,Pomegranate__Healthy,heavy
1786677002.264,14,predictions_total,heavy,heavy:8003,heavy-service,Pomegranate__Healthy,heavy
1786677007.264,14,predictions_total,heavy,heavy:8003,heavy-service,Pomegranate__Healthy,heavy
1786677012.264,14,predictions_total,heavy,heavy:8003,heavy-service,Pomegranate__Healthy,heavy
1786677017.264,14,predictions_total,heavy,heavy:8003,heavy-service,Pomegranate__Healthy,heavy
1786677022.264,14,predictions_total,heavy,heavy:8003,heavy-service,Pomegranate__Healthy,heavy
1786677027.264,14,predictions_total,heavy,heavy:8003,heavy-service,Pomegranate__Healthy,heavy
1786677032.264,14,predictions_total,heavy,heavy:8003,heavy-service,Pomegranate__Healthy,heavy
1786677037.264,14,predictions_total,heavy,heavy:8003,heavy-service,Pomegranate__Healthy,heavy
1786677042.264,14,predictions_total,heavy,heavy:8003,heavy-service,Pomegranate__Healthy,heavy
1786677047.264,14,predictions_total,heavy,heavy:8003,heavy-service,Pomegranate__Healthy,heavy
1786677052.264,14,predictions_total,heavy,heavy:8003,heavy-service,Pomegranate__Healthy,heavy
1786677057.264,14,predictions_total,heavy,heavy:8003,heavy-service,Pomegranate__Healthy,heavy
1786677062.264,14,predictions_total,heavy,heavy:8003,heavy-service,Pomegranate__Healthy,heavy
1786677067.264,14,predictions_total,heavy,heavy:8003,heavy-service,Pomegranate__Healthy,heavy
1786677072.264,14,predictions_total,heavy,heavy:8003,heavy-service,Pomegranate__Healthy,heavy
1786677077.264,14,predictions_total,heavy,heavy:8003,heavy-service,Pomegranate__Healthy,heavy
1786677082.264,14,predictions_total,heavy,heavy:8003,heavy-service,Pomegranate__Healthy,heavy
1786677087.264,14,predictions_total,heavy,heavy:8003,heavy-service,Pomegranate__Healthy,heavy
1786677092.264,14,predictions_total,heavy,heavy:8003,heavy-service,Pomegranate__Healthy,heavy
1786677097.264,14,predictions_total,heavy,heavy:8003,heavy-service,Pomegranate__Healthy,heavy
1786677102.264,14,predictions_total,heavy,heavy:8003,heavy-service,Pomegranate__Healthy,heavy
1786677107.264,14,predictions_total,heavy,heavy:8003,heavy-service,Pomegranate__Healthy,heavy
1786677112.264,14,predictions_total,heavy,heavy:8003,heavy-service,Pomegranate__Healthy,heavy
1786677117.264,14,predictions_total,heavy,heavy:8003,heavy-service,Pomegranate__Healthy,heavy
1786677122.264,14,predictions_total,heavy,heavy:8003,heavy-service,Pomegranate__Healthy,heavy
1786677127.264,14,predictions_total,heavy,heavy:8003,heavy-service,Pomegranate__Healthy,heavy
1786677132.264,14,predictions_total,heavy,heavy:8003,heavy-service,Pomegranate__Healthy,heavy
1786677137.264,14,predictions_total,heavy,heavy:8003,heavy-service,Pomegranate__Healthy,heavy
1786677142.264,14,predictions_total,heavy,heavy:8003,heavy-service,Pomegranate__Healthy,heavy
1786677147.264,14,predictions_total,heavy,heavy:8003,heavy-service,Pomegranate__Healthy,heavy
1786677152.264,14,predictions_total,heavy,heavy:8003,heavy-service,Pomegranate__Healthy,heavy
1786677157.264,14,predictions_total,heavy,heavy:8003,heavy-service,Pomegranate__Healthy,heavy
1786677162.264,14,predictions_total,heavy,heavy:8003,heavy-service,Pomegranate__Healthy,heavy
1786677167.264,14,predictions_total,heavy,heavy:8003,heavy-service,Pomegranate__Healthy,heavy
1786677172.264,14,predictions_total,heavy,heavy:8003,heavy-service,Pomegranate__Healthy,heavy
1786677177.264,14,predictions_total,heavy,heavy:8003,heavy-service,Pomegranate__Healthy,heavy
1786677182.264,14,predictions_total,heavy,heavy:8003,heavy-service,Pomegranate__Healthy,heavy
1786677187.264,14,predictions_total,heavy,heavy:8003,heavy-service,Pomegranate__Healthy,heavy
1786677192.264,14,predictions_total,heavy,heavy:8003,heavy-service,Pomegranate__Healthy,heavy
1786677197.264,14,predictions_total,heavy,heavy:8003,heavy-service,Pomegranate__Healthy,heavy
1786677202.264,14,predictions_total,heavy,heavy:8003,heavy-service,Pomegranate__Healthy,heavy
1786677207.264,14,predictions_total,heavy,heavy:8003,heavy-service,Pomegranate__Healthy,heavy
1786677212.264,14,predictions_total,heavy,heavy:8003,heavy-service,Pomegranate__Healthy,heavy
1786677217.264,14,predictions_total,heavy,heavy:8003,heavy-service,Pomegranate__Healthy,heavy
1786677222.264,14,predictions_total,heavy,heavy:8003,heavy-service,Pomegranate__Healthy,heavy
1786677227.264,14,predictions_total,heavy,heavy:8003,heavy-service,Pomegranate__Healthy,heavy
1786677232.264,14,predictions_total,heavy,heavy:8003,heavy-service,Pomegranate__Healthy,heavy
1786677237.264,14,predictions_total,heavy,heavy:8003,heavy-service,Pomegranate__Healthy,heavy
1786677242.264,14,predictions_total,heavy,heavy:8003,heavy-service,Pomegranate__Healthy,heavy
1786677247.264,14,predictions_total,heavy,heavy:8003,heavy-service,Pomegranate__Healthy,heavy
1786677252.264,14,predictions_total,heavy,heavy:8003,heavy-service,Pomegranate__Healthy,heavy
1786677257.264,14,predictions_total,heavy,heavy:8003,heavy-service,Pomegranate__Healthy,heavy
1786677262.264,14,predictions_total,heavy,heavy:8003,heavy-service,Pomegranate__Healthy,heavy
1786677267.264,14,predictions_total,heavy,heavy:8003,heavy-service,Pomegranate__Healthy,heavy
1786677272.264,14,predictions_total,heavy,heavy:8003,heavy-service,Pomegranate__Healthy,heavy
1786677277.264,14,predictions_total,heavy,heavy:8003,heavy-service,Pomegranate__Healthy,heavy
1786677282.264,15,predictions_total,heavy,heavy:8003,heavy-service,Pomegranate__Healthy,heavy
1786677287.264,15,predictions_total,heavy,heavy:8003,heavy-service,Pomegranate__Healthy,heavy
1786677292.264,15,predictions_total,heavy,heavy:8003,heavy-service,Pomegranate__Healthy,heavy
1786677297.264,17,predictions_total,heavy,heavy:8003,heavy-service,Pomegranate__Healthy,heavy
1786677302.264,18,predictions_total,heavy,heavy:8003,heavy-service,Pomegranate__Healthy,heavy
1786677307.264,18,predictions_total,heavy,heavy:8003,heavy-service,Pomegranate__Healthy,heavy
1786677312.264,18,predictions_total,heavy,heavy:8003,heavy-service,Pomegranate__Healthy,heavy
1786677317.264,18,predictions_total,heavy,heavy:8003,heavy-service,Pomegranate__Healthy,heavy
1786677322.264,18,predictions_total,heavy,heavy:8003,heavy-service,Pomegranate__Healthy,heavy
1786677327.264,20,predictions_total,heavy,heavy:8003,heavy-service,Pomegranate__Healthy,heavy
1786677332.264,21,predictions_total,heavy,heavy:8003,heavy-service,Pomegranate__Healthy,heavy
1786677337.264,23,predictions_total,heavy,heavy:8003,heavy-service,Pomegranate__Healthy,heavy
1786677342.264,23,predictions_total,heavy,heavy:8003,heavy-service,Pomegranate__Healthy,heavy
1786677347.264,23,predictions_total,heavy,heavy:8003,heavy-service,Pomegranate__Healthy,heavy
1786677352.264,23,predictions_total,heavy,heavy:8003,heavy-service,Pomegranate__Healthy,heavy
1786677357.264,23,predictions_total,heavy,heavy:8003,heavy-service,Pomegranate__Healthy,heavy
1786677362.264,23,predictions_total,heavy,heavy:8003,heavy-service,Pomegranate__Healthy,heavy
1786677367.264,23,predictions_total,heavy,heavy:8003,heavy-service,Pomegranate__Healthy,heavy
1786677372.264,23,predictions_total,heavy,heavy:8003,heavy-service,Pomegranate__Healthy,heavy
1786677377.264,23,predictions_total,heavy,heavy:8003,heavy-service,Pomegranate__Healthy,heavy
1786677382.264,24,predictions_total,heavy,heavy:8003,heavy-service,Pomegranate__Healthy,heavy
1786677387.264,24,predictions_total,heavy,heavy:8003,heavy-service,Pomegranate__Healthy,heavy
1786677392.264,24,predictions_total,heavy,heavy:8003,heavy-service,Pomegranate__Healthy,heavy
1786677397.264,24,predictions_total,heavy,heavy:8003,heavy-service,Pomegranate__Healthy,heavy
1786677402.264,24,predictions_total,heavy,heavy:8003,heavy-service,Pomegranate__Healthy,heavy
1786677407.264,24,predictions_total,heavy,heavy:8003,heavy-service,Pomegranate__Healthy,heavy
1786677412.264,24,predictions_total,heavy,heavy:8003,heavy-service,Pomegranate__Healthy,heavy
1786677417.264,24,predictions_total,heavy,heavy:8003,heavy-service,Pomegranate__Healthy,heavy
1786677422.264,25,predictions_total,heavy,heavy:8003,heavy-service,Pomegranate__Healthy,heavy
1786677427.264,27,predictions_total,heavy,heavy:8003,heavy-service,Pomegranate__Healthy,heavy
1786677432.264,28,predictions_total,heavy,heavy:8003,heavy-service,Pomegranate__Healthy,heavy
1786677437.264,28,predictions_total,heavy,heavy:8003,heavy-service,Pomegranate__Healthy,heavy
1786677442.264,29,predictions_total,heavy,heavy:8003,heavy-service,Pomegranate__Healthy,heavy
1786677447.264,29,predictions_total,heavy,heavy:8003,heavy-service,Pomegranate__Healthy,heavy
1786676352.264,1,predictions_total,heavy,heavy:8003,heavy-service,Pomegranate__Rotten,heavy
1786676357.264,1,predictions_total,heavy,heavy:8003,heavy-service,Pomegranate__Rotten,heavy
1786676362.264,1,predictions_total,heavy,heavy:8003,heavy-service,Pomegranate__Rotten,heavy
1786676367.264,1,predictions_total,heavy,heavy:8003,heavy-service,Pomegranate__Rotten,heavy
1786676372.264,1,predictions_total,heavy,heavy:8003,heavy-service,Pomegranate__Rotten,heavy
1786676377.264,1,predictions_total,heavy,heavy:8003,heavy-service,Pomegranate__Rotten,heavy
1786676382.264,1,predictions_total,heavy,heavy:8003,heavy-service,Pomegranate__Rotten,heavy
1786676387.264,1,predictions_total,heavy,heavy:8003,heavy-service,Pomegranate__Rotten,heavy
1786676392.264,1,predictions_total,heavy,heavy:8003,heavy-service,Pomegranate__Rotten,heavy
1786676397.264,1,predictions_total,heavy,heavy:8003,heavy-service,Pomegranate__Rotten,heavy
1786676402.264,2,predictions_total,heavy,heavy:8003,heavy-service,Pomegranate__Rotten,heavy
1786676407.264,2,predictions_total,heavy,heavy:8003,heavy-service,Pomegranate__Rotten,heavy
1786676412.264,2,predictions_total,heavy,heavy:8003,heavy-service,Pomegranate__Rotten,heavy
1786676417.264,2,predictions_total,heavy,heavy:8003,heavy-service,Pomegranate__Rotten,heavy
1786676422.264,2,predictions_total,heavy,heavy:8003,heavy-service,Pomegranate__Rotten,heavy
1786676427.264,2,predictions_total,heavy,heavy:8003,heavy-service,Pomegranate__Rotten,heavy
1786676432.264,2,predictions_total,heavy,heavy:8003,heavy-service,Pomegranate__Rotten,heavy
1786676437.264,2,predictions_total,heavy,heavy:8003,heavy-service,Pomegranate__Rotten,heavy
1786676442.264,2,predictions_total,heavy,heavy:8003,heavy-service,Pomegranate__Rotten,heavy
1786676447.264,2,predictions_total,heavy,heavy:8003,heavy-service,Pomegranate__Rotten,heavy
1786676452.264,2,predictions_total,heavy,heavy:8003,heavy-service,Pomegranate__Rotten,heavy
1786676457.264,2,predictions_total,heavy,heavy:8003,heavy-service,Pomegranate__Rotten,heavy
1786676462.264,2,predictions_total,heavy,heavy:8003,heavy-service,Pomegranate__Rotten,heavy
1786676467.264,2,predictions_total,heavy,heavy:8003,heavy-service,Pomegranate__Rotten,heavy
1786676472.264,2,predictions_total,heavy,heavy:8003,heavy-service,Pomegranate__Rotten,heavy
1786676477.264,2,predictions_total,heavy,heavy:8003,heavy-service,Pomegranate__Rotten,heavy
1786676482.264,2,predictions_total,heavy,heavy:8003,heavy-service,Pomegranate__Rotten,heavy
1786676487.264,2,predictions_total,heavy,heavy:8003,heavy-service,Pomegranate__Rotten,heavy
1786676492.264,2,predictions_total,heavy,heavy:8003,heavy-service,Pomegranate__Rotten,heavy
1786676497.264,2,predictions_total,heavy,heavy:8003,heavy-service,Pomegranate__Rotten,heavy
1786676502.264,2,predictions_total,heavy,heavy:8003,heavy-service,Pomegranate__Rotten,heavy
1786676507.264,2,predictions_total,heavy,heavy:8003,heavy-service,Pomegranate__Rotten,heavy
1786676512.264,2,predictions_total,heavy,heavy:8003,heavy-service,Pomegranate__Rotten,heavy
1786676517.264,2,predictions_total,heavy,heavy:8003,heavy-service,Pomegranate__Rotten,heavy
1786676522.264,2,predictions_total,heavy,heavy:8003,heavy-service,Pomegranate__Rotten,heavy
1786676527.264,2,predictions_total,heavy,heavy:8003,heavy-service,Pomegranate__Rotten,heavy
1786676532.264,2,predictions_total,heavy,heavy:8003,heavy-service,Pomegranate__Rotten,heavy
1786676537.264,2,predictions_total,heavy,heavy:8003,heavy-service,Pomegranate__Rotten,heavy
1786676542.264,2,predictions_total,heavy,heavy:8003,heavy-service,Pomegranate__Rotten,heavy
1786676547.264,2,predictions_total,heavy,heavy:8003,heavy-service,Pomegranate__Rotten,heavy
1786676552.264,2,predictions_total,heavy,heavy:8003,heavy-service,Pomegranate__Rotten,heavy
1786676557.264,2,predictions_total,heavy,heavy:8003,heavy-service,Pomegranate__Rotten,heavy
1786676562.264,2,predictions_total,heavy,heavy:8003,heavy-service,Pomegranate__Rotten,heavy
1786676567.264,2,predictions_total,heavy,heavy:8003,heavy-service,Pomegranate__Rotten,heavy
1786676572.264,2,predictions_total,heavy,heavy:8003,heavy-service,Pomegranate__Rotten,heavy
1786676577.264,2,predictions_total,heavy,heavy:8003,heavy-service,Pomegranate__Rotten,heavy
1786676582.264,2,predictions_total,heavy,heavy:8003,heavy-service,Pomegranate__Rotten,heavy
1786676587.264,2,predictions_total,heavy,heavy:8003,heavy-service,Pomegranate__Rotten,heavy
1786676592.264,2,predictions_total,heavy,heavy:8003,heavy-service,Pomegranate__Rotten,heavy
1786676597.264,2,predictions_total,heavy,heavy:8003,heavy-service,Pomegranate__Rotten,heavy
1786676602.264,2,predictions_total,heavy,heavy:8003,heavy-service,Pomegranate__Rotten,heavy
1786676607.264,2,predictions_total,heavy,heavy:8003,heavy-service,Pomegranate__Rotten,heavy
1786676612.264,2,predictions_total,heavy,heavy:8003,heavy-service,Pomegranate__Rotten,heavy
1786676617.264,2,predictions_total,heavy,heavy:8003,heavy-service,Pomegranate__Rotten,heavy
1786676622.264,2,predictions_total,heavy,heavy:8003,heavy-service,Pomegranate__Rotten,heavy
1786676627.264,2,predictions_total,heavy,heavy:8003,heavy-service,Pomegranate__Rotten,heavy
1786676632.264,2,predictions_total,heavy,heavy:8003,heavy-service,Pomegranate__Rotten,heavy
1786676637.264,2,predictions_total,heavy,heavy:8003,heavy-service,Pomegranate__Rotten,heavy
1786676642.264,2,predictions_total,heavy,heavy:8003,heavy-service,Pomegranate__Rotten,heavy
1786676647.264,2,predictions_total,heavy,heavy:8003,heavy-service,Pomegranate__Rotten,heavy
1786676652.264,2,predictions_total,heavy,heavy:8003,heavy-service,Pomegranate__Rotten,heavy
1786676657.264,2,predictions_total,heavy,heavy:8003,heavy-service,Pomegranate__Rotten,heavy
1786676662.264,2,predictions_total,heavy,heavy:8003,heavy-service,Pomegranate__Rotten,heavy
1786676667.264,2,predictions_total,heavy,heavy:8003,heavy-service,Pomegranate__Rotten,heavy
1786676672.264,2,predictions_total,heavy,heavy:8003,heavy-service,Pomegranate__Rotten,heavy
1786676677.264,2,predictions_total,heavy,heavy:8003,heavy-service,Pomegranate__Rotten,heavy
1786676682.264,2,predictions_total,heavy,heavy:8003,heavy-service,Pomegranate__Rotten,heavy
1786676687.264,2,predictions_total,heavy,heavy:8003,heavy-service,Pomegranate__Rotten,heavy
1786676692.264,2,predictions_total,heavy,heavy:8003,heavy-service,Pomegranate__Rotten,heavy
1786676697.264,2,predictions_total,heavy,heavy:8003,heavy-service,Pomegranate__Rotten,heavy
1786676702.264,2,predictions_total,heavy,heavy:8003,heavy-service,Pomegranate__Rotten,heavy
1786676707.264,2,predictions_total,heavy,heavy:8003,heavy-service,Pomegranate__Rotten,heavy
1786676712.264,2,predictions_total,heavy,heavy:8003,heavy-service,Pomegranate__Rotten,heavy
1786676717.264,2,predictions_total,heavy,heavy:8003,heavy-service,Pomegranate__Rotten,heavy
1786676722.264,2,predictions_total,heavy,heavy:8003,heavy-service,Pomegranate__Rotten,heavy
1786676727.264,2,predictions_total,heavy,heavy:8003,heavy-service,Pomegranate__Rotten,heavy
1786676732.264,2,predictions_total,heavy,heavy:8003,heavy-service,Pomegranate__Rotten,heavy
1786676737.264,2,predictions_total,heavy,heavy:8003,heavy-service,Pomegranate__Rotten,heavy
1786676742.264,2,predictions_total,heavy,heavy:8003,heavy-service,Pomegranate__Rotten,heavy
1786676747.264,2,predictions_total,heavy,heavy:8003,heavy-service,Pomegranate__Rotten,heavy
1786676752.264,2,predictions_total,heavy,heavy:8003,heavy-service,Pomegranate__Rotten,heavy
1786676757.264,2,predictions_total,heavy,heavy:8003,heavy-service,Pomegranate__Rotten,heavy
1786676762.264,2,predictions_total,heavy,heavy:8003,heavy-service,Pomegranate__Rotten,heavy
1786676767.264,2,predictions_total,heavy,heavy:8003,heavy-service,Pomegranate__Rotten,heavy
1786676772.264,2,predictions_total,heavy,heavy:8003,heavy-service,Pomegranate__Rotten,heavy
1786676777.264,2,predictions_total,heavy,heavy:8003,heavy-service,Pomegranate__Rotten,heavy
1786676782.264,2,predictions_total,heavy,heavy:8003,heavy-service,Pomegranate__Rotten,heavy
1786676787.264,2,predictions_total,heavy,heavy:8003,heavy-service,Pomegranate__Rotten,heavy
1786676792.264,2,predictions_total,heavy,heavy:8003,heavy-service,Pomegranate__Rotten,heavy
1786676797.264,2,predictions_total,heavy,heavy:8003,heavy-service,Pomegranate__Rotten,heavy
1786676802.264,2,predictions_total,heavy,heavy:8003,heavy-service,Pomegranate__Rotten,heavy
1786676807.264,2,predictions_total,heavy,heavy:8003,heavy-service,Pomegranate__Rotten,heavy
1786676812.264,2,predictions_total,heavy,heavy:8003,heavy-service,Pomegranate__Rotten,heavy
1786676817.264,2,predictions_total,heavy,heavy:8003,heavy-service,Pomegranate__Rotten,heavy
1786676822.264,2,predictions_total,heavy,heavy:8003,heavy-service,Pomegranate__Rotten,heavy
1786676827.264,2,predictions_total,heavy,heavy:8003,heavy-service,Pomegranate__Rotten,heavy
1786676832.264,3,predictions_total,heavy,heavy:8003,heavy-service,Pomegranate__Rotten,heavy
1786676837.264,3,predictions_total,heavy,heavy:8003,heavy-service,Pomegranate__Rotten,heavy
1786676842.264,3,predictions_total,heavy,heavy:8003,heavy-service,Pomegranate__Rotten,heavy
1786676847.264,3,predictions_total,heavy,heavy:8003,heavy-service,Pomegranate__Rotten,heavy
1786676852.264,4,predictions_total,heavy,heavy:8003,heavy-service,Pomegranate__Rotten,heavy
1786676857.264,4,predictions_total,heavy,heavy:8003,heavy-service,Pomegranate__Rotten,heavy
1786676862.264,4,predictions_total,heavy,heavy:8003,heavy-service,Pomegranate__Rotten,heavy
1786676867.264,4,predictions_total,heavy,heavy:8003,heavy-service,Pomegranate__Rotten,heavy
1786676872.264,4,predictions_total,heavy,heavy:8003,heavy-service,Pomegranate__Rotten,heavy
1786676877.264,4,predictions_total,heavy,heavy:8003,heavy-service,Pomegranate__Rotten,heavy
1786676882.264,4,predictions_total,heavy,heavy:8003,heavy-service,Pomegranate__Rotten,heavy
1786676887.264,4,predictions_total,heavy,heavy:8003,heavy-service,Pomegranate__Rotten,heavy
1786676892.264,4,predictions_total,heavy,heavy:8003,heavy-service,Pomegranate__Rotten,heavy
1786676897.264,4,predictions_total,heavy,heavy:8003,heavy-service,Pomegranate__Rotten,heavy
1786676902.264,4,predictions_total,heavy,heavy:8003,heavy-service,Pomegranate__Rotten,heavy
1786676907.264,4,predictions_total,heavy,heavy:8003,heavy-service,Pomegranate__Rotten,heavy
1786676912.264,4,predictions_total,heavy,heavy:8003,heavy-service,Pomegranate__Rotten,heavy
1786676917.264,4,predictions_total,heavy,heavy:8003,heavy-service,Pomegranate__Rotten,heavy
1786676922.264,4,predictions_total,heavy,heavy:8003,heavy-service,Pomegranate__Rotten,heavy
1786676927.264,4,predictions_total,heavy,heavy:8003,heavy-service,Pomegranate__Rotten,heavy
1786676932.264,4,predictions_total,heavy,heavy:8003,heavy-service,Pomegranate__Rotten,heavy
1786676937.264,4,predictions_total,heavy,heavy:8003,heavy-service,Pomegranate__Rotten,heavy
1786676942.264,4,predictions_total,heavy,heavy:8003,heavy-service,Pomegranate__Rotten,heavy
1786676947.264,4,predictions_total,heavy,heavy:8003,heavy-service,Pomegranate__Rotten,heavy
1786676952.264,4,predictions_total,heavy,heavy:8003,heavy-service,Pomegranate__Rotten,heavy
1786676957.264,4,predictions_total,heavy,heavy:8003,heavy-service,Pomegranate__Rotten,heavy
1786676962.264,4,predictions_total,heavy,heavy:8003,heavy-service,Pomegranate__Rotten,heavy
1786676967.264,4,predictions_total,heavy,heavy:8003,heavy-service,Pomegranate__Rotten,heavy
1786676972.264,4,predictions_total,heavy,heavy:8003,heavy-service,Pomegranate__Rotten,heavy
1786676977.264,4,predictions_total,heavy,heavy:8003,heavy-service,Pomegranate__Rotten,heavy
1786676982.264,4,predictions_total,heavy,heavy:8003,heavy-service,Pomegranate__Rotten,heavy
1786676987.264,4,predictions_total,heavy,heavy:8003,heavy-service,Pomegranate__Rotten,heavy
1786676992.264,4,predictions_total,heavy,heavy:8003,heavy-service,Pomegranate__Rotten,heavy
1786676997.264,4,predictions_total,heavy,heavy:8003,heavy-service,Pomegranate__Rotten,heavy
1786677002.264,4,predictions_total,heavy,heavy:8003,heavy-service,Pomegranate__Rotten,heavy
1786677007.264,4,predictions_total,heavy,heavy:8003,heavy-service,Pomegranate__Rotten,heavy
1786677012.264,4,predictions_total,heavy,heavy:8003,heavy-service,Pomegranate__Rotten,heavy
1786677017.264,4,predictions_total,heavy,heavy:8003,heavy-service,Pomegranate__Rotten,heavy
1786677022.264,4,predictions_total,heavy,heavy:8003,heavy-service,Pomegranate__Rotten,heavy
1786677027.264,4,predictions_total,heavy,heavy:8003,heavy-service,Pomegranate__Rotten,heavy
1786677032.264,4,predictions_total,heavy,heavy:8003,heavy-service,Pomegranate__Rotten,heavy
1786677037.264,4,predictions_total,heavy,heavy:8003,heavy-service,Pomegranate__Rotten,heavy
1786677042.264,4,predictions_total,heavy,heavy:8003,heavy-service,Pomegranate__Rotten,heavy
1786677047.264,4,predictions_total,heavy,heavy:8003,heavy-service,Pomegranate__Rotten,heavy
1786677052.264,4,predictions_total,heavy,heavy:8003,heavy-service,Pomegranate__Rotten,heavy
1786677057.264,4,predictions_total,heavy,heavy:8003,heavy-service,Pomegranate__Rotten,heavy
1786677062.264,4,predictions_total,heavy,heavy:8003,heavy-service,Pomegranate__Rotten,heavy
1786677067.264,4,predictions_total,heavy,heavy:8003,heavy-service,Pomegranate__Rotten,heavy
1786677072.264,4,predictions_total,heavy,heavy:8003,heavy-service,Pomegranate__Rotten,heavy
1786677077.264,4,predictions_total,heavy,heavy:8003,heavy-service,Pomegranate__Rotten,heavy
1786677082.264,4,predictions_total,heavy,heavy:8003,heavy-service,Pomegranate__Rotten,heavy
1786677087.264,4,predictions_total,heavy,heavy:8003,heavy-service,Pomegranate__Rotten,heavy
1786677092.264,4,predictions_total,heavy,heavy:8003,heavy-service,Pomegranate__Rotten,heavy
1786677097.264,4,predictions_total,heavy,heavy:8003,heavy-service,Pomegranate__Rotten,heavy
1786677102.264,4,predictions_total,heavy,heavy:8003,heavy-service,Pomegranate__Rotten,heavy
1786677107.264,4,predictions_total,heavy,heavy:8003,heavy-service,Pomegranate__Rotten,heavy
1786677112.264,4,predictions_total,heavy,heavy:8003,heavy-service,Pomegranate__Rotten,heavy
1786677117.264,4,predictions_total,heavy,heavy:8003,heavy-service,Pomegranate__Rotten,heavy
1786677122.264,4,predictions_total,heavy,heavy:8003,heavy-service,Pomegranate__Rotten,heavy
1786677127.264,4,predictions_total,heavy,heavy:8003,heavy-service,Pomegranate__Rotten,heavy
1786677132.264,4,predictions_total,heavy,heavy:8003,heavy-service,Pomegranate__Rotten,heavy
1786677137.264,4,predictions_total,heavy,heavy:8003,heavy-service,Pomegranate__Rotten,heavy
1786677142.264,4,predictions_total,heavy,heavy:8003,heavy-service,Pomegranate__Rotten,heavy
1786677147.264,4,predictions_total,heavy,heavy:8003,heavy-service,Pomegranate__Rotten,heavy
1786677152.264,4,predictions_total,heavy,heavy:8003,heavy-service,Pomegranate__Rotten,heavy
1786677157.264,4,predictions_total,heavy,heavy:8003,heavy-service,Pomegranate__Rotten,heavy
1786677162.264,4,predictions_total,heavy,heavy:8003,heavy-service,Pomegranate__Rotten,heavy
1786677167.264,4,predictions_total,heavy,heavy:8003,heavy-service,Pomegranate__Rotten,heavy
1786677172.264,4,predictions_total,heavy,heavy:8003,heavy-service,Pomegranate__Rotten,heavy
1786677177.264,4,predictions_total,heavy,heavy:8003,heavy-service,Pomegranate__Rotten,heavy
1786677182.264,4,predictions_total,heavy,heavy:8003,heavy-service,Pomegranate__Rotten,heavy
1786677187.264,4,predictions_total,heavy,heavy:8003,heavy-service,Pomegranate__Rotten,heavy
1786677192.264,4,predictions_total,heavy,heavy:8003,heavy-service,Pomegranate__Rotten,heavy
1786677197.264,4,predictions_total,heavy,heavy:8003,heavy-service,Pomegranate__Rotten,heavy
1786677202.264,4,predictions_total,heavy,heavy:8003,heavy-service,Pomegranate__Rotten,heavy
1786677207.264,4,predictions_total,heavy,heavy:8003,heavy-service,Pomegranate__Rotten,heavy
1786677212.264,4,predictions_total,heavy,heavy:8003,heavy-service,Pomegranate__Rotten,heavy
1786677217.264,4,predictions_total,heavy,heavy:8003,heavy-service,Pomegranate__Rotten,heavy
1786677222.264,4,predictions_total,heavy,heavy:8003,heavy-service,Pomegranate__Rotten,heavy
1786677227.264,4,predictions_total,heavy,heavy:8003,heavy-service,Pomegranate__Rotten,heavy
1786677232.264,4,predictions_total,heavy,heavy:8003,heavy-service,Pomegranate__Rotten,heavy
1786677237.264,4,predictions_total,heavy,heavy:8003,heavy-service,Pomegranate__Rotten,heavy
1786677242.264,4,predictions_total,heavy,heavy:8003,heavy-service,Pomegranate__Rotten,heavy
1786677247.264,4,predictions_total,heavy,heavy:8003,heavy-service,Pomegranate__Rotten,heavy
1786677252.264,4,predictions_total,heavy,heavy:8003,heavy-service,Pomegranate__Rotten,heavy
1786677257.264,4,predictions_total,heavy,heavy:8003,heavy-service,Pomegranate__Rotten,heavy
1786677262.264,4,predictions_total,heavy,heavy:8003,heavy-service,Pomegranate__Rotten,heavy
1786677267.264,4,predictions_total,heavy,heavy:8003,heavy-service,Pomegranate__Rotten,heavy
1786677272.264,4,predictions_total,heavy,heavy:8003,heavy-service,Pomegranate__Rotten,heavy
1786677277.264,4,predictions_total,heavy,heavy:8003,heavy-service,Pomegranate__Rotten,heavy
1786677282.264,4,predictions_total,heavy,heavy:8003,heavy-service,Pomegranate__Rotten,heavy
1786677287.264,4,predictions_total,heavy,heavy:8003,heavy-service,Pomegranate__Rotten,heavy
1786677292.264,4,predictions_total,heavy,heavy:8003,heavy-service,Pomegranate__Rotten,heavy
1786677297.264,4,predictions_total,heavy,heavy:8003,heavy-service,Pomegranate__Rotten,heavy
1786677302.264,4,predictions_total,heavy,heavy:8003,heavy-service,Pomegranate__Rotten,heavy
1786677307.264,4,predictions_total,heavy,heavy:8003,heavy-service,Pomegranate__Rotten,heavy
1786677312.264,4,predictions_total,heavy,heavy:8003,heavy-service,Pomegranate__Rotten,heavy
1786677317.264,4,predictions_total,heavy,heavy:8003,heavy-service,Pomegranate__Rotten,heavy
1786677322.264,4,predictions_total,heavy,heavy:8003,heavy-service,Pomegranate__Rotten,heavy
1786677327.264,4,predictions_total,heavy,heavy:8003,heavy-service,Pomegranate__Rotten,heavy
1786677332.264,4,predictions_total,heavy,heavy:8003,heavy-service,Pomegranate__Rotten,heavy
1786677337.264,4,predictions_total,heavy,heavy:8003,heavy-service,Pomegranate__Rotten,heavy
1786677342.264,5,predictions_total,heavy,heavy:8003,heavy-service,Pomegranate__Rotten,heavy
1786677347.264,5,predictions_total,heavy,heavy:8003,heavy-service,Pomegranate__Rotten,heavy
1786677352.264,5,predictions_total,heavy,heavy:8003,heavy-service,Pomegranate__Rotten,heavy
1786677357.264,5,predictions_total,heavy,heavy:8003,heavy-service,Pomegranate__Rotten,heavy
1786677362.264,5,predictions_total,heavy,heavy:8003,heavy-service,Pomegranate__Rotten,heavy
1786677367.264,5,predictions_total,heavy,heavy:8003,heavy-service,Pomegranate__Rotten,heavy
1786677372.264,5,predictions_total,heavy,heavy:8003,heavy-service,Pomegranate__Rotten,heavy
1786677377.264,5,predictions_total,heavy,heavy:8003,heavy-service,Pomegranate__Rotten,heavy
1786677382.264,5,predictions_total,heavy,heavy:8003,heavy-service,Pomegranate__Rotten,heavy
1786677387.264,5,predictions_total,heavy,heavy:8003,heavy-service,Pomegranate__Rotten,heavy
1786677392.264,5,predictions_total,heavy,heavy:8003,heavy-service,Pomegranate__Rotten,heavy
1786677397.264,5,predictions_total,heavy,heavy:8003,heavy-service,Pomegranate__Rotten,heavy
1786677402.264,6,predictions_total,heavy,heavy:8003,heavy-service,Pomegranate__Rotten,heavy
1786677407.264,6,predictions_total,heavy,heavy:8003,heavy-service,Pomegranate__Rotten,heavy
1786677412.264,6,predictions_total,heavy,heavy:8003,heavy-service,Pomegranate__Rotten,heavy
1786677417.264,6,predictions_total,heavy,heavy:8003,heavy-service,Pomegranate__Rotten,heavy
1786677422.264,6,predictions_total,heavy,heavy:8003,heavy-service,Pomegranate__Rotten,heavy
1786677427.264,6,predictions_total,heavy,heavy:8003,heavy-service,Pomegranate__Rotten,heavy
1786677432.264,6,predictions_total,heavy,heavy:8003,heavy-service,Pomegranate__Rotten,heavy
1786677437.264,6,predictions_total,heavy,heavy:8003,heavy-service,Pomegranate__Rotten,heavy
1786677442.264,8,predictions_total,heavy,heavy:8003,heavy-service,Pomegranate__Rotten,heavy
1786677447.264,8,predictions_total,heavy,heavy:8003,heavy-service,Pomegranate__Rotten,heavy
1786676362.264,2,predictions_total,heavy,heavy:8003,heavy-service,Potato__Healthy,heavy
1786676367.264,2,predictions_total,heavy,heavy:8003,heavy-service,Potato__Healthy,heavy
1786676372.264,2,predictions_total,heavy,heavy:8003,heavy-service,Potato__Healthy,heavy
1786676377.264,2,predictions_total,heavy,heavy:8003,heavy-service,Potato__Healthy,heavy
1786676382.264,4,predictions_total,heavy,heavy:8003,heavy-service,Potato__Healthy,heavy
1786676387.264,5,predictions_total,heavy,heavy:8003,heavy-service,Potato__Healthy,heavy
1786676392.264,5,predictions_total,heavy,heavy:8003,heavy-service,Potato__Healthy,heavy
1786676397.264,7,predictions_total,heavy,heavy:8003,heavy-service,Potato__Healthy,heavy
1786676402.264,7,predictions_total,heavy,heavy:8003,heavy-service,Potato__Healthy,heavy
1786676407.264,7,predictions_total,heavy,heavy:8003,heavy-service,Potato__Healthy,heavy
1786676412.264,7,predictions_total,heavy,heavy:8003,heavy-service,Potato__Healthy,heavy
1786676417.264,7,predictions_total,heavy,heavy:8003,heavy-service,Potato__Healthy,heavy
1786676422.264,7,predictions_total,heavy,heavy:8003,heavy-service,Potato__Healthy,heavy
1786676427.264,7,predictions_total,heavy,heavy:8003,heavy-service,Potato__Healthy,heavy
1786676432.264,7,predictions_total,heavy,heavy:8003,heavy-service,Potato__Healthy,heavy
1786676437.264,7,predictions_total,heavy,heavy:8003,heavy-service,Potato__Healthy,heavy
1786676442.264,7,predictions_total,heavy,heavy:8003,heavy-service,Potato__Healthy,heavy
1786676447.264,7,predictions_total,heavy,heavy:8003,heavy-service,Potato__Healthy,heavy
1786676452.264,7,predictions_total,heavy,heavy:8003,heavy-service,Potato__Healthy,heavy
1786676457.264,7,predictions_total,heavy,heavy:8003,heavy-service,Potato__Healthy,heavy
1786676462.264,7,predictions_total,heavy,heavy:8003,heavy-service,Potato__Healthy,heavy
1786676467.264,7,predictions_total,heavy,heavy:8003,heavy-service,Potato__Healthy,heavy
1786676472.264,7,predictions_total,heavy,heavy:8003,heavy-service,Potato__Healthy,heavy
1786676477.264,7,predictions_total,heavy,heavy:8003,heavy-service,Potato__Healthy,heavy
1786676482.264,7,predictions_total,heavy,heavy:8003,heavy-service,Potato__Healthy,heavy
1786676487.264,7,predictions_total,heavy,heavy:8003,heavy-service,Potato__Healthy,heavy
1786676492.264,7,predictions_total,heavy,heavy:8003,heavy-service,Potato__Healthy,heavy
1786676497.264,7,predictions_total,heavy,heavy:8003,heavy-service,Potato__Healthy,heavy
1786676502.264,7,predictions_total,heavy,heavy:8003,heavy-service,Potato__Healthy,heavy
1786676507.264,7,predictions_total,heavy,heavy:8003,heavy-service,Potato__Healthy,heavy
1786676512.264,7,predictions_total,heavy,heavy:8003,heavy-service,Potato__Healthy,heavy
1786676517.264,7,predictions_total,heavy,heavy:8003,heavy-service,Potato__Healthy,heavy
1786676522.264,7,predictions_total,heavy,heavy:8003,heavy-service,Potato__Healthy,heavy
1786676527.264,7,predictions_total,heavy,heavy:8003,heavy-service,Potato__Healthy,heavy
1786676532.264,7,predictions_total,heavy,heavy:8003,heavy-service,Potato__Healthy,heavy
1786676537.264,7,predictions_total,heavy,heavy:8003,heavy-service,Potato__Healthy,heavy
1786676542.264,7,predictions_total,heavy,heavy:8003,heavy-service,Potato__Healthy,heavy
1786676547.264,7,predictions_total,heavy,heavy:8003,heavy-service,Potato__Healthy,heavy
1786676552.264,7,predictions_total,heavy,heavy:8003,heavy-service,Potato__Healthy,heavy
1786676557.264,7,predictions_total,heavy,heavy:8003,heavy-service,Potato__Healthy,heavy
1786676562.264,7,predictions_total,heavy,heavy:8003,heavy-service,Potato__Healthy,heavy
1786676567.264,7,predictions_total,heavy,heavy:8003,heavy-service,Potato__Healthy,heavy
1786676572.264,7,predictions_total,heavy,heavy:8003,heavy-service,Potato__Healthy,heavy
1786676577.264,7,predictions_total,heavy,heavy:8003,heavy-service,Potato__Healthy,heavy
1786676582.264,7,predictions_total,heavy,heavy:8003,heavy-service,Potato__Healthy,heavy
1786676587.264,7,predictions_total,heavy,heavy:8003,heavy-service,Potato__Healthy,heavy
1786676592.264,7,predictions_total,heavy,heavy:8003,heavy-service,Potato__Healthy,heavy
1786676597.264,7,predictions_total,heavy,heavy:8003,heavy-service,Potato__Healthy,heavy
1786676602.264,7,predictions_total,heavy,heavy:8003,heavy-service,Potato__Healthy,heavy
1786676607.264,7,predictions_total,heavy,heavy:8003,heavy-service,Potato__Healthy,heavy
1786676612.264,7,predictions_total,heavy,heavy:8003,heavy-service,Potato__Healthy,heavy
1786676617.264,7,predictions_total,heavy,heavy:8003,heavy-service,Potato__Healthy,heavy
1786676622.264,7,predictions_total,heavy,heavy:8003,heavy-service,Potato__Healthy,heavy
1786676627.264,7,predictions_total,heavy,heavy:8003,heavy-service,Potato__Healthy,heavy
1786676632.264,7,predictions_total,heavy,heavy:8003,heavy-service,Potato__Healthy,heavy
1786676637.264,7,predictions_total,heavy,heavy:8003,heavy-service,Potato__Healthy,heavy
1786676642.264,7,predictions_total,heavy,heavy:8003,heavy-service,Potato__Healthy,heavy
1786676647.264,7,predictions_total,heavy,heavy:8003,heavy-service,Potato__Healthy,heavy
1786676652.264,7,predictions_total,heavy,heavy:8003,heavy-service,Potato__Healthy,heavy
1786676657.264,7,predictions_total,heavy,heavy:8003,heavy-service,Potato__Healthy,heavy
1786676662.264,7,predictions_total,heavy,heavy:8003,heavy-service,Potato__Healthy,heavy
1786676667.264,7,predictions_total,heavy,heavy:8003,heavy-service,Potato__Healthy,heavy
1786676672.264,7,predictions_total,heavy,heavy:8003,heavy-service,Potato__Healthy,heavy
1786676677.264,7,predictions_total,heavy,heavy:8003,heavy-service,Potato__Healthy,heavy
1786676682.264,7,predictions_total,heavy,heavy:8003,heavy-service,Potato__Healthy,heavy
1786676687.264,8,predictions_total,heavy,heavy:8003,heavy-service,Potato__Healthy,heavy
1786676692.264,8,predictions_total,heavy,heavy:8003,heavy-service,Potato__Healthy,heavy
1786676697.264,9,predictions_total,heavy,heavy:8003,heavy-service,Potato__Healthy,heavy
1786676702.264,10,predictions_total,heavy,heavy:8003,heavy-service,Potato__Healthy,heavy
1786676707.264,10,predictions_total,heavy,heavy:8003,heavy-service,Potato__Healthy,heavy
1786676712.264,10,predictions_total,heavy,heavy:8003,heavy-service,Potato__Healthy,heavy
1786676717.264,10,predictions_total,heavy,heavy:8003,heavy-service,Potato__Healthy,heavy
1786676722.264,12,predictions_total,heavy,heavy:8003,heavy-service,Potato__Healthy,heavy
1786676727.264,14,predictions_total,heavy,heavy:8003,heavy-service,Potato__Healthy,heavy
1786676732.264,14,predictions_total,heavy,heavy:8003,heavy-service,Potato__Healthy,heavy
1786676737.264,15,predictions_total,heavy,heavy:8003,heavy-service,Potato__Healthy,heavy
1786676742.264,15,predictions_total,heavy,heavy:8003,heavy-service,Potato__Healthy,heavy
1786676747.264,16,predictions_total,heavy,heavy:8003,heavy-service,Potato__Healthy,heavy
1786676752.264,16,predictions_total,heavy,heavy:8003,heavy-service,Potato__Healthy,heavy
1786676757.264,16,predictions_total,heavy,heavy:8003,heavy-service,Potato__Healthy,heavy
1786676762.264,16,predictions_total,heavy,heavy:8003,heavy-service,Potato__Healthy,heavy
1786676767.264,16,predictions_total,heavy,heavy:8003,heavy-service,Potato__Healthy,heavy
1786676772.264,16,predictions_total,heavy,heavy:8003,heavy-service,Potato__Healthy,heavy
1786676777.264,16,predictions_total,heavy,heavy:8003,heavy-service,Potato__Healthy,heavy
1786676782.264,16,predictions_total,heavy,heavy:8003,heavy-service,Potato__Healthy,heavy
1786676787.264,16,predictions_total,heavy,heavy:8003,heavy-service,Potato__Healthy,heavy
1786676792.264,16,predictions_total,heavy,heavy:8003,heavy-service,Potato__Healthy,heavy
1786676797.264,16,predictions_total,heavy,heavy:8003,heavy-service,Potato__Healthy,heavy
1786676802.264,16,predictions_total,heavy,heavy:8003,heavy-service,Potato__Healthy,heavy
1786676807.264,16,predictions_total,heavy,heavy:8003,heavy-service,Potato__Healthy,heavy
1786676812.264,16,predictions_total,heavy,heavy:8003,heavy-service,Potato__Healthy,heavy
1786676817.264,16,predictions_total,heavy,heavy:8003,heavy-service,Potato__Healthy,heavy
1786676822.264,16,predictions_total,heavy,heavy:8003,heavy-service,Potato__Healthy,heavy
1786676827.264,16,predictions_total,heavy,heavy:8003,heavy-service,Potato__Healthy,heavy
1786676832.264,16,predictions_total,heavy,heavy:8003,heavy-service,Potato__Healthy,heavy
1786676837.264,16,predictions_total,heavy,heavy:8003,heavy-service,Potato__Healthy,heavy
1786676842.264,16,predictions_total,heavy,heavy:8003,heavy-service,Potato__Healthy,heavy
1786676847.264,16,predictions_total,heavy,heavy:8003,heavy-service,Potato__Healthy,heavy
1786676852.264,19,predictions_total,heavy,heavy:8003,heavy-service,Potato__Healthy,heavy
1786676857.264,19,predictions_total,heavy,heavy:8003,heavy-service,Potato__Healthy,heavy
1786676862.264,21,predictions_total,heavy,heavy:8003,heavy-service,Potato__Healthy,heavy
1786676867.264,22,predictions_total,heavy,heavy:8003,heavy-service,Potato__Healthy,heavy
1786676872.264,22,predictions_total,heavy,heavy:8003,heavy-service,Potato__Healthy,heavy
1786676877.264,22,predictions_total,heavy,heavy:8003,heavy-service,Potato__Healthy,heavy
1786676882.264,22,predictions_total,heavy,heavy:8003,heavy-service,Potato__Healthy,heavy
1786676887.264,22,predictions_total,heavy,heavy:8003,heavy-service,Potato__Healthy,heavy
1786676892.264,22,predictions_total,heavy,heavy:8003,heavy-service,Potato__Healthy,heavy
1786676897.264,22,predictions_total,heavy,heavy:8003,heavy-service,Potato__Healthy,heavy
1786676902.264,22,predictions_total,heavy,heavy:8003,heavy-service,Potato__Healthy,heavy
1786676907.264,22,predictions_total,heavy,heavy:8003,heavy-service,Potato__Healthy,heavy
1786676912.264,22,predictions_total,heavy,heavy:8003,heavy-service,Potato__Healthy,heavy
1786676917.264,22,predictions_total,heavy,heavy:8003,heavy-service,Potato__Healthy,heavy
1786676922.264,22,predictions_total,heavy,heavy:8003,heavy-service,Potato__Healthy,heavy
1786676927.264,22,predictions_total,heavy,heavy:8003,heavy-service,Potato__Healthy,heavy
1786676932.264,22,predictions_total,heavy,heavy:8003,heavy-service,Potato__Healthy,heavy
1786676937.264,22,predictions_total,heavy,heavy:8003,heavy-service,Potato__Healthy,heavy
1786676942.264,22,predictions_total,heavy,heavy:8003,heavy-service,Potato__Healthy,heavy
1786676947.264,22,predictions_total,heavy,heavy:8003,heavy-service,Potato__Healthy,heavy
1786676952.264,22,predictions_total,heavy,heavy:8003,heavy-service,Potato__Healthy,heavy
1786676957.264,22,predictions_total,heavy,heavy:8003,heavy-service,Potato__Healthy,heavy
1786676962.264,22,predictions_total,heavy,heavy:8003,heavy-service,Potato__Healthy,heavy
1786676967.264,22,predictions_total,heavy,heavy:8003,heavy-service,Potato__Healthy,heavy
1786676972.264,22,predictions_total,heavy,heavy:8003,heavy-service,Potato__Healthy,heavy
1786676977.264,22,predictions_total,heavy,heavy:8003,heavy-service,Potato__Healthy,heavy
1786676982.264,22,predictions_total,heavy,heavy:8003,heavy-service,Potato__Healthy,heavy
1786676987.264,22,predictions_total,heavy,heavy:8003,heavy-service,Potato__Healthy,heavy
1786676992.264,22,predictions_total,heavy,heavy:8003,heavy-service,Potato__Healthy,heavy
1786676997.264,22,predictions_total,heavy,heavy:8003,heavy-service,Potato__Healthy,heavy
1786677002.264,22,predictions_total,heavy,heavy:8003,heavy-service,Potato__Healthy,heavy
1786677007.264,22,predictions_total,heavy,heavy:8003,heavy-service,Potato__Healthy,heavy
1786677012.264,22,predictions_total,heavy,heavy:8003,heavy-service,Potato__Healthy,heavy
1786677017.264,22,predictions_total,heavy,heavy:8003,heavy-service,Potato__Healthy,heavy
1786677022.264,22,predictions_total,heavy,heavy:8003,heavy-service,Potato__Healthy,heavy
1786677027.264,22,predictions_total,heavy,heavy:8003,heavy-service,Potato__Healthy,heavy
1786677032.264,22,predictions_total,heavy,heavy:8003,heavy-service,Potato__Healthy,heavy
1786677037.264,22,predictions_total,heavy,heavy:8003,heavy-service,Potato__Healthy,heavy
1786677042.264,22,predictions_total,heavy,heavy:8003,heavy-service,Potato__Healthy,heavy
1786677047.264,22,predictions_total,heavy,heavy:8003,heavy-service,Potato__Healthy,heavy
1786677052.264,22,predictions_total,heavy,heavy:8003,heavy-service,Potato__Healthy,heavy
1786677057.264,22,predictions_total,heavy,heavy:8003,heavy-service,Potato__Healthy,heavy
1786677062.264,22,predictions_total,heavy,heavy:8003,heavy-service,Potato__Healthy,heavy
1786677067.264,22,predictions_total,heavy,heavy:8003,heavy-service,Potato__Healthy,heavy
1786677072.264,22,predictions_total,heavy,heavy:8003,heavy-service,Potato__Healthy,heavy
1786677077.264,22,predictions_total,heavy,heavy:8003,heavy-service,Potato__Healthy,heavy
1786677082.264,22,predictions_total,heavy,heavy:8003,heavy-service,Potato__Healthy,heavy
1786677087.264,22,predictions_total,heavy,heavy:8003,heavy-service,Potato__Healthy,heavy
1786677092.264,22,predictions_total,heavy,heavy:8003,heavy-service,Potato__Healthy,heavy
1786677097.264,22,predictions_total,heavy,heavy:8003,heavy-service,Potato__Healthy,heavy
1786677102.264,22,predictions_total,heavy,heavy:8003,heavy-service,Potato__Healthy,heavy
1786677107.264,22,predictions_total,heavy,heavy:8003,heavy-service,Potato__Healthy,heavy
1786677112.264,22,predictions_total,heavy,heavy:8003,heavy-service,Potato__Healthy,heavy
1786677117.264,22,predictions_total,heavy,heavy:8003,heavy-service,Potato__Healthy,heavy
1786677122.264,22,predictions_total,heavy,heavy:8003,heavy-service,Potato__Healthy,heavy
1786677127.264,22,predictions_total,heavy,heavy:8003,heavy-service,Potato__Healthy,heavy
1786677132.264,22,predictions_total,heavy,heavy:8003,heavy-service,Potato__Healthy,heavy
1786677137.264,22,predictions_total,heavy,heavy:8003,heavy-service,Potato__Healthy,heavy
1786677142.264,22,predictions_total,heavy,heavy:8003,heavy-service,Potato__Healthy,heavy
1786677147.264,22,predictions_total,heavy,heavy:8003,heavy-service,Potato__Healthy,heavy
1786677152.264,22,predictions_total,heavy,heavy:8003,heavy-service,Potato__Healthy,heavy
1786677157.264,22,predictions_total,heavy,heavy:8003,heavy-service,Potato__Healthy,heavy
1786677162.264,22,predictions_total,heavy,heavy:8003,heavy-service,Potato__Healthy,heavy
1786677167.264,22,predictions_total,heavy,heavy:8003,heavy-service,Potato__Healthy,heavy
1786677172.264,22,predictions_total,heavy,heavy:8003,heavy-service,Potato__Healthy,heavy
1786677177.264,22,predictions_total,heavy,heavy:8003,heavy-service,Potato__Healthy,heavy
1786677182.264,22,predictions_total,heavy,heavy:8003,heavy-service,Potato__Healthy,heavy
1786677187.264,22,predictions_total,heavy,heavy:8003,heavy-service,Potato__Healthy,heavy
1786677192.264,22,predictions_total,heavy,heavy:8003,heavy-service,Potato__Healthy,heavy
1786677197.264,22,predictions_total,heavy,heavy:8003,heavy-service,Potato__Healthy,heavy
1786677202.264,22,predictions_total,heavy,heavy:8003,heavy-service,Potato__Healthy,heavy
1786677207.264,22,predictions_total,heavy,heavy:8003,heavy-service,Potato__Healthy,heavy
1786677212.264,22,predictions_total,heavy,heavy:8003,heavy-service,Potato__Healthy,heavy
1786677217.264,22,predictions_total,heavy,heavy:8003,heavy-service,Potato__Healthy,heavy
1786677222.264,22,predictions_total,heavy,heavy:8003,heavy-service,Potato__Healthy,heavy
1786677227.264,22,predictions_total,heavy,heavy:8003,heavy-service,Potato__Healthy,heavy
1786677232.264,22,predictions_total,heavy,heavy:8003,heavy-service,Potato__Healthy,heavy
1786677237.264,22,predictions_total,heavy,heavy:8003,heavy-service,Potato__Healthy,heavy
1786677242.264,22,predictions_total,heavy,heavy:8003,heavy-service,Potato__Healthy,heavy
1786677247.264,22,predictions_total,heavy,heavy:8003,heavy-service,Potato__Healthy,heavy
1786677252.264,22,predictions_total,heavy,heavy:8003,heavy-service,Potato__Healthy,heavy
1786677257.264,22,predictions_total,heavy,heavy:8003,heavy-service,Potato__Healthy,heavy
1786677262.264,22,predictions_total,heavy,heavy:8003,heavy-service,Potato__Healthy,heavy
1786677267.264,22,predictions_total,heavy,heavy:8003,heavy-service,Potato__Healthy,heavy
1786677272.264,22,predictions_total,heavy,heavy:8003,heavy-service,Potato__Healthy,heavy
1786677277.264,22,predictions_total,heavy,heavy:8003,heavy-service,Potato__Healthy,heavy
1786677282.264,23,predictions_total,heavy,heavy:8003,heavy-service,Potato__Healthy,heavy
1786677287.264,23,predictions_total,heavy,heavy:8003,heavy-service,Potato__Healthy,heavy
1786677292.264,23,predictions_total,heavy,heavy:8003,heavy-service,Potato__Healthy,heavy
1786677297.264,24,predictions_total,heavy,heavy:8003,heavy-service,Potato__Healthy,heavy
1786677302.264,24,predictions_total,heavy,heavy:8003,heavy-service,Potato__Healthy,heavy
1786677307.264,24,predictions_total,heavy,heavy:8003,heavy-service,Potato__Healthy,heavy
1786677312.264,24,predictions_total,heavy,heavy:8003,heavy-service,Potato__Healthy,heavy
1786677317.264,24,predictions_total,heavy,heavy:8003,heavy-service,Potato__Healthy,heavy
1786677322.264,24,predictions_total,heavy,heavy:8003,heavy-service,Potato__Healthy,heavy
1786677327.264,26,predictions_total,heavy,heavy:8003,heavy-service,Potato__Healthy,heavy
1786677332.264,26,predictions_total,heavy,heavy:8003,heavy-service,Potato__Healthy,heavy
1786677337.264,27,predictions_total,heavy,heavy:8003,heavy-service,Potato__Healthy,heavy
1786677342.264,27,predictions_total,heavy,heavy:8003,heavy-service,Potato__Healthy,heavy
1786677347.264,27,predictions_total,heavy,heavy:8003,heavy-service,Potato__Healthy,heavy
1786677352.264,27,predictions_total,heavy,heavy:8003,heavy-service,Potato__Healthy,heavy
1786677357.264,27,predictions_total,heavy,heavy:8003,heavy-service,Potato__Healthy,heavy
1786677362.264,27,predictions_total,heavy,heavy:8003,heavy-service,Potato__Healthy,heavy
1786677367.264,27,predictions_total,heavy,heavy:8003,heavy-service,Potato__Healthy,heavy
1786677372.264,27,predictions_total,heavy,heavy:8003,heavy-service,Potato__Healthy,heavy
1786677377.264,27,predictions_total,heavy,heavy:8003,heavy-service,Potato__Healthy,heavy
1786677382.264,29,predictions_total,heavy,heavy:8003,heavy-service,Potato__Healthy,heavy
1786677387.264,29,predictions_total,heavy,heavy:8003,heavy-service,Potato__Healthy,heavy
1786677392.264,30,predictions_total,heavy,heavy:8003,heavy-service,Potato__Healthy,heavy
1786677397.264,31,predictions_total,heavy,heavy:8003,heavy-service,Potato__Healthy,heavy
1786677402.264,32,predictions_total,heavy,heavy:8003,heavy-service,Potato__Healthy,heavy
1786677407.264,32,predictions_total,heavy,heavy:8003,heavy-service,Potato__Healthy,heavy
1786677412.264,32,predictions_total,heavy,heavy:8003,heavy-service,Potato__Healthy,heavy
1786677417.264,32,predictions_total,heavy,heavy:8003,heavy-service,Potato__Healthy,heavy
1786677422.264,32,predictions_total,heavy,heavy:8003,heavy-service,Potato__Healthy,heavy
1786677427.264,33,predictions_total,heavy,heavy:8003,heavy-service,Potato__Healthy,heavy
1786677432.264,34,predictions_total,heavy,heavy:8003,heavy-service,Potato__Healthy,heavy
1786677437.264,35,predictions_total,heavy,heavy:8003,heavy-service,Potato__Healthy,heavy
1786677442.264,36,predictions_total,heavy,heavy:8003,heavy-service,Potato__Healthy,heavy
1786677447.264,36,predictions_total,heavy,heavy:8003,heavy-service,Potato__Healthy,heavy
1786676342.264,2,predictions_total,heavy,heavy:8003,heavy-service,Potato__Rotten,heavy
1786676347.264,2,predictions_total,heavy,heavy:8003,heavy-service,Potato__Rotten,heavy
1786676352.264,2,predictions_total,heavy,heavy:8003,heavy-service,Potato__Rotten,heavy
1786676357.264,3,predictions_total,heavy,heavy:8003,heavy-service,Potato__Rotten,heavy
1786676362.264,4,predictions_total,heavy,heavy:8003,heavy-service,Potato__Rotten,heavy
1786676367.264,4,predictions_total,heavy,heavy:8003,heavy-service,Potato__Rotten,heavy
1786676372.264,4,predictions_total,heavy,heavy:8003,heavy-service,Potato__Rotten,heavy
1786676377.264,5,predictions_total,heavy,heavy:8003,heavy-service,Potato__Rotten,heavy
1786676382.264,5,predictions_total,heavy,heavy:8003,heavy-service,Potato__Rotten,heavy
1786676387.264,5,predictions_total,heavy,heavy:8003,heavy-service,Potato__Rotten,heavy
1786676392.264,5,predictions_total,heavy,heavy:8003,heavy-service,Potato__Rotten,heavy
1786676397.264,6,predictions_total,heavy,heavy:8003,heavy-service,Potato__Rotten,heavy
1786676402.264,6,predictions_total,heavy,heavy:8003,heavy-service,Potato__Rotten,heavy
1786676407.264,6,predictions_total,heavy,heavy:8003,heavy-service,Potato__Rotten,heavy
1786676412.264,6,predictions_total,heavy,heavy:8003,heavy-service,Potato__Rotten,heavy
1786676417.264,6,predictions_total,heavy,heavy:8003,heavy-service,Potato__Rotten,heavy
1786676422.264,6,predictions_total,heavy,heavy:8003,heavy-service,Potato__Rotten,heavy
1786676427.264,6,predictions_total,heavy,heavy:8003,heavy-service,Potato__Rotten,heavy
1786676432.264,6,predictions_total,heavy,heavy:8003,heavy-service,Potato__Rotten,heavy
1786676437.264,6,predictions_total,heavy,heavy:8003,heavy-service,Potato__Rotten,heavy
1786676442.264,6,predictions_total,heavy,heavy:8003,heavy-service,Potato__Rotten,heavy
1786676447.264,6,predictions_total,heavy,heavy:8003,heavy-service,Potato__Rotten,heavy
1786676452.264,6,predictions_total,heavy,heavy:8003,heavy-service,Potato__Rotten,heavy
1786676457.264,6,predictions_total,heavy,heavy:8003,heavy-service,Potato__Rotten,heavy
1786676462.264,6,predictions_total,heavy,heavy:8003,heavy-service,Potato__Rotten,heavy
1786676467.264,6,predictions_total,heavy,heavy:8003,heavy-service,Potato__Rotten,heavy
1786676472.264,6,predictions_total,heavy,heavy:8003,heavy-service,Potato__Rotten,heavy
1786676477.264,6,predictions_total,heavy,heavy:8003,heavy-service,Potato__Rotten,heavy
1786676482.264,6,predictions_total,heavy,heavy:8003,heavy-service,Potato__Rotten,heavy
1786676487.264,6,predictions_total,heavy,heavy:8003,heavy-service,Potato__Rotten,heavy
1786676492.264,6,predictions_total,heavy,heavy:8003,heavy-service,Potato__Rotten,heavy
1786676497.264,6,predictions_total,heavy,heavy:8003,heavy-service,Potato__Rotten,heavy
1786676502.264,6,predictions_total,heavy,heavy:8003,heavy-service,Potato__Rotten,heavy
1786676507.264,6,predictions_total,heavy,heavy:8003,heavy-service,Potato__Rotten,heavy
1786676512.264,6,predictions_total,heavy,heavy:8003,heavy-service,Potato__Rotten,heavy
1786676517.264,6,predictions_total,heavy,heavy:8003,heavy-service,Potato__Rotten,heavy
1786676522.264,6,predictions_total,heavy,heavy:8003,heavy-service,Potato__Rotten,heavy
1786676527.264,6,predictions_total,heavy,heavy:8003,heavy-service,Potato__Rotten,heavy
1786676532.264,6,predictions_total,heavy,heavy:8003,heavy-service,Potato__Rotten,heavy
1786676537.264,6,predictions_total,heavy,heavy:8003,heavy-service,Potato__Rotten,heavy
1786676542.264,6,predictions_total,heavy,heavy:8003,heavy-service,Potato__Rotten,heavy
1786676547.264,6,predictions_total,heavy,heavy:8003,heavy-service,Potato__Rotten,heavy
1786676552.264,6,predictions_total,heavy,heavy:8003,heavy-service,Potato__Rotten,heavy
1786676557.264,6,predictions_total,heavy,heavy:8003,heavy-service,Potato__Rotten,heavy
1786676562.264,6,predictions_total,heavy,heavy:8003,heavy-service,Potato__Rotten,heavy
1786676567.264,6,predictions_total,heavy,heavy:8003,heavy-service,Potato__Rotten,heavy
1786676572.264,6,predictions_total,heavy,heavy:8003,heavy-service,Potato__Rotten,heavy
1786676577.264,6,predictions_total,heavy,heavy:8003,heavy-service,Potato__Rotten,heavy
1786676582.264,6,predictions_total,heavy,heavy:8003,heavy-service,Potato__Rotten,heavy
1786676587.264,6,predictions_total,heavy,heavy:8003,heavy-service,Potato__Rotten,heavy
1786676592.264,6,predictions_total,heavy,heavy:8003,heavy-service,Potato__Rotten,heavy
1786676597.264,6,predictions_total,heavy,heavy:8003,heavy-service,Potato__Rotten,heavy
1786676602.264,6,predictions_total,heavy,heavy:8003,heavy-service,Potato__Rotten,heavy
1786676607.264,6,predictions_total,heavy,heavy:8003,heavy-service,Potato__Rotten,heavy
1786676612.264,6,predictions_total,heavy,heavy:8003,heavy-service,Potato__Rotten,heavy
1786676617.264,6,predictions_total,heavy,heavy:8003,heavy-service,Potato__Rotten,heavy
1786676622.264,6,predictions_total,heavy,heavy:8003,heavy-service,Potato__Rotten,heavy
1786676627.264,6,predictions_total,heavy,heavy:8003,heavy-service,Potato__Rotten,heavy
1786676632.264,6,predictions_total,heavy,heavy:8003,heavy-service,Potato__Rotten,heavy
1786676637.264,6,predictions_total,heavy,heavy:8003,heavy-service,Potato__Rotten,heavy
1786676642.264,6,predictions_total,heavy,heavy:8003,heavy-service,Potato__Rotten,heavy
1786676647.264,6,predictions_total,heavy,heavy:8003,heavy-service,Potato__Rotten,heavy
1786676652.264,7,predictions_total,heavy,heavy:8003,heavy-service,Potato__Rotten,heavy
1786676657.264,8,predictions_total,heavy,heavy:8003,heavy-service,Potato__Rotten,heavy
1786676662.264,8,predictions_total,heavy,heavy:8003,heavy-service,Potato__Rotten,heavy
1786676667.264,9,predictions_total,heavy,heavy:8003,heavy-service,Potato__Rotten,heavy
1786676672.264,10,predictions_total,heavy,heavy:8003,heavy-service,Potato__Rotten,heavy
1786676677.264,10,predictions_total,heavy,heavy:8003,heavy-service,Potato__Rotten,heavy
1786676682.264,11,predictions_total,heavy,heavy:8003,heavy-service,Potato__Rotten,heavy
1786676687.264,12,predictions_total,heavy,heavy:8003,heavy-service,Potato__Rotten,heavy
1786676692.264,12,predictions_total,heavy,heavy:8003,heavy-service,Potato__Rotten,heavy
1786676697.264,13,predictions_total,heavy,heavy:8003,heavy-service,Potato__Rotten,heavy
1786676702.264,13,predictions_total,heavy,heavy:8003,heavy-service,Potato__Rotten,heavy
1786676707.264,14,predictions_total,heavy,heavy:8003,heavy-service,Potato__Rotten,heavy
1786676712.264,14,predictions_total,heavy,heavy:8003,heavy-service,Potato__Rotten,heavy
1786676717.264,14,predictions_total,heavy,heavy:8003,heavy-service,Potato__Rotten,heavy
1786676722.264,14,predictions_total,heavy,heavy:8003,heavy-service,Potato__Rotten,heavy
1786676727.264,14,predictions_total,heavy,heavy:8003,heavy-service,Potato__Rotten,heavy
1786676732.264,14,predictions_total,heavy,heavy:8003,heavy-service,Potato__Rotten,heavy
1786676737.264,14,predictions_total,heavy,heavy:8003,heavy-service,Potato__Rotten,heavy
1786676742.264,16,predictions_total,heavy,heavy:8003,heavy-service,Potato__Rotten,heavy
1786676747.264,17,predictions_total,heavy,heavy:8003,heavy-service,Potato__Rotten,heavy
1786676752.264,17,predictions_total,heavy,heavy:8003,heavy-service,Potato__Rotten,heavy
1786676757.264,17,predictions_total,heavy,heavy:8003,heavy-service,Potato__Rotten,heavy
1786676762.264,17,predictions_total,heavy,heavy:8003,heavy-service,Potato__Rotten,heavy
1786676767.264,17,predictions_total,heavy,heavy:8003,heavy-service,Potato__Rotten,heavy
1786676772.264,17,predictions_total,heavy,heavy:8003,heavy-service,Potato__Rotten,heavy
1786676777.264,17,predictions_total,heavy,heavy:8003,heavy-service,Potato__Rotten,heavy
1786676782.264,17,predictions_total,heavy,heavy:8003,heavy-service,Potato__Rotten,heavy
1786676787.264,17,predictions_total,heavy,heavy:8003,heavy-service,Potato__Rotten,heavy
1786676792.264,18,predictions_total,heavy,heavy:8003,heavy-service,Potato__Rotten,heavy
1786676797.264,18,predictions_total,heavy,heavy:8003,heavy-service,Potato__Rotten,heavy
1786676802.264,18,predictions_total,heavy,heavy:8003,heavy-service,Potato__Rotten,heavy
1786676807.264,18,predictions_total,heavy,heavy:8003,heavy-service,Potato__Rotten,heavy
1786676812.264,19,predictions_total,heavy,heavy:8003,heavy-service,Potato__Rotten,heavy
1786676817.264,21,predictions_total,heavy,heavy:8003,heavy-service,Potato__Rotten,heavy
1786676822.264,21,predictions_total,heavy,heavy:8003,heavy-service,Potato__Rotten,heavy
1786676827.264,22,predictions_total,heavy,heavy:8003,heavy-service,Potato__Rotten,heavy
1786676832.264,26,predictions_total,heavy,heavy:8003,heavy-service,Potato__Rotten,heavy
1786676837.264,26,predictions_total,heavy,heavy:8003,heavy-service,Potato__Rotten,heavy
1786676842.264,27,predictions_total,heavy,heavy:8003,heavy-service,Potato__Rotten,heavy
1786676847.264,27,predictions_total,heavy,heavy:8003,heavy-service,Potato__Rotten,heavy
1786676852.264,27,predictions_total,heavy,heavy:8003,heavy-service,Potato__Rotten,heavy
1786676857.264,28,predictions_total,heavy,heavy:8003,heavy-service,Potato__Rotten,heavy
1786676862.264,29,predictions_total,heavy,heavy:8003,heavy-service,Potato__Rotten,heavy
1786676867.264,31,predictions_total,heavy,heavy:8003,heavy-service,Potato__Rotten,heavy
1786676872.264,31,predictions_total,heavy,heavy:8003,heavy-service,Potato__Rotten,heavy
1786676877.264,31,predictions_total,heavy,heavy:8003,heavy-service,Potato__Rotten,heavy
1786676882.264,31,predictions_total,heavy,heavy:8003,heavy-service,Potato__Rotten,heavy
1786676887.264,31,predictions_total,heavy,heavy:8003,heavy-service,Potato__Rotten,heavy
1786676892.264,31,predictions_total,heavy,heavy:8003,heavy-service,Potato__Rotten,heavy
1786676897.264,31,predictions_total,heavy,heavy:8003,heavy-service,Potato__Rotten,heavy
1786676902.264,31,predictions_total,heavy,heavy:8003,heavy-service,Potato__Rotten,heavy
1786676907.264,31,predictions_total,heavy,heavy:8003,heavy-service,Potato__Rotten,heavy
1786676912.264,31,predictions_total,heavy,heavy:8003,heavy-service,Potato__Rotten,heavy
1786676917.264,31,predictions_total,heavy,heavy:8003,heavy-service,Potato__Rotten,heavy
1786676922.264,31,predictions_total,heavy,heavy:8003,heavy-service,Potato__Rotten,heavy
1786676927.264,31,predictions_total,heavy,heavy:8003,heavy-service,Potato__Rotten,heavy
1786676932.264,31,predictions_total,heavy,heavy:8003,heavy-service,Potato__Rotten,heavy
1786676937.264,31,predictions_total,heavy,heavy:8003,heavy-service,Potato__Rotten,heavy
1786676942.264,31,predictions_total,heavy,heavy:8003,heavy-service,Potato__Rotten,heavy
1786676947.264,31,predictions_total,heavy,heavy:8003,heavy-service,Potato__Rotten,heavy
1786676952.264,31,predictions_total,heavy,heavy:8003,heavy-service,Potato__Rotten,heavy
1786676957.264,31,predictions_total,heavy,heavy:8003,heavy-service,Potato__Rotten,heavy
1786676962.264,31,predictions_total,heavy,heavy:8003,heavy-service,Potato__Rotten,heavy
1786676967.264,31,predictions_total,heavy,heavy:8003,heavy-service,Potato__Rotten,heavy
1786676972.264,31,predictions_total,heavy,heavy:8003,heavy-service,Potato__Rotten,heavy
1786676977.264,31,predictions_total,heavy,heavy:8003,heavy-service,Potato__Rotten,heavy
1786676982.264,31,predictions_total,heavy,heavy:8003,heavy-service,Potato__Rotten,heavy
1786676987.264,31,predictions_total,heavy,heavy:8003,heavy-service,Potato__Rotten,heavy
1786676992.264,31,predictions_total,heavy,heavy:8003,heavy-service,Potato__Rotten,heavy
1786676997.264,31,predictions_total,heavy,heavy:8003,heavy-service,Potato__Rotten,heavy
1786677002.264,31,predictions_total,heavy,heavy:8003,heavy-service,Potato__Rotten,heavy
1786677007.264,31,predictions_total,heavy,heavy:8003,heavy-service,Potato__Rotten,heavy
1786677012.264,31,predictions_total,heavy,heavy:8003,heavy-service,Potato__Rotten,heavy
1786677017.264,31,predictions_total,heavy,heavy:8003,heavy-service,Potato__Rotten,heavy
1786677022.264,31,predictions_total,heavy,heavy:8003,heavy-service,Potato__Rotten,heavy
1786677027.264,31,predictions_total,heavy,heavy:8003,heavy-service,Potato__Rotten,heavy
1786677032.264,31,predictions_total,heavy,heavy:8003,heavy-service,Potato__Rotten,heavy
1786677037.264,31,predictions_total,heavy,heavy:8003,heavy-service,Potato__Rotten,heavy
1786677042.264,31,predictions_total,heavy,heavy:8003,heavy-service,Potato__Rotten,heavy
1786677047.264,31,predictions_total,heavy,heavy:8003,heavy-service,Potato__Rotten,heavy
1786677052.264,31,predictions_total,heavy,heavy:8003,heavy-service,Potato__Rotten,heavy
1786677057.264,31,predictions_total,heavy,heavy:8003,heavy-service,Potato__Rotten,heavy
1786677062.264,31,predictions_total,heavy,heavy:8003,heavy-service,Potato__Rotten,heavy
1786677067.264,31,predictions_total,heavy,heavy:8003,heavy-service,Potato__Rotten,heavy
1786677072.264,31,predictions_total,heavy,heavy:8003,heavy-service,Potato__Rotten,heavy
1786677077.264,31,predictions_total,heavy,heavy:8003,heavy-service,Potato__Rotten,heavy
1786677082.264,31,predictions_total,heavy,heavy:8003,heavy-service,Potato__Rotten,heavy
1786677087.264,31,predictions_total,heavy,heavy:8003,heavy-service,Potato__Rotten,heavy
1786677092.264,31,predictions_total,heavy,heavy:8003,heavy-service,Potato__Rotten,heavy
1786677097.264,31,predictions_total,heavy,heavy:8003,heavy-service,Potato__Rotten,heavy
1786677102.264,31,predictions_total,heavy,heavy:8003,heavy-service,Potato__Rotten,heavy
1786677107.264,31,predictions_total,heavy,heavy:8003,heavy-service,Potato__Rotten,heavy
1786677112.264,31,predictions_total,heavy,heavy:8003,heavy-service,Potato__Rotten,heavy
1786677117.264,31,predictions_total,heavy,heavy:8003,heavy-service,Potato__Rotten,heavy
1786677122.264,31,predictions_total,heavy,heavy:8003,heavy-service,Potato__Rotten,heavy
1786677127.264,31,predictions_total,heavy,heavy:8003,heavy-service,Potato__Rotten,heavy
1786677132.264,31,predictions_total,heavy,heavy:8003,heavy-service,Potato__Rotten,heavy
1786677137.264,31,predictions_total,heavy,heavy:8003,heavy-service,Potato__Rotten,heavy
1786677142.264,31,predictions_total,heavy,heavy:8003,heavy-service,Potato__Rotten,heavy
1786677147.264,31,predictions_total,heavy,heavy:8003,heavy-service,Potato__Rotten,heavy
1786677152.264,31,predictions_total,heavy,heavy:8003,heavy-service,Potato__Rotten,heavy
1786677157.264,31,predictions_total,heavy,heavy:8003,heavy-service,Potato__Rotten,heavy
1786677162.264,31,predictions_total,heavy,heavy:8003,heavy-service,Potato__Rotten,heavy
1786677167.264,31,predictions_total,heavy,heavy:8003,heavy-service,Potato__Rotten,heavy
1786677172.264,31,predictions_total,heavy,heavy:8003,heavy-service,Potato__Rotten,heavy
1786677177.264,31,predictions_total,heavy,heavy:8003,heavy-service,Potato__Rotten,heavy
1786677182.264,31,predictions_total,heavy,heavy:8003,heavy-service,Potato__Rotten,heavy
1786677187.264,31,predictions_total,heavy,heavy:8003,heavy-service,Potato__Rotten,heavy
1786677192.264,31,predictions_total,heavy,heavy:8003,heavy-service,Potato__Rotten,heavy
1786677197.264,31,predictions_total,heavy,heavy:8003,heavy-service,Potato__Rotten,heavy
1786677202.264,31,predictions_total,heavy,heavy:8003,heavy-service,Potato__Rotten,heavy
1786677207.264,31,predictions_total,heavy,heavy:8003,heavy-service,Potato__Rotten,heavy
1786677212.264,31,predictions_total,heavy,heavy:8003,heavy-service,Potato__Rotten,heavy
1786677217.264,31,predictions_total,heavy,heavy:8003,heavy-service,Potato__Rotten,heavy
1786677222.264,31,predictions_total,heavy,heavy:8003,heavy-service,Potato__Rotten,heavy
1786677227.264,31,predictions_total,heavy,heavy:8003,heavy-service,Potato__Rotten,heavy
1786677232.264,31,predictions_total,heavy,heavy:8003,heavy-service,Potato__Rotten,heavy
1786677237.264,31,predictions_total,heavy,heavy:8003,heavy-service,Potato__Rotten,heavy
1786677242.264,31,predictions_total,heavy,heavy:8003,heavy-service,Potato__Rotten,heavy
1786677247.264,31,predictions_total,heavy,heavy:8003,heavy-service,Potato__Rotten,heavy
1786677252.264,31,predictions_total,heavy,heavy:8003,heavy-service,Potato__Rotten,heavy
1786677257.264,34,predictions_total,heavy,heavy:8003,heavy-service,Potato__Rotten,heavy
1786677262.264,34,predictions_total,heavy,heavy:8003,heavy-service,Potato__Rotten,heavy
1786677267.264,34,predictions_total,heavy,heavy:8003,heavy-service,Potato__Rotten,heavy
1786677272.264,34,predictions_total,heavy,heavy:8003,heavy-service,Potato__Rotten,heavy
1786677277.264,34,predictions_total,heavy,heavy:8003,heavy-service,Potato__Rotten,heavy
1786677282.264,34,predictions_total,heavy,heavy:8003,heavy-service,Potato__Rotten,heavy
1786677287.264,38,predictions_total,heavy,heavy:8003,heavy-service,Potato__Rotten,heavy
1786677292.264,38,predictions_total,heavy,heavy:8003,heavy-service,Potato__Rotten,heavy
1786677297.264,38,predictions_total,heavy,heavy:8003,heavy-service,Potato__Rotten,heavy
1786677302.264,40,predictions_total,heavy,heavy:8003,heavy-service,Potato__Rotten,heavy
1786677307.264,40,predictions_total,heavy,heavy:8003,heavy-service,Potato__Rotten,heavy
1786677312.264,40,predictions_total,heavy,heavy:8003,heavy-service,Potato__Rotten,heavy
1786677317.264,41,predictions_total,heavy,heavy:8003,heavy-service,Potato__Rotten,heavy
1786677322.264,43,predictions_total,heavy,heavy:8003,heavy-service,Potato__Rotten,heavy
1786677327.264,44,predictions_total,heavy,heavy:8003,heavy-service,Potato__Rotten,heavy
1786677332.264,45,predictions_total,heavy,heavy:8003,heavy-service,Potato__Rotten,heavy
1786677337.264,45,predictions_total,heavy,heavy:8003,heavy-service,Potato__Rotten,heavy
1786677342.264,45,predictions_total,heavy,heavy:8003,heavy-service,Potato__Rotten,heavy
1786677347.264,46,predictions_total,heavy,heavy:8003,heavy-service,Potato__Rotten,heavy
1786677352.264,47,predictions_total,heavy,heavy:8003,heavy-service,Potato__Rotten,heavy
1786677357.264,48,predictions_total,heavy,heavy:8003,heavy-service,Potato__Rotten,heavy
1786677362.264,48,predictions_total,heavy,heavy:8003,heavy-service,Potato__Rotten,heavy
1786677367.264,49,predictions_total,heavy,heavy:8003,heavy-service,Potato__Rotten,heavy
1786677372.264,50,predictions_total,heavy,heavy:8003,heavy-service,Potato__Rotten,heavy
1786677377.264,50,predictions_total,heavy,heavy:8003,heavy-service,Potato__Rotten,heavy
1786677382.264,50,predictions_total,heavy,heavy:8003,heavy-service,Potato__Rotten,heavy
1786677387.264,50,predictions_total,heavy,heavy:8003,heavy-service,Potato__Rotten,heavy
1786677392.264,50,predictions_total,heavy,heavy:8003,heavy-service,Potato__Rotten,heavy
1786677397.264,50,predictions_total,heavy,heavy:8003,heavy-service,Potato__Rotten,heavy
1786677402.264,51,predictions_total,heavy,heavy:8003,heavy-service,Potato__Rotten,heavy
1786677407.264,51,predictions_total,heavy,heavy:8003,heavy-service,Potato__Rotten,heavy
1786677412.264,51,predictions_total,heavy,heavy:8003,heavy-service,Potato__Rotten,heavy
1786677417.264,52,predictions_total,heavy,heavy:8003,heavy-service,Potato__Rotten,heavy
1786677422.264,52,predictions_total,heavy,heavy:8003,heavy-service,Potato__Rotten,heavy
1786677427.264,52,predictions_total,heavy,heavy:8003,heavy-service,Potato__Rotten,heavy
1786677432.264,53,predictions_total,heavy,heavy:8003,heavy-service,Potato__Rotten,heavy
1786677437.264,55,predictions_total,heavy,heavy:8003,heavy-service,Potato__Rotten,heavy
1786677442.264,57,predictions_total,heavy,heavy:8003,heavy-service,Potato__Rotten,heavy
1786677447.264,57,predictions_total,heavy,heavy:8003,heavy-service,Potato__Rotten,heavy
1786676362.264,1,predictions_total,heavy,heavy:8003,heavy-service,Strawberry__Healthy,heavy
1786676367.264,1,predictions_total,heavy,heavy:8003,heavy-service,Strawberry__Healthy,heavy
1786676372.264,1,predictions_total,heavy,heavy:8003,heavy-service,Strawberry__Healthy,heavy
1786676377.264,1,predictions_total,heavy,heavy:8003,heavy-service,Strawberry__Healthy,heavy
1786676382.264,3,predictions_total,heavy,heavy:8003,heavy-service,Strawberry__Healthy,heavy
1786676387.264,6,predictions_total,heavy,heavy:8003,heavy-service,Strawberry__Healthy,heavy
1786676392.264,7,predictions_total,heavy,heavy:8003,heavy-service,Strawberry__Healthy,heavy
1786676397.264,8,predictions_total,heavy,heavy:8003,heavy-service,Strawberry__Healthy,heavy
1786676402.264,9,predictions_total,heavy,heavy:8003,heavy-service,Strawberry__Healthy,heavy
1786676407.264,9,predictions_total,heavy,heavy:8003,heavy-service,Strawberry__Healthy,heavy
1786676412.264,9,predictions_total,heavy,heavy:8003,heavy-service,Strawberry__Healthy,heavy
1786676417.264,9,predictions_total,heavy,heavy:8003,heavy-service,Strawberry__Healthy,heavy
1786676422.264,9,predictions_total,heavy,heavy:8003,heavy-service,Strawberry__Healthy,heavy
1786676427.264,9,predictions_total,heavy,heavy:8003,heavy-service,Strawberry__Healthy,heavy
1786676432.264,9,predictions_total,heavy,heavy:8003,heavy-service,Strawberry__Healthy,heavy
1786676437.264,9,predictions_total,heavy,heavy:8003,heavy-service,Strawberry__Healthy,heavy
1786676442.264,9,predictions_total,heavy,heavy:8003,heavy-service,Strawberry__Healthy,heavy
1786676447.264,9,predictions_total,heavy,heavy:8003,heavy-service,Strawberry__Healthy,heavy
1786676452.264,9,predictions_total,heavy,heavy:8003,heavy-service,Strawberry__Healthy,heavy
1786676457.264,9,predictions_total,heavy,heavy:8003,heavy-service,Strawberry__Healthy,heavy
1786676462.264,9,predictions_total,heavy,heavy:8003,heavy-service,Strawberry__Healthy,heavy
1786676467.264,9,predictions_total,heavy,heavy:8003,heavy-service,Strawberry__Healthy,heavy
1786676472.264,9,predictions_total,heavy,heavy:8003,heavy-service,Strawberry__Healthy,heavy
1786676477.264,9,predictions_total,heavy,heavy:8003,heavy-service,Strawberry__Healthy,heavy
1786676482.264,9,predictions_total,heavy,heavy:8003,heavy-service,Strawberry__Healthy,heavy
1786676487.264,9,predictions_total,heavy,heavy:8003,heavy-service,Strawberry__Healthy,heavy
1786676492.264,9,predictions_total,heavy,heavy:8003,heavy-service,Strawberry__Healthy,heavy
1786676497.264,9,predictions_total,heavy,heavy:8003,heavy-service,Strawberry__Healthy,heavy
1786676502.264,9,predictions_total,heavy,heavy:8003,heavy-service,Strawberry__Healthy,heavy
1786676507.264,9,predictions_total,heavy,heavy:8003,heavy-service,Strawberry__Healthy,heavy
1786676512.264,9,predictions_total,heavy,heavy:8003,heavy-service,Strawberry__Healthy,heavy
1786676517.264,9,predictions_total,heavy,heavy:8003,heavy-service,Strawberry__Healthy,heavy
1786676522.264,9,predictions_total,heavy,heavy:8003,heavy-service,Strawberry__Healthy,heavy
1786676527.264,9,predictions_total,heavy,heavy:8003,heavy-service,Strawberry__Healthy,heavy
1786676532.264,9,predictions_total,heavy,heavy:8003,heavy-service,Strawberry__Healthy,heavy
1786676537.264,9,predictions_total,heavy,heavy:8003,heavy-service,Strawberry__Healthy,heavy
1786676542.264,9,predictions_total,heavy,heavy:8003,heavy-service,Strawberry__Healthy,heavy
1786676547.264,9,predictions_total,heavy,heavy:8003,heavy-service,Strawberry__Healthy,heavy
1786676552.264,9,predictions_total,heavy,heavy:8003,heavy-service,Strawberry__Healthy,heavy
1786676557.264,9,predictions_total,heavy,heavy:8003,heavy-service,Strawberry__Healthy,heavy
1786676562.264,9,predictions_total,heavy,heavy:8003,heavy-service,Strawberry__Healthy,heavy
1786676567.264,9,predictions_total,heavy,heavy:8003,heavy-service,Strawberry__Healthy,heavy
1786676572.264,9,predictions_total,heavy,heavy:8003,heavy-service,Strawberry__Healthy,heavy
1786676577.264,9,predictions_total,heavy,heavy:8003,heavy-service,Strawberry__Healthy,heavy
1786676582.264,9,predictions_total,heavy,heavy:8003,heavy-service,Strawberry__Healthy,heavy
1786676587.264,9,predictions_total,heavy,heavy:8003,heavy-service,Strawberry__Healthy,heavy
1786676592.264,9,predictions_total,heavy,heavy:8003,heavy-service,Strawberry__Healthy,heavy
1786676597.264,9,predictions_total,heavy,heavy:8003,heavy-service,Strawberry__Healthy,heavy
1786676602.264,9,predictions_total,heavy,heavy:8003,heavy-service,Strawberry__Healthy,heavy
1786676607.264,9,predictions_total,heavy,heavy:8003,heavy-service,Strawberry__Healthy,heavy
1786676612.264,9,predictions_total,heavy,heavy:8003,heavy-service,Strawberry__Healthy,heavy
1786676617.264,9,predictions_total,heavy,heavy:8003,heavy-service,Strawberry__Healthy,heavy
1786676622.264,9,predictions_total,heavy,heavy:8003,heavy-service,Strawberry__Healthy,heavy
1786676627.264,9,predictions_total,heavy,heavy:8003,heavy-service,Strawberry__Healthy,heavy
1786676632.264,9,predictions_total,heavy,heavy:8003,heavy-service,Strawberry__Healthy,heavy
1786676637.264,9,predictions_total,heavy,heavy:8003,heavy-service,Strawberry__Healthy,heavy
1786676642.264,9,predictions_total,heavy,heavy:8003,heavy-service,Strawberry__Healthy,heavy
1786676647.264,9,predictions_total,heavy,heavy:8003,heavy-service,Strawberry__Healthy,heavy
1786676652.264,9,predictions_total,heavy,heavy:8003,heavy-service,Strawberry__Healthy,heavy
1786676657.264,9,predictions_total,heavy,heavy:8003,heavy-service,Strawberry__Healthy,heavy
1786676662.264,9,predictions_total,heavy,heavy:8003,heavy-service,Strawberry__Healthy,heavy
1786676667.264,9,predictions_total,heavy,heavy:8003,heavy-service,Strawberry__Healthy,heavy
1786676672.264,9,predictions_total,heavy,heavy:8003,heavy-service,Strawberry__Healthy,heavy
1786676677.264,9,predictions_total,heavy,heavy:8003,heavy-service,Strawberry__Healthy,heavy
1786676682.264,9,predictions_total,heavy,heavy:8003,heavy-service,Strawberry__Healthy,heavy
1786676687.264,9,predictions_total,heavy,heavy:8003,heavy-service,Strawberry__Healthy,heavy
1786676692.264,10,predictions_total,heavy,heavy:8003,heavy-service,Strawberry__Healthy,heavy
1786676697.264,10,predictions_total,heavy,heavy:8003,heavy-service,Strawberry__Healthy,heavy
1786676702.264,11,predictions_total,heavy,heavy:8003,heavy-service,Strawberry__Healthy,heavy
1786676707.264,12,predictions_total,heavy,heavy:8003,heavy-service,Strawberry__Healthy,heavy
1786676712.264,12,predictions_total,heavy,heavy:8003,heavy-service,Strawberry__Healthy,heavy
1786676717.264,12,predictions_total,heavy,heavy:8003,heavy-service,Strawberry__Healthy,heavy
1786676722.264,13,predictions_total,heavy,heavy:8003,heavy-service,Strawberry__Healthy,heavy
1786676727.264,13,predictions_total,heavy,heavy:8003,heavy-service,Strawberry__Healthy,heavy
1786676732.264,13,predictions_total,heavy,heavy:8003,heavy-service,Strawberry__Healthy,heavy
1786676737.264,13,predictions_total,heavy,heavy:8003,heavy-service,Strawberry__Healthy,heavy
1786676742.264,13,predictions_total,heavy,heavy:8003,heavy-service,Strawberry__Healthy,heavy
1786676747.264,14,predictions_total,heavy,heavy:8003,heavy-service,Strawberry__Healthy,heavy
1786676752.264,14,predictions_total,heavy,heavy:8003,heavy-service,Strawberry__Healthy,heavy
1786676757.264,14,predictions_total,heavy,heavy:8003,heavy-service,Strawberry__Healthy,heavy
1786676762.264,14,predictions_total,heavy,heavy:8003,heavy-service,Strawberry__Healthy,heavy
1786676767.264,14,predictions_total,heavy,heavy:8003,heavy-service,Strawberry__Healthy,heavy
1786676772.264,14,predictions_total,heavy,heavy:8003,heavy-service,Strawberry__Healthy,heavy
1786676777.264,14,predictions_total,heavy,heavy:8003,heavy-service,Strawberry__Healthy,heavy
1786676782.264,14,predictions_total,heavy,heavy:8003,heavy-service,Strawberry__Healthy,heavy
1786676787.264,14,predictions_total,heavy,heavy:8003,heavy-service,Strawberry__Healthy,heavy
1786676792.264,14,predictions_total,heavy,heavy:8003,heavy-service,Strawberry__Healthy,heavy
1786676797.264,14,predictions_total,heavy,heavy:8003,heavy-service,Strawberry__Healthy,heavy
1786676802.264,14,predictions_total,heavy,heavy:8003,heavy-service,Strawberry__Healthy,heavy
1786676807.264,16,predictions_total,heavy,heavy:8003,heavy-service,Strawberry__Healthy,heavy
1786676812.264,18,predictions_total,heavy,heavy:8003,heavy-service,Strawberry__Healthy,heavy
1786676817.264,20,predictions_total,heavy,heavy:8003,heavy-service,Strawberry__Healthy,heavy
1786676822.264,20,predictions_total,heavy,heavy:8003,heavy-service,Strawberry__Healthy,heavy
1786676827.264,20,predictions_total,heavy,heavy:8003,heavy-service,Strawberry__Healthy,heavy
1786676832.264,20,predictions_total,heavy,heavy:8003,heavy-service,Strawberry__Healthy,heavy
1786676837.264,20,predictions_total,heavy,heavy:8003,heavy-service,Strawberry__Healthy,heavy
1786676842.264,24,predictions_total,heavy,heavy:8003,heavy-service,Strawberry__Healthy,heavy
1786676847.264,24,predictions_total,heavy,heavy:8003,heavy-service,Strawberry__Healthy,heavy
1786676852.264,26,predictions_total,heavy,heavy:8003,heavy-service,Strawberry__Healthy,heavy
1786676857.264,28,predictions_total,heavy,heavy:8003,heavy-service,Strawberry__Healthy,heavy
1786676862.264,29,predictions_total,heavy,heavy:8003,heavy-service,Strawberry__Healthy,heavy
1786676867.264,32,predictions_total,heavy,heavy:8003,heavy-service,Strawberry__Healthy,heavy
1786676872.264,32,predictions_total,heavy,heavy:8003,heavy-service,Strawberry__Healthy,heavy
1786676877.264,32,predictions_total,heavy,heavy:8003,heavy-service,Strawberry__Healthy,heavy
1786676882.264,32,predictions_total,heavy,heavy:8003,heavy-service,Strawberry__Healthy,heavy
1786676887.264,32,predictions_total,heavy,heavy:8003,heavy-service,Strawberry__Healthy,heavy
1786676892.264,32,predictions_total,heavy,heavy:8003,heavy-service,Strawberry__Healthy,heavy
1786676897.264,32,predictions_total,heavy,heavy:8003,heavy-service,Strawberry__Healthy,heavy
1786676902.264,32,predictions_total,heavy,heavy:8003,heavy-service,Strawberry__Healthy,heavy
1786676907.264,32,predictions_total,heavy,heavy:8003,heavy-service,Strawberry__Healthy,heavy
1786676912.264,32,predictions_total,heavy,heavy:8003,heavy-service,Strawberry__Healthy,heavy
1786676917.264,32,predictions_total,heavy,heavy:8003,heavy-service,Strawberry__Healthy,heavy
1786676922.264,32,predictions_total,heavy,heavy:8003,heavy-service,Strawberry__Healthy,heavy
1786676927.264,32,predictions_total,heavy,heavy:8003,heavy-service,Strawberry__Healthy,heavy
1786676932.264,32,predictions_total,heavy,heavy:8003,heavy-service,Strawberry__Healthy,heavy
1786676937.264,32,predictions_total,heavy,heavy:8003,heavy-service,Strawberry__Healthy,heavy
1786676942.264,32,predictions_total,heavy,heavy:8003,heavy-service,Strawberry__Healthy,heavy
1786676947.264,32,predictions_total,heavy,heavy:8003,heavy-service,Strawberry__Healthy,heavy
1786676952.264,32,predictions_total,heavy,heavy:8003,heavy-service,Strawberry__Healthy,heavy
1786676957.264,32,predictions_total,heavy,heavy:8003,heavy-service,Strawberry__Healthy,heavy
1786676962.264,32,predictions_total,heavy,heavy:8003,heavy-service,Strawberry__Healthy,heavy
1786676967.264,32,predictions_total,heavy,heavy:8003,heavy-service,Strawberry__Healthy,heavy
1786676972.264,32,predictions_total,heavy,heavy:8003,heavy-service,Strawberry__Healthy,heavy
1786676977.264,32,predictions_total,heavy,heavy:8003,heavy-service,Strawberry__Healthy,heavy
1786676982.264,32,predictions_total,heavy,heavy:8003,heavy-service,Strawberry__Healthy,heavy
1786676987.264,32,predictions_total,heavy,heavy:8003,heavy-service,Strawberry__Healthy,heavy
1786676992.264,32,predictions_total,heavy,heavy:8003,heavy-service,Strawberry__Healthy,heavy
1786676997.264,32,predictions_total,heavy,heavy:8003,heavy-service,Strawberry__Healthy,heavy
1786677002.264,32,predictions_total,heavy,heavy:8003,heavy-service,Strawberry__Healthy,heavy
1786677007.264,32,predictions_total,heavy,heavy:8003,heavy-service,Strawberry__Healthy,heavy
1786677012.264,32,predictions_total,heavy,heavy:8003,heavy-service,Strawberry__Healthy,heavy
1786677017.264,32,predictions_total,heavy,heavy:8003,heavy-service,Strawberry__Healthy,heavy
1786677022.264,32,predictions_total,heavy,heavy:8003,heavy-service,Strawberry__Healthy,heavy
1786677027.264,32,predictions_total,heavy,heavy:8003,heavy-service,Strawberry__Healthy,heavy
1786677032.264,32,predictions_total,heavy,heavy:8003,heavy-service,Strawberry__Healthy,heavy
1786677037.264,32,predictions_total,heavy,heavy:8003,heavy-service,Strawberry__Healthy,heavy
1786677042.264,32,predictions_total,heavy,heavy:8003,heavy-service,Strawberry__Healthy,heavy
1786677047.264,32,predictions_total,heavy,heavy:8003,heavy-service,Strawberry__Healthy,heavy
1786677052.264,32,predictions_total,heavy,heavy:8003,heavy-service,Strawberry__Healthy,heavy
1786677057.264,32,predictions_total,heavy,heavy:8003,heavy-service,Strawberry__Healthy,heavy
1786677062.264,32,predictions_total,heavy,heavy:8003,heavy-service,Strawberry__Healthy,heavy
1786677067.264,32,predictions_total,heavy,heavy:8003,heavy-service,Strawberry__Healthy,heavy
1786677072.264,32,predictions_total,heavy,heavy:8003,heavy-service,Strawberry__Healthy,heavy
1786677077.264,32,predictions_total,heavy,heavy:8003,heavy-service,Strawberry__Healthy,heavy
1786677082.264,32,predictions_total,heavy,heavy:8003,heavy-service,Strawberry__Healthy,heavy
1786677087.264,32,predictions_total,heavy,heavy:8003,heavy-service,Strawberry__Healthy,heavy
1786677092.264,32,predictions_total,heavy,heavy:8003,heavy-service,Strawberry__Healthy,heavy
1786677097.264,32,predictions_total,heavy,heavy:8003,heavy-service,Strawberry__Healthy,heavy
1786677102.264,32,predictions_total,heavy,heavy:8003,heavy-service,Strawberry__Healthy,heavy
1786677107.264,32,predictions_total,heavy,heavy:8003,heavy-service,Strawberry__Healthy,heavy
1786677112.264,32,predictions_total,heavy,heavy:8003,heavy-service,Strawberry__Healthy,heavy
1786677117.264,32,predictions_total,heavy,heavy:8003,heavy-service,Strawberry__Healthy,heavy
1786677122.264,32,predictions_total,heavy,heavy:8003,heavy-service,Strawberry__Healthy,heavy
1786677127.264,32,predictions_total,heavy,heavy:8003,heavy-service,Strawberry__Healthy,heavy
1786677132.264,32,predictions_total,heavy,heavy:8003,heavy-service,Strawberry__Healthy,heavy
1786677137.264,32,predictions_total,heavy,heavy:8003,heavy-service,Strawberry__Healthy,heavy
1786677142.264,32,predictions_total,heavy,heavy:8003,heavy-service,Strawberry__Healthy,heavy
1786677147.264,32,predictions_total,heavy,heavy:8003,heavy-service,Strawberry__Healthy,heavy
1786677152.264,32,predictions_total,heavy,heavy:8003,heavy-service,Strawberry__Healthy,heavy
1786677157.264,32,predictions_total,heavy,heavy:8003,heavy-service,Strawberry__Healthy,heavy
1786677162.264,32,predictions_total,heavy,heavy:8003,heavy-service,Strawberry__Healthy,heavy
1786677167.264,32,predictions_total,heavy,heavy:8003,heavy-service,Strawberry__Healthy,heavy
1786677172.264,32,predictions_total,heavy,heavy:8003,heavy-service,Strawberry__Healthy,heavy
1786677177.264,32,predictions_total,heavy,heavy:8003,heavy-service,Strawberry__Healthy,heavy
1786677182.264,32,predictions_total,heavy,heavy:8003,heavy-service,Strawberry__Healthy,heavy
1786677187.264,32,predictions_total,heavy,heavy:8003,heavy-service,Strawberry__Healthy,heavy
1786677192.264,32,predictions_total,heavy,heavy:8003,heavy-service,Strawberry__Healthy,heavy
1786677197.264,32,predictions_total,heavy,heavy:8003,heavy-service,Strawberry__Healthy,heavy
1786677202.264,32,predictions_total,heavy,heavy:8003,heavy-service,Strawberry__Healthy,heavy
1786677207.264,32,predictions_total,heavy,heavy:8003,heavy-service,Strawberry__Healthy,heavy
1786677212.264,32,predictions_total,heavy,heavy:8003,heavy-service,Strawberry__Healthy,heavy
1786677217.264,32,predictions_total,heavy,heavy:8003,heavy-service,Strawberry__Healthy,heavy
1786677222.264,32,predictions_total,heavy,heavy:8003,heavy-service,Strawberry__Healthy,heavy
1786677227.264,32,predictions_total,heavy,heavy:8003,heavy-service,Strawberry__Healthy,heavy
1786677232.264,32,predictions_total,heavy,heavy:8003,heavy-service,Strawberry__Healthy,heavy
1786677237.264,32,predictions_total,heavy,heavy:8003,heavy-service,Strawberry__Healthy,heavy
1786677242.264,32,predictions_total,heavy,heavy:8003,heavy-service,Strawberry__Healthy,heavy
1786677247.264,32,predictions_total,heavy,heavy:8003,heavy-service,Strawberry__Healthy,heavy
1786677252.264,32,predictions_total,heavy,heavy:8003,heavy-service,Strawberry__Healthy,heavy
1786677257.264,32,predictions_total,heavy,heavy:8003,heavy-service,Strawberry__Healthy,heavy
1786677262.264,32,predictions_total,heavy,heavy:8003,heavy-service,Strawberry__Healthy,heavy
1786677267.264,32,predictions_total,heavy,heavy:8003,heavy-service,Strawberry__Healthy,heavy
1786677272.264,32,predictions_total,heavy,heavy:8003,heavy-service,Strawberry__Healthy,heavy
1786677277.264,32,predictions_total,heavy,heavy:8003,heavy-service,Strawberry__Healthy,heavy
1786677282.264,32,predictions_total,heavy,heavy:8003,heavy-service,Strawberry__Healthy,heavy
1786677287.264,32,predictions_total,heavy,heavy:8003,heavy-service,Strawberry__Healthy,heavy
1786677292.264,32,predictions_total,heavy,heavy:8003,heavy-service,Strawberry__Healthy,heavy
1786677297.264,33,predictions_total,heavy,heavy:8003,heavy-service,Strawberry__Healthy,heavy
1786677302.264,34,predictions_total,heavy,heavy:8003,heavy-service,Strawberry__Healthy,heavy
1786677307.264,34,predictions_total,heavy,heavy:8003,heavy-service,Strawberry__Healthy,heavy
1786677312.264,34,predictions_total,heavy,heavy:8003,heavy-service,Strawberry__Healthy,heavy
1786677317.264,34,predictions_total,heavy,heavy:8003,heavy-service,Strawberry__Healthy,heavy
1786677322.264,35,predictions_total,heavy,heavy:8003,heavy-service,Strawberry__Healthy,heavy
1786677327.264,36,predictions_total,heavy,heavy:8003,heavy-service,Strawberry__Healthy,heavy
1786677332.264,37,predictions_total,heavy,heavy:8003,heavy-service,Strawberry__Healthy,heavy
1786677337.264,40,predictions_total,heavy,heavy:8003,heavy-service,Strawberry__Healthy,heavy
1786677342.264,40,predictions_total,heavy,heavy:8003,heavy-service,Strawberry__Healthy,heavy
1786677347.264,40,predictions_total,heavy,heavy:8003,heavy-service,Strawberry__Healthy,heavy
1786677352.264,40,predictions_total,heavy,heavy:8003,heavy-service,Strawberry__Healthy,heavy
1786677357.264,40,predictions_total,heavy,heavy:8003,heavy-service,Strawberry__Healthy,heavy
1786677362.264,40,predictions_total,heavy,heavy:8003,heavy-service,Strawberry__Healthy,heavy
1786677367.264,40,predictions_total,heavy,heavy:8003,heavy-service,Strawberry__Healthy,heavy
1786677372.264,40,predictions_total,heavy,heavy:8003,heavy-service,Strawberry__Healthy,heavy
1786677377.264,40,predictions_total,heavy,heavy:8003,heavy-service,Strawberry__Healthy,heavy
1786677382.264,41,predictions_total,heavy,heavy:8003,heavy-service,Strawberry__Healthy,heavy
1786677387.264,41,predictions_total,heavy,heavy:8003,heavy-service,Strawberry__Healthy,heavy
1786677392.264,43,predictions_total,heavy,heavy:8003,heavy-service,Strawberry__Healthy,heavy
1786677397.264,44,predictions_total,heavy,heavy:8003,heavy-service,Strawberry__Healthy,heavy
1786677402.264,45,predictions_total,heavy,heavy:8003,heavy-service,Strawberry__Healthy,heavy
1786677407.264,45,predictions_total,heavy,heavy:8003,heavy-service,Strawberry__Healthy,heavy
1786677412.264,45,predictions_total,heavy,heavy:8003,heavy-service,Strawberry__Healthy,heavy
1786677417.264,45,predictions_total,heavy,heavy:8003,heavy-service,Strawberry__Healthy,heavy
1786677422.264,47,predictions_total,heavy,heavy:8003,heavy-service,Strawberry__Healthy,heavy
1786677427.264,48,predictions_total,heavy,heavy:8003,heavy-service,Strawberry__Healthy,heavy
1786677432.264,51,predictions_total,heavy,heavy:8003,heavy-service,Strawberry__Healthy,heavy
1786677437.264,52,predictions_total,heavy,heavy:8003,heavy-service,Strawberry__Healthy,heavy
1786677442.264,53,predictions_total,heavy,heavy:8003,heavy-service,Strawberry__Healthy,heavy
1786677447.264,53,predictions_total,heavy,heavy:8003,heavy-service,Strawberry__Healthy,heavy
1786676392.264,1,predictions_total,heavy,heavy:8003,heavy-service,Strawberry__Rotten,heavy
1786676397.264,1,predictions_total,heavy,heavy:8003,heavy-service,Strawberry__Rotten,heavy
1786676402.264,1,predictions_total,heavy,heavy:8003,heavy-service,Strawberry__Rotten,heavy
1786676407.264,1,predictions_total,heavy,heavy:8003,heavy-service,Strawberry__Rotten,heavy
1786676412.264,1,predictions_total,heavy,heavy:8003,heavy-service,Strawberry__Rotten,heavy
1786676417.264,1,predictions_total,heavy,heavy:8003,heavy-service,Strawberry__Rotten,heavy
1786676422.264,1,predictions_total,heavy,heavy:8003,heavy-service,Strawberry__Rotten,heavy
1786676427.264,1,predictions_total,heavy,heavy:8003,heavy-service,Strawberry__Rotten,heavy
1786676432.264,1,predictions_total,heavy,heavy:8003,heavy-service,Strawberry__Rotten,heavy
1786676437.264,1,predictions_total,heavy,heavy:8003,heavy-service,Strawberry__Rotten,heavy
1786676442.264,1,predictions_total,heavy,heavy:8003,heavy-service,Strawberry__Rotten,heavy
1786676447.264,1,predictions_total,heavy,heavy:8003,heavy-service,Strawberry__Rotten,heavy
1786676452.264,1,predictions_total,heavy,heavy:8003,heavy-service,Strawberry__Rotten,heavy
1786676457.264,1,predictions_total,heavy,heavy:8003,heavy-service,Strawberry__Rotten,heavy
1786676462.264,1,predictions_total,heavy,heavy:8003,heavy-service,Strawberry__Rotten,heavy
1786676467.264,1,predictions_total,heavy,heavy:8003,heavy-service,Strawberry__Rotten,heavy
1786676472.264,1,predictions_total,heavy,heavy:8003,heavy-service,Strawberry__Rotten,heavy
1786676477.264,1,predictions_total,heavy,heavy:8003,heavy-service,Strawberry__Rotten,heavy
1786676482.264,1,predictions_total,heavy,heavy:8003,heavy-service,Strawberry__Rotten,heavy
1786676487.264,1,predictions_total,heavy,heavy:8003,heavy-service,Strawberry__Rotten,heavy
1786676492.264,1,predictions_total,heavy,heavy:8003,heavy-service,Strawberry__Rotten,heavy
1786676497.264,1,predictions_total,heavy,heavy:8003,heavy-service,Strawberry__Rotten,heavy
1786676502.264,1,predictions_total,heavy,heavy:8003,heavy-service,Strawberry__Rotten,heavy
1786676507.264,1,predictions_total,heavy,heavy:8003,heavy-service,Strawberry__Rotten,heavy
1786676512.264,1,predictions_total,heavy,heavy:8003,heavy-service,Strawberry__Rotten,heavy
1786676517.264,1,predictions_total,heavy,heavy:8003,heavy-service,Strawberry__Rotten,heavy
1786676522.264,1,predictions_total,heavy,heavy:8003,heavy-service,Strawberry__Rotten,heavy
1786676527.264,1,predictions_total,heavy,heavy:8003,heavy-service,Strawberry__Rotten,heavy
1786676532.264,1,predictions_total,heavy,heavy:8003,heavy-service,Strawberry__Rotten,heavy
1786676537.264,1,predictions_total,heavy,heavy:8003,heavy-service,Strawberry__Rotten,heavy
1786676542.264,1,predictions_total,heavy,heavy:8003,heavy-service,Strawberry__Rotten,heavy
1786676547.264,1,predictions_total,heavy,heavy:8003,heavy-service,Strawberry__Rotten,heavy
1786676552.264,1,predictions_total,heavy,heavy:8003,heavy-service,Strawberry__Rotten,heavy
1786676557.264,1,predictions_total,heavy,heavy:8003,heavy-service,Strawberry__Rotten,heavy
1786676562.264,1,predictions_total,heavy,heavy:8003,heavy-service,Strawberry__Rotten,heavy
1786676567.264,1,predictions_total,heavy,heavy:8003,heavy-service,Strawberry__Rotten,heavy
1786676572.264,1,predictions_total,heavy,heavy:8003,heavy-service,Strawberry__Rotten,heavy
1786676577.264,1,predictions_total,heavy,heavy:8003,heavy-service,Strawberry__Rotten,heavy
1786676582.264,1,predictions_total,heavy,heavy:8003,heavy-service,Strawberry__Rotten,heavy
1786676587.264,1,predictions_total,heavy,heavy:8003,heavy-service,Strawberry__Rotten,heavy
1786676592.264,1,predictions_total,heavy,heavy:8003,heavy-service,Strawberry__Rotten,heavy
1786676597.264,1,predictions_total,heavy,heavy:8003,heavy-service,Strawberry__Rotten,heavy
1786676602.264,1,predictions_total,heavy,heavy:8003,heavy-service,Strawberry__Rotten,heavy
1786676607.264,1,predictions_total,heavy,heavy:8003,heavy-service,Strawberry__Rotten,heavy
1786676612.264,1,predictions_total,heavy,heavy:8003,heavy-service,Strawberry__Rotten,heavy
1786676617.264,1,predictions_total,heavy,heavy:8003,heavy-service,Strawberry__Rotten,heavy
1786676622.264,1,predictions_total,heavy,heavy:8003,heavy-service,Strawberry__Rotten,heavy
1786676627.264,1,predictions_total,heavy,heavy:8003,heavy-service,Strawberry__Rotten,heavy
1786676632.264,1,predictions_total,heavy,heavy:8003,heavy-service,Strawberry__Rotten,heavy
1786676637.264,1,predictions_total,heavy,heavy:8003,heavy-service,Strawberry__Rotten,heavy
1786676642.264,1,predictions_total,heavy,heavy:8003,heavy-service,Strawberry__Rotten,heavy
1786676647.264,1,predictions_total,heavy,heavy:8003,heavy-service,Strawberry__Rotten,heavy
1786676652.264,1,predictions_total,heavy,heavy:8003,heavy-service,Strawberry__Rotten,heavy
1786676657.264,1,predictions_total,heavy,heavy:8003,heavy-service,Strawberry__Rotten,heavy
1786676662.264,2,predictions_total,heavy,heavy:8003,heavy-service,Strawberry__Rotten,heavy
1786676667.264,2,predictions_total,heavy,heavy:8003,heavy-service,Strawberry__Rotten,heavy
1786676672.264,3,predictions_total,heavy,heavy:8003,heavy-service,Strawberry__Rotten,heavy
1786676677.264,3,predictions_total,heavy,heavy:8003,heavy-service,Strawberry__Rotten,heavy
1786676682.264,3,predictions_total,heavy,heavy:8003,heavy-service,Strawberry__Rotten,heavy
1786676687.264,4,predictions_total,heavy,heavy:8003,heavy-service,Strawberry__Rotten,heavy
1786676692.264,4,predictions_total,heavy,heavy:8003,heavy-service,Strawberry__Rotten,heavy
1786676697.264,6,predictions_total,heavy,heavy:8003,heavy-service,Strawberry__Rotten,heavy
1786676702.264,6,predictions_total,heavy,heavy:8003,heavy-service,Strawberry__Rotten,heavy
1786676707.264,7,predictions_total,heavy,heavy:8003,heavy-service,Strawberry__Rotten,heavy
1786676712.264,7,predictions_total,heavy,heavy:8003,heavy-service,Strawberry__Rotten,heavy
1786676717.264,8,predictions_total,heavy,heavy:8003,heavy-service,Strawberry__Rotten,heavy
1786676722.264,8,predictions_total,heavy,heavy:8003,heavy-service,Strawberry__Rotten,heavy
1786676727.264,10,predictions_total,heavy,heavy:8003,heavy-service,Strawberry__Rotten,heavy
1786676732.264,11,predictions_total,heavy,heavy:8003,heavy-service,Strawberry__Rotten,heavy
1786676737.264,11,predictions_total,heavy,heavy:8003,heavy-service,Strawberry__Rotten,heavy
1786676742.264,11,predictions_total,heavy,heavy:8003,heavy-service,Strawberry__Rotten,heavy
1786676747.264,11,predictions_total,heavy,heavy:8003,heavy-service,Strawberry__Rotten,heavy
1786676752.264,11,predictions_total,heavy,heavy:8003,heavy-service,Strawberry__Rotten,heavy
1786676757.264,11,predictions_total,heavy,heavy:8003,heavy-service,Strawberry__Rotten,heavy
1786676762.264,11,predictions_total,heavy,heavy:8003,heavy-service,Strawberry__Rotten,heavy
1786676767.264,11,predictions_total,heavy,heavy:8003,heavy-service,Strawberry__Rotten,heavy
1786676772.264,11,predictions_total,heavy,heavy:8003,heavy-service,Strawberry__Rotten,heavy
1786676777.264,11,predictions_total,heavy,heavy:8003,heavy-service,Strawberry__Rotten,heavy
1786676782.264,11,predictions_total,heavy,heavy:8003,heavy-service,Strawberry__Rotten,heavy
1786676787.264,11,predictions_total,heavy,heavy:8003,heavy-service,Strawberry__Rotten,heavy
1786676792.264,11,predictions_total,heavy,heavy:8003,heavy-service,Strawberry__Rotten,heavy
1786676797.264,11,predictions_total,heavy,heavy:8003,heavy-service,Strawberry__Rotten,heavy
1786676802.264,11,predictions_total,heavy,heavy:8003,heavy-service,Strawberry__Rotten,heavy
1786676807.264,11,predictions_total,heavy,heavy:8003,heavy-service,Strawberry__Rotten,heavy
1786676812.264,11,predictions_total,heavy,heavy:8003,heavy-service,Strawberry__Rotten,heavy
1786676817.264,11,predictions_total,heavy,heavy:8003,heavy-service,Strawberry__Rotten,heavy
1786676822.264,11,predictions_total,heavy,heavy:8003,heavy-service,Strawberry__Rotten,heavy
1786676827.264,11,predictions_total,heavy,heavy:8003,heavy-service,Strawberry__Rotten,heavy
1786676832.264,11,predictions_total,heavy,heavy:8003,heavy-service,Strawberry__Rotten,heavy
1786676837.264,11,predictions_total,heavy,heavy:8003,heavy-service,Strawberry__Rotten,heavy
1786676842.264,12,predictions_total,heavy,heavy:8003,heavy-service,Strawberry__Rotten,heavy
1786676847.264,12,predictions_total,heavy,heavy:8003,heavy-service,Strawberry__Rotten,heavy
1786676852.264,13,predictions_total,heavy,heavy:8003,heavy-service,Strawberry__Rotten,heavy
1786676857.264,13,predictions_total,heavy,heavy:8003,heavy-service,Strawberry__Rotten,heavy
1786676862.264,15,predictions_total,heavy,heavy:8003,heavy-service,Strawberry__Rotten,heavy
1786676867.264,16,predictions_total,heavy,heavy:8003,heavy-service,Strawberry__Rotten,heavy
1786676872.264,16,predictions_total,heavy,heavy:8003,heavy-service,Strawberry__Rotten,heavy
1786676877.264,16,predictions_total,heavy,heavy:8003,heavy-service,Strawberry__Rotten,heavy
1786676882.264,16,predictions_total,heavy,heavy:8003,heavy-service,Strawberry__Rotten,heavy
1786676887.264,16,predictions_total,heavy,heavy:8003,heavy-service,Strawberry__Rotten,heavy
1786676892.264,16,predictions_total,heavy,heavy:8003,heavy-service,Strawberry__Rotten,heavy
1786676897.264,16,predictions_total,heavy,heavy:8003,heavy-service,Strawberry__Rotten,heavy
1786676902.264,16,predictions_total,heavy,heavy:8003,heavy-service,Strawberry__Rotten,heavy
1786676907.264,16,predictions_total,heavy,heavy:8003,heavy-service,Strawberry__Rotten,heavy
1786676912.264,16,predictions_total,heavy,heavy:8003,heavy-service,Strawberry__Rotten,heavy
1786676917.264,16,predictions_total,heavy,heavy:8003,heavy-service,Strawberry__Rotten,heavy
1786676922.264,16,predictions_total,heavy,heavy:8003,heavy-service,Strawberry__Rotten,heavy
1786676927.264,16,predictions_total,heavy,heavy:8003,heavy-service,Strawberry__Rotten,heavy
1786676932.264,16,predictions_total,heavy,heavy:8003,heavy-service,Strawberry__Rotten,heavy
1786676937.264,16,predictions_total,heavy,heavy:8003,heavy-service,Strawberry__Rotten,heavy
1786676942.264,16,predictions_total,heavy,heavy:8003,heavy-service,Strawberry__Rotten,heavy
1786676947.264,16,predictions_total,heavy,heavy:8003,heavy-service,Strawberry__Rotten,heavy
1786676952.264,16,predictions_total,heavy,heavy:8003,heavy-service,Strawberry__Rotten,heavy
1786676957.264,16,predictions_total,heavy,heavy:8003,heavy-service,Strawberry__Rotten,heavy
1786676962.264,16,predictions_total,heavy,heavy:8003,heavy-service,Strawberry__Rotten,heavy
1786676967.264,16,predictions_total,heavy,heavy:8003,heavy-service,Strawberry__Rotten,heavy
1786676972.264,16,predictions_total,heavy,heavy:8003,heavy-service,Strawberry__Rotten,heavy
1786676977.264,16,predictions_total,heavy,heavy:8003,heavy-service,Strawberry__Rotten,heavy
1786676982.264,16,predictions_total,heavy,heavy:8003,heavy-service,Strawberry__Rotten,heavy
1786676987.264,16,predictions_total,heavy,heavy:8003,heavy-service,Strawberry__Rotten,heavy
1786676992.264,16,predictions_total,heavy,heavy:8003,heavy-service,Strawberry__Rotten,heavy
1786676997.264,16,predictions_total,heavy,heavy:8003,heavy-service,Strawberry__Rotten,heavy
1786677002.264,16,predictions_total,heavy,heavy:8003,heavy-service,Strawberry__Rotten,heavy
1786677007.264,16,predictions_total,heavy,heavy:8003,heavy-service,Strawberry__Rotten,heavy
1786677012.264,16,predictions_total,heavy,heavy:8003,heavy-service,Strawberry__Rotten,heavy
1786677017.264,16,predictions_total,heavy,heavy:8003,heavy-service,Strawberry__Rotten,heavy
1786677022.264,16,predictions_total,heavy,heavy:8003,heavy-service,Strawberry__Rotten,heavy
1786677027.264,16,predictions_total,heavy,heavy:8003,heavy-service,Strawberry__Rotten,heavy
1786677032.264,16,predictions_total,heavy,heavy:8003,heavy-service,Strawberry__Rotten,heavy
1786677037.264,16,predictions_total,heavy,heavy:8003,heavy-service,Strawberry__Rotten,heavy
1786677042.264,16,predictions_total,heavy,heavy:8003,heavy-service,Strawberry__Rotten,heavy
1786677047.264,16,predictions_total,heavy,heavy:8003,heavy-service,Strawberry__Rotten,heavy
1786677052.264,16,predictions_total,heavy,heavy:8003,heavy-service,Strawberry__Rotten,heavy
1786677057.264,16,predictions_total,heavy,heavy:8003,heavy-service,Strawberry__Rotten,heavy
1786677062.264,16,predictions_total,heavy,heavy:8003,heavy-service,Strawberry__Rotten,heavy
1786677067.264,16,predictions_total,heavy,heavy:8003,heavy-service,Strawberry__Rotten,heavy
1786677072.264,16,predictions_total,heavy,heavy:8003,heavy-service,Strawberry__Rotten,heavy
1786677077.264,16,predictions_total,heavy,heavy:8003,heavy-service,Strawberry__Rotten,heavy
1786677082.264,16,predictions_total,heavy,heavy:8003,heavy-service,Strawberry__Rotten,heavy
1786677087.264,16,predictions_total,heavy,heavy:8003,heavy-service,Strawberry__Rotten,heavy
1786677092.264,16,predictions_total,heavy,heavy:8003,heavy-service,Strawberry__Rotten,heavy
1786677097.264,16,predictions_total,heavy,heavy:8003,heavy-service,Strawberry__Rotten,heavy
1786677102.264,16,predictions_total,heavy,heavy:8003,heavy-service,Strawberry__Rotten,heavy
1786677107.264,16,predictions_total,heavy,heavy:8003,heavy-service,Strawberry__Rotten,heavy
1786677112.264,16,predictions_total,heavy,heavy:8003,heavy-service,Strawberry__Rotten,heavy
1786677117.264,16,predictions_total,heavy,heavy:8003,heavy-service,Strawberry__Rotten,heavy
1786677122.264,16,predictions_total,heavy,heavy:8003,heavy-service,Strawberry__Rotten,heavy
1786677127.264,16,predictions_total,heavy,heavy:8003,heavy-service,Strawberry__Rotten,heavy
1786677132.264,16,predictions_total,heavy,heavy:8003,heavy-service,Strawberry__Rotten,heavy
1786677137.264,16,predictions_total,heavy,heavy:8003,heavy-service,Strawberry__Rotten,heavy
1786677142.264,16,predictions_total,heavy,heavy:8003,heavy-service,Strawberry__Rotten,heavy
1786677147.264,16,predictions_total,heavy,heavy:8003,heavy-service,Strawberry__Rotten,heavy
1786677152.264,16,predictions_total,heavy,heavy:8003,heavy-service,Strawberry__Rotten,heavy
1786677157.264,16,predictions_total,heavy,heavy:8003,heavy-service,Strawberry__Rotten,heavy
1786677162.264,16,predictions_total,heavy,heavy:8003,heavy-service,Strawberry__Rotten,heavy
1786677167.264,16,predictions_total,heavy,heavy:8003,heavy-service,Strawberry__Rotten,heavy
1786677172.264,16,predictions_total,heavy,heavy:8003,heavy-service,Strawberry__Rotten,heavy
1786677177.264,16,predictions_total,heavy,heavy:8003,heavy-service,Strawberry__Rotten,heavy
1786677182.264,16,predictions_total,heavy,heavy:8003,heavy-service,Strawberry__Rotten,heavy
1786677187.264,16,predictions_total,heavy,heavy:8003,heavy-service,Strawberry__Rotten,heavy
1786677192.264,16,predictions_total,heavy,heavy:8003,heavy-service,Strawberry__Rotten,heavy
1786677197.264,16,predictions_total,heavy,heavy:8003,heavy-service,Strawberry__Rotten,heavy
1786677202.264,16,predictions_total,heavy,heavy:8003,heavy-service,Strawberry__Rotten,heavy
1786677207.264,16,predictions_total,heavy,heavy:8003,heavy-service,Strawberry__Rotten,heavy
1786677212.264,16,predictions_total,heavy,heavy:8003,heavy-service,Strawberry__Rotten,heavy
1786677217.264,16,predictions_total,heavy,heavy:8003,heavy-service,Strawberry__Rotten,heavy
1786677222.264,16,predictions_total,heavy,heavy:8003,heavy-service,Strawberry__Rotten,heavy
1786677227.264,16,predictions_total,heavy,heavy:8003,heavy-service,Strawberry__Rotten,heavy
1786677232.264,16,predictions_total,heavy,heavy:8003,heavy-service,Strawberry__Rotten,heavy
1786677237.264,16,predictions_total,heavy,heavy:8003,heavy-service,Strawberry__Rotten,heavy
1786677242.264,16,predictions_total,heavy,heavy:8003,heavy-service,Strawberry__Rotten,heavy
1786677247.264,18,predictions_total,heavy,heavy:8003,heavy-service,Strawberry__Rotten,heavy
1786677252.264,18,predictions_total,heavy,heavy:8003,heavy-service,Strawberry__Rotten,heavy
1786677257.264,18,predictions_total,heavy,heavy:8003,heavy-service,Strawberry__Rotten,heavy
1786677262.264,18,predictions_total,heavy,heavy:8003,heavy-service,Strawberry__Rotten,heavy
1786677267.264,18,predictions_total,heavy,heavy:8003,heavy-service,Strawberry__Rotten,heavy
1786677272.264,18,predictions_total,heavy,heavy:8003,heavy-service,Strawberry__Rotten,heavy
1786677277.264,18,predictions_total,heavy,heavy:8003,heavy-service,Strawberry__Rotten,heavy
1786677282.264,20,predictions_total,heavy,heavy:8003,heavy-service,Strawberry__Rotten,heavy
1786677287.264,21,predictions_total,heavy,heavy:8003,heavy-service,Strawberry__Rotten,heavy
1786677292.264,21,predictions_total,heavy,heavy:8003,heavy-service,Strawberry__Rotten,heavy
1786677297.264,21,predictions_total,heavy,heavy:8003,heavy-service,Strawberry__Rotten,heavy
1786677302.264,21,predictions_total,heavy,heavy:8003,heavy-service,Strawberry__Rotten,heavy
1786677307.264,22,predictions_total,heavy,heavy:8003,heavy-service,Strawberry__Rotten,heavy
1786677312.264,22,predictions_total,heavy,heavy:8003,heavy-service,Strawberry__Rotten,heavy
1786677317.264,22,predictions_total,heavy,heavy:8003,heavy-service,Strawberry__Rotten,heavy
1786677322.264,25,predictions_total,heavy,heavy:8003,heavy-service,Strawberry__Rotten,heavy
1786677327.264,26,predictions_total,heavy,heavy:8003,heavy-service,Strawberry__Rotten,heavy
1786677332.264,26,predictions_total,heavy,heavy:8003,heavy-service,Strawberry__Rotten,heavy
1786677337.264,28,predictions_total,heavy,heavy:8003,heavy-service,Strawberry__Rotten,heavy
1786677342.264,28,predictions_total,heavy,heavy:8003,heavy-service,Strawberry__Rotten,heavy
1786677347.264,28,predictions_total,heavy,heavy:8003,heavy-service,Strawberry__Rotten,heavy
1786677352.264,28,predictions_total,heavy,heavy:8003,heavy-service,Strawberry__Rotten,heavy
1786677357.264,28,predictions_total,heavy,heavy:8003,heavy-service,Strawberry__Rotten,heavy
1786677362.264,28,predictions_total,heavy,heavy:8003,heavy-service,Strawberry__Rotten,heavy
1786677367.264,28,predictions_total,heavy,heavy:8003,heavy-service,Strawberry__Rotten,heavy
1786677372.264,28,predictions_total,heavy,heavy:8003,heavy-service,Strawberry__Rotten,heavy
1786677377.264,28,predictions_total,heavy,heavy:8003,heavy-service,Strawberry__Rotten,heavy
1786677382.264,28,predictions_total,heavy,heavy:8003,heavy-service,Strawberry__Rotten,heavy
1786677387.264,28,predictions_total,heavy,heavy:8003,heavy-service,Strawberry__Rotten,heavy
1786677392.264,29,predictions_total,heavy,heavy:8003,heavy-service,Strawberry__Rotten,heavy
1786677397.264,29,predictions_total,heavy,heavy:8003,heavy-service,Strawberry__Rotten,heavy
1786677402.264,29,predictions_total,heavy,heavy:8003,heavy-service,Strawberry__Rotten,heavy
1786677407.264,29,predictions_total,heavy,heavy:8003,heavy-service,Strawberry__Rotten,heavy
1786677412.264,29,predictions_total,heavy,heavy:8003,heavy-service,Strawberry__Rotten,heavy
1786677417.264,29,predictions_total,heavy,heavy:8003,heavy-service,Strawberry__Rotten,heavy
1786677422.264,29,predictions_total,heavy,heavy:8003,heavy-service,Strawberry__Rotten,heavy
1786677427.264,30,predictions_total,heavy,heavy:8003,heavy-service,Strawberry__Rotten,heavy
1786677432.264,31,predictions_total,heavy,heavy:8003,heavy-service,Strawberry__Rotten,heavy
1786677437.264,32,predictions_total,heavy,heavy:8003,heavy-service,Strawberry__Rotten,heavy
1786677442.264,32,predictions_total,heavy,heavy:8003,heavy-service,Strawberry__Rotten,heavy
1786677447.264,32,predictions_total,heavy,heavy:8003,heavy-service,Strawberry__Rotten,heavy
1786676687.264,1,predictions_total,heavy,heavy:8003,heavy-service,Tomato__Healthy,heavy
1786676692.264,2,predictions_total,heavy,heavy:8003,heavy-service,Tomato__Healthy,heavy
1786676697.264,2,predictions_total,heavy,heavy:8003,heavy-service,Tomato__Healthy,heavy
1786676702.264,3,predictions_total,heavy,heavy:8003,heavy-service,Tomato__Healthy,heavy
1786676707.264,4,predictions_total,heavy,heavy:8003,heavy-service,Tomato__Healthy,heavy
1786676712.264,4,predictions_total,heavy,heavy:8003,heavy-service,Tomato__Healthy,heavy
1786676717.264,4,predictions_total,heavy,heavy:8003,heavy-service,Tomato__Healthy,heavy
1786676722.264,6,predictions_total,heavy,heavy:8003,heavy-service,Tomato__Healthy,heavy
1786676727.264,8,predictions_total,heavy,heavy:8003,heavy-service,Tomato__Healthy,heavy
1786676732.264,11,predictions_total,heavy,heavy:8003,heavy-service,Tomato__Healthy,heavy
1786676737.264,13,predictions_total,heavy,heavy:8003,heavy-service,Tomato__Healthy,heavy
1786676742.264,16,predictions_total,heavy,heavy:8003,heavy-service,Tomato__Healthy,heavy
1786676747.264,17,predictions_total,heavy,heavy:8003,heavy-service,Tomato__Healthy,heavy
1786676752.264,17,predictions_total,heavy,heavy:8003,heavy-service,Tomato__Healthy,heavy
1786676757.264,17,predictions_total,heavy,heavy:8003,heavy-service,Tomato__Healthy,heavy
1786676762.264,17,predictions_total,heavy,heavy:8003,heavy-service,Tomato__Healthy,heavy
1786676767.264,17,predictions_total,heavy,heavy:8003,heavy-service,Tomato__Healthy,heavy
1786676772.264,17,predictions_total,heavy,heavy:8003,heavy-service,Tomato__Healthy,heavy
1786676777.264,17,predictions_total,heavy,heavy:8003,heavy-service,Tomato__Healthy,heavy
1786676782.264,17,predictions_total,heavy,heavy:8003,heavy-service,Tomato__Healthy,heavy
1786676787.264,17,predictions_total,heavy,heavy:8003,heavy-service,Tomato__Healthy,heavy
1786676792.264,17,predictions_total,heavy,heavy:8003,heavy-service,Tomato__Healthy,heavy
1786676797.264,17,predictions_total,heavy,heavy:8003,heavy-service,Tomato__Healthy,heavy
1786676802.264,17,predictions_total,heavy,heavy:8003,heavy-service,Tomato__Healthy,heavy
1786676807.264,17,predictions_total,heavy,heavy:8003,heavy-service,Tomato__Healthy,heavy
1786676812.264,17,predictions_total,heavy,heavy:8003,heavy-service,Tomato__Healthy,heavy
1786676817.264,17,predictions_total,heavy,heavy:8003,heavy-service,Tomato__Healthy,heavy
1786676822.264,17,predictions_total,heavy,heavy:8003,heavy-service,Tomato__Healthy,heavy
1786676827.264,17,predictions_total,heavy,heavy:8003,heavy-service,Tomato__Healthy,heavy
1786676832.264,17,predictions_total,heavy,heavy:8003,heavy-service,Tomato__Healthy,heavy
1786676837.264,17,predictions_total,heavy,heavy:8003,heavy-service,Tomato__Healthy,heavy
1786676842.264,17,predictions_total,heavy,heavy:8003,heavy-service,Tomato__Healthy,heavy
1786676847.264,17,predictions_total,heavy,heavy:8003,heavy-service,Tomato__Healthy,heavy
1786676852.264,17,predictions_total,heavy,heavy:8003,heavy-service,Tomato__Healthy,heavy
1786676857.264,17,predictions_total,heavy,heavy:8003,heavy-service,Tomato__Healthy,heavy
1786676862.264,17,predictions_total,heavy,heavy:8003,heavy-service,Tomato__Healthy,heavy
1786676867.264,17,predictions_total,heavy,heavy:8003,heavy-service,Tomato__Healthy,heavy
1786676872.264,17,predictions_total,heavy,heavy:8003,heavy-service,Tomato__Healthy,heavy
1786676877.264,17,predictions_total,heavy,heavy:8003,heavy-service,Tomato__Healthy,heavy
1786676882.264,17,predictions_total,heavy,heavy:8003,heavy-service,Tomato__Healthy,heavy
1786676887.264,17,predictions_total,heavy,heavy:8003,heavy-service,Tomato__Healthy,heavy
1786676892.264,17,predictions_total,heavy,heavy:8003,heavy-service,Tomato__Healthy,heavy
1786676897.264,17,predictions_total,heavy,heavy:8003,heavy-service,Tomato__Healthy,heavy
1786676902.264,17,predictions_total,heavy,heavy:8003,heavy-service,Tomato__Healthy,heavy
1786676907.264,17,predictions_total,heavy,heavy:8003,heavy-service,Tomato__Healthy,heavy
1786676912.264,17,predictions_total,heavy,heavy:8003,heavy-service,Tomato__Healthy,heavy
1786676917.264,17,predictions_total,heavy,heavy:8003,heavy-service,Tomato__Healthy,heavy
1786676922.264,17,predictions_total,heavy,heavy:8003,heavy-service,Tomato__Healthy,heavy
1786676927.264,17,predictions_total,heavy,heavy:8003,heavy-service,Tomato__Healthy,heavy
1786676932.264,17,predictions_total,heavy,heavy:8003,heavy-service,Tomato__Healthy,heavy
1786676937.264,17,predictions_total,heavy,heavy:8003,heavy-service,Tomato__Healthy,heavy
1786676942.264,17,predictions_total,heavy,heavy:8003,heavy-service,Tomato__Healthy,heavy
1786676947.264,17,predictions_total,heavy,heavy:8003,heavy-service,Tomato__Healthy,heavy
1786676952.264,17,predictions_total,heavy,heavy:8003,heavy-service,Tomato__Healthy,heavy
1786676957.264,17,predictions_total,heavy,heavy:8003,heavy-service,Tomato__Healthy,heavy
1786676962.264,17,predictions_total,heavy,heavy:8003,heavy-service,Tomato__Healthy,heavy
1786676967.264,17,predictions_total,heavy,heavy:8003,heavy-service,Tomato__Healthy,heavy
1786676972.264,17,predictions_total,heavy,heavy:8003,heavy-service,Tomato__Healthy,heavy
1786676977.264,17,predictions_total,heavy,heavy:8003,heavy-service,Tomato__Healthy,heavy
1786676982.264,17,predictions_total,heavy,heavy:8003,heavy-service,Tomato__Healthy,heavy
1786676987.264,17,predictions_total,heavy,heavy:8003,heavy-service,Tomato__Healthy,heavy
1786676992.264,17,predictions_total,heavy,heavy:8003,heavy-service,Tomato__Healthy,heavy
1786676997.264,17,predictions_total,heavy,heavy:8003,heavy-service,Tomato__Healthy,heavy
1786677002.264,17,predictions_total,heavy,heavy:8003,heavy-service,Tomato__Healthy,heavy
1786677007.264,17,predictions_total,heavy,heavy:8003,heavy-service,Tomato__Healthy,heavy
1786677012.264,17,predictions_total,heavy,heavy:8003,heavy-service,Tomato__Healthy,heavy
1786677017.264,17,predictions_total,heavy,heavy:8003,heavy-service,Tomato__Healthy,heavy
1786677022.264,17,predictions_total,heavy,heavy:8003,heavy-service,Tomato__Healthy,heavy
1786677027.264,17,predictions_total,heavy,heavy:8003,heavy-service,Tomato__Healthy,heavy
1786677032.264,17,predictions_total,heavy,heavy:8003,heavy-service,Tomato__Healthy,heavy
1786677037.264,17,predictions_total,heavy,heavy:8003,heavy-service,Tomato__Healthy,heavy
1786677042.264,17,predictions_total,heavy,heavy:8003,heavy-service,Tomato__Healthy,heavy
1786677047.264,17,predictions_total,heavy,heavy:8003,heavy-service,Tomato__Healthy,heavy
1786677052.264,17,predictions_total,heavy,heavy:8003,heavy-service,Tomato__Healthy,heavy
1786677057.264,17,predictions_total,heavy,heavy:8003,heavy-service,Tomato__Healthy,heavy
1786677062.264,17,predictions_total,heavy,heavy:8003,heavy-service,Tomato__Healthy,heavy
1786677067.264,17,predictions_total,heavy,heavy:8003,heavy-service,Tomato__Healthy,heavy
1786677072.264,17,predictions_total,heavy,heavy:8003,heavy-service,Tomato__Healthy,heavy
1786677077.264,17,predictions_total,heavy,heavy:8003,heavy-service,Tomato__Healthy,heavy
1786677082.264,17,predictions_total,heavy,heavy:8003,heavy-service,Tomato__Healthy,heavy
1786677087.264,17,predictions_total,heavy,heavy:8003,heavy-service,Tomato__Healthy,heavy
1786677092.264,17,predictions_total,heavy,heavy:8003,heavy-service,Tomato__Healthy,heavy
1786677097.264,17,predictions_total,heavy,heavy:8003,heavy-service,Tomato__Healthy,heavy
1786677102.264,17,predictions_total,heavy,heavy:8003,heavy-service,Tomato__Healthy,heavy
1786677107.264,17,predictions_total,heavy,heavy:8003,heavy-service,Tomato__Healthy,heavy
1786677112.264,17,predictions_total,heavy,heavy:8003,heavy-service,Tomato__Healthy,heavy
1786677117.264,17,predictions_total,heavy,heavy:8003,heavy-service,Tomato__Healthy,heavy
1786677122.264,17,predictions_total,heavy,heavy:8003,heavy-service,Tomato__Healthy,heavy
1786677127.264,17,predictions_total,heavy,heavy:8003,heavy-service,Tomato__Healthy,heavy
1786677132.264,17,predictions_total,heavy,heavy:8003,heavy-service,Tomato__Healthy,heavy
1786677137.264,17,predictions_total,heavy,heavy:8003,heavy-service,Tomato__Healthy,heavy
1786677142.264,17,predictions_total,heavy,heavy:8003,heavy-service,Tomato__Healthy,heavy
1786677147.264,17,predictions_total,heavy,heavy:8003,heavy-service,Tomato__Healthy,heavy
1786677152.264,17,predictions_total,heavy,heavy:8003,heavy-service,Tomato__Healthy,heavy
1786677157.264,17,predictions_total,heavy,heavy:8003,heavy-service,Tomato__Healthy,heavy
1786677162.264,17,predictions_total,heavy,heavy:8003,heavy-service,Tomato__Healthy,heavy
1786677167.264,17,predictions_total,heavy,heavy:8003,heavy-service,Tomato__Healthy,heavy
1786677172.264,17,predictions_total,heavy,heavy:8003,heavy-service,Tomato__Healthy,heavy
1786677177.264,17,predictions_total,heavy,heavy:8003,heavy-service,Tomato__Healthy,heavy
1786677182.264,17,predictions_total,heavy,heavy:8003,heavy-service,Tomato__Healthy,heavy
1786677187.264,17,predictions_total,heavy,heavy:8003,heavy-service,Tomato__Healthy,heavy
1786677192.264,17,predictions_total,heavy,heavy:8003,heavy-service,Tomato__Healthy,heavy
1786677197.264,17,predictions_total,heavy,heavy:8003,heavy-service,Tomato__Healthy,heavy
1786677202.264,17,predictions_total,heavy,heavy:8003,heavy-service,Tomato__Healthy,heavy
1786677207.264,17,predictions_total,heavy,heavy:8003,heavy-service,Tomato__Healthy,heavy
1786677212.264,17,predictions_total,heavy,heavy:8003,heavy-service,Tomato__Healthy,heavy
1786677217.264,17,predictions_total,heavy,heavy:8003,heavy-service,Tomato__Healthy,heavy
1786677222.264,17,predictions_total,heavy,heavy:8003,heavy-service,Tomato__Healthy,heavy
1786677227.264,17,predictions_total,heavy,heavy:8003,heavy-service,Tomato__Healthy,heavy
1786677232.264,17,predictions_total,heavy,heavy:8003,heavy-service,Tomato__Healthy,heavy
1786677237.264,17,predictions_total,heavy,heavy:8003,heavy-service,Tomato__Healthy,heavy
1786677242.264,17,predictions_total,heavy,heavy:8003,heavy-service,Tomato__Healthy,heavy
1786677247.264,17,predictions_total,heavy,heavy:8003,heavy-service,Tomato__Healthy,heavy
1786677252.264,17,predictions_total,heavy,heavy:8003,heavy-service,Tomato__Healthy,heavy
1786677257.264,17,predictions_total,heavy,heavy:8003,heavy-service,Tomato__Healthy,heavy
1786677262.264,17,predictions_total,heavy,heavy:8003,heavy-service,Tomato__Healthy,heavy
1786677267.264,17,predictions_total,heavy,heavy:8003,heavy-service,Tomato__Healthy,heavy
1786677272.264,17,predictions_total,heavy,heavy:8003,heavy-service,Tomato__Healthy,heavy
1786677277.264,17,predictions_total,heavy,heavy:8003,heavy-service,Tomato__Healthy,heavy
1786677282.264,17,predictions_total,heavy,heavy:8003,heavy-service,Tomato__Healthy,heavy
1786677287.264,20,predictions_total,heavy,heavy:8003,heavy-service,Tomato__Healthy,heavy
1786677292.264,20,predictions_total,heavy,heavy:8003,heavy-service,Tomato__Healthy,heavy
1786677297.264,20,predictions_total,heavy,heavy:8003,heavy-service,Tomato__Healthy,heavy
1786677302.264,21,predictions_total,heavy,heavy:8003,heavy-service,Tomato__Healthy,heavy
1786677307.264,21,predictions_total,heavy,heavy:8003,heavy-service,Tomato__Healthy,heavy
1786677312.264,21,predictions_total,heavy,heavy:8003,heavy-service,Tomato__Healthy,heavy
1786677317.264,21,predictions_total,heavy,heavy:8003,heavy-service,Tomato__Healthy,heavy
1786677322.264,23,predictions_total,heavy,heavy:8003,heavy-service,Tomato__Healthy,heavy
1786677327.264,25,predictions_total,heavy,heavy:8003,heavy-service,Tomato__Healthy,heavy
1786677332.264,26,predictions_total,heavy,heavy:8003,heavy-service,Tomato__Healthy,heavy
1786677337.264,32,predictions_total,heavy,heavy:8003,heavy-service,Tomato__Healthy,heavy
1786677342.264,32,predictions_total,heavy,heavy:8003,heavy-service,Tomato__Healthy,heavy
1786677347.264,32,predictions_total,heavy,heavy:8003,heavy-service,Tomato__Healthy,heavy
1786677352.264,32,predictions_total,heavy,heavy:8003,heavy-service,Tomato__Healthy,heavy
1786677357.264,32,predictions_total,heavy,heavy:8003,heavy-service,Tomato__Healthy,heavy
1786677362.264,32,predictions_total,heavy,heavy:8003,heavy-service,Tomato__Healthy,heavy
1786677367.264,32,predictions_total,heavy,heavy:8003,heavy-service,Tomato__Healthy,heavy
1786677372.264,32,predictions_total,heavy,heavy:8003,heavy-service,Tomato__Healthy,heavy
1786677377.264,32,predictions_total,heavy,heavy:8003,heavy-service,Tomato__Healthy,heavy
1786677382.264,32,predictions_total,heavy,heavy:8003,heavy-service,Tomato__Healthy,heavy
1786677387.264,32,predictions_total,heavy,heavy:8003,heavy-service,Tomato__Healthy,heavy
1786677392.264,32,predictions_total,heavy,heavy:8003,heavy-service,Tomato__Healthy,heavy
1786677397.264,32,predictions_total,heavy,heavy:8003,heavy-service,Tomato__Healthy,heavy
1786677402.264,32,predictions_total,heavy,heavy:8003,heavy-service,Tomato__Healthy,heavy
1786677407.264,32,predictions_total,heavy,heavy:8003,heavy-service,Tomato__Healthy,heavy
1786677412.264,32,predictions_total,heavy,heavy:8003,heavy-service,Tomato__Healthy,heavy
1786677417.264,32,predictions_total,heavy,heavy:8003,heavy-service,Tomato__Healthy,heavy
1786677422.264,32,predictions_total,heavy,heavy:8003,heavy-service,Tomato__Healthy,heavy
1786677427.264,32,predictions_total,heavy,heavy:8003,heavy-service,Tomato__Healthy,heavy
1786677432.264,32,predictions_total,heavy,heavy:8003,heavy-service,Tomato__Healthy,heavy
1786677437.264,32,predictions_total,heavy,heavy:8003,heavy-service,Tomato__Healthy,heavy
1786677442.264,32,predictions_total,heavy,heavy:8003,heavy-service,Tomato__Healthy,heavy
1786677447.264,32,predictions_total,heavy,heavy:8003,heavy-service,Tomato__Healthy,heavy
1786676362.264,1,predictions_total,heavy,heavy:8003,heavy-service,Tomato__Rotten,heavy
1786676367.264,1,predictions_total,heavy,heavy:8003,heavy-service,Tomato__Rotten,heavy
1786676372.264,1,predictions_total,heavy,heavy:8003,heavy-service,Tomato__Rotten,heavy
1786676377.264,1,predictions_total,heavy,heavy:8003,heavy-service,Tomato__Rotten,heavy
1786676382.264,1,predictions_total,heavy,heavy:8003,heavy-service,Tomato__Rotten,heavy
1786676387.264,1,predictions_total,heavy,heavy:8003,heavy-service,Tomato__Rotten,heavy
1786676392.264,1,predictions_total,heavy,heavy:8003,heavy-service,Tomato__Rotten,heavy
1786676397.264,1,predictions_total,heavy,heavy:8003,heavy-service,Tomato__Rotten,heavy
1786676402.264,1,predictions_total,heavy,heavy:8003,heavy-service,Tomato__Rotten,heavy
1786676407.264,1,predictions_total,heavy,heavy:8003,heavy-service,Tomato__Rotten,heavy
1786676412.264,1,predictions_total,heavy,heavy:8003,heavy-service,Tomato__Rotten,heavy
1786676417.264,1,predictions_total,heavy,heavy:8003,heavy-service,Tomato__Rotten,heavy
1786676422.264,1,predictions_total,heavy,heavy:8003,heavy-service,Tomato__Rotten,heavy
1786676427.264,1,predictions_total,heavy,heavy:8003,heavy-service,Tomato__Rotten,heavy
1786676432.264,1,predictions_total,heavy,heavy:8003,heavy-service,Tomato__Rotten,heavy
1786676437.264,1,predictions_total,heavy,heavy:8003,heavy-service,Tomato__Rotten,heavy
1786676442.264,1,predictions_total,heavy,heavy:8003,heavy-service,Tomato__Rotten,heavy
1786676447.264,1,predictions_total,heavy,heavy:8003,heavy-service,Tomato__Rotten,heavy
1786676452.264,1,predictions_total,heavy,heavy:8003,heavy-service,Tomato__Rotten,heavy
1786676457.264,1,predictions_total,heavy,heavy:8003,heavy-service,Tomato__Rotten,heavy
1786676462.264,1,predictions_total,heavy,heavy:8003,heavy-service,Tomato__Rotten,heavy
1786676467.264,1,predictions_total,heavy,heavy:8003,heavy-service,Tomato__Rotten,heavy
1786676472.264,1,predictions_total,heavy,heavy:8003,heavy-service,Tomato__Rotten,heavy
1786676477.264,1,predictions_total,heavy,heavy:8003,heavy-service,Tomato__Rotten,heavy
1786676482.264,1,predictions_total,heavy,heavy:8003,heavy-service,Tomato__Rotten,heavy
1786676487.264,1,predictions_total,heavy,heavy:8003,heavy-service,Tomato__Rotten,heavy
1786676492.264,1,predictions_total,heavy,heavy:8003,heavy-service,Tomato__Rotten,heavy
1786676497.264,1,predictions_total,heavy,heavy:8003,heavy-service,Tomato__Rotten,heavy
1786676502.264,1,predictions_total,heavy,heavy:8003,heavy-service,Tomato__Rotten,heavy
1786676507.264,1,predictions_total,heavy,heavy:8003,heavy-service,Tomato__Rotten,heavy
1786676512.264,1,predictions_total,heavy,heavy:8003,heavy-service,Tomato__Rotten,heavy
1786676517.264,1,predictions_total,heavy,heavy:8003,heavy-service,Tomato__Rotten,heavy
1786676522.264,1,predictions_total,heavy,heavy:8003,heavy-service,Tomato__Rotten,heavy
1786676527.264,1,predictions_total,heavy,heavy:8003,heavy-service,Tomato__Rotten,heavy
1786676532.264,1,predictions_total,heavy,heavy:8003,heavy-service,Tomato__Rotten,heavy
1786676537.264,1,predictions_total,heavy,heavy:8003,heavy-service,Tomato__Rotten,heavy
1786676542.264,1,predictions_total,heavy,heavy:8003,heavy-service,Tomato__Rotten,heavy
1786676547.264,1,predictions_total,heavy,heavy:8003,heavy-service,Tomato__Rotten,heavy
1786676552.264,1,predictions_total,heavy,heavy:8003,heavy-service,Tomato__Rotten,heavy
1786676557.264,1,predictions_total,heavy,heavy:8003,heavy-service,Tomato__Rotten,heavy
1786676562.264,1,predictions_total,heavy,heavy:8003,heavy-service,Tomato__Rotten,heavy
1786676567.264,1,predictions_total,heavy,heavy:8003,heavy-service,Tomato__Rotten,heavy
1786676572.264,1,predictions_total,heavy,heavy:8003,heavy-service,Tomato__Rotten,heavy
1786676577.264,1,predictions_total,heavy,heavy:8003,heavy-service,Tomato__Rotten,heavy
1786676582.264,1,predictions_total,heavy,heavy:8003,heavy-service,Tomato__Rotten,heavy
1786676587.264,1,predictions_total,heavy,heavy:8003,heavy-service,Tomato__Rotten,heavy
1786676592.264,1,predictions_total,heavy,heavy:8003,heavy-service,Tomato__Rotten,heavy
1786676597.264,1,predictions_total,heavy,heavy:8003,heavy-service,Tomato__Rotten,heavy
1786676602.264,1,predictions_total,heavy,heavy:8003,heavy-service,Tomato__Rotten,heavy
1786676607.264,1,predictions_total,heavy,heavy:8003,heavy-service,Tomato__Rotten,heavy
1786676612.264,1,predictions_total,heavy,heavy:8003,heavy-service,Tomato__Rotten,heavy
1786676617.264,1,predictions_total,heavy,heavy:8003,heavy-service,Tomato__Rotten,heavy
1786676622.264,1,predictions_total,heavy,heavy:8003,heavy-service,Tomato__Rotten,heavy
1786676627.264,1,predictions_total,heavy,heavy:8003,heavy-service,Tomato__Rotten,heavy
1786676632.264,1,predictions_total,heavy,heavy:8003,heavy-service,Tomato__Rotten,heavy
1786676637.264,1,predictions_total,heavy,heavy:8003,heavy-service,Tomato__Rotten,heavy
1786676642.264,1,predictions_total,heavy,heavy:8003,heavy-service,Tomato__Rotten,heavy
1786676647.264,1,predictions_total,heavy,heavy:8003,heavy-service,Tomato__Rotten,heavy
1786676652.264,1,predictions_total,heavy,heavy:8003,heavy-service,Tomato__Rotten,heavy
1786676657.264,1,predictions_total,heavy,heavy:8003,heavy-service,Tomato__Rotten,heavy
1786676662.264,1,predictions_total,heavy,heavy:8003,heavy-service,Tomato__Rotten,heavy
1786676667.264,1,predictions_total,heavy,heavy:8003,heavy-service,Tomato__Rotten,heavy
1786676672.264,1,predictions_total,heavy,heavy:8003,heavy-service,Tomato__Rotten,heavy
1786676677.264,1,predictions_total,heavy,heavy:8003,heavy-service,Tomato__Rotten,heavy
1786676682.264,1,predictions_total,heavy,heavy:8003,heavy-service,Tomato__Rotten,heavy
1786676687.264,1,predictions_total,heavy,heavy:8003,heavy-service,Tomato__Rotten,heavy
1786676692.264,3,predictions_total,heavy,heavy:8003,heavy-service,Tomato__Rotten,heavy
1786676697.264,3,predictions_total,heavy,heavy:8003,heavy-service,Tomato__Rotten,heavy
1786676702.264,3,predictions_total,heavy,heavy:8003,heavy-service,Tomato__Rotten,heavy
1786676707.264,6,predictions_total,heavy,heavy:8003,heavy-service,Tomato__Rotten,heavy
1786676712.264,6,predictions_total,heavy,heavy:8003,heavy-service,Tomato__Rotten,heavy
1786676717.264,6,predictions_total,heavy,heavy:8003,heavy-service,Tomato__Rotten,heavy
1786676722.264,8,predictions_total,heavy,heavy:8003,heavy-service,Tomato__Rotten,heavy
1786676727.264,8,predictions_total,heavy,heavy:8003,heavy-service,Tomato__Rotten,heavy
1786676732.264,8,predictions_total,heavy,heavy:8003,heavy-service,Tomato__Rotten,heavy
1786676737.264,8,predictions_total,heavy,heavy:8003,heavy-service,Tomato__Rotten,heavy
1786676742.264,12,predictions_total,heavy,heavy:8003,heavy-service,Tomato__Rotten,heavy
1786676747.264,12,predictions_total,heavy,heavy:8003,heavy-service,Tomato__Rotten,heavy
1786676752.264,12,predictions_total,heavy,heavy:8003,heavy-service,Tomato__Rotten,heavy
1786676757.264,12,predictions_total,heavy,heavy:8003,heavy-service,Tomato__Rotten,heavy
1786676762.264,12,predictions_total,heavy,heavy:8003,heavy-service,Tomato__Rotten,heavy
1786676767.264,12,predictions_total,heavy,heavy:8003,heavy-service,Tomato__Rotten,heavy
1786676772.264,12,predictions_total,heavy,heavy:8003,heavy-service,Tomato__Rotten,heavy
1786676777.264,12,predictions_total,heavy,heavy:8003,heavy-service,Tomato__Rotten,heavy
1786676782.264,12,predictions_total,heavy,heavy:8003,heavy-service,Tomato__Rotten,heavy
1786676787.264,12,predictions_total,heavy,heavy:8003,heavy-service,Tomato__Rotten,heavy
1786676792.264,12,predictions_total,heavy,heavy:8003,heavy-service,Tomato__Rotten,heavy
1786676797.264,12,predictions_total,heavy,heavy:8003,heavy-service,Tomato__Rotten,heavy
1786676802.264,12,predictions_total,heavy,heavy:8003,heavy-service,Tomato__Rotten,heavy
1786676807.264,12,predictions_total,heavy,heavy:8003,heavy-service,Tomato__Rotten,heavy
1786676812.264,12,predictions_total,heavy,heavy:8003,heavy-service,Tomato__Rotten,heavy
1786676817.264,13,predictions_total,heavy,heavy:8003,heavy-service,Tomato__Rotten,heavy
1786676822.264,13,predictions_total,heavy,heavy:8003,heavy-service,Tomato__Rotten,heavy
1786676827.264,13,predictions_total,heavy,heavy:8003,heavy-service,Tomato__Rotten,heavy
1786676832.264,14,predictions_total,heavy,heavy:8003,heavy-service,Tomato__Rotten,heavy
1786676837.264,14,predictions_total,heavy,heavy:8003,heavy-service,Tomato__Rotten,heavy
1786676842.264,15,predictions_total,heavy,heavy:8003,heavy-service,Tomato__Rotten,heavy
1786676847.264,15,predictions_total,heavy,heavy:8003,heavy-service,Tomato__Rotten,heavy
1786676852.264,16,predictions_total,heavy,heavy:8003,heavy-service,Tomato__Rotten,heavy
1786676857.264,16,predictions_total,heavy,heavy:8003,heavy-service,Tomato__Rotten,heavy
1786676862.264,18,predictions_total,heavy,heavy:8003,heavy-service,Tomato__Rotten,heavy
1786676867.264,18,predictions_total,heavy,heavy:8003,heavy-service,Tomato__Rotten,heavy
1786676872.264,18,predictions_total,heavy,heavy:8003,heavy-service,Tomato__Rotten,heavy
1786676877.264,18,predictions_total,heavy,heavy:8003,heavy-service,Tomato__Rotten,heavy
1786676882.264,18,predictions_total,heavy,heavy:8003,heavy-service,Tomato__Rotten,heavy
1786676887.264,18,predictions_total,heavy,heavy:8003,heavy-service,Tomato__Rotten,heavy
1786676892.264,18,predictions_total,heavy,heavy:8003,heavy-service,Tomato__Rotten,heavy
1786676897.264,18,predictions_total,heavy,heavy:8003,heavy-service,Tomato__Rotten,heavy
1786676902.264,18,predictions_total,heavy,heavy:8003,heavy-service,Tomato__Rotten,heavy
1786676907.264,18,predictions_total,heavy,heavy:8003,heavy-service,Tomato__Rotten,heavy
1786676912.264,18,predictions_total,heavy,heavy:8003,heavy-service,Tomato__Rotten,heavy
1786676917.264,18,predictions_total,heavy,heavy:8003,heavy-service,Tomato__Rotten,heavy
1786676922.264,18,predictions_total,heavy,heavy:8003,heavy-service,Tomato__Rotten,heavy
1786676927.264,18,predictions_total,heavy,heavy:8003,heavy-service,Tomato__Rotten,heavy
1786676932.264,18,predictions_total,heavy,heavy:8003,heavy-service,Tomato__Rotten,heavy
1786676937.264,18,predictions_total,heavy,heavy:8003,heavy-service,Tomato__Rotten,heavy
1786676942.264,18,predictions_total,heavy,heavy:8003,heavy-service,Tomato__Rotten,heavy
1786676947.264,18,predictions_total,heavy,heavy:8003,heavy-service,Tomato__Rotten,heavy
1786676952.264,18,predictions_total,heavy,heavy:8003,heavy-service,Tomato__Rotten,heavy
1786676957.264,18,predictions_total,heavy,heavy:8003,heavy-service,Tomato__Rotten,heavy
1786676962.264,18,predictions_total,heavy,heavy:8003,heavy-service,Tomato__Rotten,heavy
1786676967.264,18,predictions_total,heavy,heavy:8003,heavy-service,Tomato__Rotten,heavy
1786676972.264,18,predictions_total,heavy,heavy:8003,heavy-service,Tomato__Rotten,heavy
1786676977.264,18,predictions_total,heavy,heavy:8003,heavy-service,Tomato__Rotten,heavy
1786676982.264,18,predictions_total,heavy,heavy:8003,heavy-service,Tomato__Rotten,heavy
1786676987.264,18,predictions_total,heavy,heavy:8003,heavy-service,Tomato__Rotten,heavy
1786676992.264,18,predictions_total,heavy,heavy:8003,heavy-service,Tomato__Rotten,heavy
1786676997.264,18,predictions_total,heavy,heavy:8003,heavy-service,Tomato__Rotten,heavy
1786677002.264,18,predictions_total,heavy,heavy:8003,heavy-service,Tomato__Rotten,heavy
1786677007.264,18,predictions_total,heavy,heavy:8003,heavy-service,Tomato__Rotten,heavy
1786677012.264,18,predictions_total,heavy,heavy:8003,heavy-service,Tomato__Rotten,heavy
1786677017.264,18,predictions_total,heavy,heavy:8003,heavy-service,Tomato__Rotten,heavy
1786677022.264,18,predictions_total,heavy,heavy:8003,heavy-service,Tomato__Rotten,heavy
1786677027.264,18,predictions_total,heavy,heavy:8003,heavy-service,Tomato__Rotten,heavy
1786677032.264,18,predictions_total,heavy,heavy:8003,heavy-service,Tomato__Rotten,heavy
1786677037.264,18,predictions_total,heavy,heavy:8003,heavy-service,Tomato__Rotten,heavy
1786677042.264,18,predictions_total,heavy,heavy:8003,heavy-service,Tomato__Rotten,heavy
1786677047.264,18,predictions_total,heavy,heavy:8003,heavy-service,Tomato__Rotten,heavy
1786677052.264,18,predictions_total,heavy,heavy:8003,heavy-service,Tomato__Rotten,heavy
1786677057.264,18,predictions_total,heavy,heavy:8003,heavy-service,Tomato__Rotten,heavy
1786677062.264,18,predictions_total,heavy,heavy:8003,heavy-service,Tomato__Rotten,heavy
1786677067.264,18,predictions_total,heavy,heavy:8003,heavy-service,Tomato__Rotten,heavy
1786677072.264,18,predictions_total,heavy,heavy:8003,heavy-service,Tomato__Rotten,heavy
1786677077.264,18,predictions_total,heavy,heavy:8003,heavy-service,Tomato__Rotten,heavy
1786677082.264,18,predictions_total,heavy,heavy:8003,heavy-service,Tomato__Rotten,heavy
1786677087.264,18,predictions_total,heavy,heavy:8003,heavy-service,Tomato__Rotten,heavy
1786677092.264,18,predictions_total,heavy,heavy:8003,heavy-service,Tomato__Rotten,heavy
1786677097.264,18,predictions_total,heavy,heavy:8003,heavy-service,Tomato__Rotten,heavy
1786677102.264,18,predictions_total,heavy,heavy:8003,heavy-service,Tomato__Rotten,heavy
1786677107.264,18,predictions_total,heavy,heavy:8003,heavy-service,Tomato__Rotten,heavy
1786677112.264,18,predictions_total,heavy,heavy:8003,heavy-service,Tomato__Rotten,heavy
1786677117.264,18,predictions_total,heavy,heavy:8003,heavy-service,Tomato__Rotten,heavy
1786677122.264,18,predictions_total,heavy,heavy:8003,heavy-service,Tomato__Rotten,heavy
1786677127.264,18,predictions_total,heavy,heavy:8003,heavy-service,Tomato__Rotten,heavy
1786677132.264,18,predictions_total,heavy,heavy:8003,heavy-service,Tomato__Rotten,heavy
1786677137.264,18,predictions_total,heavy,heavy:8003,heavy-service,Tomato__Rotten,heavy
1786677142.264,18,predictions_total,heavy,heavy:8003,heavy-service,Tomato__Rotten,heavy
1786677147.264,18,predictions_total,heavy,heavy:8003,heavy-service,Tomato__Rotten,heavy
1786677152.264,18,predictions_total,heavy,heavy:8003,heavy-service,Tomato__Rotten,heavy
1786677157.264,18,predictions_total,heavy,heavy:8003,heavy-service,Tomato__Rotten,heavy
1786677162.264,18,predictions_total,heavy,heavy:8003,heavy-service,Tomato__Rotten,heavy
1786677167.264,18,predictions_total,heavy,heavy:8003,heavy-service,Tomato__Rotten,heavy
1786677172.264,18,predictions_total,heavy,heavy:8003,heavy-service,Tomato__Rotten,heavy
1786677177.264,18,predictions_total,heavy,heavy:8003,heavy-service,Tomato__Rotten,heavy
1786677182.264,18,predictions_total,heavy,heavy:8003,heavy-service,Tomato__Rotten,heavy
1786677187.264,18,predictions_total,heavy,heavy:8003,heavy-service,Tomato__Rotten,heavy
1786677192.264,18,predictions_total,heavy,heavy:8003,heavy-service,Tomato__Rotten,heavy
1786677197.264,18,predictions_total,heavy,heavy:8003,heavy-service,Tomato__Rotten,heavy
1786677202.264,18,predictions_total,heavy,heavy:8003,heavy-service,Tomato__Rotten,heavy
1786677207.264,18,predictions_total,heavy,heavy:8003,heavy-service,Tomato__Rotten,heavy
1786677212.264,18,predictions_total,heavy,heavy:8003,heavy-service,Tomato__Rotten,heavy
1786677217.264,18,predictions_total,heavy,heavy:8003,heavy-service,Tomato__Rotten,heavy
1786677222.264,18,predictions_total,heavy,heavy:8003,heavy-service,Tomato__Rotten,heavy
1786677227.264,18,predictions_total,heavy,heavy:8003,heavy-service,Tomato__Rotten,heavy
1786677232.264,18,predictions_total,heavy,heavy:8003,heavy-service,Tomato__Rotten,heavy
1786677237.264,18,predictions_total,heavy,heavy:8003,heavy-service,Tomato__Rotten,heavy
1786677242.264,18,predictions_total,heavy,heavy:8003,heavy-service,Tomato__Rotten,heavy
1786677247.264,18,predictions_total,heavy,heavy:8003,heavy-service,Tomato__Rotten,heavy
1786677252.264,18,predictions_total,heavy,heavy:8003,heavy-service,Tomato__Rotten,heavy
1786677257.264,18,predictions_total,heavy,heavy:8003,heavy-service,Tomato__Rotten,heavy
1786677262.264,18,predictions_total,heavy,heavy:8003,heavy-service,Tomato__Rotten,heavy
1786677267.264,18,predictions_total,heavy,heavy:8003,heavy-service,Tomato__Rotten,heavy
1786677272.264,18,predictions_total,heavy,heavy:8003,heavy-service,Tomato__Rotten,heavy
1786677277.264,18,predictions_total,heavy,heavy:8003,heavy-service,Tomato__Rotten,heavy
1786677282.264,19,predictions_total,heavy,heavy:8003,heavy-service,Tomato__Rotten,heavy
1786677287.264,19,predictions_total,heavy,heavy:8003,heavy-service,Tomato__Rotten,heavy
1786677292.264,19,predictions_total,heavy,heavy:8003,heavy-service,Tomato__Rotten,heavy
1786677297.264,19,predictions_total,heavy,heavy:8003,heavy-service,Tomato__Rotten,heavy
1786677302.264,20,predictions_total,heavy,heavy:8003,heavy-service,Tomato__Rotten,heavy
1786677307.264,20,predictions_total,heavy,heavy:8003,heavy-service,Tomato__Rotten,heavy
1786677312.264,20,predictions_total,heavy,heavy:8003,heavy-service,Tomato__Rotten,heavy
1786677317.264,20,predictions_total,heavy,heavy:8003,heavy-service,Tomato__Rotten,heavy
1786677322.264,20,predictions_total,heavy,heavy:8003,heavy-service,Tomato__Rotten,heavy
1786677327.264,21,predictions_total,heavy,heavy:8003,heavy-service,Tomato__Rotten,heavy
1786677332.264,25,predictions_total,heavy,heavy:8003,heavy-service,Tomato__Rotten,heavy
1786677337.264,25,predictions_total,heavy,heavy:8003,heavy-service,Tomato__Rotten,heavy
1786677342.264,25,predictions_total,heavy,heavy:8003,heavy-service,Tomato__Rotten,heavy
1786677347.264,25,predictions_total,heavy,heavy:8003,heavy-service,Tomato__Rotten,heavy
1786677352.264,25,predictions_total,heavy,heavy:8003,heavy-service,Tomato__Rotten,heavy
1786677357.264,25,predictions_total,heavy,heavy:8003,heavy-service,Tomato__Rotten,heavy
1786677362.264,25,predictions_total,heavy,heavy:8003,heavy-service,Tomato__Rotten,heavy
1786677367.264,25,predictions_total,heavy,heavy:8003,heavy-service,Tomato__Rotten,heavy
1786677372.264,25,predictions_total,heavy,heavy:8003,heavy-service,Tomato__Rotten,heavy
1786677377.264,25,predictions_total,heavy,heavy:8003,heavy-service,Tomato__Rotten,heavy
1786677382.264,25,predictions_total,heavy,heavy:8003,heavy-service,Tomato__Rotten,heavy
1786677387.264,25,predictions_total,heavy,heavy:8003,heavy-service,Tomato__Rotten,heavy
1786677392.264,25,predictions_total,heavy,heavy:8003,heavy-service,Tomato__Rotten,heavy
1786677397.264,25,predictions_total,heavy,heavy:8003,heavy-service,Tomato__Rotten,heavy
1786677402.264,25,predictions_total,heavy,heavy:8003,heavy-service,Tomato__Rotten,heavy
1786677407.264,25,predictions_total,heavy,heavy:8003,heavy-service,Tomato__Rotten,heavy
1786677412.264,25,predictions_total,heavy,heavy:8003,heavy-service,Tomato__Rotten,heavy
1786677417.264,25,predictions_total,heavy,heavy:8003,heavy-service,Tomato__Rotten,heavy
1786677422.264,26,predictions_total,heavy,heavy:8003,heavy-service,Tomato__Rotten,heavy
1786677427.264,28,predictions_total,heavy,heavy:8003,heavy-service,Tomato__Rotten,heavy
1786677432.264,30,predictions_total,heavy,heavy:8003,heavy-service,Tomato__Rotten,heavy
1786677437.264,30,predictions_total,heavy,heavy:8003,heavy-service,Tomato__Rotten,heavy
1786677442.264,30,predictions_total,heavy,heavy:8003,heavy-service,Tomato__Rotten,heavy
1786677447.264,30,predictions_total,heavy,heavy:8003,heavy-service,Tomato__Rotten,heavy
