timestamp,count,__name__,exported_tier,instance,job,strategy,tier
1786999226.075,1,routing_decisions_total,balanced,gateway:8000,gateway-service,correctness_gate_router,gateway
1786999231.075,2,routing_decisions_total,balanced,gateway:8000,gateway-service,correctness_gate_router,gateway
1786999236.075,5,routing_decisions_total,balanced,gateway:8000,gateway-service,correctness_gate_router,gateway
1786999241.075,6,routing_decisions_total,balanced,gateway:8000,gateway-service,correctness_gate_router,gateway
1786999246.075,7,routing_decisions_total,balanced,gateway:8000,gateway-service,correctness_gate_router,gateway
1786999251.075,9,routing_decisions_total,balanced,gateway:8000,gateway-service,correctness_gate_router,gateway
1786999256.075,12,routing_decisions_total,balanced,gateway:8000,gateway-service,correctness_gate_router,gateway
1786999261.075,16,routing_decisions_total,balanced,gateway:8000,gateway-service,correctness_gate_router,gateway
1786999266.075,18,routing_decisions_total,balanced,gateway:8000,gateway-service,correctness_gate_router,gateway
1786999271.075,25,routing_decisions_total,balanced,gateway:8000,gateway-service,correctness_gate_router,gateway
1786999276.075,27,routing_decisions_total,balanced,gateway:8000,gateway-service,correctness_gate_router,gateway
1786999281.075,30,routing_decisions_total,balanced,gateway:8000,gateway-service,correctness_gate_router,gateway
1786999286.075,30,routing_decisions_total,balanced,gateway:8000,gateway-service,correctness_gate_router,gateway
1786999291.075,34,routing_decisions_total,balanced,gateway:8000,gateway-service,correctness_gate_router,gateway
1786999296.075,38,routing_decisions_total,balanced,gateway:8000,gateway-service,correctness_gate_router,gateway
1786999301.075,38,routing_decisions_total,balanced,gateway:8000,gateway-service,correctness_gate_router,gateway
1786999306.075,38,routing_decisions_total,balanced,gateway:8000,gateway-service,correctness_gate_router,gateway
1786999311.075,42,routing_decisions_total,balanced,gateway:8000,gateway-service,correctness_gate_router,gateway
1786999316.075,51,routing_decisions_total,balanced,gateway:8000,gateway-service,correctness_gate_router,gateway
1786999321.075,53,routing_decisions_total,balanced,gateway:8000,gateway-service,correctness_gate_router,gateway
1786999326.075,54,routing_decisions_total,balanced,gateway:8000,gateway-service,correctness_gate_router,gateway
1786999331.075,55,routing_decisions_total,balanced,gateway:8000,gateway-service,correctness_gate_router,gateway
1786999336.075,55,routing_decisions_total,balanced,gateway:8000,gateway-service,correctness_gate_router,gateway
1786999341.075,57,routing_decisions_total,balanced,gateway:8000,gateway-service,correctness_gate_router,gateway
1786999346.075,60,routing_decisions_total,balanced,gateway:8000,gateway-service,correctness_gate_router,gateway
1786999351.075,61,routing_decisions_total,balanced,gateway:8000,gateway-service,correctness_gate_router,gateway
1786999356.075,66,routing_decisions_total,balanced,gateway:8000,gateway-service,correctness_gate_router,gateway
1786999361.075,73,routing_decisions_total,balanced,gateway:8000,gateway-service,correctness_gate_router,gateway
1786999366.075,80,routing_decisions_total,balanced,gateway:8000,gateway-service,correctness_gate_router,gateway
1786999371.075,81,routing_decisions_total,balanced,gateway:8000,gateway-service,correctness_gate_router,gateway
1786999376.075,84,routing_decisions_total,balanced,gateway:8000,gateway-service,correctness_gate_router,gateway
1786999381.075,85,routing_decisions_total,balanced,gateway:8000,gateway-service,correctness_gate_router,gateway
1786999386.075,85,routing_decisions_total,balanced,gateway:8000,gateway-service,correctness_gate_router,gateway
1786999391.075,85,routing_decisions_total,balanced,gateway:8000,gateway-service,correctness_gate_router,gateway
1786999396.075,85,routing_decisions_total,balanced,gateway:8000,gateway-service,correctness_gate_router,gateway
1786999401.075,85,routing_decisions_total,balanced,gateway:8000,gateway-service,correctness_gate_router,gateway
1786999406.075,85,routing_decisions_total,balanced,gateway:8000,gateway-service,correctness_gate_router,gateway
1786999411.075,85,routing_decisions_total,balanced,gateway:8000,gateway-service,correctness_gate_router,gateway
1786999416.075,85,routing_decisions_total,balanced,gateway:8000,gateway-service,correctness_gate_router,gateway
1786999421.075,85,routing_decisions_total,balanced,gateway:8000,gateway-service,correctness_gate_router,gateway
1786999426.075,85,routing_decisions_total,balanced,gateway:8000,gateway-service,correctness_gate_router,gateway
1786999431.075,85,routing_decisions_total,balanced,gateway:8000,gateway-service,correctness_gate_router,gateway
1786999436.075,85,routing_decisions_total,balanced,gateway:8000,gateway-service,correctness_gate_router,gateway
1786999441.075,85,routing_decisions_total,balanced,gateway:8000,gateway-service,correctness_gate_router,gateway
1786999446.075,85,routing_decisions_total,balanced,gateway:8000,gateway-service,correctness_gate_router,gateway
1786999451.075,85,routing_decisions_total,balanced,gateway:8000,gateway-service,correctness_gate_router,gateway
1786999456.075,85,routing_decisions_total,balanced,gateway:8000,gateway-service,correctness_gate_router,gateway
1786999461.075,85,routing_decisions_total,balanced,gateway:8000,gateway-service,correctness_gate_router,gateway
1786999466.075,85,routing_decisions_total,balanced,gateway:8000,gateway-service,correctness_gate_router,gateway
1786999471.075,85,routing_decisions_total,balanced,gateway:8000,gateway-service,correctness_gate_router,gateway
1786999476.075,85,routing_decisions_total,balanced,gateway:8000,gateway-service,correctness_gate_router,gateway
1786999481.075,85,routing_decisions_total,balanced,gateway:8000,gateway-service,correctness_gate_router,gateway
1786999486.075,85,routing_decisions_total,balanced,gateway:8000,gateway-service,correctness_gate_router,gateway
1786999491.075,85,routing_decisions_total,balanced,gateway:8000,gateway-service,correctness_gate_router,gateway
1786999496.075,85,routing_decisions_total,balanced,gateway:8000,gateway-service,correctness_gate_router,gateway
1786999501.075,85,routing_decisions_total,balanced,gateway:8000,gateway-service,correctness_gate_router,gateway
1786999506.075,85,routing_decisions_total,balanced,gateway:8000,gateway-service,correctness_gate_router,gateway
1786999511.075,85,routing_decisions_total,balanced,gateway:8000,gateway-service,correctness_gate_router,gateway
1786999516.075,85,routing_decisions_total,balanced,gateway:8000,gateway-service,correctness_gate_router,gateway
1786999521.075,85,routing_decisions_total,balanced,gateway:8000,gateway-service,correctness_gate_router,gateway
1786999526.075,85,routing_decisions_total,balanced,gateway:8000,gateway-service,correctness_gate_router,gateway
1786999531.075,85,routing_decisions_total,balanced,gateway:8000,gateway-service,correctness_gate_router,gateway
1786999536.075,85,routing_decisions_total,balanced,gateway:8000,gateway-service,correctness_gate_router,gateway
1786999541.075,85,routing_decisions_total,balanced,gateway:8000,gateway-service,correctness_gate_router,gateway
1786999546.075,85,routing_decisions_total,balanced,gateway:8000,gateway-service,correctness_gate_router,gateway
1786999551.075,85,routing_decisions_total,balanced,gateway:8000,gateway-service,correctness_gate_router,gateway
1786999556.075,85,routing_decisions_total,balanced,gateway:8000,gateway-service,correctness_gate_router,gateway
1786999561.075,85,routing_decisions_total,balanced,gateway:8000,gateway-service,correctness_gate_router,gateway
1786999566.075,85,routing_decisions_total,balanced,gateway:8000,gateway-service,correctness_gate_router,gateway
1786999571.075,85,routing_decisions_total,balanced,gateway:8000,gateway-service,correctness_gate_router,gateway
1786999576.075,85,routing_decisions_total,balanced,gateway:8000,gateway-service,correctness_gate_router,gateway
1786999581.075,85,routing_decisions_total,balanced,gateway:8000,gateway-service,correctness_gate_router,gateway
1786999586.075,85,routing_decisions_total,balanced,gateway:8000,gateway-service,correctness_gate_router,gateway
1786999591.075,85,routing_decisions_total,balanced,gateway:8000,gateway-service,correctness_gate_router,gateway
1786999596.075,85,routing_decisions_total,balanced,gateway:8000,gateway-service,correctness_gate_router,gateway
1786999601.075,85,routing_decisions_total,balanced,gateway:8000,gateway-service,correctness_gate_router,gateway
1786999606.075,85,routing_decisions_total,balanced,gateway:8000,gateway-service,correctness_gate_router,gateway
1786999611.075,85,routing_decisions_total,balanced,gateway:8000,gateway-service,correctness_gate_router,gateway
1786999616.075,85,routing_decisions_total,balanced,gateway:8000,gateway-service,correctness_gate_router,gateway
1786999621.075,85,routing_decisions_total,balanced,gateway:8000,gateway-service,correctness_gate_router,gateway
1786999626.075,85,routing_decisions_total,balanced,gateway:8000,gateway-service,correctness_gate_router,gateway
1786999631.075,85,routing_decisions_total,balanced,gateway:8000,gateway-service,correctness_gate_router,gateway
1786999636.075,85,routing_decisions_total,balanced,gateway:8000,gateway-service,correctness_gate_router,gateway
1786999641.075,85,routing_decisions_total,balanced,gateway:8000,gateway-service,correctness_gate_router,gateway
1786999646.075,85,routing_decisions_total,balanced,gateway:8000,gateway-service,correctness_gate_router,gateway
1786999651.075,85,routing_decisions_total,balanced,gateway:8000,gateway-service,correctness_gate_router,gateway
1786999656.075,85,routing_decisions_total,balanced,gateway:8000,gateway-service,correctness_gate_router,gateway
1786999661.075,85,routing_decisions_total,balanced,gateway:8000,gateway-service,correctness_gate_router,gateway
1786999666.075,85,routing_decisions_total,balanced,gateway:8000,gateway-service,correctness_gate_router,gateway
1786999671.075,85,routing_decisions_total,balanced,gateway:8000,gateway-service,correctness_gate_router,gateway
1786999676.075,85,routing_decisions_total,balanced,gateway:8000,gateway-service,correctness_gate_router,gateway
1786999681.075,85,routing_decisions_total,balanced,gateway:8000,gateway-service,correctness_gate_router,gateway
1786999686.075,85,routing_decisions_total,balanced,gateway:8000,gateway-service,correctness_gate_router,gateway
1786999691.075,85,routing_decisions_total,balanced,gateway:8000,gateway-service,correctness_gate_router,gateway
1786999696.075,85,routing_decisions_total,balanced,gateway:8000,gateway-service,correctness_gate_router,gateway
1786999701.075,85,routing_decisions_total,balanced,gateway:8000,gateway-service,correctness_gate_router,gateway
1786999706.075,85,routing_decisions_total,balanced,gateway:8000,gateway-service,correctness_gate_router,gateway
1786999711.075,85,routing_decisions_total,balanced,gateway:8000,gateway-service,correctness_gate_router,gateway
1786999716.075,85,routing_decisions_total,balanced,gateway:8000,gateway-service,correctness_gate_router,gateway
1786999721.075,85,routing_decisions_total,balanced,gateway:8000,gateway-service,correctness_gate_router,gateway
1786999726.075,85,routing_decisions_total,balanced,gateway:8000,gateway-service,correctness_gate_router,gateway
1786999731.075,85,routing_decisions_total,balanced,gateway:8000,gateway-service,correctness_gate_router,gateway
1786999736.075,85,routing_decisions_total,balanced,gateway:8000,gateway-service,correctness_gate_router,gateway
1786999741.075,85,routing_decisions_total,balanced,gateway:8000,gateway-service,correctness_gate_router,gateway
1786999746.075,85,routing_decisions_total,balanced,gateway:8000,gateway-service,correctness_gate_router,gateway
1786999751.075,85,routing_decisions_total,balanced,gateway:8000,gateway-service,correctness_gate_router,gateway
1786999756.075,85,routing_decisions_total,balanced,gateway:8000,gateway-service,correctness_gate_router,gateway
1786999761.075,85,routing_decisions_total,balanced,gateway:8000,gateway-service,correctness_gate_router,gateway
1786999766.075,85,routing_decisions_total,balanced,gateway:8000,gateway-service,correctness_gate_router,gateway
1786999771.075,85,routing_decisions_total,balanced,gateway:8000,gateway-service,correctness_gate_router,gateway
1786999776.075,85,routing_decisions_total,balanced,gateway:8000,gateway-service,correctness_gate_router,gateway
1786999781.075,85,routing_decisions_total,balanced,gateway:8000,gateway-service,correctness_gate_router,gateway
1786999786.075,85,routing_decisions_total,balanced,gateway:8000,gateway-service,correctness_gate_router,gateway
1786999791.075,85,routing_decisions_total,balanced,gateway:8000,gateway-service,correctness_gate_router,gateway
1786999796.075,85,routing_decisions_total,balanced,gateway:8000,gateway-service,correctness_gate_router,gateway
1786999801.075,85,routing_decisions_total,balanced,gateway:8000,gateway-service,correctness_gate_router,gateway
1786999806.075,85,routing_decisions_total,balanced,gateway:8000,gateway-service,correctness_gate_router,gateway
1786999811.075,85,routing_decisions_total,balanced,gateway:8000,gateway-service,correctness_gate_router,gateway
1786999816.075,85,routing_decisions_total,balanced,gateway:8000,gateway-service,correctness_gate_router,gateway
1786999821.075,85,routing_decisions_total,balanced,gateway:8000,gateway-service,correctness_gate_router,gateway
1786999826.075,85,routing_decisions_total,balanced,gateway:8000,gateway-service,correctness_gate_router,gateway
1786999831.075,85,routing_decisions_total,balanced,gateway:8000,gateway-service,correctness_gate_router,gateway
1786999836.075,85,routing_decisions_total,balanced,gateway:8000,gateway-service,correctness_gate_router,gateway
1786999841.075,85,routing_decisions_total,balanced,gateway:8000,gateway-service,correctness_gate_router,gateway
1786999846.075,85,routing_decisions_total,balanced,gateway:8000,gateway-service,correctness_gate_router,gateway
1786999851.075,85,routing_decisions_total,balanced,gateway:8000,gateway-service,correctness_gate_router,gateway
1786999856.075,85,routing_decisions_total,balanced,gateway:8000,gateway-service,correctness_gate_router,gateway
1786999861.075,85,routing_decisions_total,balanced,gateway:8000,gateway-service,correctness_gate_router,gateway
1786999866.075,85,routing_decisions_total,balanced,gateway:8000,gateway-service,correctness_gate_router,gateway
1786999871.075,85,routing_decisions_total,balanced,gateway:8000,gateway-service,correctness_gate_router,gateway
1786999876.075,85,routing_decisions_total,balanced,gateway:8000,gateway-service,correctness_gate_router,gateway
1786999881.075,85,routing_decisions_total,balanced,gateway:8000,gateway-service,correctness_gate_router,gateway
1786999886.075,85,routing_decisions_total,balanced,gateway:8000,gateway-service,correctness_gate_router,gateway
1786999891.075,85,routing_decisions_total,balanced,gateway:8000,gateway-service,correctness_gate_router,gateway
1786999896.075,85,routing_decisions_total,balanced,gateway:8000,gateway-service,correctness_gate_router,gateway
1786999901.075,85,routing_decisions_total,balanced,gateway:8000,gateway-service,correctness_gate_router,gateway
1786999906.075,85,routing_decisions_total,balanced,gateway:8000,gateway-service,correctness_gate_router,gateway
1786999911.075,85,routing_decisions_total,balanced,gateway:8000,gateway-service,correctness_gate_router,gateway
1786999916.075,85,routing_decisions_total,balanced,gateway:8000,gateway-service,correctness_gate_router,gateway
1786999921.075,85,routing_decisions_total,balanced,gateway:8000,gateway-service,correctness_gate_router,gateway
1786999926.075,85,routing_decisions_total,balanced,gateway:8000,gateway-service,correctness_gate_router,gateway
1786999931.075,85,routing_decisions_total,balanced,gateway:8000,gateway-service,correctness_gate_router,gateway
1786999936.075,85,routing_decisions_total,balanced,gateway:8000,gateway-service,correctness_gate_router,gateway
1786999941.075,85,routing_decisions_total,balanced,gateway:8000,gateway-service,correctness_gate_router,gateway
1786999946.075,85,routing_decisions_total,balanced,gateway:8000,gateway-service,correctness_gate_router,gateway
1786999951.075,85,routing_decisions_total,balanced,gateway:8000,gateway-service,correctness_gate_router,gateway
1786999956.075,85,routing_decisions_total,balanced,gateway:8000,gateway-service,correctness_gate_router,gateway
1786999961.075,85,routing_decisions_total,balanced,gateway:8000,gateway-service,correctness_gate_router,gateway
1786999966.075,85,routing_decisions_total,balanced,gateway:8000,gateway-service,correctness_gate_router,gateway
1786999971.075,85,routing_decisions_total,balanced,gateway:8000,gateway-service,correctness_gate_router,gateway
1786999976.075,85,routing_decisions_total,balanced,gateway:8000,gateway-service,correctness_gate_router,gateway
1786999981.075,85,routing_decisions_total,balanced,gateway:8000,gateway-service,correctness_gate_router,gateway
1786999986.075,85,routing_decisions_total,balanced,gateway:8000,gateway-service,correctness_gate_router,gateway
1786999991.075,85,routing_decisions_total,balanced,gateway:8000,gateway-service,correctness_gate_router,gateway
1786999996.075,85,routing_decisions_total,balanced,gateway:8000,gateway-service,correctness_gate_router,gateway
1787000001.075,85,routing_decisions_total,balanced,gateway:8000,gateway-service,correctness_gate_router,gateway
1787000006.075,85,routing_decisions_total,balanced,gateway:8000,gateway-service,correctness_gate_router,gateway
1787000011.075,85,routing_decisions_total,balanced,gateway:8000,gateway-service,correctness_gate_router,gateway
1787000016.075,85,routing_decisions_total,balanced,gateway:8000,gateway-service,correctness_gate_router,gateway
1787000021.075,85,routing_decisions_total,balanced,gateway:8000,gateway-service,correctness_gate_router,gateway
1787000026.075,85,routing_decisions_total,balanced,gateway:8000,gateway-service,correctness_gate_router,gateway
1787000031.075,85,routing_decisions_total,balanced,gateway:8000,gateway-service,correctness_gate_router,gateway
1787000036.075,85,routing_decisions_total,balanced,gateway:8000,gateway-service,correctness_gate_router,gateway
1787000041.075,85,routing_decisions_total,balanced,gateway:8000,gateway-service,correctness_gate_router,gateway
1787000046.075,85,routing_decisions_total,balanced,gateway:8000,gateway-service,correctness_gate_router,gateway
1787000051.075,85,routing_decisions_total,balanced,gateway:8000,gateway-service,correctness_gate_router,gateway
1787000056.075,85,routing_decisions_total,balanced,gateway:8000,gateway-service,correctness_gate_router,gateway
1787000061.075,85,routing_decisions_total,balanced,gateway:8000,gateway-service,correctness_gate_router,gateway
1787000066.075,85,routing_decisions_total,balanced,gateway:8000,gateway-service,correctness_gate_router,gateway
1787000071.075,85,routing_decisions_total,balanced,gateway:8000,gateway-service,correctness_gate_router,gateway
1787000076.075,85,routing_decisions_total,balanced,gateway:8000,gateway-service,correctness_gate_router,gateway
1787000081.075,85,routing_decisions_total,balanced,gateway:8000,gateway-service,correctness_gate_router,gateway
1787000086.075,85,routing_decisions_total,balanced,gateway:8000,gateway-service,correctness_gate_router,gateway
1787000091.075,85,routing_decisions_total,balanced,gateway:8000,gateway-service,correctness_gate_router,gateway
1787000096.075,85,routing_decisions_total,balanced,gateway:8000,gateway-service,correctness_gate_router,gateway
1787000101.075,85,routing_decisions_total,balanced,gateway:8000,gateway-service,correctness_gate_router,gateway
1787000106.075,85,routing_decisions_total,balanced,gateway:8000,gateway-service,correctness_gate_router,gateway
1787000111.075,85,routing_decisions_total,balanced,gateway:8000,gateway-service,correctness_gate_router,gateway
1787000116.075,85,routing_decisions_total,balanced,gateway:8000,gateway-service,correctness_gate_router,gateway
1787000121.075,85,routing_decisions_total,balanced,gateway:8000,gateway-service,correctness_gate_router,gateway
1787000126.075,85,routing_decisions_total,balanced,gateway:8000,gateway-service,correctness_gate_router,gateway
1787000131.075,85,routing_decisions_total,balanced,gateway:8000,gateway-service,correctness_gate_router,gateway
1787000136.075,85,routing_decisions_total,balanced,gateway:8000,gateway-service,correctness_gate_router,gateway
1787000141.075,85,routing_decisions_total,balanced,gateway:8000,gateway-service,correctness_gate_router,gateway
1787000146.075,85,routing_decisions_total,balanced,gateway:8000,gateway-service,correctness_gate_router,gateway
1787000151.075,85,routing_decisions_total,balanced,gateway:8000,gateway-service,correctness_gate_router,gateway
1787000156.075,85,routing_decisions_total,balanced,gateway:8000,gateway-service,correctness_gate_router,gateway
1787000161.075,85,routing_decisions_total,balanced,gateway:8000,gateway-service,correctness_gate_router,gateway
1787000166.075,85,routing_decisions_total,balanced,gateway:8000,gateway-service,correctness_gate_router,gateway
1787000171.075,85,routing_decisions_total,balanced,gateway:8000,gateway-service,correctness_gate_router,gateway
1787000176.075,85,routing_decisions_total,balanced,gateway:8000,gateway-service,correctness_gate_router,gateway
1787000181.075,85,routing_decisions_total,balanced,gateway:8000,gateway-service,correctness_gate_router,gateway
1787000186.075,85,routing_decisions_total,balanced,gateway:8000,gateway-service,correctness_gate_router,gateway
1787000191.075,85,routing_decisions_total,balanced,gateway:8000,gateway-service,correctness_gate_router,gateway
1787000196.075,85,routing_decisions_total,balanced,gateway:8000,gateway-service,correctness_gate_router,gateway
1787000201.075,85,routing_decisions_total,balanced,gateway:8000,gateway-service,correctness_gate_router,gateway
1787000206.075,85,routing_decisions_total,balanced,gateway:8000,gateway-service,correctness_gate_router,gateway
1787000211.075,85,routing_decisions_total,balanced,gateway:8000,gateway-service,correctness_gate_router,gateway
1787000216.075,85,routing_decisions_total,balanced,gateway:8000,gateway-service,correctness_gate_router,gateway
1787000221.075,85,routing_decisions_total,balanced,gateway:8000,gateway-service,correctness_gate_router,gateway
1787000226.075,85,routing_decisions_total,balanced,gateway:8000,gateway-service,correctness_gate_router,gateway
1787000231.075,85,routing_decisions_total,balanced,gateway:8000,gateway-service,correctness_gate_router,gateway
1787000236.075,85,routing_decisions_total,balanced,gateway:8000,gateway-service,correctness_gate_router,gateway
1787000241.075,85,routing_decisions_total,balanced,gateway:8000,gateway-service,correctness_gate_router,gateway
1787000246.075,85,routing_decisions_total,balanced,gateway:8000,gateway-service,correctness_gate_router,gateway
1787000251.075,85,routing_decisions_total,balanced,gateway:8000,gateway-service,correctness_gate_router,gateway
1787000256.075,85,routing_decisions_total,balanced,gateway:8000,gateway-service,correctness_gate_router,gateway
1787000261.075,85,routing_decisions_total,balanced,gateway:8000,gateway-service,correctness_gate_router,gateway
1787000266.075,85,routing_decisions_total,balanced,gateway:8000,gateway-service,correctness_gate_router,gateway
1787000271.075,85,routing_decisions_total,balanced,gateway:8000,gateway-service,correctness_gate_router,gateway
1787000276.075,85,routing_decisions_total,balanced,gateway:8000,gateway-service,correctness_gate_router,gateway
1787000281.075,85,routing_decisions_total,balanced,gateway:8000,gateway-service,correctness_gate_router,gateway
1787000286.075,85,routing_decisions_total,balanced,gateway:8000,gateway-service,correctness_gate_router,gateway
1787000291.075,85,routing_decisions_total,balanced,gateway:8000,gateway-service,correctness_gate_router,gateway
1787000296.075,85,routing_decisions_total,balanced,gateway:8000,gateway-service,correctness_gate_router,gateway
1787000301.075,85,routing_decisions_total,balanced,gateway:8000,gateway-service,correctness_gate_router,gateway
1787000306.075,85,routing_decisions_total,balanced,gateway:8000,gateway-service,correctness_gate_router,gateway
1787000311.075,85,routing_decisions_total,balanced,gateway:8000,gateway-service,correctness_gate_router,gateway
1787000316.075,85,routing_decisions_total,balanced,gateway:8000,gateway-service,correctness_gate_router,gateway
1787000321.075,85,routing_decisions_total,balanced,gateway:8000,gateway-service,correctness_gate_router,gateway
1787000326.075,85,routing_decisions_total,balanced,gateway:8000,gateway-service,correctness_gate_router,gateway
1787000331.075,85,routing_decisions_total,balanced,gateway:8000,gateway-service,correctness_gate_router,gateway
1787000336.075,85,routing_decisions_total,balanced,gateway:8000,gateway-service,correctness_gate_router,gateway
1787000341.075,85,routing_decisions_total,balanced,gateway:8000,gateway-service,correctness_gate_router,gateway
1787000346.075,85,routing_decisions_total,balanced,gateway:8000,gateway-service,correctness_gate_router,gateway
1787000351.075,85,routing_decisions_total,balanced,gateway:8000,gateway-service,correctness_gate_router,gateway
1787000356.075,85,routing_decisions_total,balanced,gateway:8000,gateway-service,correctness_gate_router,gateway
1787000361.075,85,routing_decisions_total,balanced,gateway:8000,gateway-service,correctness_gate_router,gateway
1787000366.075,85,routing_decisions_total,balanced,gateway:8000,gateway-service,correctness_gate_router,gateway
1787000371.075,85,routing_decisions_total,balanced,gateway:8000,gateway-service,correctness_gate_router,gateway
1787000376.075,85,routing_decisions_total,balanced,gateway:8000,gateway-service,correctness_gate_router,gateway
1787000381.075,85,routing_decisions_total,balanced,gateway:8000,gateway-service,correctness_gate_router,gateway
1787000386.075,85,routing_decisions_total,balanced,gateway:8000,gateway-service,correctness_gate_router,gateway
1787000391.075,85,routing_decisions_total,balanced,gateway:8000,gateway-service,correctness_gate_router,gateway
1787000396.075,85,routing_decisions_total,balanced,gateway:8000,gateway-service,correctness_gate_router,gateway
1787000401.075,85,routing_decisions_total,balanced,gateway:8000,gateway-service,correctness_gate_router,gateway
1787000406.075,85,routing_decisions_total,balanced,gateway:8000,gateway-service,correctness_gate_router,gateway
1787000411.075,85,routing_decisions_total,balanced,gateway:8000,gateway-service,correctness_gate_router,gateway
1787000416.075,85,routing_decisions_total,balanced,gateway:8000,gateway-service,correctness_gate_router,gateway
1787000421.075,85,routing_decisions_total,balanced,gateway:8000,gateway-service,correctness_gate_router,gateway
1787000426.075,85,routing_decisions_total,balanced,gateway:8000,gateway-service,correctness_gate_router,gateway
1787000431.075,85,routing_decisions_total,balanced,gateway:8000,gateway-service,correctness_gate_router,gateway
1787000436.075,85,routing_decisions_total,balanced,gateway:8000,gateway-service,correctness_gate_router,gateway
1787000441.075,85,routing_decisions_total,balanced,gateway:8000,gateway-service,correctness_gate_router,gateway
1787000446.075,85,routing_decisions_total,balanced,gateway:8000,gateway-service,correctness_gate_router,gateway
1787000451.075,85,routing_decisions_total,balanced,gateway:8000,gateway-service,correctness_gate_router,gateway
1787000456.075,85,routing_decisions_total,balanced,gateway:8000,gateway-service,correctness_gate_router,gateway
1787000461.075,85,routing_decisions_total,balanced,gateway:8000,gateway-service,correctness_gate_router,gateway
1787000466.075,85,routing_decisions_total,balanced,gateway:8000,gateway-service,correctness_gate_router,gateway
1787000471.075,85,routing_decisions_total,balanced,gateway:8000,gateway-service,correctness_gate_router,gateway
1787000476.075,85,routing_decisions_total,balanced,gateway:8000,gateway-service,correctness_gate_router,gateway
1787000481.075,85,routing_decisions_total,balanced,gateway:8000,gateway-service,correctness_gate_router,gateway
1787000486.075,85,routing_decisions_total,balanced,gateway:8000,gateway-service,correctness_gate_router,gateway
1787000491.075,85,routing_decisions_total,balanced,gateway:8000,gateway-service,correctness_gate_router,gateway
1787000496.075,85,routing_decisions_total,balanced,gateway:8000,gateway-service,correctness_gate_router,gateway
1787000501.075,85,routing_decisions_total,balanced,gateway:8000,gateway-service,correctness_gate_router,gateway
1787000506.075,85,routing_decisions_total,balanced,gateway:8000,gateway-service,correctness_gate_router,gateway
1787000511.075,85,routing_decisions_total,balanced,gateway:8000,gateway-service,correctness_gate_router,gateway
1787000516.075,85,routing_decisions_total,balanced,gateway:8000,gateway-service,correctness_gate_router,gateway
1787000521.075,85,routing_decisions_total,balanced,gateway:8000,gateway-service,correctness_gate_router,gateway
1787000526.075,85,routing_decisions_total,balanced,gateway:8000,gateway-service,correctness_gate_router,gateway
1787000531.075,85,routing_decisions_total,balanced,gateway:8000,gateway-service,correctness_gate_router,gateway
1787000536.075,85,routing_decisions_total,balanced,gateway:8000,gateway-service,correctness_gate_router,gateway
1787000541.075,85,routing_decisions_total,balanced,gateway:8000,gateway-service,correctness_gate_router,gateway
1787000546.075,85,routing_decisions_total,balanced,gateway:8000,gateway-service,correctness_gate_router,gateway
1787000551.075,85,routing_decisions_total,balanced,gateway:8000,gateway-service,correctness_gate_router,gateway
1787000556.075,85,routing_decisions_total,balanced,gateway:8000,gateway-service,correctness_gate_router,gateway
1787000561.075,85,routing_decisions_total,balanced,gateway:8000,gateway-service,correctness_gate_router,gateway
1787000566.075,85,routing_decisions_total,balanced,gateway:8000,gateway-service,correctness_gate_router,gateway
1787000571.075,85,routing_decisions_total,balanced,gateway:8000,gateway-service,correctness_gate_router,gateway
1787000576.075,85,routing_decisions_total,balanced,gateway:8000,gateway-service,correctness_gate_router,gateway
1787000581.075,85,routing_decisions_total,balanced,gateway:8000,gateway-service,correctness_gate_router,gateway
1787000586.075,85,routing_decisions_total,balanced,gateway:8000,gateway-service,correctness_gate_router,gateway
1787000591.075,85,routing_decisions_total,balanced,gateway:8000,gateway-service,correctness_gate_router,gateway
1787000596.075,85,routing_decisions_total,balanced,gateway:8000,gateway-service,correctness_gate_router,gateway
1787000601.075,85,routing_decisions_total,balanced,gateway:8000,gateway-service,correctness_gate_router,gateway
1787000606.075,85,routing_decisions_total,balanced,gateway:8000,gateway-service,correctness_gate_router,gateway
1787000611.075,85,routing_decisions_total,balanced,gateway:8000,gateway-service,correctness_gate_router,gateway
1787000616.075,85,routing_decisions_total,balanced,gateway:8000,gateway-service,correctness_gate_router,gateway
1787000621.075,85,routing_decisions_total,balanced,gateway:8000,gateway-service,correctness_gate_router,gateway
1787000626.075,85,routing_decisions_total,balanced,gateway:8000,gateway-service,correctness_gate_router,gateway
1787000631.075,85,routing_decisions_total,balanced,gateway:8000,gateway-service,correctness_gate_router,gateway
1787000636.075,85,routing_decisions_total,balanced,gateway:8000,gateway-service,correctness_gate_router,gateway
1787000641.075,85,routing_decisions_total,balanced,gateway:8000,gateway-service,correctness_gate_router,gateway
1787000646.075,85,routing_decisions_total,balanced,gateway:8000,gateway-service,correctness_gate_router,gateway
1787000651.075,85,routing_decisions_total,balanced,gateway:8000,gateway-service,correctness_gate_router,gateway
1787000656.075,85,routing_decisions_total,balanced,gateway:8000,gateway-service,correctness_gate_router,gateway
1787000661.075,85,routing_decisions_total,balanced,gateway:8000,gateway-service,correctness_gate_router,gateway
1787000666.075,85,routing_decisions_total,balanced,gateway:8000,gateway-service,correctness_gate_router,gateway
1787000671.075,85,routing_decisions_total,balanced,gateway:8000,gateway-service,correctness_gate_router,gateway
1787000676.075,85,routing_decisions_total,balanced,gateway:8000,gateway-service,correctness_gate_router,gateway
1787000681.075,85,routing_decisions_total,balanced,gateway:8000,gateway-service,correctness_gate_router,gateway
1787000686.075,85,routing_decisions_total,balanced,gateway:8000,gateway-service,correctness_gate_router,gateway
1787000691.075,85,routing_decisions_total,balanced,gateway:8000,gateway-service,correctness_gate_router,gateway
1787000696.075,85,routing_decisions_total,balanced,gateway:8000,gateway-service,correctness_gate_router,gateway
1787000701.075,85,routing_decisions_total,balanced,gateway:8000,gateway-service,correctness_gate_router,gateway
1787000706.075,85,routing_decisions_total,balanced,gateway:8000,gateway-service,correctness_gate_router,gateway
1787000711.075,85,routing_decisions_total,balanced,gateway:8000,gateway-service,correctness_gate_router,gateway
1787000716.075,85,routing_decisions_total,balanced,gateway:8000,gateway-service,correctness_gate_router,gateway
1787000721.075,85,routing_decisions_total,balanced,gateway:8000,gateway-service,correctness_gate_router,gateway
1787000726.075,85,routing_decisions_total,balanced,gateway:8000,gateway-service,correctness_gate_router,gateway
1787000731.075,85,routing_decisions_total,balanced,gateway:8000,gateway-service,correctness_gate_router,gateway
1787000736.075,85,routing_decisions_total,balanced,gateway:8000,gateway-service,correctness_gate_router,gateway
1787000741.075,85,routing_decisions_total,balanced,gateway:8000,gateway-service,correctness_gate_router,gateway
1787000746.075,85,routing_decisions_total,balanced,gateway:8000,gateway-service,correctness_gate_router,gateway
1787000751.075,85,routing_decisions_total,balanced,gateway:8000,gateway-service,correctness_gate_router,gateway
1787000756.075,85,routing_decisions_total,balanced,gateway:8000,gateway-service,correctness_gate_router,gateway
1787000761.075,85,routing_decisions_total,balanced,gateway:8000,gateway-service,correctness_gate_router,gateway
1787000766.075,85,routing_decisions_total,balanced,gateway:8000,gateway-service,correctness_gate_router,gateway
1787000771.075,85,routing_decisions_total,balanced,gateway:8000,gateway-service,correctness_gate_router,gateway
1787000776.075,85,routing_decisions_total,balanced,gateway:8000,gateway-service,correctness_gate_router,gateway
1787000781.075,85,routing_decisions_total,balanced,gateway:8000,gateway-service,correctness_gate_router,gateway
1787000786.075,85,routing_decisions_total,balanced,gateway:8000,gateway-service,correctness_gate_router,gateway
1787000791.075,85,routing_decisions_total,balanced,gateway:8000,gateway-service,correctness_gate_router,gateway
1787000796.075,85,routing_decisions_total,balanced,gateway:8000,gateway-service,correctness_gate_router,gateway
1787000801.075,85,routing_decisions_total,balanced,gateway:8000,gateway-service,correctness_gate_router,gateway
1787000806.075,85,routing_decisions_total,balanced,gateway:8000,gateway-service,correctness_gate_router,gateway
1787000811.075,85,routing_decisions_total,balanced,gateway:8000,gateway-service,correctness_gate_router,gateway
1787000816.075,85,routing_decisions_total,balanced,gateway:8000,gateway-service,correctness_gate_router,gateway
1787000821.075,85,routing_decisions_total,balanced,gateway:8000,gateway-service,correctness_gate_router,gateway
1787000826.075,85,routing_decisions_total,balanced,gateway:8000,gateway-service,correctness_gate_router,gateway
1787000831.075,85,routing_decisions_total,balanced,gateway:8000,gateway-service,correctness_gate_router,gateway
1787000836.075,85,routing_decisions_total,balanced,gateway:8000,gateway-service,correctness_gate_router,gateway
1787000841.075,85,routing_decisions_total,balanced,gateway:8000,gateway-service,correctness_gate_router,gateway
1787000846.075,85,routing_decisions_total,balanced,gateway:8000,gateway-service,correctness_gate_router,gateway
1787000851.075,85,routing_decisions_total,balanced,gateway:8000,gateway-service,correctness_gate_router,gateway
1787000856.075,85,routing_decisions_total,balanced,gateway:8000,gateway-service,correctness_gate_router,gateway
1787000861.075,85,routing_decisions_total,balanced,gateway:8000,gateway-service,correctness_gate_router,gateway
1787002781.075,11,routing_decisions_total,balanced,gateway:8000,gateway-service,correctness_gate_router,gateway
1787002786.075,21,routing_decisions_total,balanced,gateway:8000,gateway-service,correctness_gate_router,gateway
1787002791.075,30,routing_decisions_total,balanced,gateway:8000,gateway-service,correctness_gate_router,gateway
1787002796.075,49,routing_decisions_total,balanced,gateway:8000,gateway-service,correctness_gate_router,gateway
1787002801.075,52,routing_decisions_total,balanced,gateway:8000,gateway-service,correctness_gate_router,gateway
1787002806.075,64,routing_decisions_total,balanced,gateway:8000,gateway-service,correctness_gate_router,gateway
1787002811.075,71,routing_decisions_total,balanced,gateway:8000,gateway-service,correctness_gate_router,gateway
1787002816.075,99,routing_decisions_total,balanced,gateway:8000,gateway-service,correctness_gate_router,gateway
1787002821.075,131,routing_decisions_total,balanced,gateway:8000,gateway-service,correctness_gate_router,gateway
1787002826.075,166,routing_decisions_total,balanced,gateway:8000,gateway-service,correctness_gate_router,gateway
1787002831.075,203,routing_decisions_total,balanced,gateway:8000,gateway-service,correctness_gate_router,gateway
1787002836.075,249,routing_decisions_total,balanced,gateway:8000,gateway-service,correctness_gate_router,gateway
1787002841.075,292,routing_decisions_total,balanced,gateway:8000,gateway-service,correctness_gate_router,gateway
1787002846.075,307,routing_decisions_total,balanced,gateway:8000,gateway-service,correctness_gate_router,gateway
1787002851.075,326,routing_decisions_total,balanced,gateway:8000,gateway-service,correctness_gate_router,gateway
1787002856.075,367,routing_decisions_total,balanced,gateway:8000,gateway-service,correctness_gate_router,gateway
1787002861.075,406,routing_decisions_total,balanced,gateway:8000,gateway-service,correctness_gate_router,gateway
1787002866.075,442,routing_decisions_total,balanced,gateway:8000,gateway-service,correctness_gate_router,gateway
1787002871.075,474,routing_decisions_total,balanced,gateway:8000,gateway-service,correctness_gate_router,gateway
1787002876.075,510,routing_decisions_total,balanced,gateway:8000,gateway-service,correctness_gate_router,gateway
1787002881.075,512,routing_decisions_total,balanced,gateway:8000,gateway-service,correctness_gate_router,gateway
1787002886.075,512,routing_decisions_total,balanced,gateway:8000,gateway-service,correctness_gate_router,gateway
1787002891.075,512,routing_decisions_total,balanced,gateway:8000,gateway-service,correctness_gate_router,gateway
1787002896.075,512,routing_decisions_total,balanced,gateway:8000,gateway-service,correctness_gate_router,gateway
1787002901.075,512,routing_decisions_total,balanced,gateway:8000,gateway-service,correctness_gate_router,gateway
1787002906.075,512,routing_decisions_total,balanced,gateway:8000,gateway-service,correctness_gate_router,gateway
1787002911.075,512,routing_decisions_total,balanced,gateway:8000,gateway-service,correctness_gate_router,gateway
1787002916.075,512,routing_decisions_total,balanced,gateway:8000,gateway-service,correctness_gate_router,gateway
1787002921.075,512,routing_decisions_total,balanced,gateway:8000,gateway-service,correctness_gate_router,gateway
1787002926.075,512,routing_decisions_total,balanced,gateway:8000,gateway-service,correctness_gate_router,gateway
1787002931.075,512,routing_decisions_total,balanced,gateway:8000,gateway-service,correctness_gate_router,gateway
1787002936.075,512,routing_decisions_total,balanced,gateway:8000,gateway-service,correctness_gate_router,gateway
1787002941.075,512,routing_decisions_total,balanced,gateway:8000,gateway-service,correctness_gate_router,gateway
1787002946.075,512,routing_decisions_total,balanced,gateway:8000,gateway-service,correctness_gate_router,gateway
1787002951.075,512,routing_decisions_total,balanced,gateway:8000,gateway-service,correctness_gate_router,gateway
1787002956.075,512,routing_decisions_total,balanced,gateway:8000,gateway-service,correctness_gate_router,gateway
1787002961.075,512,routing_decisions_total,balanced,gateway:8000,gateway-service,correctness_gate_router,gateway
1787002966.075,512,routing_decisions_total,balanced,gateway:8000,gateway-service,correctness_gate_router,gateway
1787002971.075,512,routing_decisions_total,balanced,gateway:8000,gateway-service,correctness_gate_router,gateway
1787002976.075,512,routing_decisions_total,balanced,gateway:8000,gateway-service,correctness_gate_router,gateway
1787002981.075,512,routing_decisions_total,balanced,gateway:8000,gateway-service,correctness_gate_router,gateway
1787002986.075,512,routing_decisions_total,balanced,gateway:8000,gateway-service,correctness_gate_router,gateway
1787002991.075,512,routing_decisions_total,balanced,gateway:8000,gateway-service,correctness_gate_router,gateway
1787002996.075,512,routing_decisions_total,balanced,gateway:8000,gateway-service,correctness_gate_router,gateway
1787003001.075,512,routing_decisions_total,balanced,gateway:8000,gateway-service,correctness_gate_router,gateway
1787003006.075,512,routing_decisions_total,balanced,gateway:8000,gateway-service,correctness_gate_router,gateway
1787003011.075,512,routing_decisions_total,balanced,gateway:8000,gateway-service,correctness_gate_router,gateway
1787003016.075,512,routing_decisions_total,balanced,gateway:8000,gateway-service,correctness_gate_router,gateway
1787003021.075,512,routing_decisions_total,balanced,gateway:8000,gateway-service,correctness_gate_router,gateway
1787003026.075,512,routing_decisions_total,balanced,gateway:8000,gateway-service,correctness_gate_router,gateway
1787003031.075,512,routing_decisions_total,balanced,gateway:8000,gateway-service,correctness_gate_router,gateway
1787003036.075,512,routing_decisions_total,balanced,gateway:8000,gateway-service,correctness_gate_router,gateway
1787003041.075,512,routing_decisions_total,balanced,gateway:8000,gateway-service,correctness_gate_router,gateway
1787003046.075,512,routing_decisions_total,balanced,gateway:8000,gateway-service,correctness_gate_router,gateway
1787003051.075,512,routing_decisions_total,balanced,gateway:8000,gateway-service,correctness_gate_router,gateway
1787003056.075,512,routing_decisions_total,balanced,gateway:8000,gateway-service,correctness_gate_router,gateway
1787003061.075,512,routing_decisions_total,balanced,gateway:8000,gateway-service,correctness_gate_router,gateway
1787003066.075,512,routing_decisions_total,balanced,gateway:8000,gateway-service,correctness_gate_router,gateway
1787003071.075,512,routing_decisions_total,balanced,gateway:8000,gateway-service,correctness_gate_router,gateway
1787003076.075,512,routing_decisions_total,balanced,gateway:8000,gateway-service,correctness_gate_router,gateway
1787003081.075,512,routing_decisions_total,balanced,gateway:8000,gateway-service,correctness_gate_router,gateway
1787003086.075,512,routing_decisions_total,balanced,gateway:8000,gateway-service,correctness_gate_router,gateway
1787003091.075,512,routing_decisions_total,balanced,gateway:8000,gateway-service,correctness_gate_router,gateway
1787003096.075,512,routing_decisions_total,balanced,gateway:8000,gateway-service,correctness_gate_router,gateway
1787003101.075,512,routing_decisions_total,balanced,gateway:8000,gateway-service,correctness_gate_router,gateway
1787003106.075,512,routing_decisions_total,balanced,gateway:8000,gateway-service,correctness_gate_router,gateway
1787003111.075,512,routing_decisions_total,balanced,gateway:8000,gateway-service,correctness_gate_router,gateway
1787003116.075,512,routing_decisions_total,balanced,gateway:8000,gateway-service,correctness_gate_router,gateway
1787003121.075,512,routing_decisions_total,balanced,gateway:8000,gateway-service,correctness_gate_router,gateway
1787003126.075,512,routing_decisions_total,balanced,gateway:8000,gateway-service,correctness_gate_router,gateway
1787003131.075,512,routing_decisions_total,balanced,gateway:8000,gateway-service,correctness_gate_router,gateway
1787003136.075,512,routing_decisions_total,balanced,gateway:8000,gateway-service,correctness_gate_router,gateway
1787003141.075,512,routing_decisions_total,balanced,gateway:8000,gateway-service,correctness_gate_router,gateway
1787003146.075,512,routing_decisions_total,balanced,gateway:8000,gateway-service,correctness_gate_router,gateway
1787003151.075,512,routing_decisions_total,balanced,gateway:8000,gateway-service,correctness_gate_router,gateway
1787003156.075,512,routing_decisions_total,balanced,gateway:8000,gateway-service,correctness_gate_router,gateway
1787003161.075,512,routing_decisions_total,balanced,gateway:8000,gateway-service,correctness_gate_router,gateway
1787003166.075,512,routing_decisions_total,balanced,gateway:8000,gateway-service,correctness_gate_router,gateway
1787003171.075,512,routing_decisions_total,balanced,gateway:8000,gateway-service,correctness_gate_router,gateway
1787003176.075,512,routing_decisions_total,balanced,gateway:8000,gateway-service,correctness_gate_router,gateway
1787003181.075,512,routing_decisions_total,balanced,gateway:8000,gateway-service,correctness_gate_router,gateway
1787003186.075,512,routing_decisions_total,balanced,gateway:8000,gateway-service,correctness_gate_router,gateway
1787003191.075,512,routing_decisions_total,balanced,gateway:8000,gateway-service,correctness_gate_router,gateway
1787003196.075,512,routing_decisions_total,balanced,gateway:8000,gateway-service,correctness_gate_router,gateway
1787003201.075,512,routing_decisions_total,balanced,gateway:8000,gateway-service,correctness_gate_router,gateway
1787003206.075,512,routing_decisions_total,balanced,gateway:8000,gateway-service,correctness_gate_router,gateway
1787003211.075,512,routing_decisions_total,balanced,gateway:8000,gateway-service,correctness_gate_router,gateway
1787003216.075,512,routing_decisions_total,balanced,gateway:8000,gateway-service,correctness_gate_router,gateway
1787003221.075,512,routing_decisions_total,balanced,gateway:8000,gateway-service,correctness_gate_router,gateway
1787003226.075,512,routing_decisions_total,balanced,gateway:8000,gateway-service,correctness_gate_router,gateway
1787003231.075,512,routing_decisions_total,balanced,gateway:8000,gateway-service,correctness_gate_router,gateway
1787003236.075,512,routing_decisions_total,balanced,gateway:8000,gateway-service,correctness_gate_router,gateway
1787003241.075,512,routing_decisions_total,balanced,gateway:8000,gateway-service,correctness_gate_router,gateway
1787003246.075,512,routing_decisions_total,balanced,gateway:8000,gateway-service,correctness_gate_router,gateway
1787003251.075,512,routing_decisions_total,balanced,gateway:8000,gateway-service,correctness_gate_router,gateway
1787003256.075,512,routing_decisions_total,balanced,gateway:8000,gateway-service,correctness_gate_router,gateway
1787003261.075,512,routing_decisions_total,balanced,gateway:8000,gateway-service,correctness_gate_router,gateway
1787003266.075,512,routing_decisions_total,balanced,gateway:8000,gateway-service,correctness_gate_router,gateway
1787003271.075,512,routing_decisions_total,balanced,gateway:8000,gateway-service,correctness_gate_router,gateway
1787003276.075,512,routing_decisions_total,balanced,gateway:8000,gateway-service,correctness_gate_router,gateway
1787003281.075,512,routing_decisions_total,balanced,gateway:8000,gateway-service,correctness_gate_router,gateway
1787003286.075,512,routing_decisions_total,balanced,gateway:8000,gateway-service,correctness_gate_router,gateway
1787003291.075,512,routing_decisions_total,balanced,gateway:8000,gateway-service,correctness_gate_router,gateway
1787003296.075,512,routing_decisions_total,balanced,gateway:8000,gateway-service,correctness_gate_router,gateway
1787003301.075,512,routing_decisions_total,balanced,gateway:8000,gateway-service,correctness_gate_router,gateway
1787003306.075,512,routing_decisions_total,balanced,gateway:8000,gateway-service,correctness_gate_router,gateway
1787003311.075,512,routing_decisions_total,balanced,gateway:8000,gateway-service,correctness_gate_router,gateway
1787003316.075,512,routing_decisions_total,balanced,gateway:8000,gateway-service,correctness_gate_router,gateway
1787003646.075,2,routing_decisions_total,balanced,gateway:8000,gateway-service,correctness_gate_router,gateway
1787003651.075,14,routing_decisions_total,balanced,gateway:8000,gateway-service,correctness_gate_router,gateway
1787003656.075,26,routing_decisions_total,balanced,gateway:8000,gateway-service,correctness_gate_router,gateway
1787003661.075,35,routing_decisions_total,balanced,gateway:8000,gateway-service,correctness_gate_router,gateway
1787003666.075,50,routing_decisions_total,balanced,gateway:8000,gateway-service,correctness_gate_router,gateway
1787003671.075,61,routing_decisions_total,balanced,gateway:8000,gateway-service,correctness_gate_router,gateway
1787003676.075,62,routing_decisions_total,balanced,gateway:8000,gateway-service,correctness_gate_router,gateway
1787003681.075,88,routing_decisions_total,balanced,gateway:8000,gateway-service,correctness_gate_router,gateway
1787003686.075,133,routing_decisions_total,balanced,gateway:8000,gateway-service,correctness_gate_router,gateway
1787003691.075,160,routing_decisions_total,balanced,gateway:8000,gateway-service,correctness_gate_router,gateway
1787003696.075,195,routing_decisions_total,balanced,gateway:8000,gateway-service,correctness_gate_router,gateway
1787003701.075,228,routing_decisions_total,balanced,gateway:8000,gateway-service,correctness_gate_router,gateway
1787003706.075,256,routing_decisions_total,balanced,gateway:8000,gateway-service,correctness_gate_router,gateway
1787003711.075,275,routing_decisions_total,balanced,gateway:8000,gateway-service,correctness_gate_router,gateway
1787003716.075,308,routing_decisions_total,balanced,gateway:8000,gateway-service,correctness_gate_router,gateway
1787003721.075,361,routing_decisions_total,balanced,gateway:8000,gateway-service,correctness_gate_router,gateway
1787003726.075,392,routing_decisions_total,balanced,gateway:8000,gateway-service,correctness_gate_router,gateway
1787003731.075,440,routing_decisions_total,balanced,gateway:8000,gateway-service,correctness_gate_router,gateway
1787003736.075,469,routing_decisions_total,balanced,gateway:8000,gateway-service,correctness_gate_router,gateway
1787003741.075,510,routing_decisions_total,balanced,gateway:8000,gateway-service,correctness_gate_router,gateway
1787003746.075,515,routing_decisions_total,balanced,gateway:8000,gateway-service,correctness_gate_router,gateway
1787003751.075,515,routing_decisions_total,balanced,gateway:8000,gateway-service,correctness_gate_router,gateway
1786999226.075,1,routing_decisions_total,fast,gateway:8000,gateway-service,correctness_gate_router,gateway
1786999231.075,1,routing_decisions_total,fast,gateway:8000,gateway-service,correctness_gate_router,gateway
1786999236.075,4,routing_decisions_total,fast,gateway:8000,gateway-service,correctness_gate_router,gateway
1786999241.075,4,routing_decisions_total,fast,gateway:8000,gateway-service,correctness_gate_router,gateway
1786999246.075,8,routing_decisions_total,fast,gateway:8000,gateway-service,correctness_gate_router,gateway
1786999251.075,11,routing_decisions_total,fast,gateway:8000,gateway-service,correctness_gate_router,gateway
1786999256.075,13,routing_decisions_total,fast,gateway:8000,gateway-service,correctness_gate_router,gateway
1786999261.075,14,routing_decisions_total,fast,gateway:8000,gateway-service,correctness_gate_router,gateway
1786999266.075,14,routing_decisions_total,fast,gateway:8000,gateway-service,correctness_gate_router,gateway
1786999271.075,23,routing_decisions_total,fast,gateway:8000,gateway-service,correctness_gate_router,gateway
1786999276.075,28,routing_decisions_total,fast,gateway:8000,gateway-service,correctness_gate_router,gateway
1786999281.075,36,routing_decisions_total,fast,gateway:8000,gateway-service,correctness_gate_router,gateway
1786999286.075,36,routing_decisions_total,fast,gateway:8000,gateway-service,correctness_gate_router,gateway
1786999291.075,38,routing_decisions_total,fast,gateway:8000,gateway-service,correctness_gate_router,gateway
1786999296.075,43,routing_decisions_total,fast,gateway:8000,gateway-service,correctness_gate_router,gateway
1786999301.075,43,routing_decisions_total,fast,gateway:8000,gateway-service,correctness_gate_router,gateway
1786999306.075,43,routing_decisions_total,fast,gateway:8000,gateway-service,correctness_gate_router,gateway
1786999311.075,44,routing_decisions_total,fast,gateway:8000,gateway-service,correctness_gate_router,gateway
1786999316.075,56,routing_decisions_total,fast,gateway:8000,gateway-service,correctness_gate_router,gateway
1786999321.075,56,routing_decisions_total,fast,gateway:8000,gateway-service,correctness_gate_router,gateway
1786999326.075,60,routing_decisions_total,fast,gateway:8000,gateway-service,correctness_gate_router,gateway
1786999331.075,62,routing_decisions_total,fast,gateway:8000,gateway-service,correctness_gate_router,gateway
1786999336.075,62,routing_decisions_total,fast,gateway:8000,gateway-service,correctness_gate_router,gateway
1786999341.075,66,routing_decisions_total,fast,gateway:8000,gateway-service,correctness_gate_router,gateway
1786999346.075,72,routing_decisions_total,fast,gateway:8000,gateway-service,correctness_gate_router,gateway
1786999351.075,72,routing_decisions_total,fast,gateway:8000,gateway-service,correctness_gate_router,gateway
1786999356.075,84,routing_decisions_total,fast,gateway:8000,gateway-service,correctness_gate_router,gateway
1786999361.075,94,routing_decisions_total,fast,gateway:8000,gateway-service,correctness_gate_router,gateway
1786999366.075,102,routing_decisions_total,fast,gateway:8000,gateway-service,correctness_gate_router,gateway
1786999371.075,103,routing_decisions_total,fast,gateway:8000,gateway-service,correctness_gate_router,gateway
1786999376.075,105,routing_decisions_total,fast,gateway:8000,gateway-service,correctness_gate_router,gateway
1786999381.075,107,routing_decisions_total,fast,gateway:8000,gateway-service,correctness_gate_router,gateway
1786999386.075,107,routing_decisions_total,fast,gateway:8000,gateway-service,correctness_gate_router,gateway
1786999391.075,107,routing_decisions_total,fast,gateway:8000,gateway-service,correctness_gate_router,gateway
1786999396.075,107,routing_decisions_total,fast,gateway:8000,gateway-service,correctness_gate_router,gateway
1786999401.075,107,routing_decisions_total,fast,gateway:8000,gateway-service,correctness_gate_router,gateway
1786999406.075,107,routing_decisions_total,fast,gateway:8000,gateway-service,correctness_gate_router,gateway
1786999411.075,107,routing_decisions_total,fast,gateway:8000,gateway-service,correctness_gate_router,gateway
1786999416.075,107,routing_decisions_total,fast,gateway:8000,gateway-service,correctness_gate_router,gateway
1786999421.075,107,routing_decisions_total,fast,gateway:8000,gateway-service,correctness_gate_router,gateway
1786999426.075,107,routing_decisions_total,fast,gateway:8000,gateway-service,correctness_gate_router,gateway
1786999431.075,107,routing_decisions_total,fast,gateway:8000,gateway-service,correctness_gate_router,gateway
1786999436.075,107,routing_decisions_total,fast,gateway:8000,gateway-service,correctness_gate_router,gateway
1786999441.075,107,routing_decisions_total,fast,gateway:8000,gateway-service,correctness_gate_router,gateway
1786999446.075,107,routing_decisions_total,fast,gateway:8000,gateway-service,correctness_gate_router,gateway
1786999451.075,107,routing_decisions_total,fast,gateway:8000,gateway-service,correctness_gate_router,gateway
1786999456.075,107,routing_decisions_total,fast,gateway:8000,gateway-service,correctness_gate_router,gateway
1786999461.075,107,routing_decisions_total,fast,gateway:8000,gateway-service,correctness_gate_router,gateway
1786999466.075,107,routing_decisions_total,fast,gateway:8000,gateway-service,correctness_gate_router,gateway
1786999471.075,107,routing_decisions_total,fast,gateway:8000,gateway-service,correctness_gate_router,gateway
1786999476.075,107,routing_decisions_total,fast,gateway:8000,gateway-service,correctness_gate_router,gateway
1786999481.075,107,routing_decisions_total,fast,gateway:8000,gateway-service,correctness_gate_router,gateway
1786999486.075,107,routing_decisions_total,fast,gateway:8000,gateway-service,correctness_gate_router,gateway
1786999491.075,107,routing_decisions_total,fast,gateway:8000,gateway-service,correctness_gate_router,gateway
1786999496.075,107,routing_decisions_total,fast,gateway:8000,gateway-service,correctness_gate_router,gateway
1786999501.075,107,routing_decisions_total,fast,gateway:8000,gateway-service,correctness_gate_router,gateway
1786999506.075,107,routing_decisions_total,fast,gateway:8000,gateway-service,correctness_gate_router,gateway
1786999511.075,107,routing_decisions_total,fast,gateway:8000,gateway-service,correctness_gate_router,gateway
1786999516.075,107,routing_decisions_total,fast,gateway:8000,gateway-service,correctness_gate_router,gateway
1786999521.075,107,routing_decisions_total,fast,gateway:8000,gateway-service,correctness_gate_router,gateway
1786999526.075,107,routing_decisions_total,fast,gateway:8000,gateway-service,correctness_gate_router,gateway
1786999531.075,107,routing_decisions_total,fast,gateway:8000,gateway-service,correctness_gate_router,gateway
1786999536.075,107,routing_decisions_total,fast,gateway:8000,gateway-service,correctness_gate_router,gateway
1786999541.075,107,routing_decisions_total,fast,gateway:8000,gateway-service,correctness_gate_router,gateway
1786999546.075,107,routing_decisions_total,fast,gateway:8000,gateway-service,correctness_gate_router,gateway
1786999551.075,107,routing_decisions_total,fast,gateway:8000,gateway-service,correctness_gate_router,gateway
1786999556.075,107,routing_decisions_total,fast,gateway:8000,gateway-service,correctness_gate_router,gateway
1786999561.075,107,routing_decisions_total,fast,gateway:8000,gateway-service,correctness_gate_router,gateway
1786999566.075,107,routing_decisions_total,fast,gateway:8000,gateway-service,correctness_gate_router,gateway
1786999571.075,107,routing_decisions_total,fast,gateway:8000,gateway-service,correctness_gate_router,gateway
1786999576.075,107,routing_decisions_total,fast,gateway:8000,gateway-service,correctness_gate_router,gateway
1786999581.075,107,routing_decisions_total,fast,gateway:8000,gateway-service,correctness_gate_router,gateway
1786999586.075,107,routing_decisions_total,fast,gateway:8000,gateway-service,correctness_gate_router,gateway
1786999591.075,107,routing_decisions_total,fast,gateway:8000,gateway-service,correctness_gate_router,gateway
1786999596.075,107,routing_decisions_total,fast,gateway:8000,gateway-service,correctness_gate_router,gateway
1786999601.075,107,routing_decisions_total,fast,gateway:8000,gateway-service,correctness_gate_router,gateway
1786999606.075,107,routing_decisions_total,fast,gateway:8000,gateway-service,correctness_gate_router,gateway
1786999611.075,107,routing_decisions_total,fast,gateway:8000,gateway-service,correctness_gate_router,gateway
1786999616.075,107,routing_decisions_total,fast,gateway:8000,gateway-service,correctness_gate_router,gateway
1786999621.075,107,routing_decisions_total,fast,gateway:8000,gateway-service,correctness_gate_router,gateway
1786999626.075,107,routing_decisions_total,fast,gateway:8000,gateway-service,correctness_gate_router,gateway
1786999631.075,107,routing_decisions_total,fast,gateway:8000,gateway-service,correctness_gate_router,gateway
1786999636.075,107,routing_decisions_total,fast,gateway:8000,gateway-service,correctness_gate_router,gateway
1786999641.075,107,routing_decisions_total,fast,gateway:8000,gateway-service,correctness_gate_router,gateway
1786999646.075,107,routing_decisions_total,fast,gateway:8000,gateway-service,correctness_gate_router,gateway
1786999651.075,107,routing_decisions_total,fast,gateway:8000,gateway-service,correctness_gate_router,gateway
1786999656.075,107,routing_decisions_total,fast,gateway:8000,gateway-service,correctness_gate_router,gateway
1786999661.075,107,routing_decisions_total,fast,gateway:8000,gateway-service,correctness_gate_router,gateway
1786999666.075,107,routing_decisions_total,fast,gateway:8000,gateway-service,correctness_gate_router,gateway
1786999671.075,107,routing_decisions_total,fast,gateway:8000,gateway-service,correctness_gate_router,gateway
1786999676.075,107,routing_decisions_total,fast,gateway:8000,gateway-service,correctness_gate_router,gateway
1786999681.075,107,routing_decisions_total,fast,gateway:8000,gateway-service,correctness_gate_router,gateway
1786999686.075,107,routing_decisions_total,fast,gateway:8000,gateway-service,correctness_gate_router,gateway
1786999691.075,107,routing_decisions_total,fast,gateway:8000,gateway-service,correctness_gate_router,gateway
1786999696.075,107,routing_decisions_total,fast,gateway:8000,gateway-service,correctness_gate_router,gateway
1786999701.075,107,routing_decisions_total,fast,gateway:8000,gateway-service,correctness_gate_router,gateway
1786999706.075,107,routing_decisions_total,fast,gateway:8000,gateway-service,correctness_gate_router,gateway
1786999711.075,107,routing_decisions_total,fast,gateway:8000,gateway-service,correctness_gate_router,gateway
1786999716.075,107,routing_decisions_total,fast,gateway:8000,gateway-service,correctness_gate_router,gateway
1786999721.075,107,routing_decisions_total,fast,gateway:8000,gateway-service,correctness_gate_router,gateway
1786999726.075,107,routing_decisions_total,fast,gateway:8000,gateway-service,correctness_gate_router,gateway
1786999731.075,107,routing_decisions_total,fast,gateway:8000,gateway-service,correctness_gate_router,gateway
1786999736.075,107,routing_decisions_total,fast,gateway:8000,gateway-service,correctness_gate_router,gateway
1786999741.075,107,routing_decisions_total,fast,gateway:8000,gateway-service,correctness_gate_router,gateway
1786999746.075,107,routing_decisions_total,fast,gateway:8000,gateway-service,correctness_gate_router,gateway
1786999751.075,107,routing_decisions_total,fast,gateway:8000,gateway-service,correctness_gate_router,gateway
1786999756.075,107,routing_decisions_total,fast,gateway:8000,gateway-service,correctness_gate_router,gateway
1786999761.075,107,routing_decisions_total,fast,gateway:8000,gateway-service,correctness_gate_router,gateway
1786999766.075,107,routing_decisions_total,fast,gateway:8000,gateway-service,correctness_gate_router,gateway
1786999771.075,107,routing_decisions_total,fast,gateway:8000,gateway-service,correctness_gate_router,gateway
1786999776.075,107,routing_decisions_total,fast,gateway:8000,gateway-service,correctness_gate_router,gateway
1786999781.075,107,routing_decisions_total,fast,gateway:8000,gateway-service,correctness_gate_router,gateway
1786999786.075,107,routing_decisions_total,fast,gateway:8000,gateway-service,correctness_gate_router,gateway
1786999791.075,107,routing_decisions_total,fast,gateway:8000,gateway-service,correctness_gate_router,gateway
1786999796.075,107,routing_decisions_total,fast,gateway:8000,gateway-service,correctness_gate_router,gateway
1786999801.075,107,routing_decisions_total,fast,gateway:8000,gateway-service,correctness_gate_router,gateway
1786999806.075,107,routing_decisions_total,fast,gateway:8000,gateway-service,correctness_gate_router,gateway
1786999811.075,107,routing_decisions_total,fast,gateway:8000,gateway-service,correctness_gate_router,gateway
1786999816.075,107,routing_decisions_total,fast,gateway:8000,gateway-service,correctness_gate_router,gateway
1786999821.075,107,routing_decisions_total,fast,gateway:8000,gateway-service,correctness_gate_router,gateway
1786999826.075,107,routing_decisions_total,fast,gateway:8000,gateway-service,correctness_gate_router,gateway
1786999831.075,107,routing_decisions_total,fast,gateway:8000,gateway-service,correctness_gate_router,gateway
1786999836.075,107,routing_decisions_total,fast,gateway:8000,gateway-service,correctness_gate_router,gateway
1786999841.075,107,routing_decisions_total,fast,gateway:8000,gateway-service,correctness_gate_router,gateway
1786999846.075,107,routing_decisions_total,fast,gateway:8000,gateway-service,correctness_gate_router,gateway
1786999851.075,107,routing_decisions_total,fast,gateway:8000,gateway-service,correctness_gate_router,gateway
1786999856.075,107,routing_decisions_total,fast,gateway:8000,gateway-service,correctness_gate_router,gateway
1786999861.075,107,routing_decisions_total,fast,gateway:8000,gateway-service,correctness_gate_router,gateway
1786999866.075,107,routing_decisions_total,fast,gateway:8000,gateway-service,correctness_gate_router,gateway
1786999871.075,107,routing_decisions_total,fast,gateway:8000,gateway-service,correctness_gate_router,gateway
1786999876.075,107,routing_decisions_total,fast,gateway:8000,gateway-service,correctness_gate_router,gateway
1786999881.075,107,routing_decisions_total,fast,gateway:8000,gateway-service,correctness_gate_router,gateway
1786999886.075,107,routing_decisions_total,fast,gateway:8000,gateway-service,correctness_gate_router,gateway
1786999891.075,107,routing_decisions_total,fast,gateway:8000,gateway-service,correctness_gate_router,gateway
1786999896.075,107,routing_decisions_total,fast,gateway:8000,gateway-service,correctness_gate_router,gateway
1786999901.075,107,routing_decisions_total,fast,gateway:8000,gateway-service,correctness_gate_router,gateway
1786999906.075,107,routing_decisions_total,fast,gateway:8000,gateway-service,correctness_gate_router,gateway
1786999911.075,107,routing_decisions_total,fast,gateway:8000,gateway-service,correctness_gate_router,gateway
1786999916.075,107,routing_decisions_total,fast,gateway:8000,gateway-service,correctness_gate_router,gateway
1786999921.075,107,routing_decisions_total,fast,gateway:8000,gateway-service,correctness_gate_router,gateway
1786999926.075,107,routing_decisions_total,fast,gateway:8000,gateway-service,correctness_gate_router,gateway
1786999931.075,107,routing_decisions_total,fast,gateway:8000,gateway-service,correctness_gate_router,gateway
1786999936.075,107,routing_decisions_total,fast,gateway:8000,gateway-service,correctness_gate_router,gateway
1786999941.075,107,routing_decisions_total,fast,gateway:8000,gateway-service,correctness_gate_router,gateway
1786999946.075,107,routing_decisions_total,fast,gateway:8000,gateway-service,correctness_gate_router,gateway
1786999951.075,107,routing_decisions_total,fast,gateway:8000,gateway-service,correctness_gate_router,gateway
1786999956.075,107,routing_decisions_total,fast,gateway:8000,gateway-service,correctness_gate_router,gateway
1786999961.075,107,routing_decisions_total,fast,gateway:8000,gateway-service,correctness_gate_router,gateway
1786999966.075,107,routing_decisions_total,fast,gateway:8000,gateway-service,correctness_gate_router,gateway
1786999971.075,107,routing_decisions_total,fast,gateway:8000,gateway-service,correctness_gate_router,gateway
1786999976.075,107,routing_decisions_total,fast,gateway:8000,gateway-service,correctness_gate_router,gateway
1786999981.075,107,routing_decisions_total,fast,gateway:8000,gateway-service,correctness_gate_router,gateway
1786999986.075,107,routing_decisions_total,fast,gateway:8000,gateway-service,correctness_gate_router,gateway
1786999991.075,107,routing_decisions_total,fast,gateway:8000,gateway-service,correctness_gate_router,gateway
1786999996.075,107,routing_decisions_total,fast,gateway:8000,gateway-service,correctness_gate_router,gateway
1787000001.075,107,routing_decisions_total,fast,gateway:8000,gateway-service,correctness_gate_router,gateway
1787000006.075,107,routing_decisions_total,fast,gateway:8000,gateway-service,correctness_gate_router,gateway
1787000011.075,107,routing_decisions_total,fast,gateway:8000,gateway-service,correctness_gate_router,gateway
1787000016.075,107,routing_decisions_total,fast,gateway:8000,gateway-service,correctness_gate_router,gateway
1787000021.075,107,routing_decisions_total,fast,gateway:8000,gateway-service,correctness_gate_router,gateway
1787000026.075,107,routing_decisions_total,fast,gateway:8000,gateway-service,correctness_gate_router,gateway
1787000031.075,107,routing_decisions_total,fast,gateway:8000,gateway-service,correctness_gate_router,gateway
1787000036.075,107,routing_decisions_total,fast,gateway:8000,gateway-service,correctness_gate_router,gateway
1787000041.075,107,routing_decisions_total,fast,gateway:8000,gateway-service,correctness_gate_router,gateway
1787000046.075,107,routing_decisions_total,fast,gateway:8000,gateway-service,correctness_gate_router,gateway
1787000051.075,107,routing_decisions_total,fast,gateway:8000,gateway-service,correctness_gate_router,gateway
1787000056.075,107,routing_decisions_total,fast,gateway:8000,gateway-service,correctness_gate_router,gateway
1787000061.075,107,routing_decisions_total,fast,gateway:8000,gateway-service,correctness_gate_router,gateway
1787000066.075,107,routing_decisions_total,fast,gateway:8000,gateway-service,correctness_gate_router,gateway
1787000071.075,107,routing_decisions_total,fast,gateway:8000,gateway-service,correctness_gate_router,gateway
1787000076.075,107,routing_decisions_total,fast,gateway:8000,gateway-service,correctness_gate_router,gateway
1787000081.075,107,routing_decisions_total,fast,gateway:8000,gateway-service,correctness_gate_router,gateway
1787000086.075,107,routing_decisions_total,fast,gateway:8000,gateway-service,correctness_gate_router,gateway
1787000091.075,107,routing_decisions_total,fast,gateway:8000,gateway-service,correctness_gate_router,gateway
1787000096.075,107,routing_decisions_total,fast,gateway:8000,gateway-service,correctness_gate_router,gateway
1787000101.075,107,routing_decisions_total,fast,gateway:8000,gateway-service,correctness_gate_router,gateway
1787000106.075,107,routing_decisions_total,fast,gateway:8000,gateway-service,correctness_gate_router,gateway
1787000111.075,107,routing_decisions_total,fast,gateway:8000,gateway-service,correctness_gate_router,gateway
1787000116.075,107,routing_decisions_total,fast,gateway:8000,gateway-service,correctness_gate_router,gateway
1787000121.075,107,routing_decisions_total,fast,gateway:8000,gateway-service,correctness_gate_router,gateway
1787000126.075,107,routing_decisions_total,fast,gateway:8000,gateway-service,correctness_gate_router,gateway
1787000131.075,107,routing_decisions_total,fast,gateway:8000,gateway-service,correctness_gate_router,gateway
1787000136.075,107,routing_decisions_total,fast,gateway:8000,gateway-service,correctness_gate_router,gateway
1787000141.075,107,routing_decisions_total,fast,gateway:8000,gateway-service,correctness_gate_router,gateway
1787000146.075,107,routing_decisions_total,fast,gateway:8000,gateway-service,correctness_gate_router,gateway
1787000151.075,107,routing_decisions_total,fast,gateway:8000,gateway-service,correctness_gate_router,gateway
1787000156.075,107,routing_decisions_total,fast,gateway:8000,gateway-service,correctness_gate_router,gateway
1787000161.075,107,routing_decisions_total,fast,gateway:8000,gateway-service,correctness_gate_router,gateway
1787000166.075,107,routing_decisions_total,fast,gateway:8000,gateway-service,correctness_gate_router,gateway
1787000171.075,107,routing_decisions_total,fast,gateway:8000,gateway-service,correctness_gate_router,gateway
1787000176.075,107,routing_decisions_total,fast,gateway:8000,gateway-service,correctness_gate_router,gateway
1787000181.075,107,routing_decisions_total,fast,gateway:8000,gateway-service,correctness_gate_router,gateway
1787000186.075,107,routing_decisions_total,fast,gateway:8000,gateway-service,correctness_gate_router,gateway
1787000191.075,107,routing_decisions_total,fast,gateway:8000,gateway-service,correctness_gate_router,gateway
1787000196.075,107,routing_decisions_total,fast,gateway:8000,gateway-service,correctness_gate_router,gateway
1787000201.075,107,routing_decisions_total,fast,gateway:8000,gateway-service,correctness_gate_router,gateway
1787000206.075,107,routing_decisions_total,fast,gateway:8000,gateway-service,correctness_gate_router,gateway
1787000211.075,107,routing_decisions_total,fast,gateway:8000,gateway-service,correctness_gate_router,gateway
1787000216.075,107,routing_decisions_total,fast,gateway:8000,gateway-service,correctness_gate_router,gateway
1787000221.075,107,routing_decisions_total,fast,gateway:8000,gateway-service,correctness_gate_router,gateway
1787000226.075,107,routing_decisions_total,fast,gateway:8000,gateway-service,correctness_gate_router,gateway
1787000231.075,107,routing_decisions_total,fast,gateway:8000,gateway-service,correctness_gate_router,gateway
1787000236.075,107,routing_decisions_total,fast,gateway:8000,gateway-service,correctness_gate_router,gateway
1787000241.075,107,routing_decisions_total,fast,gateway:8000,gateway-service,correctness_gate_router,gateway
1787000246.075,107,routing_decisions_total,fast,gateway:8000,gateway-service,correctness_gate_router,gateway
1787000251.075,107,routing_decisions_total,fast,gateway:8000,gateway-service,correctness_gate_router,gateway
1787000256.075,107,routing_decisions_total,fast,gateway:8000,gateway-service,correctness_gate_router,gateway
1787000261.075,107,routing_decisions_total,fast,gateway:8000,gateway-service,correctness_gate_router,gateway
1787000266.075,107,routing_decisions_total,fast,gateway:8000,gateway-service,correctness_gate_router,gateway
1787000271.075,107,routing_decisions_total,fast,gateway:8000,gateway-service,correctness_gate_router,gateway
1787000276.075,107,routing_decisions_total,fast,gateway:8000,gateway-service,correctness_gate_router,gateway
1787000281.075,107,routing_decisions_total,fast,gateway:8000,gateway-service,correctness_gate_router,gateway
1787000286.075,107,routing_decisions_total,fast,gateway:8000,gateway-service,correctness_gate_router,gateway
1787000291.075,107,routing_decisions_total,fast,gateway:8000,gateway-service,correctness_gate_router,gateway
1787000296.075,107,routing_decisions_total,fast,gateway:8000,gateway-service,correctness_gate_router,gateway
1787000301.075,107,routing_decisions_total,fast,gateway:8000,gateway-service,correctness_gate_router,gateway
1787000306.075,107,routing_decisions_total,fast,gateway:8000,gateway-service,correctness_gate_router,gateway
1787000311.075,107,routing_decisions_total,fast,gateway:8000,gateway-service,correctness_gate_router,gateway
1787000316.075,107,routing_decisions_total,fast,gateway:8000,gateway-service,correctness_gate_router,gateway
1787000321.075,107,routing_decisions_total,fast,gateway:8000,gateway-service,correctness_gate_router,gateway
1787000326.075,107,routing_decisions_total,fast,gateway:8000,gateway-service,correctness_gate_router,gateway
1787000331.075,107,routing_decisions_total,fast,gateway:8000,gateway-service,correctness_gate_router,gateway
1787000336.075,107,routing_decisions_total,fast,gateway:8000,gateway-service,correctness_gate_router,gateway
1787000341.075,107,routing_decisions_total,fast,gateway:8000,gateway-service,correctness_gate_router,gateway
1787000346.075,107,routing_decisions_total,fast,gateway:8000,gateway-service,correctness_gate_router,gateway
1787000351.075,107,routing_decisions_total,fast,gateway:8000,gateway-service,correctness_gate_router,gateway
1787000356.075,107,routing_decisions_total,fast,gateway:8000,gateway-service,correctness_gate_router,gateway
1787000361.075,107,routing_decisions_total,fast,gateway:8000,gateway-service,correctness_gate_router,gateway
1787000366.075,107,routing_decisions_total,fast,gateway:8000,gateway-service,correctness_gate_router,gateway
1787000371.075,107,routing_decisions_total,fast,gateway:8000,gateway-service,correctness_gate_router,gateway
1787000376.075,107,routing_decisions_total,fast,gateway:8000,gateway-service,correctness_gate_router,gateway
1787000381.075,107,routing_decisions_total,fast,gateway:8000,gateway-service,correctness_gate_router,gateway
1787000386.075,107,routing_decisions_total,fast,gateway:8000,gateway-service,correctness_gate_router,gateway
1787000391.075,107,routing_decisions_total,fast,gateway:8000,gateway-service,correctness_gate_router,gateway
1787000396.075,107,routing_decisions_total,fast,gateway:8000,gateway-service,correctness_gate_router,gateway
1787000401.075,107,routing_decisions_total,fast,gateway:8000,gateway-service,correctness_gate_router,gateway
1787000406.075,107,routing_decisions_total,fast,gateway:8000,gateway-service,correctness_gate_router,gateway
1787000411.075,107,routing_decisions_total,fast,gateway:8000,gateway-service,correctness_gate_router,gateway
1787000416.075,107,routing_decisions_total,fast,gateway:8000,gateway-service,correctness_gate_router,gateway
1787000421.075,107,routing_decisions_total,fast,gateway:8000,gateway-service,correctness_gate_router,gateway
1787000426.075,107,routing_decisions_total,fast,gateway:8000,gateway-service,correctness_gate_router,gateway
1787000431.075,107,routing_decisions_total,fast,gateway:8000,gateway-service,correctness_gate_router,gateway
1787000436.075,107,routing_decisions_total,fast,gateway:8000,gateway-service,correctness_gate_router,gateway
1787000441.075,107,routing_decisions_total,fast,gateway:8000,gateway-service,correctness_gate_router,gateway
1787000446.075,107,routing_decisions_total,fast,gateway:8000,gateway-service,correctness_gate_router,gateway
1787000451.075,107,routing_decisions_total,fast,gateway:8000,gateway-service,correctness_gate_router,gateway
1787000456.075,107,routing_decisions_total,fast,gateway:8000,gateway-service,correctness_gate_router,gateway
1787000461.075,107,routing_decisions_total,fast,gateway:8000,gateway-service,correctness_gate_router,gateway
1787000466.075,107,routing_decisions_total,fast,gateway:8000,gateway-service,correctness_gate_router,gateway
1787000471.075,107,routing_decisions_total,fast,gateway:8000,gateway-service,correctness_gate_router,gateway
1787000476.075,107,routing_decisions_total,fast,gateway:8000,gateway-service,correctness_gate_router,gateway
1787000481.075,107,routing_decisions_total,fast,gateway:8000,gateway-service,correctness_gate_router,gateway
1787000486.075,107,routing_decisions_total,fast,gateway:8000,gateway-service,correctness_gate_router,gateway
1787000491.075,107,routing_decisions_total,fast,gateway:8000,gateway-service,correctness_gate_router,gateway
1787000496.075,107,routing_decisions_total,fast,gateway:8000,gateway-service,correctness_gate_router,gateway
1787000501.075,107,routing_decisions_total,fast,gateway:8000,gateway-service,correctness_gate_router,gateway
1787000506.075,107,routing_decisions_total,fast,gateway:8000,gateway-service,correctness_gate_router,gateway
1787000511.075,107,routing_decisions_total,fast,gateway:8000,gateway-service,correctness_gate_router,gateway
1787000516.075,107,routing_decisions_total,fast,gateway:8000,gateway-service,correctness_gate_router,gateway
1787000521.075,107,routing_decisions_total,fast,gateway:8000,gateway-service,correctness_gate_router,gateway
1787000526.075,107,routing_decisions_total,fast,gateway:8000,gateway-service,correctness_gate_router,gateway
1787000531.075,107,routing_decisions_total,fast,gateway:8000,gateway-service,correctness_gate_router,gateway
1787000536.075,107,routing_decisions_total,fast,gateway:8000,gateway-service,correctness_gate_router,gateway
1787000541.075,107,routing_decisions_total,fast,gateway:8000,gateway-service,correctness_gate_router,gateway
1787000546.075,107,routing_decisions_total,fast,gateway:8000,gateway-service,correctness_gate_router,gateway
1787000551.075,107,routing_decisions_total,fast,gateway:8000,gateway-service,correctness_gate_router,gateway
1787000556.075,107,routing_decisions_total,fast,gateway:8000,gateway-service,correctness_gate_router,gateway
1787000561.075,107,routing_decisions_total,fast,gateway:8000,gateway-service,correctness_gate_router,gateway
1787000566.075,107,routing_decisions_total,fast,gateway:8000,gateway-service,correctness_gate_router,gateway
1787000571.075,107,routing_decisions_total,fast,gateway:8000,gateway-service,correctness_gate_router,gateway
1787000576.075,107,routing_decisions_total,fast,gateway:8000,gateway-service,correctness_gate_router,gateway
1787000581.075,107,routing_decisions_total,fast,gateway:8000,gateway-service,correctness_gate_router,gateway
1787000586.075,107,routing_decisions_total,fast,gateway:8000,gateway-service,correctness_gate_router,gateway
1787000591.075,107,routing_decisions_total,fast,gateway:8000,gateway-service,correctness_gate_router,gateway
1787000596.075,107,routing_decisions_total,fast,gateway:8000,gateway-service,correctness_gate_router,gateway
1787000601.075,107,routing_decisions_total,fast,gateway:8000,gateway-service,correctness_gate_router,gateway
1787000606.075,107,routing_decisions_total,fast,gateway:8000,gateway-service,correctness_gate_router,gateway
1787000611.075,107,routing_decisions_total,fast,gateway:8000,gateway-service,correctness_gate_router,gateway
1787000616.075,107,routing_decisions_total,fast,gateway:8000,gateway-service,correctness_gate_router,gateway
1787000621.075,107,routing_decisions_total,fast,gateway:8000,gateway-service,correctness_gate_router,gateway
1787000626.075,107,routing_decisions_total,fast,gateway:8000,gateway-service,correctness_gate_router,gateway
1787000631.075,107,routing_decisions_total,fast,gateway:8000,gateway-service,correctness_gate_router,gateway
1787000636.075,107,routing_decisions_total,fast,gateway:8000,gateway-service,correctness_gate_router,gateway
1787000641.075,107,routing_decisions_total,fast,gateway:8000,gateway-service,correctness_gate_router,gateway
1787000646.075,107,routing_decisions_total,fast,gateway:8000,gateway-service,correctness_gate_router,gateway
1787000651.075,107,routing_decisions_total,fast,gateway:8000,gateway-service,correctness_gate_router,gateway
1787000656.075,107,routing_decisions_total,fast,gateway:8000,gateway-service,correctness_gate_router,gateway
1787000661.075,107,routing_decisions_total,fast,gateway:8000,gateway-service,correctness_gate_router,gateway
1787000666.075,107,routing_decisions_total,fast,gateway:8000,gateway-service,correctness_gate_router,gateway
1787000671.075,107,routing_decisions_total,fast,gateway:8000,gateway-service,correctness_gate_router,gateway
1787000676.075,107,routing_decisions_total,fast,gateway:8000,gateway-service,correctness_gate_router,gateway
1787000681.075,107,routing_decisions_total,fast,gateway:8000,gateway-service,correctness_gate_router,gateway
1787000686.075,107,routing_decisions_total,fast,gateway:8000,gateway-service,correctness_gate_router,gateway
1787000691.075,107,routing_decisions_total,fast,gateway:8000,gateway-service,correctness_gate_router,gateway
1787000696.075,107,routing_decisions_total,fast,gateway:8000,gateway-service,correctness_gate_router,gateway
1787000701.075,107,routing_decisions_total,fast,gateway:8000,gateway-service,correctness_gate_router,gateway
1787000706.075,107,routing_decisions_total,fast,gateway:8000,gateway-service,correctness_gate_router,gateway
1787000711.075,107,routing_decisions_total,fast,gateway:8000,gateway-service,correctness_gate_router,gateway
1787000716.075,107,routing_decisions_total,fast,gateway:8000,gateway-service,correctness_gate_router,gateway
1787000721.075,107,routing_decisions_total,fast,gateway:8000,gateway-service,correctness_gate_router,gateway
1787000726.075,107,routing_decisions_total,fast,gateway:8000,gateway-service,correctness_gate_router,gateway
1787000731.075,107,routing_decisions_total,fast,gateway:8000,gateway-service,correctness_gate_router,gateway
1787000736.075,107,routing_decisions_total,fast,gateway:8000,gateway-service,correctness_gate_router,gateway
1787000741.075,107,routing_decisions_total,fast,gateway:8000,gateway-service,correctness_gate_router,gateway
1787000746.075,107,routing_decisions_total,fast,gateway:8000,gateway-service,correctness_gate_router,gateway
1787000751.075,107,routing_decisions_total,fast,gateway:8000,gateway-service,correctness_gate_router,gateway
1787000756.075,107,routing_decisions_total,fast,gateway:8000,gateway-service,correctness_gate_router,gateway
1787000761.075,107,routing_decisions_total,fast,gateway:8000,gateway-service,correctness_gate_router,gateway
1787000766.075,107,routing_decisions_total,fast,gateway:8000,gateway-service,correctness_gate_router,gateway
1787000771.075,107,routing_decisions_total,fast,gateway:8000,gateway-service,correctness_gate_router,gateway
1787000776.075,107,routing_decisions_total,fast,gateway:8000,gateway-service,correctness_gate_router,gateway
1787000781.075,107,routing_decisions_total,fast,gateway:8000,gateway-service,correctness_gate_router,gateway
1787000786.075,107,routing_decisions_total,fast,gateway:8000,gateway-service,correctness_gate_router,gateway
1787000791.075,107,routing_decisions_total,fast,gateway:8000,gateway-service,correctness_gate_router,gateway
1787000796.075,107,routing_decisions_total,fast,gateway:8000,gateway-service,correctness_gate_router,gateway
1787000801.075,107,routing_decisions_total,fast,gateway:8000,gateway-service,correctness_gate_router,gateway
1787000806.075,107,routing_decisions_total,fast,gateway:8000,gateway-service,correctness_gate_router,gateway
1787000811.075,107,routing_decisions_total,fast,gateway:8000,gateway-service,correctness_gate_router,gateway
1787000816.075,107,routing_decisions_total,fast,gateway:8000,gateway-service,correctness_gate_router,gateway
1787000821.075,107,routing_decisions_total,fast,gateway:8000,gateway-service,correctness_gate_router,gateway
1787000826.075,107,routing_decisions_total,fast,gateway:8000,gateway-service,correctness_gate_router,gateway
1787000831.075,107,routing_decisions_total,fast,gateway:8000,gateway-service,correctness_gate_router,gateway
1787000836.075,107,routing_decisions_total,fast,gateway:8000,gateway-service,correctness_gate_router,gateway
1787000841.075,107,routing_decisions_total,fast,gateway:8000,gateway-service,correctness_gate_router,gateway
1787000846.075,107,routing_decisions_total,fast,gateway:8000,gateway-service,correctness_gate_router,gateway
1787000851.075,107,routing_decisions_total,fast,gateway:8000,gateway-service,correctness_gate_router,gateway
1787000856.075,107,routing_decisions_total,fast,gateway:8000,gateway-service,correctness_gate_router,gateway
1787000861.075,107,routing_decisions_total,fast,gateway:8000,gateway-service,correctness_gate_router,gateway
1787002781.075,10,routing_decisions_total,fast,gateway:8000,gateway-service,correctness_gate_router,gateway
1787002786.075,29,routing_decisions_total,fast,gateway:8000,gateway-service,correctness_gate_router,gateway
1787002791.075,42,routing_decisions_total,fast,gateway:8000,gateway-service,correctness_gate_router,gateway
1787002796.075,47,routing_decisions_total,fast,gateway:8000,gateway-service,correctness_gate_router,gateway
1787002801.075,60,routing_decisions_total,fast,gateway:8000,gateway-service,correctness_gate_router,gateway
1787002806.075,71,routing_decisions_total,fast,gateway:8000,gateway-service,correctness_gate_router,gateway
1787002811.075,75,routing_decisions_total,fast,gateway:8000,gateway-service,correctness_gate_router,gateway
1787002816.075,115,routing_decisions_total,fast,gateway:8000,gateway-service,correctness_gate_router,gateway
1787002821.075,150,routing_decisions_total,fast,gateway:8000,gateway-service,correctness_gate_router,gateway
1787002826.075,192,routing_decisions_total,fast,gateway:8000,gateway-service,correctness_gate_router,gateway
1787002831.075,229,routing_decisions_total,fast,gateway:8000,gateway-service,correctness_gate_router,gateway
1787002836.075,274,routing_decisions_total,fast,gateway:8000,gateway-service,correctness_gate_router,gateway
1787002841.075,319,routing_decisions_total,fast,gateway:8000,gateway-service,correctness_gate_router,gateway
1787002846.075,339,routing_decisions_total,fast,gateway:8000,gateway-service,correctness_gate_router,gateway
1787002851.075,358,routing_decisions_total,fast,gateway:8000,gateway-service,correctness_gate_router,gateway
1787002856.075,434,routing_decisions_total,fast,gateway:8000,gateway-service,correctness_gate_router,gateway
1787002861.075,481,routing_decisions_total,fast,gateway:8000,gateway-service,correctness_gate_router,gateway
1787002866.075,537,routing_decisions_total,fast,gateway:8000,gateway-service,correctness_gate_router,gateway
1787002871.075,576,routing_decisions_total,fast,gateway:8000,gateway-service,correctness_gate_router,gateway
1787002876.075,627,routing_decisions_total,fast,gateway:8000,gateway-service,correctness_gate_router,gateway
1787002881.075,632,routing_decisions_total,fast,gateway:8000,gateway-service,correctness_gate_router,gateway
1787002886.075,632,routing_decisions_total,fast,gateway:8000,gateway-service,correctness_gate_router,gateway
1787002891.075,632,routing_decisions_total,fast,gateway:8000,gateway-service,correctness_gate_router,gateway
1787002896.075,632,routing_decisions_total,fast,gateway:8000,gateway-service,correctness_gate_router,gateway
1787002901.075,632,routing_decisions_total,fast,gateway:8000,gateway-service,correctness_gate_router,gateway
1787002906.075,632,routing_decisions_total,fast,gateway:8000,gateway-service,correctness_gate_router,gateway
1787002911.075,632,routing_decisions_total,fast,gateway:8000,gateway-service,correctness_gate_router,gateway
1787002916.075,632,routing_decisions_total,fast,gateway:8000,gateway-service,correctness_gate_router,gateway
1787002921.075,632,routing_decisions_total,fast,gateway:8000,gateway-service,correctness_gate_router,gateway
1787002926.075,632,routing_decisions_total,fast,gateway:8000,gateway-service,correctness_gate_router,gateway
1787002931.075,632,routing_decisions_total,fast,gateway:8000,gateway-service,correctness_gate_router,gateway
1787002936.075,632,routing_decisions_total,fast,gateway:8000,gateway-service,correctness_gate_router,gateway
1787002941.075,632,routing_decisions_total,fast,gateway:8000,gateway-service,correctness_gate_router,gateway
1787002946.075,632,routing_decisions_total,fast,gateway:8000,gateway-service,correctness_gate_router,gateway
1787002951.075,632,routing_decisions_total,fast,gateway:8000,gateway-service,correctness_gate_router,gateway
1787002956.075,632,routing_decisions_total,fast,gateway:8000,gateway-service,correctness_gate_router,gateway
1787002961.075,632,routing_decisions_total,fast,gateway:8000,gateway-service,correctness_gate_router,gateway
1787002966.075,632,routing_decisions_total,fast,gateway:8000,gateway-service,correctness_gate_router,gateway
1787002971.075,632,routing_decisions_total,fast,gateway:8000,gateway-service,correctness_gate_router,gateway
1787002976.075,632,routing_decisions_total,fast,gateway:8000,gateway-service,correctness_gate_router,gateway
1787002981.075,632,routing_decisions_total,fast,gateway:8000,gateway-service,correctness_gate_router,gateway
1787002986.075,632,routing_decisions_total,fast,gateway:8000,gateway-service,correctness_gate_router,gateway
1787002991.075,632,routing_decisions_total,fast,gateway:8000,gateway-service,correctness_gate_router,gateway
1787002996.075,632,routing_decisions_total,fast,gateway:8000,gateway-service,correctness_gate_router,gateway
1787003001.075,632,routing_decisions_total,fast,gateway:8000,gateway-service,correctness_gate_router,gateway
1787003006.075,632,routing_decisions_total,fast,gateway:8000,gateway-service,correctness_gate_router,gateway
1787003011.075,632,routing_decisions_total,fast,gateway:8000,gateway-service,correctness_gate_router,gateway
1787003016.075,632,routing_decisions_total,fast,gateway:8000,gateway-service,correctness_gate_router,gateway
1787003021.075,632,routing_decisions_total,fast,gateway:8000,gateway-service,correctness_gate_router,gateway
1787003026.075,632,routing_decisions_total,fast,gateway:8000,gateway-service,correctness_gate_router,gateway
1787003031.075,632,routing_decisions_total,fast,gateway:8000,gateway-service,correctness_gate_router,gateway
1787003036.075,632,routing_decisions_total,fast,gateway:8000,gateway-service,correctness_gate_router,gateway
1787003041.075,632,routing_decisions_total,fast,gateway:8000,gateway-service,correctness_gate_router,gateway
1787003046.075,632,routing_decisions_total,fast,gateway:8000,gateway-service,correctness_gate_router,gateway
1787003051.075,632,routing_decisions_total,fast,gateway:8000,gateway-service,correctness_gate_router,gateway
1787003056.075,632,routing_decisions_total,fast,gateway:8000,gateway-service,correctness_gate_router,gateway
1787003061.075,632,routing_decisions_total,fast,gateway:8000,gateway-service,correctness_gate_router,gateway
1787003066.075,632,routing_decisions_total,fast,gateway:8000,gateway-service,correctness_gate_router,gateway
1787003071.075,632,routing_decisions_total,fast,gateway:8000,gateway-service,correctness_gate_router,gateway
1787003076.075,632,routing_decisions_total,fast,gateway:8000,gateway-service,correctness_gate_router,gateway
1787003081.075,632,routing_decisions_total,fast,gateway:8000,gateway-service,correctness_gate_router,gateway
1787003086.075,632,routing_decisions_total,fast,gateway:8000,gateway-service,correctness_gate_router,gateway
1787003091.075,632,routing_decisions_total,fast,gateway:8000,gateway-service,correctness_gate_router,gateway
1787003096.075,632,routing_decisions_total,fast,gateway:8000,gateway-service,correctness_gate_router,gateway
1787003101.075,632,routing_decisions_total,fast,gateway:8000,gateway-service,correctness_gate_router,gateway
1787003106.075,632,routing_decisions_total,fast,gateway:8000,gateway-service,correctness_gate_router,gateway
1787003111.075,632,routing_decisions_total,fast,gateway:8000,gateway-service,correctness_gate_router,gateway
1787003116.075,632,routing_decisions_total,fast,gateway:8000,gateway-service,correctness_gate_router,gateway
1787003121.075,632,routing_decisions_total,fast,gateway:8000,gateway-service,correctness_gate_router,gateway
1787003126.075,632,routing_decisions_total,fast,gateway:8000,gateway-service,correctness_gate_router,gateway
1787003131.075,632,routing_decisions_total,fast,gateway:8000,gateway-service,correctness_gate_router,gateway
1787003136.075,632,routing_decisions_total,fast,gateway:8000,gateway-service,correctness_gate_router,gateway
1787003141.075,632,routing_decisions_total,fast,gateway:8000,gateway-service,correctness_gate_router,gateway
1787003146.075,632,routing_decisions_total,fast,gateway:8000,gateway-service,correctness_gate_router,gateway
1787003151.075,632,routing_decisions_total,fast,gateway:8000,gateway-service,correctness_gate_router,gateway
1787003156.075,632,routing_decisions_total,fast,gateway:8000,gateway-service,correctness_gate_router,gateway
1787003161.075,632,routing_decisions_total,fast,gateway:8000,gateway-service,correctness_gate_router,gateway
1787003166.075,632,routing_decisions_total,fast,gateway:8000,gateway-service,correctness_gate_router,gateway
1787003171.075,632,routing_decisions_total,fast,gateway:8000,gateway-service,correctness_gate_router,gateway
1787003176.075,632,routing_decisions_total,fast,gateway:8000,gateway-service,correctness_gate_router,gateway
1787003181.075,632,routing_decisions_total,fast,gateway:8000,gateway-service,correctness_gate_router,gateway
1787003186.075,632,routing_decisions_total,fast,gateway:8000,gateway-service,correctness_gate_router,gateway
1787003191.075,632,routing_decisions_total,fast,gateway:8000,gateway-service,correctness_gate_router,gateway
1787003196.075,632,routing_decisions_total,fast,gateway:8000,gateway-service,correctness_gate_router,gateway
1787003201.075,632,routing_decisions_total,fast,gateway:8000,gateway-service,correctness_gate_router,gateway
1787003206.075,632,routing_decisions_total,fast,gateway:8000,gateway-service,correctness_gate_router,gateway
1787003211.075,632,routing_decisions_total,fast,gateway:8000,gateway-service,correctness_gate_router,gateway
1787003216.075,632,routing_decisions_total,fast,gateway:8000,gateway-service,correctness_gate_router,gateway
1787003221.075,632,routing_decisions_total,fast,gateway:8000,gateway-service,correctness_gate_router,gateway
1787003226.075,632,routing_decisions_total,fast,gateway:8000,gateway-service,correctness_gate_router,gateway
1787003231.075,632,routing_decisions_total,fast,gateway:8000,gateway-service,correctness_gate_router,gateway
1787003236.075,632,routing_decisions_total,fast,gateway:8000,gateway-service,correctness_gate_router,gateway
1787003241.075,632,routing_decisions_total,fast,gateway:8000,gateway-service,correctness_gate_router,gateway
1787003246.075,632,routing_decisions_total,fast,gateway:8000,gateway-service,correctness_gate_router,gateway
1787003251.075,632,routing_decisions_total,fast,gateway:8000,gateway-service,correctness_gate_router,gateway
1787003256.075,632,routing_decisions_total,fast,gateway:8000,gateway-service,correctness_gate_router,gateway
1787003261.075,632,routing_decisions_total,fast,gateway:8000,gateway-service,correctness_gate_router,gateway
1787003266.075,632,routing_decisions_total,fast,gateway:8000,gateway-service,correctness_gate_router,gateway
1787003271.075,632,routing_decisions_total,fast,gateway:8000,gateway-service,correctness_gate_router,gateway
1787003276.075,632,routing_decisions_total,fast,gateway:8000,gateway-service,correctness_gate_router,gateway
1787003281.075,632,routing_decisions_total,fast,gateway:8000,gateway-service,correctness_gate_router,gateway
1787003286.075,632,routing_decisions_total,fast,gateway:8000,gateway-service,correctness_gate_router,gateway
1787003291.075,632,routing_decisions_total,fast,gateway:8000,gateway-service,correctness_gate_router,gateway
1787003296.075,632,routing_decisions_total,fast,gateway:8000,gateway-service,correctness_gate_router,gateway
1787003301.075,632,routing_decisions_total,fast,gateway:8000,gateway-service,correctness_gate_router,gateway
1787003306.075,632,routing_decisions_total,fast,gateway:8000,gateway-service,correctness_gate_router,gateway
1787003311.075,632,routing_decisions_total,fast,gateway:8000,gateway-service,correctness_gate_router,gateway
1787003316.075,632,routing_decisions_total,fast,gateway:8000,gateway-service,correctness_gate_router,gateway
1787003646.075,15,routing_decisions_total,fast,gateway:8000,gateway-service,correctness_gate_router,gateway
1787003651.075,25,routing_decisions_total,fast,gateway:8000,gateway-service,correctness_gate_router,gateway
1787003656.075,44,routing_decisions_total,fast,gateway:8000,gateway-service,correctness_gate_router,gateway
1787003661.075,56,routing_decisions_total,fast,gateway:8000,gateway-service,correctness_gate_router,gateway
1787003666.075,77,routing_decisions_total,fast,gateway:8000,gateway-service,correctness_gate_router,gateway
1787003671.075,88,routing_decisions_total,fast,gateway:8000,gateway-service,correctness_gate_router,gateway
1787003676.075,89,routing_decisions_total,fast,gateway:8000,gateway-service,correctness_gate_router,gateway
1787003681.075,139,routing_decisions_total,fast,gateway:8000,gateway-service,correctness_gate_router,gateway
1787003686.075,191,routing_decisions_total,fast,gateway:8000,gateway-service,correctness_gate_router,gateway
1787003691.075,221,routing_decisions_total,fast,gateway:8000,gateway-service,correctness_gate_router,gateway
1787003696.075,271,routing_decisions_total,fast,gateway:8000,gateway-service,correctness_gate_router,gateway
1787003701.075,315,routing_decisions_total,fast,gateway:8000,gateway-service,correctness_gate_router,gateway
1787003706.075,367,routing_decisions_total,fast,gateway:8000,gateway-service,correctness_gate_router,gateway
1787003711.075,378,routing_decisions_total,fast,gateway:8000,gateway-service,correctness_gate_router,gateway
1787003716.075,411,routing_decisions_total,fast,gateway:8000,gateway-service,correctness_gate_router,gateway
1787003721.075,471,routing_decisions_total,fast,gateway:8000,gateway-service,correctness_gate_router,gateway
1787003726.075,508,routing_decisions_total,fast,gateway:8000,gateway-service,correctness_gate_router,gateway
1787003731.075,557,routing_decisions_total,fast,gateway:8000,gateway-service,correctness_gate_router,gateway
1787003736.075,588,routing_decisions_total,fast,gateway:8000,gateway-service,correctness_gate_router,gateway
1787003741.075,634,routing_decisions_total,fast,gateway:8000,gateway-service,correctness_gate_router,gateway
1787003746.075,641,routing_decisions_total,fast,gateway:8000,gateway-service,correctness_gate_router,gateway
1787003751.075,641,routing_decisions_total,fast,gateway:8000,gateway-service,correctness_gate_router,gateway
1786999221.075,1,routing_decisions_total,heavy,gateway:8000,gateway-service,correctness_gate_router,gateway
1786999226.075,3,routing_decisions_total,heavy,gateway:8000,gateway-service,correctness_gate_router,gateway
1786999231.075,5,routing_decisions_total,heavy,gateway:8000,gateway-service,correctness_gate_router,gateway
1786999236.075,6,routing_decisions_total,heavy,gateway:8000,gateway-service,correctness_gate_router,gateway
1786999241.075,8,routing_decisions_total,heavy,gateway:8000,gateway-service,correctness_gate_router,gateway
1786999246.075,10,routing_decisions_total,heavy,gateway:8000,gateway-service,correctness_gate_router,gateway
1786999251.075,12,routing_decisions_total,heavy,gateway:8000,gateway-service,correctness_gate_router,gateway
1786999256.075,14,routing_decisions_total,heavy,gateway:8000,gateway-service,correctness_gate_router,gateway
1786999261.075,16,routing_decisions_total,heavy,gateway:8000,gateway-service,correctness_gate_router,gateway
1786999266.075,17,routing_decisions_total,heavy,gateway:8000,gateway-service,correctness_gate_router,gateway
1786999271.075,19,routing_decisions_total,heavy,gateway:8000,gateway-service,correctness_gate_router,gateway
1786999276.075,21,routing_decisions_total,heavy,gateway:8000,gateway-service,correctness_gate_router,gateway
1786999281.075,22,routing_decisions_total,heavy,gateway:8000,gateway-service,correctness_gate_router,gateway
1786999286.075,24,routing_decisions_total,heavy,gateway:8000,gateway-service,correctness_gate_router,gateway
1786999291.075,26,routing_decisions_total,heavy,gateway:8000,gateway-service,correctness_gate_router,gateway
1786999296.075,27,routing_decisions_total,heavy,gateway:8000,gateway-service,correctness_gate_router,gateway
1786999301.075,29,routing_decisions_total,heavy,gateway:8000,gateway-service,correctness_gate_router,gateway
1786999306.075,31,routing_decisions_total,heavy,gateway:8000,gateway-service,correctness_gate_router,gateway
1786999311.075,33,routing_decisions_total,heavy,gateway:8000,gateway-service,correctness_gate_router,gateway
1786999316.075,35,routing_decisions_total,heavy,gateway:8000,gateway-service,correctness_gate_router,gateway
1786999321.075,37,routing_decisions_total,heavy,gateway:8000,gateway-service,correctness_gate_router,gateway
1786999326.075,38,routing_decisions_total,heavy,gateway:8000,gateway-service,correctness_gate_router,gateway
1786999331.075,40,routing_decisions_total,heavy,gateway:8000,gateway-service,correctness_gate_router,gateway
1786999336.075,42,routing_decisions_total,heavy,gateway:8000,gateway-service,correctness_gate_router,gateway
1786999341.075,44,routing_decisions_total,heavy,gateway:8000,gateway-service,correctness_gate_router,gateway
1786999346.075,46,routing_decisions_total,heavy,gateway:8000,gateway-service,correctness_gate_router,gateway
1786999351.075,47,routing_decisions_total,heavy,gateway:8000,gateway-service,correctness_gate_router,gateway
1786999356.075,49,routing_decisions_total,heavy,gateway:8000,gateway-service,correctness_gate_router,gateway
1786999361.075,51,routing_decisions_total,heavy,gateway:8000,gateway-service,correctness_gate_router,gateway
1786999366.075,52,routing_decisions_total,heavy,gateway:8000,gateway-service,correctness_gate_router,gateway
1786999371.075,54,routing_decisions_total,heavy,gateway:8000,gateway-service,correctness_gate_router,gateway
1786999376.075,56,routing_decisions_total,heavy,gateway:8000,gateway-service,correctness_gate_router,gateway
1786999381.075,58,routing_decisions_total,heavy,gateway:8000,gateway-service,correctness_gate_router,gateway
1786999386.075,58,routing_decisions_total,heavy,gateway:8000,gateway-service,correctness_gate_router,gateway
1786999391.075,58,routing_decisions_total,heavy,gateway:8000,gateway-service,correctness_gate_router,gateway
1786999396.075,58,routing_decisions_total,heavy,gateway:8000,gateway-service,correctness_gate_router,gateway
1786999401.075,58,routing_decisions_total,heavy,gateway:8000,gateway-service,correctness_gate_router,gateway
1786999406.075,58,routing_decisions_total,heavy,gateway:8000,gateway-service,correctness_gate_router,gateway
1786999411.075,58,routing_decisions_total,heavy,gateway:8000,gateway-service,correctness_gate_router,gateway
1786999416.075,58,routing_decisions_total,heavy,gateway:8000,gateway-service,correctness_gate_router,gateway
1786999421.075,58,routing_decisions_total,heavy,gateway:8000,gateway-service,correctness_gate_router,gateway
1786999426.075,58,routing_decisions_total,heavy,gateway:8000,gateway-service,correctness_gate_router,gateway
1786999431.075,58,routing_decisions_total,heavy,gateway:8000,gateway-service,correctness_gate_router,gateway
1786999436.075,58,routing_decisions_total,heavy,gateway:8000,gateway-service,correctness_gate_router,gateway
1786999441.075,58,routing_decisions_total,heavy,gateway:8000,gateway-service,correctness_gate_router,gateway
1786999446.075,58,routing_decisions_total,heavy,gateway:8000,gateway-service,correctness_gate_router,gateway
1786999451.075,58,routing_decisions_total,heavy,gateway:8000,gateway-service,correctness_gate_router,gateway
1786999456.075,58,routing_decisions_total,heavy,gateway:8000,gateway-service,correctness_gate_router,gateway
1786999461.075,58,routing_decisions_total,heavy,gateway:8000,gateway-service,correctness_gate_router,gateway
1786999466.075,58,routing_decisions_total,heavy,gateway:8000,gateway-service,correctness_gate_router,gateway
1786999471.075,58,routing_decisions_total,heavy,gateway:8000,gateway-service,correctness_gate_router,gateway
1786999476.075,58,routing_decisions_total,heavy,gateway:8000,gateway-service,correctness_gate_router,gateway
1786999481.075,58,routing_decisions_total,heavy,gateway:8000,gateway-service,correctness_gate_router,gateway
1786999486.075,58,routing_decisions_total,heavy,gateway:8000,gateway-service,correctness_gate_router,gateway
1786999491.075,58,routing_decisions_total,heavy,gateway:8000,gateway-service,correctness_gate_router,gateway
1786999496.075,58,routing_decisions_total,heavy,gateway:8000,gateway-service,correctness_gate_router,gateway
1786999501.075,58,routing_decisions_total,heavy,gateway:8000,gateway-service,correctness_gate_router,gateway
1786999506.075,58,routing_decisions_total,heavy,gateway:8000,gateway-service,correctness_gate_router,gateway
1786999511.075,58,routing_decisions_total,heavy,gateway:8000,gateway-service,correctness_gate_router,gateway
1786999516.075,58,routing_decisions_total,heavy,gateway:8000,gateway-service,correctness_gate_router,gateway
1786999521.075,58,routing_decisions_total,heavy,gateway:8000,gateway-service,correctness_gate_router,gateway
1786999526.075,58,routing_decisions_total,heavy,gateway:8000,gateway-service,correctness_gate_router,gateway
1786999531.075,58,routing_decisions_total,heavy,gateway:8000,gateway-service,correctness_gate_router,gateway
1786999536.075,58,routing_decisions_total,heavy,gateway:8000,gateway-service,correctness_gate_router,gateway
1786999541.075,58,routing_decisions_total,heavy,gateway:8000,gateway-service,correctness_gate_router,gateway
1786999546.075,58,routing_decisions_total,heavy,gateway:8000,gateway-service,correctness_gate_router,gateway
1786999551.075,58,routing_decisions_total,heavy,gateway:8000,gateway-service,correctness_gate_router,gateway
1786999556.075,58,routing_decisions_total,heavy,gateway:8000,gateway-service,correctness_gate_router,gateway
1786999561.075,58,routing_decisions_total,heavy,gateway:8000,gateway-service,correctness_gate_router,gateway
1786999566.075,58,routing_decisions_total,heavy,gateway:8000,gateway-service,correctness_gate_router,gateway
1786999571.075,58,routing_decisions_total,heavy,gateway:8000,gateway-service,correctness_gate_router,gateway
1786999576.075,58,routing_decisions_total,heavy,gateway:8000,gateway-service,correctness_gate_router,gateway
1786999581.075,58,routing_decisions_total,heavy,gateway:8000,gateway-service,correctness_gate_router,gateway
1786999586.075,58,routing_decisions_total,heavy,gateway:8000,gateway-service,correctness_gate_router,gateway
1786999591.075,58,routing_decisions_total,heavy,gateway:8000,gateway-service,correctness_gate_router,gateway
1786999596.075,58,routing_decisions_total,heavy,gateway:8000,gateway-service,correctness_gate_router,gateway
1786999601.075,58,routing_decisions_total,heavy,gateway:8000,gateway-service,correctness_gate_router,gateway
1786999606.075,58,routing_decisions_total,heavy,gateway:8000,gateway-service,correctness_gate_router,gateway
1786999611.075,58,routing_decisions_total,heavy,gateway:8000,gateway-service,correctness_gate_router,gateway
1786999616.075,58,routing_decisions_total,heavy,gateway:8000,gateway-service,correctness_gate_router,gateway
1786999621.075,58,routing_decisions_total,heavy,gateway:8000,gateway-service,correctness_gate_router,gateway
1786999626.075,58,routing_decisions_total,heavy,gateway:8000,gateway-service,correctness_gate_router,gateway
1786999631.075,58,routing_decisions_total,heavy,gateway:8000,gateway-service,correctness_gate_router,gateway
1786999636.075,58,routing_decisions_total,heavy,gateway:8000,gateway-service,correctness_gate_router,gateway
1786999641.075,58,routing_decisions_total,heavy,gateway:8000,gateway-service,correctness_gate_router,gateway
1786999646.075,58,routing_decisions_total,heavy,gateway:8000,gateway-service,correctness_gate_router,gateway
1786999651.075,58,routing_decisions_total,heavy,gateway:8000,gateway-service,correctness_gate_router,gateway
1786999656.075,58,routing_decisions_total,heavy,gateway:8000,gateway-service,correctness_gate_router,gateway
1786999661.075,58,routing_decisions_total,heavy,gateway:8000,gateway-service,correctness_gate_router,gateway
1786999666.075,58,routing_decisions_total,heavy,gateway:8000,gateway-service,correctness_gate_router,gateway
1786999671.075,58,routing_decisions_total,heavy,gateway:8000,gateway-service,correctness_gate_router,gateway
1786999676.075,58,routing_decisions_total,heavy,gateway:8000,gateway-service,correctness_gate_router,gateway
1786999681.075,58,routing_decisions_total,heavy,gateway:8000,gateway-service,correctness_gate_router,gateway
1786999686.075,58,routing_decisions_total,heavy,gateway:8000,gateway-service,correctness_gate_router,gateway
1786999691.075,58,routing_decisions_total,heavy,gateway:8000,gateway-service,correctness_gate_router,gateway
1786999696.075,58,routing_decisions_total,heavy,gateway:8000,gateway-service,correctness_gate_router,gateway
1786999701.075,58,routing_decisions_total,heavy,gateway:8000,gateway-service,correctness_gate_router,gateway
1786999706.075,58,routing_decisions_total,heavy,gateway:8000,gateway-service,correctness_gate_router,gateway
1786999711.075,58,routing_decisions_total,heavy,gateway:8000,gateway-service,correctness_gate_router,gateway
1786999716.075,58,routing_decisions_total,heavy,gateway:8000,gateway-service,correctness_gate_router,gateway
1786999721.075,58,routing_decisions_total,heavy,gateway:8000,gateway-service,correctness_gate_router,gateway
1786999726.075,58,routing_decisions_total,heavy,gateway:8000,gateway-service,correctness_gate_router,gateway
1786999731.075,58,routing_decisions_total,heavy,gateway:8000,gateway-service,correctness_gate_router,gateway
1786999736.075,58,routing_decisions_total,heavy,gateway:8000,gateway-service,correctness_gate_router,gateway
1786999741.075,58,routing_decisions_total,heavy,gateway:8000,gateway-service,correctness_gate_router,gateway
1786999746.075,58,routing_decisions_total,heavy,gateway:8000,gateway-service,correctness_gate_router,gateway
1786999751.075,58,routing_decisions_total,heavy,gateway:8000,gateway-service,correctness_gate_router,gateway
1786999756.075,58,routing_decisions_total,heavy,gateway:8000,gateway-service,correctness_gate_router,gateway
1786999761.075,58,routing_decisions_total,heavy,gateway:8000,gateway-service,correctness_gate_router,gateway
1786999766.075,58,routing_decisions_total,heavy,gateway:8000,gateway-service,correctness_gate_router,gateway
1786999771.075,58,routing_decisions_total,heavy,gateway:8000,gateway-service,correctness_gate_router,gateway
1786999776.075,58,routing_decisions_total,heavy,gateway:8000,gateway-service,correctness_gate_router,gateway
1786999781.075,58,routing_decisions_total,heavy,gateway:8000,gateway-service,correctness_gate_router,gateway
1786999786.075,58,routing_decisions_total,heavy,gateway:8000,gateway-service,correctness_gate_router,gateway
1786999791.075,58,routing_decisions_total,heavy,gateway:8000,gateway-service,correctness_gate_router,gateway
1786999796.075,58,routing_decisions_total,heavy,gateway:8000,gateway-service,correctness_gate_router,gateway
1786999801.075,58,routing_decisions_total,heavy,gateway:8000,gateway-service,correctness_gate_router,gateway
1786999806.075,58,routing_decisions_total,heavy,gateway:8000,gateway-service,correctness_gate_router,gateway
1786999811.075,58,routing_decisions_total,heavy,gateway:8000,gateway-service,correctness_gate_router,gateway
1786999816.075,58,routing_decisions_total,heavy,gateway:8000,gateway-service,correctness_gate_router,gateway
1786999821.075,58,routing_decisions_total,heavy,gateway:8000,gateway-service,correctness_gate_router,gateway
1786999826.075,58,routing_decisions_total,heavy,gateway:8000,gateway-service,correctness_gate_router,gateway
1786999831.075,58,routing_decisions_total,heavy,gateway:8000,gateway-service,correctness_gate_router,gateway
1786999836.075,58,routing_decisions_total,heavy,gateway:8000,gateway-service,correctness_gate_router,gateway
1786999841.075,58,routing_decisions_total,heavy,gateway:8000,gateway-service,correctness_gate_router,gateway
1786999846.075,58,routing_decisions_total,heavy,gateway:8000,gateway-service,correctness_gate_router,gateway
1786999851.075,58,routing_decisions_total,heavy,gateway:8000,gateway-service,correctness_gate_router,gateway
1786999856.075,58,routing_decisions_total,heavy,gateway:8000,gateway-service,correctness_gate_router,gateway
1786999861.075,58,routing_decisions_total,heavy,gateway:8000,gateway-service,correctness_gate_router,gateway
1786999866.075,58,routing_decisions_total,heavy,gateway:8000,gateway-service,correctness_gate_router,gateway
1786999871.075,58,routing_decisions_total,heavy,gateway:8000,gateway-service,correctness_gate_router,gateway
1786999876.075,58,routing_decisions_total,heavy,gateway:8000,gateway-service,correctness_gate_router,gateway
1786999881.075,58,routing_decisions_total,heavy,gateway:8000,gateway-service,correctness_gate_router,gateway
1786999886.075,58,routing_decisions_total,heavy,gateway:8000,gateway-service,correctness_gate_router,gateway
1786999891.075,58,routing_decisions_total,heavy,gateway:8000,gateway-service,correctness_gate_router,gateway
1786999896.075,58,routing_decisions_total,heavy,gateway:8000,gateway-service,correctness_gate_router,gateway
1786999901.075,58,routing_decisions_total,heavy,gateway:8000,gateway-service,correctness_gate_router,gateway
1786999906.075,58,routing_decisions_total,heavy,gateway:8000,gateway-service,correctness_gate_router,gateway
1786999911.075,58,routing_decisions_total,heavy,gateway:8000,gateway-service,correctness_gate_router,gateway
1786999916.075,58,routing_decisions_total,heavy,gateway:8000,gateway-service,correctness_gate_router,gateway
1786999921.075,58,routing_decisions_total,heavy,gateway:8000,gateway-service,correctness_gate_router,gateway
1786999926.075,58,routing_decisions_total,heavy,gateway:8000,gateway-service,correctness_gate_router,gateway
1786999931.075,58,routing_decisions_total,heavy,gateway:8000,gateway-service,correctness_gate_router,gateway
1786999936.075,58,routing_decisions_total,heavy,gateway:8000,gateway-service,correctness_gate_router,gateway
1786999941.075,58,routing_decisions_total,heavy,gateway:8000,gateway-service,correctness_gate_router,gateway
1786999946.075,58,routing_decisions_total,heavy,gateway:8000,gateway-service,correctness_gate_router,gateway
1786999951.075,58,routing_decisions_total,heavy,gateway:8000,gateway-service,correctness_gate_router,gateway
1786999956.075,58,routing_decisions_total,heavy,gateway:8000,gateway-service,correctness_gate_router,gateway
1786999961.075,58,routing_decisions_total,heavy,gateway:8000,gateway-service,correctness_gate_router,gateway
1786999966.075,58,routing_decisions_total,heavy,gateway:8000,gateway-service,correctness_gate_router,gateway
1786999971.075,58,routing_decisions_total,heavy,gateway:8000,gateway-service,correctness_gate_router,gateway
1786999976.075,58,routing_decisions_total,heavy,gateway:8000,gateway-service,correctness_gate_router,gateway
1786999981.075,58,routing_decisions_total,heavy,gateway:8000,gateway-service,correctness_gate_router,gateway
1786999986.075,58,routing_decisions_total,heavy,gateway:8000,gateway-service,correctness_gate_router,gateway
1786999991.075,58,routing_decisions_total,heavy,gateway:8000,gateway-service,correctness_gate_router,gateway
1786999996.075,58,routing_decisions_total,heavy,gateway:8000,gateway-service,correctness_gate_router,gateway
1787000001.075,58,routing_decisions_total,heavy,gateway:8000,gateway-service,correctness_gate_router,gateway
1787000006.075,58,routing_decisions_total,heavy,gateway:8000,gateway-service,correctness_gate_router,gateway
1787000011.075,58,routing_decisions_total,heavy,gateway:8000,gateway-service,correctness_gate_router,gateway
1787000016.075,58,routing_decisions_total,heavy,gateway:8000,gateway-service,correctness_gate_router,gateway
1787000021.075,58,routing_decisions_total,heavy,gateway:8000,gateway-service,correctness_gate_router,gateway
1787000026.075,58,routing_decisions_total,heavy,gateway:8000,gateway-service,correctness_gate_router,gateway
1787000031.075,58,routing_decisions_total,heavy,gateway:8000,gateway-service,correctness_gate_router,gateway
1787000036.075,58,routing_decisions_total,heavy,gateway:8000,gateway-service,correctness_gate_router,gateway
1787000041.075,58,routing_decisions_total,heavy,gateway:8000,gateway-service,correctness_gate_router,gateway
1787000046.075,58,routing_decisions_total,heavy,gateway:8000,gateway-service,correctness_gate_router,gateway
1787000051.075,58,routing_decisions_total,heavy,gateway:8000,gateway-service,correctness_gate_router,gateway
1787000056.075,58,routing_decisions_total,heavy,gateway:8000,gateway-service,correctness_gate_router,gateway
1787000061.075,58,routing_decisions_total,heavy,gateway:8000,gateway-service,correctness_gate_router,gateway
1787000066.075,58,routing_decisions_total,heavy,gateway:8000,gateway-service,correctness_gate_router,gateway
1787000071.075,58,routing_decisions_total,heavy,gateway:8000,gateway-service,correctness_gate_router,gateway
1787000076.075,58,routing_decisions_total,heavy,gateway:8000,gateway-service,correctness_gate_router,gateway
1787000081.075,58,routing_decisions_total,heavy,gateway:8000,gateway-service,correctness_gate_router,gateway
1787000086.075,58,routing_decisions_total,heavy,gateway:8000,gateway-service,correctness_gate_router,gateway
1787000091.075,58,routing_decisions_total,heavy,gateway:8000,gateway-service,correctness_gate_router,gateway
1787000096.075,58,routing_decisions_total,heavy,gateway:8000,gateway-service,correctness_gate_router,gateway
1787000101.075,58,routing_decisions_total,heavy,gateway:8000,gateway-service,correctness_gate_router,gateway
1787000106.075,58,routing_decisions_total,heavy,gateway:8000,gateway-service,correctness_gate_router,gateway
1787000111.075,58,routing_decisions_total,heavy,gateway:8000,gateway-service,correctness_gate_router,gateway
1787000116.075,58,routing_decisions_total,heavy,gateway:8000,gateway-service,correctness_gate_router,gateway
1787000121.075,58,routing_decisions_total,heavy,gateway:8000,gateway-service,correctness_gate_router,gateway
1787000126.075,58,routing_decisions_total,heavy,gateway:8000,gateway-service,correctness_gate_router,gateway
1787000131.075,58,routing_decisions_total,heavy,gateway:8000,gateway-service,correctness_gate_router,gateway
1787000136.075,58,routing_decisions_total,heavy,gateway:8000,gateway-service,correctness_gate_router,gateway
1787000141.075,58,routing_decisions_total,heavy,gateway:8000,gateway-service,correctness_gate_router,gateway
1787000146.075,58,routing_decisions_total,heavy,gateway:8000,gateway-service,correctness_gate_router,gateway
1787000151.075,58,routing_decisions_total,heavy,gateway:8000,gateway-service,correctness_gate_router,gateway
1787000156.075,58,routing_decisions_total,heavy,gateway:8000,gateway-service,correctness_gate_router,gateway
1787000161.075,58,routing_decisions_total,heavy,gateway:8000,gateway-service,correctness_gate_router,gateway
1787000166.075,58,routing_decisions_total,heavy,gateway:8000,gateway-service,correctness_gate_router,gateway
1787000171.075,58,routing_decisions_total,heavy,gateway:8000,gateway-service,correctness_gate_router,gateway
1787000176.075,58,routing_decisions_total,heavy,gateway:8000,gateway-service,correctness_gate_router,gateway
1787000181.075,58,routing_decisions_total,heavy,gateway:8000,gateway-service,correctness_gate_router,gateway
1787000186.075,58,routing_decisions_total,heavy,gateway:8000,gateway-service,correctness_gate_router,gateway
1787000191.075,58,routing_decisions_total,heavy,gateway:8000,gateway-service,correctness_gate_router,gateway
1787000196.075,58,routing_decisions_total,heavy,gateway:8000,gateway-service,correctness_gate_router,gateway
1787000201.075,58,routing_decisions_total,heavy,gateway:8000,gateway-service,correctness_gate_router,gateway
1787000206.075,58,routing_decisions_total,heavy,gateway:8000,gateway-service,correctness_gate_router,gateway
1787000211.075,58,routing_decisions_total,heavy,gateway:8000,gateway-service,correctness_gate_router,gateway
1787000216.075,58,routing_decisions_total,heavy,gateway:8000,gateway-service,correctness_gate_router,gateway
1787000221.075,58,routing_decisions_total,heavy,gateway:8000,gateway-service,correctness_gate_router,gateway
1787000226.075,58,routing_decisions_total,heavy,gateway:8000,gateway-service,correctness_gate_router,gateway
1787000231.075,58,routing_decisions_total,heavy,gateway:8000,gateway-service,correctness_gate_router,gateway
1787000236.075,58,routing_decisions_total,heavy,gateway:8000,gateway-service,correctness_gate_router,gateway
1787000241.075,58,routing_decisions_total,heavy,gateway:8000,gateway-service,correctness_gate_router,gateway
1787000246.075,58,routing_decisions_total,heavy,gateway:8000,gateway-service,correctness_gate_router,gateway
1787000251.075,58,routing_decisions_total,heavy,gateway:8000,gateway-service,correctness_gate_router,gateway
1787000256.075,58,routing_decisions_total,heavy,gateway:8000,gateway-service,correctness_gate_router,gateway
1787000261.075,58,routing_decisions_total,heavy,gateway:8000,gateway-service,correctness_gate_router,gateway
1787000266.075,58,routing_decisions_total,heavy,gateway:8000,gateway-service,correctness_gate_router,gateway
1787000271.075,58,routing_decisions_total,heavy,gateway:8000,gateway-service,correctness_gate_router,gateway
1787000276.075,58,routing_decisions_total,heavy,gateway:8000,gateway-service,correctness_gate_router,gateway
1787000281.075,58,routing_decisions_total,heavy,gateway:8000,gateway-service,correctness_gate_router,gateway
1787000286.075,58,routing_decisions_total,heavy,gateway:8000,gateway-service,correctness_gate_router,gateway
1787000291.075,58,routing_decisions_total,heavy,gateway:8000,gateway-service,correctness_gate_router,gateway
1787000296.075,58,routing_decisions_total,heavy,gateway:8000,gateway-service,correctness_gate_router,gateway
1787000301.075,58,routing_decisions_total,heavy,gateway:8000,gateway-service,correctness_gate_router,gateway
1787000306.075,58,routing_decisions_total,heavy,gateway:8000,gateway-service,correctness_gate_router,gateway
1787000311.075,58,routing_decisions_total,heavy,gateway:8000,gateway-service,correctness_gate_router,gateway
1787000316.075,58,routing_decisions_total,heavy,gateway:8000,gateway-service,correctness_gate_router,gateway
1787000321.075,58,routing_decisions_total,heavy,gateway:8000,gateway-service,correctness_gate_router,gateway
1787000326.075,58,routing_decisions_total,heavy,gateway:8000,gateway-service,correctness_gate_router,gateway
1787000331.075,58,routing_decisions_total,heavy,gateway:8000,gateway-service,correctness_gate_router,gateway
1787000336.075,58,routing_decisions_total,heavy,gateway:8000,gateway-service,correctness_gate_router,gateway
1787000341.075,58,routing_decisions_total,heavy,gateway:8000,gateway-service,correctness_gate_router,gateway
1787000346.075,58,routing_decisions_total,heavy,gateway:8000,gateway-service,correctness_gate_router,gateway
1787000351.075,58,routing_decisions_total,heavy,gateway:8000,gateway-service,correctness_gate_router,gateway
1787000356.075,58,routing_decisions_total,heavy,gateway:8000,gateway-service,correctness_gate_router,gateway
1787000361.075,58,routing_decisions_total,heavy,gateway:8000,gateway-service,correctness_gate_router,gateway
1787000366.075,58,routing_decisions_total,heavy,gateway:8000,gateway-service,correctness_gate_router,gateway
1787000371.075,58,routing_decisions_total,heavy,gateway:8000,gateway-service,correctness_gate_router,gateway
1787000376.075,58,routing_decisions_total,heavy,gateway:8000,gateway-service,correctness_gate_router,gateway
1787000381.075,58,routing_decisions_total,heavy,gateway:8000,gateway-service,correctness_gate_router,gateway
1787000386.075,58,routing_decisions_total,heavy,gateway:8000,gateway-service,correctness_gate_router,gateway
1787000391.075,58,routing_decisions_total,heavy,gateway:8000,gateway-service,correctness_gate_router,gateway
1787000396.075,58,routing_decisions_total,heavy,gateway:8000,gateway-service,correctness_gate_router,gateway
1787000401.075,58,routing_decisions_total,heavy,gateway:8000,gateway-service,correctness_gate_router,gateway
1787000406.075,58,routing_decisions_total,heavy,gateway:8000,gateway-service,correctness_gate_router,gateway
1787000411.075,58,routing_decisions_total,heavy,gateway:8000,gateway-service,correctness_gate_router,gateway
1787000416.075,58,routing_decisions_total,heavy,gateway:8000,gateway-service,correctness_gate_router,gateway
1787000421.075,58,routing_decisions_total,heavy,gateway:8000,gateway-service,correctness_gate_router,gateway
1787000426.075,58,routing_decisions_total,heavy,gateway:8000,gateway-service,correctness_gate_router,gateway
1787000431.075,58,routing_decisions_total,heavy,gateway:8000,gateway-service,correctness_gate_router,gateway
1787000436.075,58,routing_decisions_total,heavy,gateway:8000,gateway-service,correctness_gate_router,gateway
1787000441.075,58,routing_decisions_total,heavy,gateway:8000,gateway-service,correctness_gate_router,gateway
1787000446.075,58,routing_decisions_total,heavy,gateway:8000,gateway-service,correctness_gate_router,gateway
1787000451.075,58,routing_decisions_total,heavy,gateway:8000,gateway-service,correctness_gate_router,gateway
1787000456.075,58,routing_decisions_total,heavy,gateway:8000,gateway-service,correctness_gate_router,gateway
1787000461.075,58,routing_decisions_total,heavy,gateway:8000,gateway-service,correctness_gate_router,gateway
1787000466.075,58,routing_decisions_total,heavy,gateway:8000,gateway-service,correctness_gate_router,gateway
1787000471.075,58,routing_decisions_total,heavy,gateway:8000,gateway-service,correctness_gate_router,gateway
1787000476.075,58,routing_decisions_total,heavy,gateway:8000,gateway-service,correctness_gate_router,gateway
1787000481.075,58,routing_decisions_total,heavy,gateway:8000,gateway-service,correctness_gate_router,gateway
1787000486.075,58,routing_decisions_total,heavy,gateway:8000,gateway-service,correctness_gate_router,gateway
1787000491.075,58,routing_decisions_total,heavy,gateway:8000,gateway-service,correctness_gate_router,gateway
1787000496.075,58,routing_decisions_total,heavy,gateway:8000,gateway-service,correctness_gate_router,gateway
1787000501.075,58,routing_decisions_total,heavy,gateway:8000,gateway-service,correctness_gate_router,gateway
1787000506.075,58,routing_decisions_total,heavy,gateway:8000,gateway-service,correctness_gate_router,gateway
1787000511.075,58,routing_decisions_total,heavy,gateway:8000,gateway-service,correctness_gate_router,gateway
1787000516.075,58,routing_decisions_total,heavy,gateway:8000,gateway-service,correctness_gate_router,gateway
1787000521.075,58,routing_decisions_total,heavy,gateway:8000,gateway-service,correctness_gate_router,gateway
1787000526.075,58,routing_decisions_total,heavy,gateway:8000,gateway-service,correctness_gate_router,gateway
1787000531.075,58,routing_decisions_total,heavy,gateway:8000,gateway-service,correctness_gate_router,gateway
1787000536.075,58,routing_decisions_total,heavy,gateway:8000,gateway-service,correctness_gate_router,gateway
1787000541.075,58,routing_decisions_total,heavy,gateway:8000,gateway-service,correctness_gate_router,gateway
1787000546.075,58,routing_decisions_total,heavy,gateway:8000,gateway-service,correctness_gate_router,gateway
1787000551.075,58,routing_decisions_total,heavy,gateway:8000,gateway-service,correctness_gate_router,gateway
1787000556.075,58,routing_decisions_total,heavy,gateway:8000,gateway-service,correctness_gate_router,gateway
1787000561.075,58,routing_decisions_total,heavy,gateway:8000,gateway-service,correctness_gate_router,gateway
1787000566.075,58,routing_decisions_total,heavy,gateway:8000,gateway-service,correctness_gate_router,gateway
1787000571.075,58,routing_decisions_total,heavy,gateway:8000,gateway-service,correctness_gate_router,gateway
1787000576.075,58,routing_decisions_total,heavy,gateway:8000,gateway-service,correctness_gate_router,gateway
1787000581.075,58,routing_decisions_total,heavy,gateway:8000,gateway-service,correctness_gate_router,gateway
1787000586.075,58,routing_decisions_total,heavy,gateway:8000,gateway-service,correctness_gate_router,gateway
1787000591.075,58,routing_decisions_total,heavy,gateway:8000,gateway-service,correctness_gate_router,gateway
1787000596.075,58,routing_decisions_total,heavy,gateway:8000,gateway-service,correctness_gate_router,gateway
1787000601.075,58,routing_decisions_total,heavy,gateway:8000,gateway-service,correctness_gate_router,gateway
1787000606.075,58,routing_decisions_total,heavy,gateway:8000,gateway-service,correctness_gate_router,gateway
1787000611.075,58,routing_decisions_total,heavy,gateway:8000,gateway-service,correctness_gate_router,gateway
1787000616.075,58,routing_decisions_total,heavy,gateway:8000,gateway-service,correctness_gate_router,gateway
1787000621.075,58,routing_decisions_total,heavy,gateway:8000,gateway-service,correctness_gate_router,gateway
1787000626.075,58,routing_decisions_total,heavy,gateway:8000,gateway-service,correctness_gate_router,gateway
1787000631.075,58,routing_decisions_total,heavy,gateway:8000,gateway-service,correctness_gate_router,gateway
1787000636.075,58,routing_decisions_total,heavy,gateway:8000,gateway-service,correctness_gate_router,gateway
1787000641.075,58,routing_decisions_total,heavy,gateway:8000,gateway-service,correctness_gate_router,gateway
1787000646.075,58,routing_decisions_total,heavy,gateway:8000,gateway-service,correctness_gate_router,gateway
1787000651.075,58,routing_decisions_total,heavy,gateway:8000,gateway-service,correctness_gate_router,gateway
1787000656.075,58,routing_decisions_total,heavy,gateway:8000,gateway-service,correctness_gate_router,gateway
1787000661.075,58,routing_decisions_total,heavy,gateway:8000,gateway-service,correctness_gate_router,gateway
1787000666.075,58,routing_decisions_total,heavy,gateway:8000,gateway-service,correctness_gate_router,gateway
1787000671.075,58,routing_decisions_total,heavy,gateway:8000,gateway-service,correctness_gate_router,gateway
1787000676.075,58,routing_decisions_total,heavy,gateway:8000,gateway-service,correctness_gate_router,gateway
1787000681.075,58,routing_decisions_total,heavy,gateway:8000,gateway-service,correctness_gate_router,gateway
1787000686.075,58,routing_decisions_total,heavy,gateway:8000,gateway-service,correctness_gate_router,gateway
1787000691.075,58,routing_decisions_total,heavy,gateway:8000,gateway-service,correctness_gate_router,gateway
1787000696.075,58,routing_decisions_total,heavy,gateway:8000,gateway-service,correctness_gate_router,gateway
1787000701.075,58,routing_decisions_total,heavy,gateway:8000,gateway-service,correctness_gate_router,gateway
1787000706.075,58,routing_decisions_total,heavy,gateway:8000,gateway-service,correctness_gate_router,gateway
1787000711.075,58,routing_decisions_total,heavy,gateway:8000,gateway-service,correctness_gate_router,gateway
1787000716.075,58,routing_decisions_total,heavy,gateway:8000,gateway-service,correctness_gate_router,gateway
1787000721.075,58,routing_decisions_total,heavy,gateway:8000,gateway-service,correctness_gate_router,gateway
1787000726.075,58,routing_decisions_total,heavy,gateway:8000,gateway-service,correctness_gate_router,gateway
1787000731.075,58,routing_decisions_total,heavy,gateway:8000,gateway-service,correctness_gate_router,gateway
1787000736.075,58,routing_decisions_total,heavy,gateway:8000,gateway-service,correctness_gate_router,gateway
1787000741.075,58,routing_decisions_total,heavy,gateway:8000,gateway-service,correctness_gate_router,gateway
1787000746.075,58,routing_decisions_total,heavy,gateway:8000,gateway-service,correctness_gate_router,gateway
1787000751.075,58,routing_decisions_total,heavy,gateway:8000,gateway-service,correctness_gate_router,gateway
1787000756.075,58,routing_decisions_total,heavy,gateway:8000,gateway-service,correctness_gate_router,gateway
1787000761.075,58,routing_decisions_total,heavy,gateway:8000,gateway-service,correctness_gate_router,gateway
1787000766.075,58,routing_decisions_total,heavy,gateway:8000,gateway-service,correctness_gate_router,gateway
1787000771.075,58,routing_decisions_total,heavy,gateway:8000,gateway-service,correctness_gate_router,gateway
1787000776.075,58,routing_decisions_total,heavy,gateway:8000,gateway-service,correctness_gate_router,gateway
1787000781.075,58,routing_decisions_total,heavy,gateway:8000,gateway-service,correctness_gate_router,gateway
1787000786.075,58,routing_decisions_total,heavy,gateway:8000,gateway-service,correctness_gate_router,gateway
1787000791.075,58,routing_decisions_total,heavy,gateway:8000,gateway-service,correctness_gate_router,gateway
1787000796.075,58,routing_decisions_total,heavy,gateway:8000,gateway-service,correctness_gate_router,gateway
1787000801.075,58,routing_decisions_total,heavy,gateway:8000,gateway-service,correctness_gate_router,gateway
1787000806.075,58,routing_decisions_total,heavy,gateway:8000,gateway-service,correctness_gate_router,gateway
1787000811.075,58,routing_decisions_total,heavy,gateway:8000,gateway-service,correctness_gate_router,gateway
1787000816.075,58,routing_decisions_total,heavy,gateway:8000,gateway-service,correctness_gate_router,gateway
1787000821.075,58,routing_decisions_total,heavy,gateway:8000,gateway-service,correctness_gate_router,gateway
1787000826.075,58,routing_decisions_total,heavy,gateway:8000,gateway-service,correctness_gate_router,gateway
1787000831.075,58,routing_decisions_total,heavy,gateway:8000,gateway-service,correctness_gate_router,gateway
1787000836.075,58,routing_decisions_total,heavy,gateway:8000,gateway-service,correctness_gate_router,gateway
1787000841.075,58,routing_decisions_total,heavy,gateway:8000,gateway-service,correctness_gate_router,gateway
1787000846.075,58,routing_decisions_total,heavy,gateway:8000,gateway-service,correctness_gate_router,gateway
1787000851.075,58,routing_decisions_total,heavy,gateway:8000,gateway-service,correctness_gate_router,gateway
1787000856.075,58,routing_decisions_total,heavy,gateway:8000,gateway-service,correctness_gate_router,gateway
1787000861.075,58,routing_decisions_total,heavy,gateway:8000,gateway-service,correctness_gate_router,gateway
1787002781.075,5,routing_decisions_total,heavy,gateway:8000,gateway-service,correctness_gate_router,gateway
1787002786.075,13,routing_decisions_total,heavy,gateway:8000,gateway-service,correctness_gate_router,gateway
1787002791.075,19,routing_decisions_total,heavy,gateway:8000,gateway-service,correctness_gate_router,gateway
1787002796.075,28,routing_decisions_total,heavy,gateway:8000,gateway-service,correctness_gate_router,gateway
1787002801.075,35,routing_decisions_total,heavy,gateway:8000,gateway-service,correctness_gate_router,gateway
1787002806.075,42,routing_decisions_total,heavy,gateway:8000,gateway-service,correctness_gate_router,gateway
1787002811.075,46,routing_decisions_total,heavy,gateway:8000,gateway-service,correctness_gate_router,gateway
1787002816.075,62,routing_decisions_total,heavy,gateway:8000,gateway-service,correctness_gate_router,gateway
1787002821.075,84,routing_decisions_total,heavy,gateway:8000,gateway-service,correctness_gate_router,gateway
1787002826.075,106,routing_decisions_total,heavy,gateway:8000,gateway-service,correctness_gate_router,gateway
1787002831.075,131,routing_decisions_total,heavy,gateway:8000,gateway-service,correctness_gate_router,gateway
1787002836.075,149,routing_decisions_total,heavy,gateway:8000,gateway-service,correctness_gate_router,gateway
1787002841.075,173,routing_decisions_total,heavy,gateway:8000,gateway-service,correctness_gate_router,gateway
1787002846.075,183,routing_decisions_total,heavy,gateway:8000,gateway-service,correctness_gate_router,gateway
1787002851.075,196,routing_decisions_total,heavy,gateway:8000,gateway-service,correctness_gate_router,gateway
1787002856.075,218,routing_decisions_total,heavy,gateway:8000,gateway-service,correctness_gate_router,gateway
1787002861.075,243,routing_decisions_total,heavy,gateway:8000,gateway-service,correctness_gate_router,gateway
1787002866.075,270,routing_decisions_total,heavy,gateway:8000,gateway-service,correctness_gate_router,gateway
1787002871.075,288,routing_decisions_total,heavy,gateway:8000,gateway-service,correctness_gate_router,gateway
1787002876.075,312,routing_decisions_total,heavy,gateway:8000,gateway-service,correctness_gate_router,gateway
1787002881.075,319,routing_decisions_total,heavy,gateway:8000,gateway-service,correctness_gate_router,gateway
1787002886.075,319,routing_decisions_total,heavy,gateway:8000,gateway-service,correctness_gate_router,gateway
1787002891.075,319,routing_decisions_total,heavy,gateway:8000,gateway-service,correctness_gate_router,gateway
1787002896.075,319,routing_decisions_total,heavy,gateway:8000,gateway-service,correctness_gate_router,gateway
1787002901.075,319,routing_decisions_total,heavy,gateway:8000,gateway-service,correctness_gate_router,gateway
1787002906.075,319,routing_decisions_total,heavy,gateway:8000,gateway-service,correctness_gate_router,gateway
1787002911.075,319,routing_decisions_total,heavy,gateway:8000,gateway-service,correctness_gate_router,gateway
1787002916.075,319,routing_decisions_total,heavy,gateway:8000,gateway-service,correctness_gate_router,gateway
1787002921.075,319,routing_decisions_total,heavy,gateway:8000,gateway-service,correctness_gate_router,gateway
1787002926.075,319,routing_decisions_total,heavy,gateway:8000,gateway-service,correctness_gate_router,gateway
1787002931.075,319,routing_decisions_total,heavy,gateway:8000,gateway-service,correctness_gate_router,gateway
1787002936.075,319,routing_decisions_total,heavy,gateway:8000,gateway-service,correctness_gate_router,gateway
1787002941.075,319,routing_decisions_total,heavy,gateway:8000,gateway-service,correctness_gate_router,gateway
1787002946.075,319,routing_decisions_total,heavy,gateway:8000,gateway-service,correctness_gate_router,gateway
1787002951.075,319,routing_decisions_total,heavy,gateway:8000,gateway-service,correctness_gate_router,gateway
1787002956.075,319,routing_decisions_total,heavy,gateway:8000,gateway-service,correctness_gate_router,gateway
1787002961.075,319,routing_decisions_total,heavy,gateway:8000,gateway-service,correctness_gate_router,gateway
1787002966.075,319,routing_decisions_total,heavy,gateway:8000,gateway-service,correctness_gate_router,gateway
1787002971.075,319,routing_decisions_total,heavy,gateway:8000,gateway-service,correctness_gate_router,gateway
1787002976.075,319,routing_decisions_total,heavy,gateway:8000,gateway-service,correctness_gate_router,gateway
1787002981.075,319,routing_decisions_total,heavy,gateway:8000,gateway-service,correctness_gate_router,gateway
1787002986.075,319,routing_decisions_total,heavy,gateway:8000,gateway-service,correctness_gate_router,gateway
1787002991.075,319,routing_decisions_total,heavy,gateway:8000,gateway-service,correctness_gate_router,gateway
1787002996.075,319,routing_decisions_total,heavy,gateway:8000,gateway-service,correctness_gate_router,gateway
1787003001.075,319,routing_decisions_total,heavy,gateway:8000,gateway-service,correctness_gate_router,gateway
1787003006.075,319,routing_decisions_total,heavy,gateway:8000,gateway-service,correctness_gate_router,gateway
1787003011.075,319,routing_decisions_total,heavy,gateway:8000,gateway-service,correctness_gate_router,gateway
1787003016.075,319,routing_decisions_total,heavy,gateway:8000,gateway-service,correctness_gate_router,gateway
1787003021.075,319,routing_decisions_total,heavy,gateway:8000,gateway-service,correctness_gate_router,gateway
1787003026.075,319,routing_decisions_total,heavy,gateway:8000,gateway-service,correctness_gate_router,gateway
1787003031.075,319,routing_decisions_total,heavy,gateway:8000,gateway-service,correctness_gate_router,gateway
1787003036.075,319,routing_decisions_total,heavy,gateway:8000,gateway-service,correctness_gate_router,gateway
1787003041.075,319,routing_decisions_total,heavy,gateway:8000,gateway-service,correctness_gate_router,gateway
1787003046.075,319,routing_decisions_total,heavy,gateway:8000,gateway-service,correctness_gate_router,gateway
1787003051.075,319,routing_decisions_total,heavy,gateway:8000,gateway-service,correctness_gate_router,gateway
1787003056.075,319,routing_decisions_total,heavy,gateway:8000,gateway-service,correctness_gate_router,gateway
1787003061.075,319,routing_decisions_total,heavy,gateway:8000,gateway-service,correctness_gate_router,gateway
1787003066.075,319,routing_decisions_total,heavy,gateway:8000,gateway-service,correctness_gate_router,gateway
1787003071.075,319,routing_decisions_total,heavy,gateway:8000,gateway-service,correctness_gate_router,gateway
1787003076.075,319,routing_decisions_total,heavy,gateway:8000,gateway-service,correctness_gate_router,gateway
1787003081.075,319,routing_decisions_total,heavy,gateway:8000,gateway-service,correctness_gate_router,gateway
1787003086.075,319,routing_decisions_total,heavy,gateway:8000,gateway-service,correctness_gate_router,gateway
1787003091.075,319,routing_decisions_total,heavy,gateway:8000,gateway-service,correctness_gate_router,gateway
1787003096.075,319,routing_decisions_total,heavy,gateway:8000,gateway-service,correctness_gate_router,gateway
1787003101.075,319,routing_decisions_total,heavy,gateway:8000,gateway-service,correctness_gate_router,gateway
1787003106.075,319,routing_decisions_total,heavy,gateway:8000,gateway-service,correctness_gate_router,gateway
1787003111.075,319,routing_decisions_total,heavy,gateway:8000,gateway-service,correctness_gate_router,gateway
1787003116.075,319,routing_decisions_total,heavy,gateway:8000,gateway-service,correctness_gate_router,gateway
1787003121.075,319,routing_decisions_total,heavy,gateway:8000,gateway-service,correctness_gate_router,gateway
1787003126.075,319,routing_decisions_total,heavy,gateway:8000,gateway-service,correctness_gate_router,gateway
1787003131.075,319,routing_decisions_total,heavy,gateway:8000,gateway-service,correctness_gate_router,gateway
1787003136.075,319,routing_decisions_total,heavy,gateway:8000,gateway-service,correctness_gate_router,gateway
1787003141.075,319,routing_decisions_total,heavy,gateway:8000,gateway-service,correctness_gate_router,gateway
1787003146.075,319,routing_decisions_total,heavy,gateway:8000,gateway-service,correctness_gate_router,gateway
1787003151.075,319,routing_decisions_total,heavy,gateway:8000,gateway-service,correctness_gate_router,gateway
1787003156.075,319,routing_decisions_total,heavy,gateway:8000,gateway-service,correctness_gate_router,gateway
1787003161.075,319,routing_decisions_total,heavy,gateway:8000,gateway-service,correctness_gate_router,gateway
1787003166.075,319,routing_decisions_total,heavy,gateway:8000,gateway-service,correctness_gate_router,gateway
1787003171.075,319,routing_decisions_total,heavy,gateway:8000,gateway-service,correctness_gate_router,gateway
1787003176.075,319,routing_decisions_total,heavy,gateway:8000,gateway-service,correctness_gate_router,gateway
1787003181.075,319,routing_decisions_total,heavy,gateway:8000,gateway-service,correctness_gate_router,gateway
1787003186.075,319,routing_decisions_total,heavy,gateway:8000,gateway-service,correctness_gate_router,gateway
1787003191.075,319,routing_decisions_total,heavy,gateway:8000,gateway-service,correctness_gate_router,gateway
1787003196.075,319,routing_decisions_total,heavy,gateway:8000,gateway-service,correctness_gate_router,gateway
1787003201.075,319,routing_decisions_total,heavy,gateway:8000,gateway-service,correctness_gate_router,gateway
1787003206.075,319,routing_decisions_total,heavy,gateway:8000,gateway-service,correctness_gate_router,gateway
1787003211.075,319,routing_decisions_total,heavy,gateway:8000,gateway-service,correctness_gate_router,gateway
1787003216.075,319,routing_decisions_total,heavy,gateway:8000,gateway-service,correctness_gate_router,gateway
1787003221.075,319,routing_decisions_total,heavy,gateway:8000,gateway-service,correctness_gate_router,gateway
1787003226.075,319,routing_decisions_total,heavy,gateway:8000,gateway-service,correctness_gate_router,gateway
1787003231.075,319,routing_decisions_total,heavy,gateway:8000,gateway-service,correctness_gate_router,gateway
1787003236.075,319,routing_decisions_total,heavy,gateway:8000,gateway-service,correctness_gate_router,gateway
1787003241.075,319,routing_decisions_total,heavy,gateway:8000,gateway-service,correctness_gate_router,gateway
1787003246.075,319,routing_decisions_total,heavy,gateway:8000,gateway-service,correctness_gate_router,gateway
1787003251.075,319,routing_decisions_total,heavy,gateway:8000,gateway-service,correctness_gate_router,gateway
1787003256.075,319,routing_decisions_total,heavy,gateway:8000,gateway-service,correctness_gate_router,gateway
1787003261.075,319,routing_decisions_total,heavy,gateway:8000,gateway-service,correctness_gate_router,gateway
1787003266.075,319,routing_decisions_total,heavy,gateway:8000,gateway-service,correctness_gate_router,gateway
1787003271.075,319,routing_decisions_total,heavy,gateway:8000,gateway-service,correctness_gate_router,gateway
1787003276.075,319,routing_decisions_total,heavy,gateway:8000,gateway-service,correctness_gate_router,gateway
1787003281.075,319,routing_decisions_total,heavy,gateway:8000,gateway-service,correctness_gate_router,gateway
1787003286.075,319,routing_decisions_total,heavy,gateway:8000,gateway-service,correctness_gate_router,gateway
1787003291.075,319,routing_decisions_total,heavy,gateway:8000,gateway-service,correctness_gate_router,gateway
1787003296.075,319,routing_decisions_total,heavy,gateway:8000,gateway-service,correctness_gate_router,gateway
1787003301.075,319,routing_decisions_total,heavy,gateway:8000,gateway-service,correctness_gate_router,gateway
1787003306.075,319,routing_decisions_total,heavy,gateway:8000,gateway-service,correctness_gate_router,gateway
1787003311.075,319,routing_decisions_total,heavy,gateway:8000,gateway-service,correctness_gate_router,gateway
1787003316.075,319,routing_decisions_total,heavy,gateway:8000,gateway-service,correctness_gate_router,gateway
1787003646.075,8,routing_decisions_total,heavy,gateway:8000,gateway-service,correctness_gate_router,gateway
1787003651.075,15,routing_decisions_total,heavy,gateway:8000,gateway-service,correctness_gate_router,gateway
1787003656.075,22,routing_decisions_total,heavy,gateway:8000,gateway-service,correctness_gate_router,gateway
1787003661.075,31,routing_decisions_total,heavy,gateway:8000,gateway-service,correctness_gate_router,gateway
1787003666.075,37,routing_decisions_total,heavy,gateway:8000,gateway-service,correctness_gate_router,gateway
1787003671.075,46,routing_decisions_total,heavy,gateway:8000,gateway-service,correctness_gate_router,gateway
1787003676.075,48,routing_decisions_total,heavy,gateway:8000,gateway-service,correctness_gate_router,gateway
1787003681.075,67,routing_decisions_total,heavy,gateway:8000,gateway-service,correctness_gate_router,gateway
1787003686.075,88,routing_decisions_total,heavy,gateway:8000,gateway-service,correctness_gate_router,gateway
1787003691.075,111,routing_decisions_total,heavy,gateway:8000,gateway-service,correctness_gate_router,gateway
1787003696.075,137,routing_decisions_total,heavy,gateway:8000,gateway-service,correctness_gate_router,gateway
1787003701.075,161,routing_decisions_total,heavy,gateway:8000,gateway-service,correctness_gate_router,gateway
1787003706.075,181,routing_decisions_total,heavy,gateway:8000,gateway-service,correctness_gate_router,gateway
1787003711.075,192,routing_decisions_total,heavy,gateway:8000,gateway-service,correctness_gate_router,gateway
1787003716.075,206,routing_decisions_total,heavy,gateway:8000,gateway-service,correctness_gate_router,gateway
1787003721.075,229,routing_decisions_total,heavy,gateway:8000,gateway-service,correctness_gate_router,gateway
1787003726.075,254,routing_decisions_total,heavy,gateway:8000,gateway-service,correctness_gate_router,gateway
1787003731.075,285,routing_decisions_total,heavy,gateway:8000,gateway-service,correctness_gate_router,gateway
1787003736.075,305,routing_decisions_total,heavy,gateway:8000,gateway-service,correctness_gate_router,gateway
1787003741.075,329,routing_decisions_total,heavy,gateway:8000,gateway-service,correctness_gate_router,gateway
1787003746.075,334,routing_decisions_total,heavy,gateway:8000,gateway-service,correctness_gate_router,gateway
1787003751.075,334,routing_decisions_total,heavy,gateway:8000,gateway-service,correctness_gate_router,gateway
