timestamp,count,__name__,exported_tier,instance,job,strategy,tier
1786999136.075,12,routing_decisions_total,balanced,gateway:8000,gateway-service,ml_router,gateway
1786999141.075,19,routing_decisions_total,balanced,gateway:8000,gateway-service,ml_router,gateway
1786999146.075,24,routing_decisions_total,balanced,gateway:8000,gateway-service,ml_router,gateway
1786999151.075,27,routing_decisions_total,balanced,gateway:8000,gateway-service,ml_router,gateway
1786999156.075,29,routing_decisions_total,balanced,gateway:8000,gateway-service,ml_router,gateway
1786999161.075,31,routing_decisions_total,balanced,gateway:8000,gateway-service,ml_router,gateway
1786999166.075,38,routing_decisions_total,balanced,gateway:8000,gateway-service,ml_router,gateway
1786999171.075,39,routing_decisions_total,balanced,gateway:8000,gateway-service,ml_router,gateway
1786999176.075,42,routing_decisions_total,balanced,gateway:8000,gateway-service,ml_router,gateway
1786999181.075,49,routing_decisions_total,balanced,gateway:8000,gateway-service,ml_router,gateway
1786999186.075,50,routing_decisions_total,balanced,gateway:8000,gateway-service,ml_router,gateway
1786999191.075,50,routing_decisions_total,balanced,gateway:8000,gateway-service,ml_router,gateway
1786999196.075,50,routing_decisions_total,balanced,gateway:8000,gateway-service,ml_router,gateway
1786999201.075,50,routing_decisions_total,balanced,gateway:8000,gateway-service,ml_router,gateway
1786999206.075,50,routing_decisions_total,balanced,gateway:8000,gateway-service,ml_router,gateway
1786999211.075,50,routing_decisions_total,balanced,gateway:8000,gateway-service,ml_router,gateway
1786999216.075,50,routing_decisions_total,balanced,gateway:8000,gateway-service,ml_router,gateway
1786999221.075,50,routing_decisions_total,balanced,gateway:8000,gateway-service,ml_router,gateway
1786999226.075,50,routing_decisions_total,balanced,gateway:8000,gateway-service,ml_router,gateway
1786999231.075,50,routing_decisions_total,balanced,gateway:8000,gateway-service,ml_router,gateway
1786999236.075,50,routing_decisions_total,balanced,gateway:8000,gateway-service,ml_router,gateway
1786999241.075,50,routing_decisions_total,balanced,gateway:8000,gateway-service,ml_router,gateway
1786999246.075,50,routing_decisions_total,balanced,gateway:8000,gateway-service,ml_router,gateway
1786999251.075,50,routing_decisions_total,balanced,gateway:8000,gateway-service,ml_router,gateway
1786999256.075,50,routing_decisions_total,balanced,gateway:8000,gateway-service,ml_router,gateway
1786999261.075,50,routing_decisions_total,balanced,gateway:8000,gateway-service,ml_router,gateway
1786999266.075,50,routing_decisions_total,balanced,gateway:8000,gateway-service,ml_router,gateway
1786999271.075,50,routing_decisions_total,balanced,gateway:8000,gateway-service,ml_router,gateway
1786999276.075,50,routing_decisions_total,balanced,gateway:8000,gateway-service,ml_router,gateway
1786999281.075,50,routing_decisions_total,balanced,gateway:8000,gateway-service,ml_router,gateway
1786999286.075,50,routing_decisions_total,balanced,gateway:8000,gateway-service,ml_router,gateway
1786999291.075,50,routing_decisions_total,balanced,gateway:8000,gateway-service,ml_router,gateway
1786999296.075,50,routing_decisions_total,balanced,gateway:8000,gateway-service,ml_router,gateway
1786999301.075,50,routing_decisions_total,balanced,gateway:8000,gateway-service,ml_router,gateway
1786999306.075,50,routing_decisions_total,balanced,gateway:8000,gateway-service,ml_router,gateway
1786999311.075,50,routing_decisions_total,balanced,gateway:8000,gateway-service,ml_router,gateway
1786999316.075,50,routing_decisions_total,balanced,gateway:8000,gateway-service,ml_router,gateway
1786999321.075,50,routing_decisions_total,balanced,gateway:8000,gateway-service,ml_router,gateway
1786999326.075,50,routing_decisions_total,balanced,gateway:8000,gateway-service,ml_router,gateway
1786999331.075,50,routing_decisions_total,balanced,gateway:8000,gateway-service,ml_router,gateway
1786999336.075,50,routing_decisions_total,balanced,gateway:8000,gateway-service,ml_router,gateway
1786999341.075,50,routing_decisions_total,balanced,gateway:8000,gateway-service,ml_router,gateway
1786999346.075,50,routing_decisions_total,balanced,gateway:8000,gateway-service,ml_router,gateway
1786999351.075,50,routing_decisions_total,balanced,gateway:8000,gateway-service,ml_router,gateway
1786999356.075,50,routing_decisions_total,balanced,gateway:8000,gateway-service,ml_router,gateway
1786999361.075,50,routing_decisions_total,balanced,gateway:8000,gateway-service,ml_router,gateway
1786999366.075,50,routing_decisions_total,balanced,gateway:8000,gateway-service,ml_router,gateway
1786999371.075,50,routing_decisions_total,balanced,gateway:8000,gateway-service,ml_router,gateway
1786999376.075,50,routing_decisions_total,balanced,gateway:8000,gateway-service,ml_router,gateway
1786999381.075,50,routing_decisions_total,balanced,gateway:8000,gateway-service,ml_router,gateway
1786999386.075,50,routing_decisions_total,balanced,gateway:8000,gateway-service,ml_router,gateway
1786999391.075,50,routing_decisions_total,balanced,gateway:8000,gateway-service,ml_router,gateway
1786999396.075,50,routing_decisions_total,balanced,gateway:8000,gateway-service,ml_router,gateway
1786999401.075,50,routing_decisions_total,balanced,gateway:8000,gateway-service,ml_router,gateway
1786999406.075,50,routing_decisions_total,balanced,gateway:8000,gateway-service,ml_router,gateway
1786999411.075,50,routing_decisions_total,balanced,gateway:8000,gateway-service,ml_router,gateway
1786999416.075,50,routing_decisions_total,balanced,gateway:8000,gateway-service,ml_router,gateway
1786999421.075,50,routing_decisions_total,balanced,gateway:8000,gateway-service,ml_router,gateway
1786999426.075,50,routing_decisions_total,balanced,gateway:8000,gateway-service,ml_router,gateway
1786999431.075,50,routing_decisions_total,balanced,gateway:8000,gateway-service,ml_router,gateway
1786999436.075,50,routing_decisions_total,balanced,gateway:8000,gateway-service,ml_router,gateway
1786999441.075,50,routing_decisions_total,balanced,gateway:8000,gateway-service,ml_router,gateway
1786999446.075,50,routing_decisions_total,balanced,gateway:8000,gateway-service,ml_router,gateway
1786999451.075,50,routing_decisions_total,balanced,gateway:8000,gateway-service,ml_router,gateway
1786999456.075,50,routing_decisions_total,balanced,gateway:8000,gateway-service,ml_router,gateway
1786999461.075,50,routing_decisions_total,balanced,gateway:8000,gateway-service,ml_router,gateway
1786999466.075,50,routing_decisions_total,balanced,gateway:8000,gateway-service,ml_router,gateway
1786999471.075,50,routing_decisions_total,balanced,gateway:8000,gateway-service,ml_router,gateway
1786999476.075,50,routing_decisions_total,balanced,gateway:8000,gateway-service,ml_router,gateway
1786999481.075,50,routing_decisions_total,balanced,gateway:8000,gateway-service,ml_router,gateway
1786999486.075,50,routing_decisions_total,balanced,gateway:8000,gateway-service,ml_router,gateway
1786999491.075,50,routing_decisions_total,balanced,gateway:8000,gateway-service,ml_router,gateway
1786999496.075,50,routing_decisions_total,balanced,gateway:8000,gateway-service,ml_router,gateway
1786999501.075,50,routing_decisions_total,balanced,gateway:8000,gateway-service,ml_router,gateway
1786999506.075,50,routing_decisions_total,balanced,gateway:8000,gateway-service,ml_router,gateway
1786999511.075,50,routing_decisions_total,balanced,gateway:8000,gateway-service,ml_router,gateway
1786999516.075,50,routing_decisions_total,balanced,gateway:8000,gateway-service,ml_router,gateway
1786999521.075,50,routing_decisions_total,balanced,gateway:8000,gateway-service,ml_router,gateway
1786999526.075,50,routing_decisions_total,balanced,gateway:8000,gateway-service,ml_router,gateway
1786999531.075,50,routing_decisions_total,balanced,gateway:8000,gateway-service,ml_router,gateway
1786999536.075,50,routing_decisions_total,balanced,gateway:8000,gateway-service,ml_router,gateway
1786999541.075,50,routing_decisions_total,balanced,gateway:8000,gateway-service,ml_router,gateway
1786999546.075,50,routing_decisions_total,balanced,gateway:8000,gateway-service,ml_router,gateway
1786999551.075,50,routing_decisions_total,balanced,gateway:8000,gateway-service,ml_router,gateway
1786999556.075,50,routing_decisions_total,balanced,gateway:8000,gateway-service,ml_router,gateway
1786999561.075,50,routing_decisions_total,balanced,gateway:8000,gateway-service,ml_router,gateway
1786999566.075,50,routing_decisions_total,balanced,gateway:8000,gateway-service,ml_router,gateway
1786999571.075,50,routing_decisions_total,balanced,gateway:8000,gateway-service,ml_router,gateway
1786999576.075,50,routing_decisions_total,balanced,gateway:8000,gateway-service,ml_router,gateway
1786999581.075,50,routing_decisions_total,balanced,gateway:8000,gateway-service,ml_router,gateway
1786999586.075,50,routing_decisions_total,balanced,gateway:8000,gateway-service,ml_router,gateway
1786999591.075,50,routing_decisions_total,balanced,gateway:8000,gateway-service,ml_router,gateway
1786999596.075,50,routing_decisions_total,balanced,gateway:8000,gateway-service,ml_router,gateway
1786999601.075,50,routing_decisions_total,balanced,gateway:8000,gateway-service,ml_router,gateway
1786999606.075,50,routing_decisions_total,balanced,gateway:8000,gateway-service,ml_router,gateway
1786999611.075,50,routing_decisions_total,balanced,gateway:8000,gateway-service,ml_router,gateway
1786999616.075,50,routing_decisions_total,balanced,gateway:8000,gateway-service,ml_router,gateway
1786999621.075,50,routing_decisions_total,balanced,gateway:8000,gateway-service,ml_router,gateway
1786999626.075,50,routing_decisions_total,balanced,gateway:8000,gateway-service,ml_router,gateway
1786999631.075,50,routing_decisions_total,balanced,gateway:8000,gateway-service,ml_router,gateway
1786999636.075,50,routing_decisions_total,balanced,gateway:8000,gateway-service,ml_router,gateway
1786999641.075,50,routing_decisions_total,balanced,gateway:8000,gateway-service,ml_router,gateway
1786999646.075,50,routing_decisions_total,balanced,gateway:8000,gateway-service,ml_router,gateway
1786999651.075,50,routing_decisions_total,balanced,gateway:8000,gateway-service,ml_router,gateway
1786999656.075,50,routing_decisions_total,balanced,gateway:8000,gateway-service,ml_router,gateway
1786999661.075,50,routing_decisions_total,balanced,gateway:8000,gateway-service,ml_router,gateway
1786999666.075,50,routing_decisions_total,balanced,gateway:8000,gateway-service,ml_router,gateway
1786999671.075,50,routing_decisions_total,balanced,gateway:8000,gateway-service,ml_router,gateway
1786999676.075,50,routing_decisions_total,balanced,gateway:8000,gateway-service,ml_router,gateway
1786999681.075,50,routing_decisions_total,balanced,gateway:8000,gateway-service,ml_router,gateway
1786999686.075,50,routing_decisions_total,balanced,gateway:8000,gateway-service,ml_router,gateway
1786999691.075,50,routing_decisions_total,balanced,gateway:8000,gateway-service,ml_router,gateway
1786999696.075,50,routing_decisions_total,balanced,gateway:8000,gateway-service,ml_router,gateway
1786999701.075,50,routing_decisions_total,balanced,gateway:8000,gateway-service,ml_router,gateway
1786999706.075,50,routing_decisions_total,balanced,gateway:8000,gateway-service,ml_router,gateway
1786999711.075,50,routing_decisions_total,balanced,gateway:8000,gateway-service,ml_router,gateway
1786999716.075,50,routing_decisions_total,balanced,gateway:8000,gateway-service,ml_router,gateway
1786999721.075,50,routing_decisions_total,balanced,gateway:8000,gateway-service,ml_router,gateway
1786999726.075,50,routing_decisions_total,balanced,gateway:8000,gateway-service,ml_router,gateway
1786999731.075,50,routing_decisions_total,balanced,gateway:8000,gateway-service,ml_router,gateway
1786999736.075,50,routing_decisions_total,balanced,gateway:8000,gateway-service,ml_router,gateway
1786999741.075,50,routing_decisions_total,balanced,gateway:8000,gateway-service,ml_router,gateway
1786999746.075,50,routing_decisions_total,balanced,gateway:8000,gateway-service,ml_router,gateway
1786999751.075,50,routing_decisions_total,balanced,gateway:8000,gateway-service,ml_router,gateway
1786999756.075,50,routing_decisions_total,balanced,gateway:8000,gateway-service,ml_router,gateway
1786999761.075,50,routing_decisions_total,balanced,gateway:8000,gateway-service,ml_router,gateway
1786999766.075,50,routing_decisions_total,balanced,gateway:8000,gateway-service,ml_router,gateway
1786999771.075,50,routing_decisions_total,balanced,gateway:8000,gateway-service,ml_router,gateway
1786999776.075,50,routing_decisions_total,balanced,gateway:8000,gateway-service,ml_router,gateway
1786999781.075,50,routing_decisions_total,balanced,gateway:8000,gateway-service,ml_router,gateway
1786999786.075,50,routing_decisions_total,balanced,gateway:8000,gateway-service,ml_router,gateway
1786999791.075,50,routing_decisions_total,balanced,gateway:8000,gateway-service,ml_router,gateway
1786999796.075,50,routing_decisions_total,balanced,gateway:8000,gateway-service,ml_router,gateway
1786999801.075,50,routing_decisions_total,balanced,gateway:8000,gateway-service,ml_router,gateway
1786999806.075,50,routing_decisions_total,balanced,gateway:8000,gateway-service,ml_router,gateway
1786999811.075,50,routing_decisions_total,balanced,gateway:8000,gateway-service,ml_router,gateway
1786999816.075,50,routing_decisions_total,balanced,gateway:8000,gateway-service,ml_router,gateway
1786999821.075,50,routing_decisions_total,balanced,gateway:8000,gateway-service,ml_router,gateway
1786999826.075,50,routing_decisions_total,balanced,gateway:8000,gateway-service,ml_router,gateway
1786999831.075,50,routing_decisions_total,balanced,gateway:8000,gateway-service,ml_router,gateway
1786999836.075,50,routing_decisions_total,balanced,gateway:8000,gateway-service,ml_router,gateway
1786999841.075,50,routing_decisions_total,balanced,gateway:8000,gateway-service,ml_router,gateway
1786999846.075,50,routing_decisions_total,balanced,gateway:8000,gateway-service,ml_router,gateway
1786999851.075,50,routing_decisions_total,balanced,gateway:8000,gateway-service,ml_router,gateway
1786999856.075,50,routing_decisions_total,balanced,gateway:8000,gateway-service,ml_router,gateway
1786999861.075,50,routing_decisions_total,balanced,gateway:8000,gateway-service,ml_router,gateway
1786999866.075,50,routing_decisions_total,balanced,gateway:8000,gateway-service,ml_router,gateway
1786999871.075,50,routing_decisions_total,balanced,gateway:8000,gateway-service,ml_router,gateway
1786999876.075,50,routing_decisions_total,balanced,gateway:8000,gateway-service,ml_router,gateway
1786999881.075,50,routing_decisions_total,balanced,gateway:8000,gateway-service,ml_router,gateway
1786999886.075,50,routing_decisions_total,balanced,gateway:8000,gateway-service,ml_router,gateway
1786999891.075,50,routing_decisions_total,balanced,gateway:8000,gateway-service,ml_router,gateway
1786999896.075,50,routing_decisions_total,balanced,gateway:8000,gateway-service,ml_router,gateway
1786999901.075,50,routing_decisions_total,balanced,gateway:8000,gateway-service,ml_router,gateway
1786999906.075,50,routing_decisions_total,balanced,gateway:8000,gateway-service,ml_router,gateway
1786999911.075,50,routing_decisions_total,balanced,gateway:8000,gateway-service,ml_router,gateway
1786999916.075,50,routing_decisions_total,balanced,gateway:8000,gateway-service,ml_router,gateway
1786999921.075,50,routing_decisions_total,balanced,gateway:8000,gateway-service,ml_router,gateway
1786999926.075,50,routing_decisions_total,balanced,gateway:8000,gateway-service,ml_router,gateway
1786999931.075,50,routing_decisions_total,balanced,gateway:8000,gateway-service,ml_router,gateway
1786999936.075,50,routing_decisions_total,balanced,gateway:8000,gateway-service,ml_router,gateway
1786999941.075,50,routing_decisions_total,balanced,gateway:8000,gateway-service,ml_router,gateway
1786999946.075,50,routing_decisions_total,balanced,gateway:8000,gateway-service,ml_router,gateway
1786999951.075,50,routing_decisions_total,balanced,gateway:8000,gateway-service,ml_router,gateway
1786999956.075,50,routing_decisions_total,balanced,gateway:8000,gateway-service,ml_router,gateway
1786999961.075,50,routing_decisions_total,balanced,gateway:8000,gateway-service,ml_router,gateway
1786999966.075,50,routing_decisions_total,balanced,gateway:8000,gateway-service,ml_router,gateway
1786999971.075,50,routing_decisions_total,balanced,gateway:8000,gateway-service,ml_router,gateway
1786999976.075,50,routing_decisions_total,balanced,gateway:8000,gateway-service,ml_router,gateway
1786999981.075,50,routing_decisions_total,balanced,gateway:8000,gateway-service,ml_router,gateway
1786999986.075,50,routing_decisions_total,balanced,gateway:8000,gateway-service,ml_router,gateway
1786999991.075,50,routing_decisions_total,balanced,gateway:8000,gateway-service,ml_router,gateway
1786999996.075,50,routing_decisions_total,balanced,gateway:8000,gateway-service,ml_router,gateway
1787000001.075,50,routing_decisions_total,balanced,gateway:8000,gateway-service,ml_router,gateway
1787000006.075,50,routing_decisions_total,balanced,gateway:8000,gateway-service,ml_router,gateway
1787000011.075,50,routing_decisions_total,balanced,gateway:8000,gateway-service,ml_router,gateway
1787000016.075,50,routing_decisions_total,balanced,gateway:8000,gateway-service,ml_router,gateway
1787000021.075,50,routing_decisions_total,balanced,gateway:8000,gateway-service,ml_router,gateway
1787000026.075,50,routing_decisions_total,balanced,gateway:8000,gateway-service,ml_router,gateway
1787000031.075,50,routing_decisions_total,balanced,gateway:8000,gateway-service,ml_router,gateway
1787000036.075,50,routing_decisions_total,balanced,gateway:8000,gateway-service,ml_router,gateway
1787000041.075,50,routing_decisions_total,balanced,gateway:8000,gateway-service,ml_router,gateway
1787000046.075,50,routing_decisions_total,balanced,gateway:8000,gateway-service,ml_router,gateway
1787000051.075,50,routing_decisions_total,balanced,gateway:8000,gateway-service,ml_router,gateway
1787000056.075,50,routing_decisions_total,balanced,gateway:8000,gateway-service,ml_router,gateway
1787000061.075,50,routing_decisions_total,balanced,gateway:8000,gateway-service,ml_router,gateway
1787000066.075,50,routing_decisions_total,balanced,gateway:8000,gateway-service,ml_router,gateway
1787000071.075,50,routing_decisions_total,balanced,gateway:8000,gateway-service,ml_router,gateway
1787000076.075,50,routing_decisions_total,balanced,gateway:8000,gateway-service,ml_router,gateway
1787000081.075,50,routing_decisions_total,balanced,gateway:8000,gateway-service,ml_router,gateway
1787000086.075,50,routing_decisions_total,balanced,gateway:8000,gateway-service,ml_router,gateway
1787000091.075,50,routing_decisions_total,balanced,gateway:8000,gateway-service,ml_router,gateway
1787000096.075,50,routing_decisions_total,balanced,gateway:8000,gateway-service,ml_router,gateway
1787000101.075,50,routing_decisions_total,balanced,gateway:8000,gateway-service,ml_router,gateway
1787000106.075,50,routing_decisions_total,balanced,gateway:8000,gateway-service,ml_router,gateway
1787000111.075,50,routing_decisions_total,balanced,gateway:8000,gateway-service,ml_router,gateway
1787000116.075,50,routing_decisions_total,balanced,gateway:8000,gateway-service,ml_router,gateway
1787000121.075,50,routing_decisions_total,balanced,gateway:8000,gateway-service,ml_router,gateway
1787000126.075,50,routing_decisions_total,balanced,gateway:8000,gateway-service,ml_router,gateway
1787000131.075,50,routing_decisions_total,balanced,gateway:8000,gateway-service,ml_router,gateway
1787000136.075,50,routing_decisions_total,balanced,gateway:8000,gateway-service,ml_router,gateway
1787000141.075,50,routing_decisions_total,balanced,gateway:8000,gateway-service,ml_router,gateway
1787000146.075,50,routing_decisions_total,balanced,gateway:8000,gateway-service,ml_router,gateway
1787000151.075,50,routing_decisions_total,balanced,gateway:8000,gateway-service,ml_router,gateway
1787000156.075,50,routing_decisions_total,balanced,gateway:8000,gateway-service,ml_router,gateway
1787000161.075,50,routing_decisions_total,balanced,gateway:8000,gateway-service,ml_router,gateway
1787000166.075,50,routing_decisions_total,balanced,gateway:8000,gateway-service,ml_router,gateway
1787000171.075,50,routing_decisions_total,balanced,gateway:8000,gateway-service,ml_router,gateway
1787000176.075,50,routing_decisions_total,balanced,gateway:8000,gateway-service,ml_router,gateway
1787000181.075,50,routing_decisions_total,balanced,gateway:8000,gateway-service,ml_router,gateway
1787000186.075,50,routing_decisions_total,balanced,gateway:8000,gateway-service,ml_router,gateway
1787000191.075,50,routing_decisions_total,balanced,gateway:8000,gateway-service,ml_router,gateway
1787000196.075,50,routing_decisions_total,balanced,gateway:8000,gateway-service,ml_router,gateway
1787000201.075,50,routing_decisions_total,balanced,gateway:8000,gateway-service,ml_router,gateway
1787000206.075,50,routing_decisions_total,balanced,gateway:8000,gateway-service,ml_router,gateway
1787000211.075,50,routing_decisions_total,balanced,gateway:8000,gateway-service,ml_router,gateway
1787000216.075,50,routing_decisions_total,balanced,gateway:8000,gateway-service,ml_router,gateway
1787000221.075,50,routing_decisions_total,balanced,gateway:8000,gateway-service,ml_router,gateway
1787000226.075,50,routing_decisions_total,balanced,gateway:8000,gateway-service,ml_router,gateway
1787000231.075,50,routing_decisions_total,balanced,gateway:8000,gateway-service,ml_router,gateway
1787000236.075,50,routing_decisions_total,balanced,gateway:8000,gateway-service,ml_router,gateway
1787000241.075,50,routing_decisions_total,balanced,gateway:8000,gateway-service,ml_router,gateway
1787000246.075,50,routing_decisions_total,balanced,gateway:8000,gateway-service,ml_router,gateway
1787000251.075,50,routing_decisions_total,balanced,gateway:8000,gateway-service,ml_router,gateway
1787000256.075,50,routing_decisions_total,balanced,gateway:8000,gateway-service,ml_router,gateway
1787000261.075,50,routing_decisions_total,balanced,gateway:8000,gateway-service,ml_router,gateway
1787000266.075,50,routing_decisions_total,balanced,gateway:8000,gateway-service,ml_router,gateway
1787000271.075,50,routing_decisions_total,balanced,gateway:8000,gateway-service,ml_router,gateway
1787000276.075,50,routing_decisions_total,balanced,gateway:8000,gateway-service,ml_router,gateway
1787000281.075,50,routing_decisions_total,balanced,gateway:8000,gateway-service,ml_router,gateway
1787000286.075,50,routing_decisions_total,balanced,gateway:8000,gateway-service,ml_router,gateway
1787000291.075,50,routing_decisions_total,balanced,gateway:8000,gateway-service,ml_router,gateway
1787000296.075,50,routing_decisions_total,balanced,gateway:8000,gateway-service,ml_router,gateway
1787000301.075,50,routing_decisions_total,balanced,gateway:8000,gateway-service,ml_router,gateway
1787000306.075,50,routing_decisions_total,balanced,gateway:8000,gateway-service,ml_router,gateway
1787000311.075,50,routing_decisions_total,balanced,gateway:8000,gateway-service,ml_router,gateway
1787000316.075,50,routing_decisions_total,balanced,gateway:8000,gateway-service,ml_router,gateway
1787000321.075,50,routing_decisions_total,balanced,gateway:8000,gateway-service,ml_router,gateway
1787000326.075,50,routing_decisions_total,balanced,gateway:8000,gateway-service,ml_router,gateway
1787000331.075,50,routing_decisions_total,balanced,gateway:8000,gateway-service,ml_router,gateway
1787000336.075,50,routing_decisions_total,balanced,gateway:8000,gateway-service,ml_router,gateway
1787000341.075,50,routing_decisions_total,balanced,gateway:8000,gateway-service,ml_router,gateway
1787000346.075,50,routing_decisions_total,balanced,gateway:8000,gateway-service,ml_router,gateway
1787000351.075,50,routing_decisions_total,balanced,gateway:8000,gateway-service,ml_router,gateway
1787000356.075,50,routing_decisions_total,balanced,gateway:8000,gateway-service,ml_router,gateway
1787000361.075,50,routing_decisions_total,balanced,gateway:8000,gateway-service,ml_router,gateway
1787000366.075,50,routing_decisions_total,balanced,gateway:8000,gateway-service,ml_router,gateway
1787000371.075,50,routing_decisions_total,balanced,gateway:8000,gateway-service,ml_router,gateway
1787000376.075,50,routing_decisions_total,balanced,gateway:8000,gateway-service,ml_router,gateway
1787000381.075,50,routing_decisions_total,balanced,gateway:8000,gateway-service,ml_router,gateway
1787000386.075,50,routing_decisions_total,balanced,gateway:8000,gateway-service,ml_router,gateway
1787000391.075,50,routing_decisions_total,balanced,gateway:8000,gateway-service,ml_router,gateway
1787000396.075,50,routing_decisions_total,balanced,gateway:8000,gateway-service,ml_router,gateway
1787000401.075,50,routing_decisions_total,balanced,gateway:8000,gateway-service,ml_router,gateway
1787000406.075,50,routing_decisions_total,balanced,gateway:8000,gateway-service,ml_router,gateway
1787000411.075,50,routing_decisions_total,balanced,gateway:8000,gateway-service,ml_router,gateway
1787000416.075,50,routing_decisions_total,balanced,gateway:8000,gateway-service,ml_router,gateway
1787000421.075,50,routing_decisions_total,balanced,gateway:8000,gateway-service,ml_router,gateway
1787000426.075,50,routing_decisions_total,balanced,gateway:8000,gateway-service,ml_router,gateway
1787000431.075,50,routing_decisions_total,balanced,gateway:8000,gateway-service,ml_router,gateway
1787000436.075,50,routing_decisions_total,balanced,gateway:8000,gateway-service,ml_router,gateway
1787000441.075,50,routing_decisions_total,balanced,gateway:8000,gateway-service,ml_router,gateway
1787000446.075,50,routing_decisions_total,balanced,gateway:8000,gateway-service,ml_router,gateway
1787000451.075,50,routing_decisions_total,balanced,gateway:8000,gateway-service,ml_router,gateway
1787000456.075,50,routing_decisions_total,balanced,gateway:8000,gateway-service,ml_router,gateway
1787000461.075,50,routing_decisions_total,balanced,gateway:8000,gateway-service,ml_router,gateway
1787000466.075,50,routing_decisions_total,balanced,gateway:8000,gateway-service,ml_router,gateway
1787000471.075,50,routing_decisions_total,balanced,gateway:8000,gateway-service,ml_router,gateway
1787000476.075,50,routing_decisions_total,balanced,gateway:8000,gateway-service,ml_router,gateway
1787000481.075,50,routing_decisions_total,balanced,gateway:8000,gateway-service,ml_router,gateway
1787000486.075,50,routing_decisions_total,balanced,gateway:8000,gateway-service,ml_router,gateway
1787000491.075,50,routing_decisions_total,balanced,gateway:8000,gateway-service,ml_router,gateway
1787000496.075,50,routing_decisions_total,balanced,gateway:8000,gateway-service,ml_router,gateway
1787000501.075,50,routing_decisions_total,balanced,gateway:8000,gateway-service,ml_router,gateway
1787000506.075,50,routing_decisions_total,balanced,gateway:8000,gateway-service,ml_router,gateway
1787000511.075,50,routing_decisions_total,balanced,gateway:8000,gateway-service,ml_router,gateway
1787000516.075,50,routing_decisions_total,balanced,gateway:8000,gateway-service,ml_router,gateway
1787000521.075,50,routing_decisions_total,balanced,gateway:8000,gateway-service,ml_router,gateway
1787000526.075,50,routing_decisions_total,balanced,gateway:8000,gateway-service,ml_router,gateway
1787000531.075,50,routing_decisions_total,balanced,gateway:8000,gateway-service,ml_router,gateway
1787000536.075,50,routing_decisions_total,balanced,gateway:8000,gateway-service,ml_router,gateway
1787000541.075,50,routing_decisions_total,balanced,gateway:8000,gateway-service,ml_router,gateway
1787000546.075,50,routing_decisions_total,balanced,gateway:8000,gateway-service,ml_router,gateway
1787000551.075,50,routing_decisions_total,balanced,gateway:8000,gateway-service,ml_router,gateway
1787000556.075,50,routing_decisions_total,balanced,gateway:8000,gateway-service,ml_router,gateway
1787000561.075,50,routing_decisions_total,balanced,gateway:8000,gateway-service,ml_router,gateway
1787000566.075,50,routing_decisions_total,balanced,gateway:8000,gateway-service,ml_router,gateway
1787000571.075,50,routing_decisions_total,balanced,gateway:8000,gateway-service,ml_router,gateway
1787000576.075,50,routing_decisions_total,balanced,gateway:8000,gateway-service,ml_router,gateway
1787000581.075,50,routing_decisions_total,balanced,gateway:8000,gateway-service,ml_router,gateway
1787000586.075,50,routing_decisions_total,balanced,gateway:8000,gateway-service,ml_router,gateway
1787000591.075,50,routing_decisions_total,balanced,gateway:8000,gateway-service,ml_router,gateway
1787000596.075,50,routing_decisions_total,balanced,gateway:8000,gateway-service,ml_router,gateway
1787000601.075,50,routing_decisions_total,balanced,gateway:8000,gateway-service,ml_router,gateway
1787000606.075,50,routing_decisions_total,balanced,gateway:8000,gateway-service,ml_router,gateway
1787000611.075,50,routing_decisions_total,balanced,gateway:8000,gateway-service,ml_router,gateway
1787000616.075,50,routing_decisions_total,balanced,gateway:8000,gateway-service,ml_router,gateway
1787000621.075,50,routing_decisions_total,balanced,gateway:8000,gateway-service,ml_router,gateway
1787000626.075,50,routing_decisions_total,balanced,gateway:8000,gateway-service,ml_router,gateway
1787000631.075,50,routing_decisions_total,balanced,gateway:8000,gateway-service,ml_router,gateway
1787000636.075,50,routing_decisions_total,balanced,gateway:8000,gateway-service,ml_router,gateway
1787000641.075,50,routing_decisions_total,balanced,gateway:8000,gateway-service,ml_router,gateway
1787000646.075,50,routing_decisions_total,balanced,gateway:8000,gateway-service,ml_router,gateway
1787000651.075,50,routing_decisions_total,balanced,gateway:8000,gateway-service,ml_router,gateway
1787000656.075,50,routing_decisions_total,balanced,gateway:8000,gateway-service,ml_router,gateway
1787000661.075,50,routing_decisions_total,balanced,gateway:8000,gateway-service,ml_router,gateway
1787000666.075,50,routing_decisions_total,balanced,gateway:8000,gateway-service,ml_router,gateway
1787000671.075,50,routing_decisions_total,balanced,gateway:8000,gateway-service,ml_router,gateway
1787000676.075,50,routing_decisions_total,balanced,gateway:8000,gateway-service,ml_router,gateway
1787000681.075,50,routing_decisions_total,balanced,gateway:8000,gateway-service,ml_router,gateway
1787000686.075,50,routing_decisions_total,balanced,gateway:8000,gateway-service,ml_router,gateway
1787000691.075,50,routing_decisions_total,balanced,gateway:8000,gateway-service,ml_router,gateway
1787000696.075,50,routing_decisions_total,balanced,gateway:8000,gateway-service,ml_router,gateway
1787000701.075,50,routing_decisions_total,balanced,gateway:8000,gateway-service,ml_router,gateway
1787000706.075,50,routing_decisions_total,balanced,gateway:8000,gateway-service,ml_router,gateway
1787000711.075,50,routing_decisions_total,balanced,gateway:8000,gateway-service,ml_router,gateway
1787000716.075,50,routing_decisions_total,balanced,gateway:8000,gateway-service,ml_router,gateway
1787000721.075,50,routing_decisions_total,balanced,gateway:8000,gateway-service,ml_router,gateway
1787000726.075,50,routing_decisions_total,balanced,gateway:8000,gateway-service,ml_router,gateway
1787000731.075,50,routing_decisions_total,balanced,gateway:8000,gateway-service,ml_router,gateway
1787000736.075,50,routing_decisions_total,balanced,gateway:8000,gateway-service,ml_router,gateway
1787000741.075,50,routing_decisions_total,balanced,gateway:8000,gateway-service,ml_router,gateway
1787000746.075,50,routing_decisions_total,balanced,gateway:8000,gateway-service,ml_router,gateway
1787000751.075,50,routing_decisions_total,balanced,gateway:8000,gateway-service,ml_router,gateway
1787000756.075,50,routing_decisions_total,balanced,gateway:8000,gateway-service,ml_router,gateway
1787000761.075,50,routing_decisions_total,balanced,gateway:8000,gateway-service,ml_router,gateway
1787000766.075,50,routing_decisions_total,balanced,gateway:8000,gateway-service,ml_router,gateway
1787000771.075,50,routing_decisions_total,balanced,gateway:8000,gateway-service,ml_router,gateway
1787000776.075,50,routing_decisions_total,balanced,gateway:8000,gateway-service,ml_router,gateway
1787000781.075,50,routing_decisions_total,balanced,gateway:8000,gateway-service,ml_router,gateway
1787000786.075,50,routing_decisions_total,balanced,gateway:8000,gateway-service,ml_router,gateway
1787000791.075,50,routing_decisions_total,balanced,gateway:8000,gateway-service,ml_router,gateway
1787000796.075,50,routing_decisions_total,balanced,gateway:8000,gateway-service,ml_router,gateway
1787000801.075,50,routing_decisions_total,balanced,gateway:8000,gateway-service,ml_router,gateway
1787000806.075,50,routing_decisions_total,balanced,gateway:8000,gateway-service,ml_router,gateway
1787000811.075,50,routing_decisions_total,balanced,gateway:8000,gateway-service,ml_router,gateway
1787000816.075,50,routing_decisions_total,balanced,gateway:8000,gateway-service,ml_router,gateway
1787000821.075,50,routing_decisions_total,balanced,gateway:8000,gateway-service,ml_router,gateway
1787000826.075,50,routing_decisions_total,balanced,gateway:8000,gateway-service,ml_router,gateway
1787000831.075,50,routing_decisions_total,balanced,gateway:8000,gateway-service,ml_router,gateway
1787000836.075,50,routing_decisions_total,balanced,gateway:8000,gateway-service,ml_router,gateway
1787000841.075,50,routing_decisions_total,balanced,gateway:8000,gateway-service,ml_router,gateway
1787000846.075,50,routing_decisions_total,balanced,gateway:8000,gateway-service,ml_router,gateway
1787000851.075,50,routing_decisions_total,balanced,gateway:8000,gateway-service,ml_router,gateway
1787000856.075,50,routing_decisions_total,balanced,gateway:8000,gateway-service,ml_router,gateway
1787000861.075,50,routing_decisions_total,balanced,gateway:8000,gateway-service,ml_router,gateway
1787002581.075,8,routing_decisions_total,balanced,gateway:8000,gateway-service,ml_router,gateway
1787002586.075,21,routing_decisions_total,balanced,gateway:8000,gateway-service,ml_router,gateway
1787002591.075,37,routing_decisions_total,balanced,gateway:8000,gateway-service,ml_router,gateway
1787002596.075,49,routing_decisions_total,balanced,gateway:8000,gateway-service,ml_router,gateway
1787002601.075,65,routing_decisions_total,balanced,gateway:8000,gateway-service,ml_router,gateway
1787002606.075,78,routing_decisions_total,balanced,gateway:8000,gateway-service,ml_router,gateway
1787002611.075,82,routing_decisions_total,balanced,gateway:8000,gateway-service,ml_router,gateway
1787002616.075,90,routing_decisions_total,balanced,gateway:8000,gateway-service,ml_router,gateway
1787002621.075,93,routing_decisions_total,balanced,gateway:8000,gateway-service,ml_router,gateway
1787002626.075,100,routing_decisions_total,balanced,gateway:8000,gateway-service,ml_router,gateway
1787002631.075,106,routing_decisions_total,balanced,gateway:8000,gateway-service,ml_router,gateway
1787002636.075,111,routing_decisions_total,balanced,gateway:8000,gateway-service,ml_router,gateway
1787002641.075,119,routing_decisions_total,balanced,gateway:8000,gateway-service,ml_router,gateway
1787002646.075,123,routing_decisions_total,balanced,gateway:8000,gateway-service,ml_router,gateway
1787002651.075,137,routing_decisions_total,balanced,gateway:8000,gateway-service,ml_router,gateway
1787002656.075,144,routing_decisions_total,balanced,gateway:8000,gateway-service,ml_router,gateway
1787002661.075,152,routing_decisions_total,balanced,gateway:8000,gateway-service,ml_router,gateway
1787002666.075,163,routing_decisions_total,balanced,gateway:8000,gateway-service,ml_router,gateway
1787002671.075,177,routing_decisions_total,balanced,gateway:8000,gateway-service,ml_router,gateway
1787002676.075,184,routing_decisions_total,balanced,gateway:8000,gateway-service,ml_router,gateway
1787002681.075,186,routing_decisions_total,balanced,gateway:8000,gateway-service,ml_router,gateway
1787002686.075,186,routing_decisions_total,balanced,gateway:8000,gateway-service,ml_router,gateway
1787002691.075,186,routing_decisions_total,balanced,gateway:8000,gateway-service,ml_router,gateway
1787002696.075,186,routing_decisions_total,balanced,gateway:8000,gateway-service,ml_router,gateway
1787002701.075,186,routing_decisions_total,balanced,gateway:8000,gateway-service,ml_router,gateway
1787002706.075,186,routing_decisions_total,balanced,gateway:8000,gateway-service,ml_router,gateway
1787002711.075,186,routing_decisions_total,balanced,gateway:8000,gateway-service,ml_router,gateway
1787002716.075,186,routing_decisions_total,balanced,gateway:8000,gateway-service,ml_router,gateway
1787002721.075,186,routing_decisions_total,balanced,gateway:8000,gateway-service,ml_router,gateway
1787002726.075,186,routing_decisions_total,balanced,gateway:8000,gateway-service,ml_router,gateway
1787002731.075,186,routing_decisions_total,balanced,gateway:8000,gateway-service,ml_router,gateway
1787002736.075,186,routing_decisions_total,balanced,gateway:8000,gateway-service,ml_router,gateway
1787002741.075,186,routing_decisions_total,balanced,gateway:8000,gateway-service,ml_router,gateway
1787002746.075,186,routing_decisions_total,balanced,gateway:8000,gateway-service,ml_router,gateway
1787002751.075,186,routing_decisions_total,balanced,gateway:8000,gateway-service,ml_router,gateway
1787002756.075,186,routing_decisions_total,balanced,gateway:8000,gateway-service,ml_router,gateway
1787002761.075,186,routing_decisions_total,balanced,gateway:8000,gateway-service,ml_router,gateway
1787002766.075,186,routing_decisions_total,balanced,gateway:8000,gateway-service,ml_router,gateway
1787002771.075,186,routing_decisions_total,balanced,gateway:8000,gateway-service,ml_router,gateway
1787002776.075,186,routing_decisions_total,balanced,gateway:8000,gateway-service,ml_router,gateway
1787002781.075,186,routing_decisions_total,balanced,gateway:8000,gateway-service,ml_router,gateway
1787002786.075,186,routing_decisions_total,balanced,gateway:8000,gateway-service,ml_router,gateway
1787002791.075,186,routing_decisions_total,balanced,gateway:8000,gateway-service,ml_router,gateway
1787002796.075,186,routing_decisions_total,balanced,gateway:8000,gateway-service,ml_router,gateway
1787002801.075,186,routing_decisions_total,balanced,gateway:8000,gateway-service,ml_router,gateway
1787002806.075,186,routing_decisions_total,balanced,gateway:8000,gateway-service,ml_router,gateway
1787002811.075,186,routing_decisions_total,balanced,gateway:8000,gateway-service,ml_router,gateway
1787002816.075,186,routing_decisions_total,balanced,gateway:8000,gateway-service,ml_router,gateway
1787002821.075,186,routing_decisions_total,balanced,gateway:8000,gateway-service,ml_router,gateway
1787002826.075,186,routing_decisions_total,balanced,gateway:8000,gateway-service,ml_router,gateway
1787002831.075,186,routing_decisions_total,balanced,gateway:8000,gateway-service,ml_router,gateway
1787002836.075,186,routing_decisions_total,balanced,gateway:8000,gateway-service,ml_router,gateway
1787002841.075,186,routing_decisions_total,balanced,gateway:8000,gateway-service,ml_router,gateway
1787002846.075,186,routing_decisions_total,balanced,gateway:8000,gateway-service,ml_router,gateway
1787002851.075,186,routing_decisions_total,balanced,gateway:8000,gateway-service,ml_router,gateway
1787002856.075,186,routing_decisions_total,balanced,gateway:8000,gateway-service,ml_router,gateway
1787002861.075,186,routing_decisions_total,balanced,gateway:8000,gateway-service,ml_router,gateway
1787002866.075,186,routing_decisions_total,balanced,gateway:8000,gateway-service,ml_router,gateway
1787002871.075,186,routing_decisions_total,balanced,gateway:8000,gateway-service,ml_router,gateway
1787002876.075,186,routing_decisions_total,balanced,gateway:8000,gateway-service,ml_router,gateway
1787002881.075,186,routing_decisions_total,balanced,gateway:8000,gateway-service,ml_router,gateway
1787002886.075,186,routing_decisions_total,balanced,gateway:8000,gateway-service,ml_router,gateway
1787002891.075,186,routing_decisions_total,balanced,gateway:8000,gateway-service,ml_router,gateway
1787002896.075,186,routing_decisions_total,balanced,gateway:8000,gateway-service,ml_router,gateway
1787002901.075,186,routing_decisions_total,balanced,gateway:8000,gateway-service,ml_router,gateway
1787002906.075,186,routing_decisions_total,balanced,gateway:8000,gateway-service,ml_router,gateway
1787002911.075,186,routing_decisions_total,balanced,gateway:8000,gateway-service,ml_router,gateway
1787002916.075,186,routing_decisions_total,balanced,gateway:8000,gateway-service,ml_router,gateway
1787002921.075,186,routing_decisions_total,balanced,gateway:8000,gateway-service,ml_router,gateway
1787002926.075,186,routing_decisions_total,balanced,gateway:8000,gateway-service,ml_router,gateway
1787002931.075,186,routing_decisions_total,balanced,gateway:8000,gateway-service,ml_router,gateway
1787002936.075,186,routing_decisions_total,balanced,gateway:8000,gateway-service,ml_router,gateway
1787002941.075,186,routing_decisions_total,balanced,gateway:8000,gateway-service,ml_router,gateway
1787002946.075,186,routing_decisions_total,balanced,gateway:8000,gateway-service,ml_router,gateway
1787002951.075,186,routing_decisions_total,balanced,gateway:8000,gateway-service,ml_router,gateway
1787002956.075,186,routing_decisions_total,balanced,gateway:8000,gateway-service,ml_router,gateway
1787002961.075,186,routing_decisions_total,balanced,gateway:8000,gateway-service,ml_router,gateway
1787002966.075,186,routing_decisions_total,balanced,gateway:8000,gateway-service,ml_router,gateway
1787002971.075,186,routing_decisions_total,balanced,gateway:8000,gateway-service,ml_router,gateway
1787002976.075,186,routing_decisions_total,balanced,gateway:8000,gateway-service,ml_router,gateway
1787002981.075,186,routing_decisions_total,balanced,gateway:8000,gateway-service,ml_router,gateway
1787002986.075,186,routing_decisions_total,balanced,gateway:8000,gateway-service,ml_router,gateway
1787002991.075,186,routing_decisions_total,balanced,gateway:8000,gateway-service,ml_router,gateway
1787002996.075,186,routing_decisions_total,balanced,gateway:8000,gateway-service,ml_router,gateway
1787003001.075,186,routing_decisions_total,balanced,gateway:8000,gateway-service,ml_router,gateway
1787003006.075,186,routing_decisions_total,balanced,gateway:8000,gateway-service,ml_router,gateway
1787003011.075,186,routing_decisions_total,balanced,gateway:8000,gateway-service,ml_router,gateway
1787003016.075,186,routing_decisions_total,balanced,gateway:8000,gateway-service,ml_router,gateway
1787003021.075,186,routing_decisions_total,balanced,gateway:8000,gateway-service,ml_router,gateway
1787003026.075,186,routing_decisions_total,balanced,gateway:8000,gateway-service,ml_router,gateway
1787003031.075,186,routing_decisions_total,balanced,gateway:8000,gateway-service,ml_router,gateway
1787003036.075,186,routing_decisions_total,balanced,gateway:8000,gateway-service,ml_router,gateway
1787003041.075,186,routing_decisions_total,balanced,gateway:8000,gateway-service,ml_router,gateway
1787003046.075,186,routing_decisions_total,balanced,gateway:8000,gateway-service,ml_router,gateway
1787003051.075,186,routing_decisions_total,balanced,gateway:8000,gateway-service,ml_router,gateway
1787003056.075,186,routing_decisions_total,balanced,gateway:8000,gateway-service,ml_router,gateway
1787003061.075,186,routing_decisions_total,balanced,gateway:8000,gateway-service,ml_router,gateway
1787003066.075,186,routing_decisions_total,balanced,gateway:8000,gateway-service,ml_router,gateway
1787003071.075,186,routing_decisions_total,balanced,gateway:8000,gateway-service,ml_router,gateway
1787003076.075,186,routing_decisions_total,balanced,gateway:8000,gateway-service,ml_router,gateway
1787003081.075,186,routing_decisions_total,balanced,gateway:8000,gateway-service,ml_router,gateway
1787003086.075,186,routing_decisions_total,balanced,gateway:8000,gateway-service,ml_router,gateway
1787003091.075,186,routing_decisions_total,balanced,gateway:8000,gateway-service,ml_router,gateway
1787003096.075,186,routing_decisions_total,balanced,gateway:8000,gateway-service,ml_router,gateway
1787003101.075,186,routing_decisions_total,balanced,gateway:8000,gateway-service,ml_router,gateway
1787003106.075,186,routing_decisions_total,balanced,gateway:8000,gateway-service,ml_router,gateway
1787003111.075,186,routing_decisions_total,balanced,gateway:8000,gateway-service,ml_router,gateway
1787003116.075,186,routing_decisions_total,balanced,gateway:8000,gateway-service,ml_router,gateway
1787003121.075,186,routing_decisions_total,balanced,gateway:8000,gateway-service,ml_router,gateway
1787003126.075,186,routing_decisions_total,balanced,gateway:8000,gateway-service,ml_router,gateway
1787003131.075,186,routing_decisions_total,balanced,gateway:8000,gateway-service,ml_router,gateway
1787003136.075,186,routing_decisions_total,balanced,gateway:8000,gateway-service,ml_router,gateway
1787003141.075,186,routing_decisions_total,balanced,gateway:8000,gateway-service,ml_router,gateway
1787003146.075,186,routing_decisions_total,balanced,gateway:8000,gateway-service,ml_router,gateway
1787003151.075,186,routing_decisions_total,balanced,gateway:8000,gateway-service,ml_router,gateway
1787003156.075,186,routing_decisions_total,balanced,gateway:8000,gateway-service,ml_router,gateway
1787003161.075,186,routing_decisions_total,balanced,gateway:8000,gateway-service,ml_router,gateway
1787003166.075,186,routing_decisions_total,balanced,gateway:8000,gateway-service,ml_router,gateway
1787003171.075,186,routing_decisions_total,balanced,gateway:8000,gateway-service,ml_router,gateway
1787003176.075,186,routing_decisions_total,balanced,gateway:8000,gateway-service,ml_router,gateway
1787003181.075,186,routing_decisions_total,balanced,gateway:8000,gateway-service,ml_router,gateway
1787003186.075,186,routing_decisions_total,balanced,gateway:8000,gateway-service,ml_router,gateway
1787003191.075,186,routing_decisions_total,balanced,gateway:8000,gateway-service,ml_router,gateway
1787003196.075,186,routing_decisions_total,balanced,gateway:8000,gateway-service,ml_router,gateway
1787003201.075,186,routing_decisions_total,balanced,gateway:8000,gateway-service,ml_router,gateway
1787003206.075,186,routing_decisions_total,balanced,gateway:8000,gateway-service,ml_router,gateway
1787003211.075,186,routing_decisions_total,balanced,gateway:8000,gateway-service,ml_router,gateway
1787003216.075,186,routing_decisions_total,balanced,gateway:8000,gateway-service,ml_router,gateway
1787003221.075,186,routing_decisions_total,balanced,gateway:8000,gateway-service,ml_router,gateway
1787003226.075,186,routing_decisions_total,balanced,gateway:8000,gateway-service,ml_router,gateway
1787003231.075,186,routing_decisions_total,balanced,gateway:8000,gateway-service,ml_router,gateway
1787003236.075,186,routing_decisions_total,balanced,gateway:8000,gateway-service,ml_router,gateway
1787003241.075,186,routing_decisions_total,balanced,gateway:8000,gateway-service,ml_router,gateway
1787003246.075,186,routing_decisions_total,balanced,gateway:8000,gateway-service,ml_router,gateway
1787003251.075,186,routing_decisions_total,balanced,gateway:8000,gateway-service,ml_router,gateway
1787003256.075,186,routing_decisions_total,balanced,gateway:8000,gateway-service,ml_router,gateway
1787003261.075,186,routing_decisions_total,balanced,gateway:8000,gateway-service,ml_router,gateway
1787003266.075,186,routing_decisions_total,balanced,gateway:8000,gateway-service,ml_router,gateway
1787003271.075,186,routing_decisions_total,balanced,gateway:8000,gateway-service,ml_router,gateway
1787003276.075,186,routing_decisions_total,balanced,gateway:8000,gateway-service,ml_router,gateway
1787003281.075,186,routing_decisions_total,balanced,gateway:8000,gateway-service,ml_router,gateway
1787003286.075,186,routing_decisions_total,balanced,gateway:8000,gateway-service,ml_router,gateway
1787003291.075,186,routing_decisions_total,balanced,gateway:8000,gateway-service,ml_router,gateway
1787003296.075,186,routing_decisions_total,balanced,gateway:8000,gateway-service,ml_router,gateway
1787003301.075,186,routing_decisions_total,balanced,gateway:8000,gateway-service,ml_router,gateway
1787003306.075,186,routing_decisions_total,balanced,gateway:8000,gateway-service,ml_router,gateway
1787003311.075,186,routing_decisions_total,balanced,gateway:8000,gateway-service,ml_router,gateway
1787003316.075,186,routing_decisions_total,balanced,gateway:8000,gateway-service,ml_router,gateway
1787003446.075,3,routing_decisions_total,balanced,gateway:8000,gateway-service,ml_router,gateway
1787003451.075,17,routing_decisions_total,balanced,gateway:8000,gateway-service,ml_router,gateway
1787003456.075,36,routing_decisions_total,balanced,gateway:8000,gateway-service,ml_router,gateway
1787003461.075,47,routing_decisions_total,balanced,gateway:8000,gateway-service,ml_router,gateway
1787003466.075,60,routing_decisions_total,balanced,gateway:8000,gateway-service,ml_router,gateway
1787003471.075,72,routing_decisions_total,balanced,gateway:8000,gateway-service,ml_router,gateway
1787003476.075,78,routing_decisions_total,balanced,gateway:8000,gateway-service,ml_router,gateway
1787003481.075,88,routing_decisions_total,balanced,gateway:8000,gateway-service,ml_router,gateway
1787003486.075,96,routing_decisions_total,balanced,gateway:8000,gateway-service,ml_router,gateway
1787003491.075,101,routing_decisions_total,balanced,gateway:8000,gateway-service,ml_router,gateway
1787003496.075,108,routing_decisions_total,balanced,gateway:8000,gateway-service,ml_router,gateway
1787003501.075,118,routing_decisions_total,balanced,gateway:8000,gateway-service,ml_router,gateway
1787003506.075,125,routing_decisions_total,balanced,gateway:8000,gateway-service,ml_router,gateway
1787003511.075,126,routing_decisions_total,balanced,gateway:8000,gateway-service,ml_router,gateway
1787003516.075,138,routing_decisions_total,balanced,gateway:8000,gateway-service,ml_router,gateway
1787003521.075,151,routing_decisions_total,balanced,gateway:8000,gateway-service,ml_router,gateway
1787003526.075,160,routing_decisions_total,balanced,gateway:8000,gateway-service,ml_router,gateway
1787003531.075,169,routing_decisions_total,balanced,gateway:8000,gateway-service,ml_router,gateway
1787003536.075,176,routing_decisions_total,balanced,gateway:8000,gateway-service,ml_router,gateway
1787003541.075,186,routing_decisions_total,balanced,gateway:8000,gateway-service,ml_router,gateway
1787003546.075,186,routing_decisions_total,balanced,gateway:8000,gateway-service,ml_router,gateway
1787003551.075,186,routing_decisions_total,balanced,gateway:8000,gateway-service,ml_router,gateway
1787003556.075,186,routing_decisions_total,balanced,gateway:8000,gateway-service,ml_router,gateway
1787003561.075,186,routing_decisions_total,balanced,gateway:8000,gateway-service,ml_router,gateway
1787003566.075,186,routing_decisions_total,balanced,gateway:8000,gateway-service,ml_router,gateway
1787003571.075,186,routing_decisions_total,balanced,gateway:8000,gateway-service,ml_router,gateway
1787003576.075,186,routing_decisions_total,balanced,gateway:8000,gateway-service,ml_router,gateway
1787003581.075,186,routing_decisions_total,balanced,gateway:8000,gateway-service,ml_router,gateway
1787003586.075,186,routing_decisions_total,balanced,gateway:8000,gateway-service,ml_router,gateway
1787003591.075,186,routing_decisions_total,balanced,gateway:8000,gateway-service,ml_router,gateway
1787003596.075,186,routing_decisions_total,balanced,gateway:8000,gateway-service,ml_router,gateway
1787003601.075,186,routing_decisions_total,balanced,gateway:8000,gateway-service,ml_router,gateway
1787003606.075,186,routing_decisions_total,balanced,gateway:8000,gateway-service,ml_router,gateway
1787003611.075,186,routing_decisions_total,balanced,gateway:8000,gateway-service,ml_router,gateway
1787003616.075,186,routing_decisions_total,balanced,gateway:8000,gateway-service,ml_router,gateway
1787003621.075,186,routing_decisions_total,balanced,gateway:8000,gateway-service,ml_router,gateway
1787003626.075,186,routing_decisions_total,balanced,gateway:8000,gateway-service,ml_router,gateway
1787003631.075,186,routing_decisions_total,balanced,gateway:8000,gateway-service,ml_router,gateway
1787003636.075,186,routing_decisions_total,balanced,gateway:8000,gateway-service,ml_router,gateway
1787003641.075,186,routing_decisions_total,balanced,gateway:8000,gateway-service,ml_router,gateway
1787003646.075,186,routing_decisions_total,balanced,gateway:8000,gateway-service,ml_router,gateway
1787003651.075,186,routing_decisions_total,balanced,gateway:8000,gateway-service,ml_router,gateway
1787003656.075,186,routing_decisions_total,balanced,gateway:8000,gateway-service,ml_router,gateway
1787003661.075,186,routing_decisions_total,balanced,gateway:8000,gateway-service,ml_router,gateway
1787003666.075,186,routing_decisions_total,balanced,gateway:8000,gateway-service,ml_router,gateway
1787003671.075,186,routing_decisions_total,balanced,gateway:8000,gateway-service,ml_router,gateway
1787003676.075,186,routing_decisions_total,balanced,gateway:8000,gateway-service,ml_router,gateway
1787003681.075,186,routing_decisions_total,balanced,gateway:8000,gateway-service,ml_router,gateway
1787003686.075,186,routing_decisions_total,balanced,gateway:8000,gateway-service,ml_router,gateway
1787003691.075,186,routing_decisions_total,balanced,gateway:8000,gateway-service,ml_router,gateway
1787003696.075,186,routing_decisions_total,balanced,gateway:8000,gateway-service,ml_router,gateway
1787003701.075,186,routing_decisions_total,balanced,gateway:8000,gateway-service,ml_router,gateway
1787003706.075,186,routing_decisions_total,balanced,gateway:8000,gateway-service,ml_router,gateway
1787003711.075,186,routing_decisions_total,balanced,gateway:8000,gateway-service,ml_router,gateway
1787003716.075,186,routing_decisions_total,balanced,gateway:8000,gateway-service,ml_router,gateway
1787003721.075,186,routing_decisions_total,balanced,gateway:8000,gateway-service,ml_router,gateway
1787003726.075,186,routing_decisions_total,balanced,gateway:8000,gateway-service,ml_router,gateway
1787003731.075,186,routing_decisions_total,balanced,gateway:8000,gateway-service,ml_router,gateway
1787003736.075,186,routing_decisions_total,balanced,gateway:8000,gateway-service,ml_router,gateway
1787003741.075,186,routing_decisions_total,balanced,gateway:8000,gateway-service,ml_router,gateway
1787003746.075,186,routing_decisions_total,balanced,gateway:8000,gateway-service,ml_router,gateway
1787003751.075,186,routing_decisions_total,balanced,gateway:8000,gateway-service,ml_router,gateway
1786999136.075,14,routing_decisions_total,fast,gateway:8000,gateway-service,ml_router,gateway
1786999141.075,42,routing_decisions_total,fast,gateway:8000,gateway-service,ml_router,gateway
1786999146.075,62,routing_decisions_total,fast,gateway:8000,gateway-service,ml_router,gateway
1786999151.075,81,routing_decisions_total,fast,gateway:8000,gateway-service,ml_router,gateway
1786999156.075,96,routing_decisions_total,fast,gateway:8000,gateway-service,ml_router,gateway
1786999161.075,108,routing_decisions_total,fast,gateway:8000,gateway-service,ml_router,gateway
1786999166.075,128,routing_decisions_total,fast,gateway:8000,gateway-service,ml_router,gateway
1786999171.075,146,routing_decisions_total,fast,gateway:8000,gateway-service,ml_router,gateway
1786999176.075,153,routing_decisions_total,fast,gateway:8000,gateway-service,ml_router,gateway
1786999181.075,178,routing_decisions_total,fast,gateway:8000,gateway-service,ml_router,gateway
1786999186.075,188,routing_decisions_total,fast,gateway:8000,gateway-service,ml_router,gateway
1786999191.075,188,routing_decisions_total,fast,gateway:8000,gateway-service,ml_router,gateway
1786999196.075,188,routing_decisions_total,fast,gateway:8000,gateway-service,ml_router,gateway
1786999201.075,188,routing_decisions_total,fast,gateway:8000,gateway-service,ml_router,gateway
1786999206.075,188,routing_decisions_total,fast,gateway:8000,gateway-service,ml_router,gateway
1786999211.075,188,routing_decisions_total,fast,gateway:8000,gateway-service,ml_router,gateway
1786999216.075,188,routing_decisions_total,fast,gateway:8000,gateway-service,ml_router,gateway
1786999221.075,188,routing_decisions_total,fast,gateway:8000,gateway-service,ml_router,gateway
1786999226.075,188,routing_decisions_total,fast,gateway:8000,gateway-service,ml_router,gateway
1786999231.075,188,routing_decisions_total,fast,gateway:8000,gateway-service,ml_router,gateway
1786999236.075,188,routing_decisions_total,fast,gateway:8000,gateway-service,ml_router,gateway
1786999241.075,188,routing_decisions_total,fast,gateway:8000,gateway-service,ml_router,gateway
1786999246.075,188,routing_decisions_total,fast,gateway:8000,gateway-service,ml_router,gateway
1786999251.075,188,routing_decisions_total,fast,gateway:8000,gateway-service,ml_router,gateway
1786999256.075,188,routing_decisions_total,fast,gateway:8000,gateway-service,ml_router,gateway
1786999261.075,188,routing_decisions_total,fast,gateway:8000,gateway-service,ml_router,gateway
1786999266.075,188,routing_decisions_total,fast,gateway:8000,gateway-service,ml_router,gateway
1786999271.075,188,routing_decisions_total,fast,gateway:8000,gateway-service,ml_router,gateway
1786999276.075,188,routing_decisions_total,fast,gateway:8000,gateway-service,ml_router,gateway
1786999281.075,188,routing_decisions_total,fast,gateway:8000,gateway-service,ml_router,gateway
1786999286.075,188,routing_decisions_total,fast,gateway:8000,gateway-service,ml_router,gateway
1786999291.075,188,routing_decisions_total,fast,gateway:8000,gateway-service,ml_router,gateway
1786999296.075,188,routing_decisions_total,fast,gateway:8000,gateway-service,ml_router,gateway
1786999301.075,188,routing_decisions_total,fast,gateway:8000,gateway-service,ml_router,gateway
1786999306.075,188,routing_decisions_total,fast,gateway:8000,gateway-service,ml_router,gateway
1786999311.075,188,routing_decisions_total,fast,gateway:8000,gateway-service,ml_router,gateway
1786999316.075,188,routing_decisions_total,fast,gateway:8000,gateway-service,ml_router,gateway
1786999321.075,188,routing_decisions_total,fast,gateway:8000,gateway-service,ml_router,gateway
1786999326.075,188,routing_decisions_total,fast,gateway:8000,gateway-service,ml_router,gateway
1786999331.075,188,routing_decisions_total,fast,gateway:8000,gateway-service,ml_router,gateway
1786999336.075,188,routing_decisions_total,fast,gateway:8000,gateway-service,ml_router,gateway
1786999341.075,188,routing_decisions_total,fast,gateway:8000,gateway-service,ml_router,gateway
1786999346.075,188,routing_decisions_total,fast,gateway:8000,gateway-service,ml_router,gateway
1786999351.075,188,routing_decisions_total,fast,gateway:8000,gateway-service,ml_router,gateway
1786999356.075,188,routing_decisions_total,fast,gateway:8000,gateway-service,ml_router,gateway
1786999361.075,188,routing_decisions_total,fast,gateway:8000,gateway-service,ml_router,gateway
1786999366.075,188,routing_decisions_total,fast,gateway:8000,gateway-service,ml_router,gateway
1786999371.075,188,routing_decisions_total,fast,gateway:8000,gateway-service,ml_router,gateway
1786999376.075,188,routing_decisions_total,fast,gateway:8000,gateway-service,ml_router,gateway
1786999381.075,188,routing_decisions_total,fast,gateway:8000,gateway-service,ml_router,gateway
1786999386.075,188,routing_decisions_total,fast,gateway:8000,gateway-service,ml_router,gateway
1786999391.075,188,routing_decisions_total,fast,gateway:8000,gateway-service,ml_router,gateway
1786999396.075,188,routing_decisions_total,fast,gateway:8000,gateway-service,ml_router,gateway
1786999401.075,188,routing_decisions_total,fast,gateway:8000,gateway-service,ml_router,gateway
1786999406.075,188,routing_decisions_total,fast,gateway:8000,gateway-service,ml_router,gateway
1786999411.075,188,routing_decisions_total,fast,gateway:8000,gateway-service,ml_router,gateway
1786999416.075,188,routing_decisions_total,fast,gateway:8000,gateway-service,ml_router,gateway
1786999421.075,188,routing_decisions_total,fast,gateway:8000,gateway-service,ml_router,gateway
1786999426.075,188,routing_decisions_total,fast,gateway:8000,gateway-service,ml_router,gateway
1786999431.075,188,routing_decisions_total,fast,gateway:8000,gateway-service,ml_router,gateway
1786999436.075,188,routing_decisions_total,fast,gateway:8000,gateway-service,ml_router,gateway
1786999441.075,188,routing_decisions_total,fast,gateway:8000,gateway-service,ml_router,gateway
1786999446.075,188,routing_decisions_total,fast,gateway:8000,gateway-service,ml_router,gateway
1786999451.075,188,routing_decisions_total,fast,gateway:8000,gateway-service,ml_router,gateway
1786999456.075,188,routing_decisions_total,fast,gateway:8000,gateway-service,ml_router,gateway
1786999461.075,188,routing_decisions_total,fast,gateway:8000,gateway-service,ml_router,gateway
1786999466.075,188,routing_decisions_total,fast,gateway:8000,gateway-service,ml_router,gateway
1786999471.075,188,routing_decisions_total,fast,gateway:8000,gateway-service,ml_router,gateway
1786999476.075,188,routing_decisions_total,fast,gateway:8000,gateway-service,ml_router,gateway
1786999481.075,188,routing_decisions_total,fast,gateway:8000,gateway-service,ml_router,gateway
1786999486.075,188,routing_decisions_total,fast,gateway:8000,gateway-service,ml_router,gateway
1786999491.075,188,routing_decisions_total,fast,gateway:8000,gateway-service,ml_router,gateway
1786999496.075,188,routing_decisions_total,fast,gateway:8000,gateway-service,ml_router,gateway
1786999501.075,188,routing_decisions_total,fast,gateway:8000,gateway-service,ml_router,gateway
1786999506.075,188,routing_decisions_total,fast,gateway:8000,gateway-service,ml_router,gateway
1786999511.075,188,routing_decisions_total,fast,gateway:8000,gateway-service,ml_router,gateway
1786999516.075,188,routing_decisions_total,fast,gateway:8000,gateway-service,ml_router,gateway
1786999521.075,188,routing_decisions_total,fast,gateway:8000,gateway-service,ml_router,gateway
1786999526.075,188,routing_decisions_total,fast,gateway:8000,gateway-service,ml_router,gateway
1786999531.075,188,routing_decisions_total,fast,gateway:8000,gateway-service,ml_router,gateway
1786999536.075,188,routing_decisions_total,fast,gateway:8000,gateway-service,ml_router,gateway
1786999541.075,188,routing_decisions_total,fast,gateway:8000,gateway-service,ml_router,gateway
1786999546.075,188,routing_decisions_total,fast,gateway:8000,gateway-service,ml_router,gateway
1786999551.075,188,routing_decisions_total,fast,gateway:8000,gateway-service,ml_router,gateway
1786999556.075,188,routing_decisions_total,fast,gateway:8000,gateway-service,ml_router,gateway
1786999561.075,188,routing_decisions_total,fast,gateway:8000,gateway-service,ml_router,gateway
1786999566.075,188,routing_decisions_total,fast,gateway:8000,gateway-service,ml_router,gateway
1786999571.075,188,routing_decisions_total,fast,gateway:8000,gateway-service,ml_router,gateway
1786999576.075,188,routing_decisions_total,fast,gateway:8000,gateway-service,ml_router,gateway
1786999581.075,188,routing_decisions_total,fast,gateway:8000,gateway-service,ml_router,gateway
1786999586.075,188,routing_decisions_total,fast,gateway:8000,gateway-service,ml_router,gateway
1786999591.075,188,routing_decisions_total,fast,gateway:8000,gateway-service,ml_router,gateway
1786999596.075,188,routing_decisions_total,fast,gateway:8000,gateway-service,ml_router,gateway
1786999601.075,188,routing_decisions_total,fast,gateway:8000,gateway-service,ml_router,gateway
1786999606.075,188,routing_decisions_total,fast,gateway:8000,gateway-service,ml_router,gateway
1786999611.075,188,routing_decisions_total,fast,gateway:8000,gateway-service,ml_router,gateway
1786999616.075,188,routing_decisions_total,fast,gateway:8000,gateway-service,ml_router,gateway
1786999621.075,188,routing_decisions_total,fast,gateway:8000,gateway-service,ml_router,gateway
1786999626.075,188,routing_decisions_total,fast,gateway:8000,gateway-service,ml_router,gateway
1786999631.075,188,routing_decisions_total,fast,gateway:8000,gateway-service,ml_router,gateway
1786999636.075,188,routing_decisions_total,fast,gateway:8000,gateway-service,ml_router,gateway
1786999641.075,188,routing_decisions_total,fast,gateway:8000,gateway-service,ml_router,gateway
1786999646.075,188,routing_decisions_total,fast,gateway:8000,gateway-service,ml_router,gateway
1786999651.075,188,routing_decisions_total,fast,gateway:8000,gateway-service,ml_router,gateway
1786999656.075,188,routing_decisions_total,fast,gateway:8000,gateway-service,ml_router,gateway
1786999661.075,188,routing_decisions_total,fast,gateway:8000,gateway-service,ml_router,gateway
1786999666.075,188,routing_decisions_total,fast,gateway:8000,gateway-service,ml_router,gateway
1786999671.075,188,routing_decisions_total,fast,gateway:8000,gateway-service,ml_router,gateway
1786999676.075,188,routing_decisions_total,fast,gateway:8000,gateway-service,ml_router,gateway
1786999681.075,188,routing_decisions_total,fast,gateway:8000,gateway-service,ml_router,gateway
1786999686.075,188,routing_decisions_total,fast,gateway:8000,gateway-service,ml_router,gateway
1786999691.075,188,routing_decisions_total,fast,gateway:8000,gateway-service,ml_router,gateway
1786999696.075,188,routing_decisions_total,fast,gateway:8000,gateway-service,ml_router,gateway
1786999701.075,188,routing_decisions_total,fast,gateway:8000,gateway-service,ml_router,gateway
1786999706.075,188,routing_decisions_total,fast,gateway:8000,gateway-service,ml_router,gateway
1786999711.075,188,routing_decisions_total,fast,gateway:8000,gateway-service,ml_router,gateway
1786999716.075,188,routing_decisions_total,fast,gateway:8000,gateway-service,ml_router,gateway
1786999721.075,188,routing_decisions_total,fast,gateway:8000,gateway-service,ml_router,gateway
1786999726.075,188,routing_decisions_total,fast,gateway:8000,gateway-service,ml_router,gateway
1786999731.075,188,routing_decisions_total,fast,gateway:8000,gateway-service,ml_router,gateway
1786999736.075,188,routing_decisions_total,fast,gateway:8000,gateway-service,ml_router,gateway
1786999741.075,188,routing_decisions_total,fast,gateway:8000,gateway-service,ml_router,gateway
1786999746.075,188,routing_decisions_total,fast,gateway:8000,gateway-service,ml_router,gateway
1786999751.075,188,routing_decisions_total,fast,gateway:8000,gateway-service,ml_router,gateway
1786999756.075,188,routing_decisions_total,fast,gateway:8000,gateway-service,ml_router,gateway
1786999761.075,188,routing_decisions_total,fast,gateway:8000,gateway-service,ml_router,gateway
1786999766.075,188,routing_decisions_total,fast,gateway:8000,gateway-service,ml_router,gateway
1786999771.075,188,routing_decisions_total,fast,gateway:8000,gateway-service,ml_router,gateway
1786999776.075,188,routing_decisions_total,fast,gateway:8000,gateway-service,ml_router,gateway
1786999781.075,188,routing_decisions_total,fast,gateway:8000,gateway-service,ml_router,gateway
1786999786.075,188,routing_decisions_total,fast,gateway:8000,gateway-service,ml_router,gateway
1786999791.075,188,routing_decisions_total,fast,gateway:8000,gateway-service,ml_router,gateway
1786999796.075,188,routing_decisions_total,fast,gateway:8000,gateway-service,ml_router,gateway
1786999801.075,188,routing_decisions_total,fast,gateway:8000,gateway-service,ml_router,gateway
1786999806.075,188,routing_decisions_total,fast,gateway:8000,gateway-service,ml_router,gateway
1786999811.075,188,routing_decisions_total,fast,gateway:8000,gateway-service,ml_router,gateway
1786999816.075,188,routing_decisions_total,fast,gateway:8000,gateway-service,ml_router,gateway
1786999821.075,188,routing_decisions_total,fast,gateway:8000,gateway-service,ml_router,gateway
1786999826.075,188,routing_decisions_total,fast,gateway:8000,gateway-service,ml_router,gateway
1786999831.075,188,routing_decisions_total,fast,gateway:8000,gateway-service,ml_router,gateway
1786999836.075,188,routing_decisions_total,fast,gateway:8000,gateway-service,ml_router,gateway
1786999841.075,188,routing_decisions_total,fast,gateway:8000,gateway-service,ml_router,gateway
1786999846.075,188,routing_decisions_total,fast,gateway:8000,gateway-service,ml_router,gateway
1786999851.075,188,routing_decisions_total,fast,gateway:8000,gateway-service,ml_router,gateway
1786999856.075,188,routing_decisions_total,fast,gateway:8000,gateway-service,ml_router,gateway
1786999861.075,188,routing_decisions_total,fast,gateway:8000,gateway-service,ml_router,gateway
1786999866.075,188,routing_decisions_total,fast,gateway:8000,gateway-service,ml_router,gateway
1786999871.075,188,routing_decisions_total,fast,gateway:8000,gateway-service,ml_router,gateway
1786999876.075,188,routing_decisions_total,fast,gateway:8000,gateway-service,ml_router,gateway
1786999881.075,188,routing_decisions_total,fast,gateway:8000,gateway-service,ml_router,gateway
1786999886.075,188,routing_decisions_total,fast,gateway:8000,gateway-service,ml_router,gateway
1786999891.075,188,routing_decisions_total,fast,gateway:8000,gateway-service,ml_router,gateway
1786999896.075,188,routing_decisions_total,fast,gateway:8000,gateway-service,ml_router,gateway
1786999901.075,188,routing_decisions_total,fast,gateway:8000,gateway-service,ml_router,gateway
1786999906.075,188,routing_decisions_total,fast,gateway:8000,gateway-service,ml_router,gateway
1786999911.075,188,routing_decisions_total,fast,gateway:8000,gateway-service,ml_router,gateway
1786999916.075,188,routing_decisions_total,fast,gateway:8000,gateway-service,ml_router,gateway
1786999921.075,188,routing_decisions_total,fast,gateway:8000,gateway-service,ml_router,gateway
1786999926.075,188,routing_decisions_total,fast,gateway:8000,gateway-service,ml_router,gateway
1786999931.075,188,routing_decisions_total,fast,gateway:8000,gateway-service,ml_router,gateway
1786999936.075,188,routing_decisions_total,fast,gateway:8000,gateway-service,ml_router,gateway
1786999941.075,188,routing_decisions_total,fast,gateway:8000,gateway-service,ml_router,gateway
1786999946.075,188,routing_decisions_total,fast,gateway:8000,gateway-service,ml_router,gateway
1786999951.075,188,routing_decisions_total,fast,gateway:8000,gateway-service,ml_router,gateway
1786999956.075,188,routing_decisions_total,fast,gateway:8000,gateway-service,ml_router,gateway
1786999961.075,188,routing_decisions_total,fast,gateway:8000,gateway-service,ml_router,gateway
1786999966.075,188,routing_decisions_total,fast,gateway:8000,gateway-service,ml_router,gateway
1786999971.075,188,routing_decisions_total,fast,gateway:8000,gateway-service,ml_router,gateway
1786999976.075,188,routing_decisions_total,fast,gateway:8000,gateway-service,ml_router,gateway
1786999981.075,188,routing_decisions_total,fast,gateway:8000,gateway-service,ml_router,gateway
1786999986.075,188,routing_decisions_total,fast,gateway:8000,gateway-service,ml_router,gateway
1786999991.075,188,routing_decisions_total,fast,gateway:8000,gateway-service,ml_router,gateway
1786999996.075,188,routing_decisions_total,fast,gateway:8000,gateway-service,ml_router,gateway
1787000001.075,188,routing_decisions_total,fast,gateway:8000,gateway-service,ml_router,gateway
1787000006.075,188,routing_decisions_total,fast,gateway:8000,gateway-service,ml_router,gateway
1787000011.075,188,routing_decisions_total,fast,gateway:8000,gateway-service,ml_router,gateway
1787000016.075,188,routing_decisions_total,fast,gateway:8000,gateway-service,ml_router,gateway
1787000021.075,188,routing_decisions_total,fast,gateway:8000,gateway-service,ml_router,gateway
1787000026.075,188,routing_decisions_total,fast,gateway:8000,gateway-service,ml_router,gateway
1787000031.075,188,routing_decisions_total,fast,gateway:8000,gateway-service,ml_router,gateway
1787000036.075,188,routing_decisions_total,fast,gateway:8000,gateway-service,ml_router,gateway
1787000041.075,188,routing_decisions_total,fast,gateway:8000,gateway-service,ml_router,gateway
1787000046.075,188,routing_decisions_total,fast,gateway:8000,gateway-service,ml_router,gateway
1787000051.075,188,routing_decisions_total,fast,gateway:8000,gateway-service,ml_router,gateway
1787000056.075,188,routing_decisions_total,fast,gateway:8000,gateway-service,ml_router,gateway
1787000061.075,188,routing_decisions_total,fast,gateway:8000,gateway-service,ml_router,gateway
1787000066.075,188,routing_decisions_total,fast,gateway:8000,gateway-service,ml_router,gateway
1787000071.075,188,routing_decisions_total,fast,gateway:8000,gateway-service,ml_router,gateway
1787000076.075,188,routing_decisions_total,fast,gateway:8000,gateway-service,ml_router,gateway
1787000081.075,188,routing_decisions_total,fast,gateway:8000,gateway-service,ml_router,gateway
1787000086.075,188,routing_decisions_total,fast,gateway:8000,gateway-service,ml_router,gateway
1787000091.075,188,routing_decisions_total,fast,gateway:8000,gateway-service,ml_router,gateway
1787000096.075,188,routing_decisions_total,fast,gateway:8000,gateway-service,ml_router,gateway
1787000101.075,188,routing_decisions_total,fast,gateway:8000,gateway-service,ml_router,gateway
1787000106.075,188,routing_decisions_total,fast,gateway:8000,gateway-service,ml_router,gateway
1787000111.075,188,routing_decisions_total,fast,gateway:8000,gateway-service,ml_router,gateway
1787000116.075,188,routing_decisions_total,fast,gateway:8000,gateway-service,ml_router,gateway
1787000121.075,188,routing_decisions_total,fast,gateway:8000,gateway-service,ml_router,gateway
1787000126.075,188,routing_decisions_total,fast,gateway:8000,gateway-service,ml_router,gateway
1787000131.075,188,routing_decisions_total,fast,gateway:8000,gateway-service,ml_router,gateway
1787000136.075,188,routing_decisions_total,fast,gateway:8000,gateway-service,ml_router,gateway
1787000141.075,188,routing_decisions_total,fast,gateway:8000,gateway-service,ml_router,gateway
1787000146.075,188,routing_decisions_total,fast,gateway:8000,gateway-service,ml_router,gateway
1787000151.075,188,routing_decisions_total,fast,gateway:8000,gateway-service,ml_router,gateway
1787000156.075,188,routing_decisions_total,fast,gateway:8000,gateway-service,ml_router,gateway
1787000161.075,188,routing_decisions_total,fast,gateway:8000,gateway-service,ml_router,gateway
1787000166.075,188,routing_decisions_total,fast,gateway:8000,gateway-service,ml_router,gateway
1787000171.075,188,routing_decisions_total,fast,gateway:8000,gateway-service,ml_router,gateway
1787000176.075,188,routing_decisions_total,fast,gateway:8000,gateway-service,ml_router,gateway
1787000181.075,188,routing_decisions_total,fast,gateway:8000,gateway-service,ml_router,gateway
1787000186.075,188,routing_decisions_total,fast,gateway:8000,gateway-service,ml_router,gateway
1787000191.075,188,routing_decisions_total,fast,gateway:8000,gateway-service,ml_router,gateway
1787000196.075,188,routing_decisions_total,fast,gateway:8000,gateway-service,ml_router,gateway
1787000201.075,188,routing_decisions_total,fast,gateway:8000,gateway-service,ml_router,gateway
1787000206.075,188,routing_decisions_total,fast,gateway:8000,gateway-service,ml_router,gateway
1787000211.075,188,routing_decisions_total,fast,gateway:8000,gateway-service,ml_router,gateway
1787000216.075,188,routing_decisions_total,fast,gateway:8000,gateway-service,ml_router,gateway
1787000221.075,188,routing_decisions_total,fast,gateway:8000,gateway-service,ml_router,gateway
1787000226.075,188,routing_decisions_total,fast,gateway:8000,gateway-service,ml_router,gateway
1787000231.075,188,routing_decisions_total,fast,gateway:8000,gateway-service,ml_router,gateway
1787000236.075,188,routing_decisions_total,fast,gateway:8000,gateway-service,ml_router,gateway
1787000241.075,188,routing_decisions_total,fast,gateway:8000,gateway-service,ml_router,gateway
1787000246.075,188,routing_decisions_total,fast,gateway:8000,gateway-service,ml_router,gateway
1787000251.075,188,routing_decisions_total,fast,gateway:8000,gateway-service,ml_router,gateway
1787000256.075,188,routing_decisions_total,fast,gateway:8000,gateway-service,ml_router,gateway
1787000261.075,188,routing_decisions_total,fast,gateway:8000,gateway-service,ml_router,gateway
1787000266.075,188,routing_decisions_total,fast,gateway:8000,gateway-service,ml_router,gateway
1787000271.075,188,routing_decisions_total,fast,gateway:8000,gateway-service,ml_router,gateway
1787000276.075,188,routing_decisions_total,fast,gateway:8000,gateway-service,ml_router,gateway
1787000281.075,188,routing_decisions_total,fast,gateway:8000,gateway-service,ml_router,gateway
1787000286.075,188,routing_decisions_total,fast,gateway:8000,gateway-service,ml_router,gateway
1787000291.075,188,routing_decisions_total,fast,gateway:8000,gateway-service,ml_router,gateway
1787000296.075,188,routing_decisions_total,fast,gateway:8000,gateway-service,ml_router,gateway
1787000301.075,188,routing_decisions_total,fast,gateway:8000,gateway-service,ml_router,gateway
1787000306.075,188,routing_decisions_total,fast,gateway:8000,gateway-service,ml_router,gateway
1787000311.075,188,routing_decisions_total,fast,gateway:8000,gateway-service,ml_router,gateway
1787000316.075,188,routing_decisions_total,fast,gateway:8000,gateway-service,ml_router,gateway
1787000321.075,188,routing_decisions_total,fast,gateway:8000,gateway-service,ml_router,gateway
1787000326.075,188,routing_decisions_total,fast,gateway:8000,gateway-service,ml_router,gateway
1787000331.075,188,routing_decisions_total,fast,gateway:8000,gateway-service,ml_router,gateway
1787000336.075,188,routing_decisions_total,fast,gateway:8000,gateway-service,ml_router,gateway
1787000341.075,188,routing_decisions_total,fast,gateway:8000,gateway-service,ml_router,gateway
1787000346.075,188,routing_decisions_total,fast,gateway:8000,gateway-service,ml_router,gateway
1787000351.075,188,routing_decisions_total,fast,gateway:8000,gateway-service,ml_router,gateway
1787000356.075,188,routing_decisions_total,fast,gateway:8000,gateway-service,ml_router,gateway
1787000361.075,188,routing_decisions_total,fast,gateway:8000,gateway-service,ml_router,gateway
1787000366.075,188,routing_decisions_total,fast,gateway:8000,gateway-service,ml_router,gateway
1787000371.075,188,routing_decisions_total,fast,gateway:8000,gateway-service,ml_router,gateway
1787000376.075,188,routing_decisions_total,fast,gateway:8000,gateway-service,ml_router,gateway
1787000381.075,188,routing_decisions_total,fast,gateway:8000,gateway-service,ml_router,gateway
1787000386.075,188,routing_decisions_total,fast,gateway:8000,gateway-service,ml_router,gateway
1787000391.075,188,routing_decisions_total,fast,gateway:8000,gateway-service,ml_router,gateway
1787000396.075,188,routing_decisions_total,fast,gateway:8000,gateway-service,ml_router,gateway
1787000401.075,188,routing_decisions_total,fast,gateway:8000,gateway-service,ml_router,gateway
1787000406.075,188,routing_decisions_total,fast,gateway:8000,gateway-service,ml_router,gateway
1787000411.075,188,routing_decisions_total,fast,gateway:8000,gateway-service,ml_router,gateway
1787000416.075,188,routing_decisions_total,fast,gateway:8000,gateway-service,ml_router,gateway
1787000421.075,188,routing_decisions_total,fast,gateway:8000,gateway-service,ml_router,gateway
1787000426.075,188,routing_decisions_total,fast,gateway:8000,gateway-service,ml_router,gateway
1787000431.075,188,routing_decisions_total,fast,gateway:8000,gateway-service,ml_router,gateway
1787000436.075,188,routing_decisions_total,fast,gateway:8000,gateway-service,ml_router,gateway
1787000441.075,188,routing_decisions_total,fast,gateway:8000,gateway-service,ml_router,gateway
1787000446.075,188,routing_decisions_total,fast,gateway:8000,gateway-service,ml_router,gateway
1787000451.075,188,routing_decisions_total,fast,gateway:8000,gateway-service,ml_router,gateway
1787000456.075,188,routing_decisions_total,fast,gateway:8000,gateway-service,ml_router,gateway
1787000461.075,188,routing_decisions_total,fast,gateway:8000,gateway-service,ml_router,gateway
1787000466.075,188,routing_decisions_total,fast,gateway:8000,gateway-service,ml_router,gateway
1787000471.075,188,routing_decisions_total,fast,gateway:8000,gateway-service,ml_router,gateway
1787000476.075,188,routing_decisions_total,fast,gateway:8000,gateway-service,ml_router,gateway
1787000481.075,188,routing_decisions_total,fast,gateway:8000,gateway-service,ml_router,gateway
1787000486.075,188,routing_decisions_total,fast,gateway:8000,gateway-service,ml_router,gateway
1787000491.075,188,routing_decisions_total,fast,gateway:8000,gateway-service,ml_router,gateway
1787000496.075,188,routing_decisions_total,fast,gateway:8000,gateway-service,ml_router,gateway
1787000501.075,188,routing_decisions_total,fast,gateway:8000,gateway-service,ml_router,gateway
1787000506.075,188,routing_decisions_total,fast,gateway:8000,gateway-service,ml_router,gateway
1787000511.075,188,routing_decisions_total,fast,gateway:8000,gateway-service,ml_router,gateway
1787000516.075,188,routing_decisions_total,fast,gateway:8000,gateway-service,ml_router,gateway
1787000521.075,188,routing_decisions_total,fast,gateway:8000,gateway-service,ml_router,gateway
1787000526.075,188,routing_decisions_total,fast,gateway:8000,gateway-service,ml_router,gateway
1787000531.075,188,routing_decisions_total,fast,gateway:8000,gateway-service,ml_router,gateway
1787000536.075,188,routing_decisions_total,fast,gateway:8000,gateway-service,ml_router,gateway
1787000541.075,188,routing_decisions_total,fast,gateway:8000,gateway-service,ml_router,gateway
1787000546.075,188,routing_decisions_total,fast,gateway:8000,gateway-service,ml_router,gateway
1787000551.075,188,routing_decisions_total,fast,gateway:8000,gateway-service,ml_router,gateway
1787000556.075,188,routing_decisions_total,fast,gateway:8000,gateway-service,ml_router,gateway
1787000561.075,188,routing_decisions_total,fast,gateway:8000,gateway-service,ml_router,gateway
1787000566.075,188,routing_decisions_total,fast,gateway:8000,gateway-service,ml_router,gateway
1787000571.075,188,routing_decisions_total,fast,gateway:8000,gateway-service,ml_router,gateway
1787000576.075,188,routing_decisions_total,fast,gateway:8000,gateway-service,ml_router,gateway
1787000581.075,188,routing_decisions_total,fast,gateway:8000,gateway-service,ml_router,gateway
1787000586.075,188,routing_decisions_total,fast,gateway:8000,gateway-service,ml_router,gateway
1787000591.075,188,routing_decisions_total,fast,gateway:8000,gateway-service,ml_router,gateway
1787000596.075,188,routing_decisions_total,fast,gateway:8000,gateway-service,ml_router,gateway
1787000601.075,188,routing_decisions_total,fast,gateway:8000,gateway-service,ml_router,gateway
1787000606.075,188,routing_decisions_total,fast,gateway:8000,gateway-service,ml_router,gateway
1787000611.075,188,routing_decisions_total,fast,gateway:8000,gateway-service,ml_router,gateway
1787000616.075,188,routing_decisions_total,fast,gateway:8000,gateway-service,ml_router,gateway
1787000621.075,188,routing_decisions_total,fast,gateway:8000,gateway-service,ml_router,gateway
1787000626.075,188,routing_decisions_total,fast,gateway:8000,gateway-service,ml_router,gateway
1787000631.075,188,routing_decisions_total,fast,gateway:8000,gateway-service,ml_router,gateway
1787000636.075,188,routing_decisions_total,fast,gateway:8000,gateway-service,ml_router,gateway
1787000641.075,188,routing_decisions_total,fast,gateway:8000,gateway-service,ml_router,gateway
1787000646.075,188,routing_decisions_total,fast,gateway:8000,gateway-service,ml_router,gateway
1787000651.075,188,routing_decisions_total,fast,gateway:8000,gateway-service,ml_router,gateway
1787000656.075,188,routing_decisions_total,fast,gateway:8000,gateway-service,ml_router,gateway
1787000661.075,188,routing_decisions_total,fast,gateway:8000,gateway-service,ml_router,gateway
1787000666.075,188,routing_decisions_total,fast,gateway:8000,gateway-service,ml_router,gateway
1787000671.075,188,routing_decisions_total,fast,gateway:8000,gateway-service,ml_router,gateway
1787000676.075,188,routing_decisions_total,fast,gateway:8000,gateway-service,ml_router,gateway
1787000681.075,188,routing_decisions_total,fast,gateway:8000,gateway-service,ml_router,gateway
1787000686.075,188,routing_decisions_total,fast,gateway:8000,gateway-service,ml_router,gateway
1787000691.075,188,routing_decisions_total,fast,gateway:8000,gateway-service,ml_router,gateway
1787000696.075,188,routing_decisions_total,fast,gateway:8000,gateway-service,ml_router,gateway
1787000701.075,188,routing_decisions_total,fast,gateway:8000,gateway-service,ml_router,gateway
1787000706.075,188,routing_decisions_total,fast,gateway:8000,gateway-service,ml_router,gateway
1787000711.075,188,routing_decisions_total,fast,gateway:8000,gateway-service,ml_router,gateway
1787000716.075,188,routing_decisions_total,fast,gateway:8000,gateway-service,ml_router,gateway
1787000721.075,188,routing_decisions_total,fast,gateway:8000,gateway-service,ml_router,gateway
1787000726.075,188,routing_decisions_total,fast,gateway:8000,gateway-service,ml_router,gateway
1787000731.075,188,routing_decisions_total,fast,gateway:8000,gateway-service,ml_router,gateway
1787000736.075,188,routing_decisions_total,fast,gateway:8000,gateway-service,ml_router,gateway
1787000741.075,188,routing_decisions_total,fast,gateway:8000,gateway-service,ml_router,gateway
1787000746.075,188,routing_decisions_total,fast,gateway:8000,gateway-service,ml_router,gateway
1787000751.075,188,routing_decisions_total,fast,gateway:8000,gateway-service,ml_router,gateway
1787000756.075,188,routing_decisions_total,fast,gateway:8000,gateway-service,ml_router,gateway
1787000761.075,188,routing_decisions_total,fast,gateway:8000,gateway-service,ml_router,gateway
1787000766.075,188,routing_decisions_total,fast,gateway:8000,gateway-service,ml_router,gateway
1787000771.075,188,routing_decisions_total,fast,gateway:8000,gateway-service,ml_router,gateway
1787000776.075,188,routing_decisions_total,fast,gateway:8000,gateway-service,ml_router,gateway
1787000781.075,188,routing_decisions_total,fast,gateway:8000,gateway-service,ml_router,gateway
1787000786.075,188,routing_decisions_total,fast,gateway:8000,gateway-service,ml_router,gateway
1787000791.075,188,routing_decisions_total,fast,gateway:8000,gateway-service,ml_router,gateway
1787000796.075,188,routing_decisions_total,fast,gateway:8000,gateway-service,ml_router,gateway
1787000801.075,188,routing_decisions_total,fast,gateway:8000,gateway-service,ml_router,gateway
1787000806.075,188,routing_decisions_total,fast,gateway:8000,gateway-service,ml_router,gateway
1787000811.075,188,routing_decisions_total,fast,gateway:8000,gateway-service,ml_router,gateway
1787000816.075,188,routing_decisions_total,fast,gateway:8000,gateway-service,ml_router,gateway
1787000821.075,188,routing_decisions_total,fast,gateway:8000,gateway-service,ml_router,gateway
1787000826.075,188,routing_decisions_total,fast,gateway:8000,gateway-service,ml_router,gateway
1787000831.075,188,routing_decisions_total,fast,gateway:8000,gateway-service,ml_router,gateway
1787000836.075,188,routing_decisions_total,fast,gateway:8000,gateway-service,ml_router,gateway
1787000841.075,188,routing_decisions_total,fast,gateway:8000,gateway-service,ml_router,gateway
1787000846.075,188,routing_decisions_total,fast,gateway:8000,gateway-service,ml_router,gateway
1787000851.075,188,routing_decisions_total,fast,gateway:8000,gateway-service,ml_router,gateway
1787000856.075,188,routing_decisions_total,fast,gateway:8000,gateway-service,ml_router,gateway
1787000861.075,188,routing_decisions_total,fast,gateway:8000,gateway-service,ml_router,gateway
1787002581.075,43,routing_decisions_total,fast,gateway:8000,gateway-service,ml_router,gateway
1787002586.075,86,routing_decisions_total,fast,gateway:8000,gateway-service,ml_router,gateway
1787002591.075,137,routing_decisions_total,fast,gateway:8000,gateway-service,ml_router,gateway
1787002596.075,193,routing_decisions_total,fast,gateway:8000,gateway-service,ml_router,gateway
1787002601.075,243,routing_decisions_total,fast,gateway:8000,gateway-service,ml_router,gateway
1787002606.075,297,routing_decisions_total,fast,gateway:8000,gateway-service,ml_router,gateway
1787002611.075,340,routing_decisions_total,fast,gateway:8000,gateway-service,ml_router,gateway
1787002616.075,394,routing_decisions_total,fast,gateway:8000,gateway-service,ml_router,gateway
1787002621.075,429,routing_decisions_total,fast,gateway:8000,gateway-service,ml_router,gateway
1787002626.075,504,routing_decisions_total,fast,gateway:8000,gateway-service,ml_router,gateway
1787002631.075,563,routing_decisions_total,fast,gateway:8000,gateway-service,ml_router,gateway
1787002636.075,625,routing_decisions_total,fast,gateway:8000,gateway-service,ml_router,gateway
1787002641.075,689,routing_decisions_total,fast,gateway:8000,gateway-service,ml_router,gateway
1787002646.075,715,routing_decisions_total,fast,gateway:8000,gateway-service,ml_router,gateway
1787002651.075,757,routing_decisions_total,fast,gateway:8000,gateway-service,ml_router,gateway
1787002656.075,832,routing_decisions_total,fast,gateway:8000,gateway-service,ml_router,gateway
1787002661.075,888,routing_decisions_total,fast,gateway:8000,gateway-service,ml_router,gateway
1787002666.075,966,routing_decisions_total,fast,gateway:8000,gateway-service,ml_router,gateway
1787002671.075,995,routing_decisions_total,fast,gateway:8000,gateway-service,ml_router,gateway
1787002676.075,1035,routing_decisions_total,fast,gateway:8000,gateway-service,ml_router,gateway
1787002681.075,1038,routing_decisions_total,fast,gateway:8000,gateway-service,ml_router,gateway
1787002686.075,1038,routing_decisions_total,fast,gateway:8000,gateway-service,ml_router,gateway
1787002691.075,1038,routing_decisions_total,fast,gateway:8000,gateway-service,ml_router,gateway
1787002696.075,1038,routing_decisions_total,fast,gateway:8000,gateway-service,ml_router,gateway
1787002701.075,1038,routing_decisions_total,fast,gateway:8000,gateway-service,ml_router,gateway
1787002706.075,1038,routing_decisions_total,fast,gateway:8000,gateway-service,ml_router,gateway
1787002711.075,1038,routing_decisions_total,fast,gateway:8000,gateway-service,ml_router,gateway
1787002716.075,1038,routing_decisions_total,fast,gateway:8000,gateway-service,ml_router,gateway
1787002721.075,1038,routing_decisions_total,fast,gateway:8000,gateway-service,ml_router,gateway
1787002726.075,1038,routing_decisions_total,fast,gateway:8000,gateway-service,ml_router,gateway
1787002731.075,1038,routing_decisions_total,fast,gateway:8000,gateway-service,ml_router,gateway
1787002736.075,1038,routing_decisions_total,fast,gateway:8000,gateway-service,ml_router,gateway
1787002741.075,1038,routing_decisions_total,fast,gateway:8000,gateway-service,ml_router,gateway
1787002746.075,1038,routing_decisions_total,fast,gateway:8000,gateway-service,ml_router,gateway
1787002751.075,1038,routing_decisions_total,fast,gateway:8000,gateway-service,ml_router,gateway
1787002756.075,1038,routing_decisions_total,fast,gateway:8000,gateway-service,ml_router,gateway
1787002761.075,1038,routing_decisions_total,fast,gateway:8000,gateway-service,ml_router,gateway
1787002766.075,1038,routing_decisions_total,fast,gateway:8000,gateway-service,ml_router,gateway
1787002771.075,1038,routing_decisions_total,fast,gateway:8000,gateway-service,ml_router,gateway
1787002776.075,1038,routing_decisions_total,fast,gateway:8000,gateway-service,ml_router,gateway
1787002781.075,1038,routing_decisions_total,fast,gateway:8000,gateway-service,ml_router,gateway
1787002786.075,1038,routing_decisions_total,fast,gateway:8000,gateway-service,ml_router,gateway
1787002791.075,1038,routing_decisions_total,fast,gateway:8000,gateway-service,ml_router,gateway
1787002796.075,1038,routing_decisions_total,fast,gateway:8000,gateway-service,ml_router,gateway
1787002801.075,1038,routing_decisions_total,fast,gateway:8000,gateway-service,ml_router,gateway
1787002806.075,1038,routing_decisions_total,fast,gateway:8000,gateway-service,ml_router,gateway
1787002811.075,1038,routing_decisions_total,fast,gateway:8000,gateway-service,ml_router,gateway
1787002816.075,1038,routing_decisions_total,fast,gateway:8000,gateway-service,ml_router,gateway
1787002821.075,1038,routing_decisions_total,fast,gateway:8000,gateway-service,ml_router,gateway
1787002826.075,1038,routing_decisions_total,fast,gateway:8000,gateway-service,ml_router,gateway
1787002831.075,1038,routing_decisions_total,fast,gateway:8000,gateway-service,ml_router,gateway
1787002836.075,1038,routing_decisions_total,fast,gateway:8000,gateway-service,ml_router,gateway
1787002841.075,1038,routing_decisions_total,fast,gateway:8000,gateway-service,ml_router,gateway
1787002846.075,1038,routing_decisions_total,fast,gateway:8000,gateway-service,ml_router,gateway
1787002851.075,1038,routing_decisions_total,fast,gateway:8000,gateway-service,ml_router,gateway
1787002856.075,1038,routing_decisions_total,fast,gateway:8000,gateway-service,ml_router,gateway
1787002861.075,1038,routing_decisions_total,fast,gateway:8000,gateway-service,ml_router,gateway
1787002866.075,1038,routing_decisions_total,fast,gateway:8000,gateway-service,ml_router,gateway
1787002871.075,1038,routing_decisions_total,fast,gateway:8000,gateway-service,ml_router,gateway
1787002876.075,1038,routing_decisions_total,fast,gateway:8000,gateway-service,ml_router,gateway
1787002881.075,1038,routing_decisions_total,fast,gateway:8000,gateway-service,ml_router,gateway
1787002886.075,1038,routing_decisions_total,fast,gateway:8000,gateway-service,ml_router,gateway
1787002891.075,1038,routing_decisions_total,fast,gateway:8000,gateway-service,ml_router,gateway
1787002896.075,1038,routing_decisions_total,fast,gateway:8000,gateway-service,ml_router,gateway
1787002901.075,1038,routing_decisions_total,fast,gateway:8000,gateway-service,ml_router,gateway
1787002906.075,1038,routing_decisions_total,fast,gateway:8000,gateway-service,ml_router,gateway
1787002911.075,1038,routing_decisions_total,fast,gateway:8000,gateway-service,ml_router,gateway
1787002916.075,1038,routing_decisions_total,fast,gateway:8000,gateway-service,ml_router,gateway
1787002921.075,1038,routing_decisions_total,fast,gateway:8000,gateway-service,ml_router,gateway
1787002926.075,1038,routing_decisions_total,fast,gateway:8000,gateway-service,ml_router,gateway
1787002931.075,1038,routing_decisions_total,fast,gateway:8000,gateway-service,ml_router,gateway
1787002936.075,1038,routing_decisions_total,fast,gateway:8000,gateway-service,ml_router,gateway
1787002941.075,1038,routing_decisions_total,fast,gateway:8000,gateway-service,ml_router,gateway
1787002946.075,1038,routing_decisions_total,fast,gateway:8000,gateway-service,ml_router,gateway
1787002951.075,1038,routing_decisions_total,fast,gateway:8000,gateway-service,ml_router,gateway
1787002956.075,1038,routing_decisions_total,fast,gateway:8000,gateway-service,ml_router,gateway
1787002961.075,1038,routing_decisions_total,fast,gateway:8000,gateway-service,ml_router,gateway
1787002966.075,1038,routing_decisions_total,fast,gateway:8000,gateway-service,ml_router,gateway
1787002971.075,1038,routing_decisions_total,fast,gateway:8000,gateway-service,ml_router,gateway
1787002976.075,1038,routing_decisions_total,fast,gateway:8000,gateway-service,ml_router,gateway
1787002981.075,1038,routing_decisions_total,fast,gateway:8000,gateway-service,ml_router,gateway
1787002986.075,1038,routing_decisions_total,fast,gateway:8000,gateway-service,ml_router,gateway
1787002991.075,1038,routing_decisions_total,fast,gateway:8000,gateway-service,ml_router,gateway
1787002996.075,1038,routing_decisions_total,fast,gateway:8000,gateway-service,ml_router,gateway
1787003001.075,1038,routing_decisions_total,fast,gateway:8000,gateway-service,ml_router,gateway
1787003006.075,1038,routing_decisions_total,fast,gateway:8000,gateway-service,ml_router,gateway
1787003011.075,1038,routing_decisions_total,fast,gateway:8000,gateway-service,ml_router,gateway
1787003016.075,1038,routing_decisions_total,fast,gateway:8000,gateway-service,ml_router,gateway
1787003021.075,1038,routing_decisions_total,fast,gateway:8000,gateway-service,ml_router,gateway
1787003026.075,1038,routing_decisions_total,fast,gateway:8000,gateway-service,ml_router,gateway
1787003031.075,1038,routing_decisions_total,fast,gateway:8000,gateway-service,ml_router,gateway
1787003036.075,1038,routing_decisions_total,fast,gateway:8000,gateway-service,ml_router,gateway
1787003041.075,1038,routing_decisions_total,fast,gateway:8000,gateway-service,ml_router,gateway
1787003046.075,1038,routing_decisions_total,fast,gateway:8000,gateway-service,ml_router,gateway
1787003051.075,1038,routing_decisions_total,fast,gateway:8000,gateway-service,ml_router,gateway
1787003056.075,1038,routing_decisions_total,fast,gateway:8000,gateway-service,ml_router,gateway
1787003061.075,1038,routing_decisions_total,fast,gateway:8000,gateway-service,ml_router,gateway
1787003066.075,1038,routing_decisions_total,fast,gateway:8000,gateway-service,ml_router,gateway
1787003071.075,1038,routing_decisions_total,fast,gateway:8000,gateway-service,ml_router,gateway
1787003076.075,1038,routing_decisions_total,fast,gateway:8000,gateway-service,ml_router,gateway
1787003081.075,1038,routing_decisions_total,fast,gateway:8000,gateway-service,ml_router,gateway
1787003086.075,1038,routing_decisions_total,fast,gateway:8000,gateway-service,ml_router,gateway
1787003091.075,1038,routing_decisions_total,fast,gateway:8000,gateway-service,ml_router,gateway
1787003096.075,1038,routing_decisions_total,fast,gateway:8000,gateway-service,ml_router,gateway
1787003101.075,1038,routing_decisions_total,fast,gateway:8000,gateway-service,ml_router,gateway
1787003106.075,1038,routing_decisions_total,fast,gateway:8000,gateway-service,ml_router,gateway
1787003111.075,1038,routing_decisions_total,fast,gateway:8000,gateway-service,ml_router,gateway
1787003116.075,1038,routing_decisions_total,fast,gateway:8000,gateway-service,ml_router,gateway
1787003121.075,1038,routing_decisions_total,fast,gateway:8000,gateway-service,ml_router,gateway
1787003126.075,1038,routing_decisions_total,fast,gateway:8000,gateway-service,ml_router,gateway
1787003131.075,1038,routing_decisions_total,fast,gateway:8000,gateway-service,ml_router,gateway
1787003136.075,1038,routing_decisions_total,fast,gateway:8000,gateway-service,ml_router,gateway
1787003141.075,1038,routing_decisions_total,fast,gateway:8000,gateway-service,ml_router,gateway
1787003146.075,1038,routing_decisions_total,fast,gateway:8000,gateway-service,ml_router,gateway
1787003151.075,1038,routing_decisions_total,fast,gateway:8000,gateway-service,ml_router,gateway
1787003156.075,1038,routing_decisions_total,fast,gateway:8000,gateway-service,ml_router,gateway
1787003161.075,1038,routing_decisions_total,fast,gateway:8000,gateway-service,ml_router,gateway
1787003166.075,1038,routing_decisions_total,fast,gateway:8000,gateway-service,ml_router,gateway
1787003171.075,1038,routing_decisions_total,fast,gateway:8000,gateway-service,ml_router,gateway
1787003176.075,1038,routing_decisions_total,fast,gateway:8000,gateway-service,ml_router,gateway
1787003181.075,1038,routing_decisions_total,fast,gateway:8000,gateway-service,ml_router,gateway
1787003186.075,1038,routing_decisions_total,fast,gateway:8000,gateway-service,ml_router,gateway
1787003191.075,1038,routing_decisions_total,fast,gateway:8000,gateway-service,ml_router,gateway
1787003196.075,1038,routing_decisions_total,fast,gateway:8000,gateway-service,ml_router,gateway
1787003201.075,1038,routing_decisions_total,fast,gateway:8000,gateway-service,ml_router,gateway
1787003206.075,1038,routing_decisions_total,fast,gateway:8000,gateway-service,ml_router,gateway
1787003211.075,1038,routing_decisions_total,fast,gateway:8000,gateway-service,ml_router,gateway
1787003216.075,1038,routing_decisions_total,fast,gateway:8000,gateway-service,ml_router,gateway
1787003221.075,1038,routing_decisions_total,fast,gateway:8000,gateway-service,ml_router,gateway
1787003226.075,1038,routing_decisions_total,fast,gateway:8000,gateway-service,ml_router,gateway
1787003231.075,1038,routing_decisions_total,fast,gateway:8000,gateway-service,ml_router,gateway
1787003236.075,1038,routing_decisions_total,fast,gateway:8000,gateway-service,ml_router,gateway
1787003241.075,1038,routing_decisions_total,fast,gateway:8000,gateway-service,ml_router,gateway
1787003246.075,1038,routing_decisions_total,fast,gateway:8000,gateway-service,ml_router,gateway
1787003251.075,1038,routing_decisions_total,fast,gateway:8000,gateway-service,ml_router,gateway
1787003256.075,1038,routing_decisions_total,fast,gateway:8000,gateway-service,ml_router,gateway
1787003261.075,1038,routing_decisions_total,fast,gateway:8000,gateway-service,ml_router,gateway
1787003266.075,1038,routing_decisions_total,fast,gateway:8000,gateway-service,ml_router,gateway
1787003271.075,1038,routing_decisions_total,fast,gateway:8000,gateway-service,ml_router,gateway
1787003276.075,1038,routing_decisions_total,fast,gateway:8000,gateway-service,ml_router,gateway
1787003281.075,1038,routing_decisions_total,fast,gateway:8000,gateway-service,ml_router,gateway
1787003286.075,1038,routing_decisions_total,fast,gateway:8000,gateway-service,ml_router,gateway
1787003291.075,1038,routing_decisions_total,fast,gateway:8000,gateway-service,ml_router,gateway
1787003296.075,1038,routing_decisions_total,fast,gateway:8000,gateway-service,ml_router,gateway
1787003301.075,1038,routing_decisions_total,fast,gateway:8000,gateway-service,ml_router,gateway
1787003306.075,1038,routing_decisions_total,fast,gateway:8000,gateway-service,ml_router,gateway
1787003311.075,1038,routing_decisions_total,fast,gateway:8000,gateway-service,ml_router,gateway
1787003316.075,1038,routing_decisions_total,fast,gateway:8000,gateway-service,ml_router,gateway
1787003446.075,18,routing_decisions_total,fast,gateway:8000,gateway-service,ml_router,gateway
1787003451.075,58,routing_decisions_total,fast,gateway:8000,gateway-service,ml_router,gateway
1787003456.075,110,routing_decisions_total,fast,gateway:8000,gateway-service,ml_router,gateway
1787003461.075,161,routing_decisions_total,fast,gateway:8000,gateway-service,ml_router,gateway
1787003466.075,209,routing_decisions_total,fast,gateway:8000,gateway-service,ml_router,gateway
1787003471.075,265,routing_decisions_total,fast,gateway:8000,gateway-service,ml_router,gateway
1787003476.075,275,routing_decisions_total,fast,gateway:8000,gateway-service,ml_router,gateway
1787003481.075,343,routing_decisions_total,fast,gateway:8000,gateway-service,ml_router,gateway
1787003486.075,400,routing_decisions_total,fast,gateway:8000,gateway-service,ml_router,gateway
1787003491.075,448,routing_decisions_total,fast,gateway:8000,gateway-service,ml_router,gateway
1787003496.075,517,routing_decisions_total,fast,gateway:8000,gateway-service,ml_router,gateway
1787003501.075,567,routing_decisions_total,fast,gateway:8000,gateway-service,ml_router,gateway
1787003506.075,630,routing_decisions_total,fast,gateway:8000,gateway-service,ml_router,gateway
1787003511.075,660,routing_decisions_total,fast,gateway:8000,gateway-service,ml_router,gateway
1787003516.075,713,routing_decisions_total,fast,gateway:8000,gateway-service,ml_router,gateway
1787003521.075,798,routing_decisions_total,fast,gateway:8000,gateway-service,ml_router,gateway
1787003526.075,863,routing_decisions_total,fast,gateway:8000,gateway-service,ml_router,gateway
1787003531.075,915,routing_decisions_total,fast,gateway:8000,gateway-service,ml_router,gateway
1787003536.075,976,routing_decisions_total,fast,gateway:8000,gateway-service,ml_router,gateway
1787003541.075,1007,routing_decisions_total,fast,gateway:8000,gateway-service,ml_router,gateway
1787003546.075,1019,routing_decisions_total,fast,gateway:8000,gateway-service,ml_router,gateway
1787003551.075,1019,routing_decisions_total,fast,gateway:8000,gateway-service,ml_router,gateway
1787003556.075,1019,routing_decisions_total,fast,gateway:8000,gateway-service,ml_router,gateway
1787003561.075,1019,routing_decisions_total,fast,gateway:8000,gateway-service,ml_router,gateway
1787003566.075,1019,routing_decisions_total,fast,gateway:8000,gateway-service,ml_router,gateway
1787003571.075,1019,routing_decisions_total,fast,gateway:8000,gateway-service,ml_router,gateway
1787003576.075,1019,routing_decisions_total,fast,gateway:8000,gateway-service,ml_router,gateway
1787003581.075,1019,routing_decisions_total,fast,gateway:8000,gateway-service,ml_router,gateway
1787003586.075,1019,routing_decisions_total,fast,gateway:8000,gateway-service,ml_router,gateway
1787003591.075,1019,routing_decisions_total,fast,gateway:8000,gateway-service,ml_router,gateway
1787003596.075,1019,routing_decisions_total,fast,gateway:8000,gateway-service,ml_router,gateway
1787003601.075,1019,routing_decisions_total,fast,gateway:8000,gateway-service,ml_router,gateway
1787003606.075,1019,routing_decisions_total,fast,gateway:8000,gateway-service,ml_router,gateway
1787003611.075,1019,routing_decisions_total,fast,gateway:8000,gateway-service,ml_router,gateway
1787003616.075,1019,routing_decisions_total,fast,gateway:8000,gateway-service,ml_router,gateway
1787003621.075,1019,routing_decisions_total,fast,gateway:8000,gateway-service,ml_router,gateway
1787003626.075,1019,routing_decisions_total,fast,gateway:8000,gateway-service,ml_router,gateway
1787003631.075,1019,routing_decisions_total,fast,gateway:8000,gateway-service,ml_router,gateway
1787003636.075,1019,routing_decisions_total,fast,gateway:8000,gateway-service,ml_router,gateway
1787003641.075,1019,routing_decisions_total,fast,gateway:8000,gateway-service,ml_router,gateway
1787003646.075,1019,routing_decisions_total,fast,gateway:8000,gateway-service,ml_router,gateway
1787003651.075,1019,routing_decisions_total,fast,gateway:8000,gateway-service,ml_router,gateway
1787003656.075,1019,routing_decisions_total,fast,gateway:8000,gateway-service,ml_router,gateway
1787003661.075,1019,routing_decisions_total,fast,gateway:8000,gateway-service,ml_router,gateway
1787003666.075,1019,routing_decisions_total,fast,gateway:8000,gateway-service,ml_router,gateway
1787003671.075,1019,routing_decisions_total,fast,gateway:8000,gateway-service,ml_router,gateway
1787003676.075,1019,routing_decisions_total,fast,gateway:8000,gateway-service,ml_router,gateway
1787003681.075,1019,routing_decisions_total,fast,gateway:8000,gateway-service,ml_router,gateway
1787003686.075,1019,routing_decisions_total,fast,gateway:8000,gateway-service,ml_router,gateway
1787003691.075,1019,routing_decisions_total,fast,gateway:8000,gateway-service,ml_router,gateway
1787003696.075,1019,routing_decisions_total,fast,gateway:8000,gateway-service,ml_router,gateway
1787003701.075,1019,routing_decisions_total,fast,gateway:8000,gateway-service,ml_router,gateway
1787003706.075,1019,routing_decisions_total,fast,gateway:8000,gateway-service,ml_router,gateway
1787003711.075,1019,routing_decisions_total,fast,gateway:8000,gateway-service,ml_router,gateway
1787003716.075,1019,routing_decisions_total,fast,gateway:8000,gateway-service,ml_router,gateway
1787003721.075,1019,routing_decisions_total,fast,gateway:8000,gateway-service,ml_router,gateway
1787003726.075,1019,routing_decisions_total,fast,gateway:8000,gateway-service,ml_router,gateway
1787003731.075,1019,routing_decisions_total,fast,gateway:8000,gateway-service,ml_router,gateway
1787003736.075,1019,routing_decisions_total,fast,gateway:8000,gateway-service,ml_router,gateway
1787003741.075,1019,routing_decisions_total,fast,gateway:8000,gateway-service,ml_router,gateway
1787003746.075,1019,routing_decisions_total,fast,gateway:8000,gateway-service,ml_router,gateway
1787003751.075,1019,routing_decisions_total,fast,gateway:8000,gateway-service,ml_router,gateway
1786999141.075,1,routing_decisions_total,heavy,gateway:8000,gateway-service,ml_router,gateway
1786999146.075,2,routing_decisions_total,heavy,gateway:8000,gateway-service,ml_router,gateway
1786999151.075,4,routing_decisions_total,heavy,gateway:8000,gateway-service,ml_router,gateway
1786999156.075,5,routing_decisions_total,heavy,gateway:8000,gateway-service,ml_router,gateway
1786999161.075,7,routing_decisions_total,heavy,gateway:8000,gateway-service,ml_router,gateway
1786999166.075,7,routing_decisions_total,heavy,gateway:8000,gateway-service,ml_router,gateway
1786999171.075,9,routing_decisions_total,heavy,gateway:8000,gateway-service,ml_router,gateway
1786999176.075,10,routing_decisions_total,heavy,gateway:8000,gateway-service,ml_router,gateway
1786999181.075,11,routing_decisions_total,heavy,gateway:8000,gateway-service,ml_router,gateway
1786999186.075,12,routing_decisions_total,heavy,gateway:8000,gateway-service,ml_router,gateway
1786999191.075,12,routing_decisions_total,heavy,gateway:8000,gateway-service,ml_router,gateway
1786999196.075,12,routing_decisions_total,heavy,gateway:8000,gateway-service,ml_router,gateway
1786999201.075,12,routing_decisions_total,heavy,gateway:8000,gateway-service,ml_router,gateway
1786999206.075,12,routing_decisions_total,heavy,gateway:8000,gateway-service,ml_router,gateway
1786999211.075,12,routing_decisions_total,heavy,gateway:8000,gateway-service,ml_router,gateway
1786999216.075,12,routing_decisions_total,heavy,gateway:8000,gateway-service,ml_router,gateway
1786999221.075,12,routing_decisions_total,heavy,gateway:8000,gateway-service,ml_router,gateway
1786999226.075,12,routing_decisions_total,heavy,gateway:8000,gateway-service,ml_router,gateway
1786999231.075,12,routing_decisions_total,heavy,gateway:8000,gateway-service,ml_router,gateway
1786999236.075,12,routing_decisions_total,heavy,gateway:8000,gateway-service,ml_router,gateway
1786999241.075,12,routing_decisions_total,heavy,gateway:8000,gateway-service,ml_router,gateway
1786999246.075,12,routing_decisions_total,heavy,gateway:8000,gateway-service,ml_router,gateway
1786999251.075,12,routing_decisions_total,heavy,gateway:8000,gateway-service,ml_router,gateway
1786999256.075,12,routing_decisions_total,heavy,gateway:8000,gateway-service,ml_router,gateway
1786999261.075,12,routing_decisions_total,heavy,gateway:8000,gateway-service,ml_router,gateway
1786999266.075,12,routing_decisions_total,heavy,gateway:8000,gateway-service,ml_router,gateway
1786999271.075,12,routing_decisions_total,heavy,gateway:8000,gateway-service,ml_router,gateway
1786999276.075,12,routing_decisions_total,heavy,gateway:8000,gateway-service,ml_router,gateway
1786999281.075,12,routing_decisions_total,heavy,gateway:8000,gateway-service,ml_router,gateway
1786999286.075,12,routing_decisions_total,heavy,gateway:8000,gateway-service,ml_router,gateway
1786999291.075,12,routing_decisions_total,heavy,gateway:8000,gateway-service,ml_router,gateway
1786999296.075,12,routing_decisions_total,heavy,gateway:8000,gateway-service,ml_router,gateway
1786999301.075,12,routing_decisions_total,heavy,gateway:8000,gateway-service,ml_router,gateway
1786999306.075,12,routing_decisions_total,heavy,gateway:8000,gateway-service,ml_router,gateway
1786999311.075,12,routing_decisions_total,heavy,gateway:8000,gateway-service,ml_router,gateway
1786999316.075,12,routing_decisions_total,heavy,gateway:8000,gateway-service,ml_router,gateway
1786999321.075,12,routing_decisions_total,heavy,gateway:8000,gateway-service,ml_router,gateway
1786999326.075,12,routing_decisions_total,heavy,gateway:8000,gateway-service,ml_router,gateway
1786999331.075,12,routing_decisions_total,heavy,gateway:8000,gateway-service,ml_router,gateway
1786999336.075,12,routing_decisions_total,heavy,gateway:8000,gateway-service,ml_router,gateway
1786999341.075,12,routing_decisions_total,heavy,gateway:8000,gateway-service,ml_router,gateway
1786999346.075,12,routing_decisions_total,heavy,gateway:8000,gateway-service,ml_router,gateway
1786999351.075,12,routing_decisions_total,heavy,gateway:8000,gateway-service,ml_router,gateway
1786999356.075,12,routing_decisions_total,heavy,gateway:8000,gateway-service,ml_router,gateway
1786999361.075,12,routing_decisions_total,heavy,gateway:8000,gateway-service,ml_router,gateway
1786999366.075,12,routing_decisions_total,heavy,gateway:8000,gateway-service,ml_router,gateway
1786999371.075,12,routing_decisions_total,heavy,gateway:8000,gateway-service,ml_router,gateway
1786999376.075,12,routing_decisions_total,heavy,gateway:8000,gateway-service,ml_router,gateway
1786999381.075,12,routing_decisions_total,heavy,gateway:8000,gateway-service,ml_router,gateway
1786999386.075,12,routing_decisions_total,heavy,gateway:8000,gateway-service,ml_router,gateway
1786999391.075,12,routing_decisions_total,heavy,gateway:8000,gateway-service,ml_router,gateway
1786999396.075,12,routing_decisions_total,heavy,gateway:8000,gateway-service,ml_router,gateway
1786999401.075,12,routing_decisions_total,heavy,gateway:8000,gateway-service,ml_router,gateway
1786999406.075,12,routing_decisions_total,heavy,gateway:8000,gateway-service,ml_router,gateway
1786999411.075,12,routing_decisions_total,heavy,gateway:8000,gateway-service,ml_router,gateway
1786999416.075,12,routing_decisions_total,heavy,gateway:8000,gateway-service,ml_router,gateway
1786999421.075,12,routing_decisions_total,heavy,gateway:8000,gateway-service,ml_router,gateway
1786999426.075,12,routing_decisions_total,heavy,gateway:8000,gateway-service,ml_router,gateway
1786999431.075,12,routing_decisions_total,heavy,gateway:8000,gateway-service,ml_router,gateway
1786999436.075,12,routing_decisions_total,heavy,gateway:8000,gateway-service,ml_router,gateway
1786999441.075,12,routing_decisions_total,heavy,gateway:8000,gateway-service,ml_router,gateway
1786999446.075,12,routing_decisions_total,heavy,gateway:8000,gateway-service,ml_router,gateway
1786999451.075,12,routing_decisions_total,heavy,gateway:8000,gateway-service,ml_router,gateway
1786999456.075,12,routing_decisions_total,heavy,gateway:8000,gateway-service,ml_router,gateway
1786999461.075,12,routing_decisions_total,heavy,gateway:8000,gateway-service,ml_router,gateway
1786999466.075,12,routing_decisions_total,heavy,gateway:8000,gateway-service,ml_router,gateway
1786999471.075,12,routing_decisions_total,heavy,gateway:8000,gateway-service,ml_router,gateway
1786999476.075,12,routing_decisions_total,heavy,gateway:8000,gateway-service,ml_router,gateway
1786999481.075,12,routing_decisions_total,heavy,gateway:8000,gateway-service,ml_router,gateway
1786999486.075,12,routing_decisions_total,heavy,gateway:8000,gateway-service,ml_router,gateway
1786999491.075,12,routing_decisions_total,heavy,gateway:8000,gateway-service,ml_router,gateway
1786999496.075,12,routing_decisions_total,heavy,gateway:8000,gateway-service,ml_router,gateway
1786999501.075,12,routing_decisions_total,heavy,gateway:8000,gateway-service,ml_router,gateway
1786999506.075,12,routing_decisions_total,heavy,gateway:8000,gateway-service,ml_router,gateway
1786999511.075,12,routing_decisions_total,heavy,gateway:8000,gateway-service,ml_router,gateway
1786999516.075,12,routing_decisions_total,heavy,gateway:8000,gateway-service,ml_router,gateway
1786999521.075,12,routing_decisions_total,heavy,gateway:8000,gateway-service,ml_router,gateway
1786999526.075,12,routing_decisions_total,heavy,gateway:8000,gateway-service,ml_router,gateway
1786999531.075,12,routing_decisions_total,heavy,gateway:8000,gateway-service,ml_router,gateway
1786999536.075,12,routing_decisions_total,heavy,gateway:8000,gateway-service,ml_router,gateway
1786999541.075,12,routing_decisions_total,heavy,gateway:8000,gateway-service,ml_router,gateway
1786999546.075,12,routing_decisions_total,heavy,gateway:8000,gateway-service,ml_router,gateway
1786999551.075,12,routing_decisions_total,heavy,gateway:8000,gateway-service,ml_router,gateway
1786999556.075,12,routing_decisions_total,heavy,gateway:8000,gateway-service,ml_router,gateway
1786999561.075,12,routing_decisions_total,heavy,gateway:8000,gateway-service,ml_router,gateway
1786999566.075,12,routing_decisions_total,heavy,gateway:8000,gateway-service,ml_router,gateway
1786999571.075,12,routing_decisions_total,heavy,gateway:8000,gateway-service,ml_router,gateway
1786999576.075,12,routing_decisions_total,heavy,gateway:8000,gateway-service,ml_router,gateway
1786999581.075,12,routing_decisions_total,heavy,gateway:8000,gateway-service,ml_router,gateway
1786999586.075,12,routing_decisions_total,heavy,gateway:8000,gateway-service,ml_router,gateway
1786999591.075,12,routing_decisions_total,heavy,gateway:8000,gateway-service,ml_router,gateway
1786999596.075,12,routing_decisions_total,heavy,gateway:8000,gateway-service,ml_router,gateway
1786999601.075,12,routing_decisions_total,heavy,gateway:8000,gateway-service,ml_router,gateway
1786999606.075,12,routing_decisions_total,heavy,gateway:8000,gateway-service,ml_router,gateway
1786999611.075,12,routing_decisions_total,heavy,gateway:8000,gateway-service,ml_router,gateway
1786999616.075,12,routing_decisions_total,heavy,gateway:8000,gateway-service,ml_router,gateway
1786999621.075,12,routing_decisions_total,heavy,gateway:8000,gateway-service,ml_router,gateway
1786999626.075,12,routing_decisions_total,heavy,gateway:8000,gateway-service,ml_router,gateway
1786999631.075,12,routing_decisions_total,heavy,gateway:8000,gateway-service,ml_router,gateway
1786999636.075,12,routing_decisions_total,heavy,gateway:8000,gateway-service,ml_router,gateway
1786999641.075,12,routing_decisions_total,heavy,gateway:8000,gateway-service,ml_router,gateway
1786999646.075,12,routing_decisions_total,heavy,gateway:8000,gateway-service,ml_router,gateway
1786999651.075,12,routing_decisions_total,heavy,gateway:8000,gateway-service,ml_router,gateway
1786999656.075,12,routing_decisions_total,heavy,gateway:8000,gateway-service,ml_router,gateway
1786999661.075,12,routing_decisions_total,heavy,gateway:8000,gateway-service,ml_router,gateway
1786999666.075,12,routing_decisions_total,heavy,gateway:8000,gateway-service,ml_router,gateway
1786999671.075,12,routing_decisions_total,heavy,gateway:8000,gateway-service,ml_router,gateway
1786999676.075,12,routing_decisions_total,heavy,gateway:8000,gateway-service,ml_router,gateway
1786999681.075,12,routing_decisions_total,heavy,gateway:8000,gateway-service,ml_router,gateway
1786999686.075,12,routing_decisions_total,heavy,gateway:8000,gateway-service,ml_router,gateway
1786999691.075,12,routing_decisions_total,heavy,gateway:8000,gateway-service,ml_router,gateway
1786999696.075,12,routing_decisions_total,heavy,gateway:8000,gateway-service,ml_router,gateway
1786999701.075,12,routing_decisions_total,heavy,gateway:8000,gateway-service,ml_router,gateway
1786999706.075,12,routing_decisions_total,heavy,gateway:8000,gateway-service,ml_router,gateway
1786999711.075,12,routing_decisions_total,heavy,gateway:8000,gateway-service,ml_router,gateway
1786999716.075,12,routing_decisions_total,heavy,gateway:8000,gateway-service,ml_router,gateway
1786999721.075,12,routing_decisions_total,heavy,gateway:8000,gateway-service,ml_router,gateway
1786999726.075,12,routing_decisions_total,heavy,gateway:8000,gateway-service,ml_router,gateway
1786999731.075,12,routing_decisions_total,heavy,gateway:8000,gateway-service,ml_router,gateway
1786999736.075,12,routing_decisions_total,heavy,gateway:8000,gateway-service,ml_router,gateway
1786999741.075,12,routing_decisions_total,heavy,gateway:8000,gateway-service,ml_router,gateway
1786999746.075,12,routing_decisions_total,heavy,gateway:8000,gateway-service,ml_router,gateway
1786999751.075,12,routing_decisions_total,heavy,gateway:8000,gateway-service,ml_router,gateway
1786999756.075,12,routing_decisions_total,heavy,gateway:8000,gateway-service,ml_router,gateway
1786999761.075,12,routing_decisions_total,heavy,gateway:8000,gateway-service,ml_router,gateway
1786999766.075,12,routing_decisions_total,heavy,gateway:8000,gateway-service,ml_router,gateway
1786999771.075,12,routing_decisions_total,heavy,gateway:8000,gateway-service,ml_router,gateway
1786999776.075,12,routing_decisions_total,heavy,gateway:8000,gateway-service,ml_router,gateway
1786999781.075,12,routing_decisions_total,heavy,gateway:8000,gateway-service,ml_router,gateway
1786999786.075,12,routing_decisions_total,heavy,gateway:8000,gateway-service,ml_router,gateway
1786999791.075,12,routing_decisions_total,heavy,gateway:8000,gateway-service,ml_router,gateway
1786999796.075,12,routing_decisions_total,heavy,gateway:8000,gateway-service,ml_router,gateway
1786999801.075,12,routing_decisions_total,heavy,gateway:8000,gateway-service,ml_router,gateway
1786999806.075,12,routing_decisions_total,heavy,gateway:8000,gateway-service,ml_router,gateway
1786999811.075,12,routing_decisions_total,heavy,gateway:8000,gateway-service,ml_router,gateway
1786999816.075,12,routing_decisions_total,heavy,gateway:8000,gateway-service,ml_router,gateway
1786999821.075,12,routing_decisions_total,heavy,gateway:8000,gateway-service,ml_router,gateway
1786999826.075,12,routing_decisions_total,heavy,gateway:8000,gateway-service,ml_router,gateway
1786999831.075,12,routing_decisions_total,heavy,gateway:8000,gateway-service,ml_router,gateway
1786999836.075,12,routing_decisions_total,heavy,gateway:8000,gateway-service,ml_router,gateway
1786999841.075,12,routing_decisions_total,heavy,gateway:8000,gateway-service,ml_router,gateway
1786999846.075,12,routing_decisions_total,heavy,gateway:8000,gateway-service,ml_router,gateway
1786999851.075,12,routing_decisions_total,heavy,gateway:8000,gateway-service,ml_router,gateway
1786999856.075,12,routing_decisions_total,heavy,gateway:8000,gateway-service,ml_router,gateway
1786999861.075,12,routing_decisions_total,heavy,gateway:8000,gateway-service,ml_router,gateway
1786999866.075,12,routing_decisions_total,heavy,gateway:8000,gateway-service,ml_router,gateway
1786999871.075,12,routing_decisions_total,heavy,gateway:8000,gateway-service,ml_router,gateway
1786999876.075,12,routing_decisions_total,heavy,gateway:8000,gateway-service,ml_router,gateway
1786999881.075,12,routing_decisions_total,heavy,gateway:8000,gateway-service,ml_router,gateway
1786999886.075,12,routing_decisions_total,heavy,gateway:8000,gateway-service,ml_router,gateway
1786999891.075,12,routing_decisions_total,heavy,gateway:8000,gateway-service,ml_router,gateway
1786999896.075,12,routing_decisions_total,heavy,gateway:8000,gateway-service,ml_router,gateway
1786999901.075,12,routing_decisions_total,heavy,gateway:8000,gateway-service,ml_router,gateway
1786999906.075,12,routing_decisions_total,heavy,gateway:8000,gateway-service,ml_router,gateway
1786999911.075,12,routing_decisions_total,heavy,gateway:8000,gateway-service,ml_router,gateway
1786999916.075,12,routing_decisions_total,heavy,gateway:8000,gateway-service,ml_router,gateway
1786999921.075,12,routing_decisions_total,heavy,gateway:8000,gateway-service,ml_router,gateway
1786999926.075,12,routing_decisions_total,heavy,gateway:8000,gateway-service,ml_router,gateway
1786999931.075,12,routing_decisions_total,heavy,gateway:8000,gateway-service,ml_router,gateway
1786999936.075,12,routing_decisions_total,heavy,gateway:8000,gateway-service,ml_router,gateway
1786999941.075,12,routing_decisions_total,heavy,gateway:8000,gateway-service,ml_router,gateway
1786999946.075,12,routing_decisions_total,heavy,gateway:8000,gateway-service,ml_router,gateway
1786999951.075,12,routing_decisions_total,heavy,gateway:8000,gateway-service,ml_router,gateway
1786999956.075,12,routing_decisions_total,heavy,gateway:8000,gateway-service,ml_router,gateway
1786999961.075,12,routing_decisions_total,heavy,gateway:8000,gateway-service,ml_router,gateway
1786999966.075,12,routing_decisions_total,heavy,gateway:8000,gateway-service,ml_router,gateway
1786999971.075,12,routing_decisions_total,heavy,gateway:8000,gateway-service,ml_router,gateway
1786999976.075,12,routing_decisions_total,heavy,gateway:8000,gateway-service,ml_router,gateway
1786999981.075,12,routing_decisions_total,heavy,gateway:8000,gateway-service,ml_router,gateway
1786999986.075,12,routing_decisions_total,heavy,gateway:8000,gateway-service,ml_router,gateway
1786999991.075,12,routing_decisions_total,heavy,gateway:8000,gateway-service,ml_router,gateway
1786999996.075,12,routing_decisions_total,heavy,gateway:8000,gateway-service,ml_router,gateway
1787000001.075,12,routing_decisions_total,heavy,gateway:8000,gateway-service,ml_router,gateway
1787000006.075,12,routing_decisions_total,heavy,gateway:8000,gateway-service,ml_router,gateway
1787000011.075,12,routing_decisions_total,heavy,gateway:8000,gateway-service,ml_router,gateway
1787000016.075,12,routing_decisions_total,heavy,gateway:8000,gateway-service,ml_router,gateway
1787000021.075,12,routing_decisions_total,heavy,gateway:8000,gateway-service,ml_router,gateway
1787000026.075,12,routing_decisions_total,heavy,gateway:8000,gateway-service,ml_router,gateway
1787000031.075,12,routing_decisions_total,heavy,gateway:8000,gateway-service,ml_router,gateway
1787000036.075,12,routing_decisions_total,heavy,gateway:8000,gateway-service,ml_router,gateway
1787000041.075,12,routing_decisions_total,heavy,gateway:8000,gateway-service,ml_router,gateway
1787000046.075,12,routing_decisions_total,heavy,gateway:8000,gateway-service,ml_router,gateway
1787000051.075,12,routing_decisions_total,heavy,gateway:8000,gateway-service,ml_router,gateway
1787000056.075,12,routing_decisions_total,heavy,gateway:8000,gateway-service,ml_router,gateway
1787000061.075,12,routing_decisions_total,heavy,gateway:8000,gateway-service,ml_router,gateway
1787000066.075,12,routing_decisions_total,heavy,gateway:8000,gateway-service,ml_router,gateway
1787000071.075,12,routing_decisions_total,heavy,gateway:8000,gateway-service,ml_router,gateway
1787000076.075,12,routing_decisions_total,heavy,gateway:8000,gateway-service,ml_router,gateway
1787000081.075,12,routing_decisions_total,heavy,gateway:8000,gateway-service,ml_router,gateway
1787000086.075,12,routing_decisions_total,heavy,gateway:8000,gateway-service,ml_router,gateway
1787000091.075,12,routing_decisions_total,heavy,gateway:8000,gateway-service,ml_router,gateway
1787000096.075,12,routing_decisions_total,heavy,gateway:8000,gateway-service,ml_router,gateway
1787000101.075,12,routing_decisions_total,heavy,gateway:8000,gateway-service,ml_router,gateway
1787000106.075,12,routing_decisions_total,heavy,gateway:8000,gateway-service,ml_router,gateway
1787000111.075,12,routing_decisions_total,heavy,gateway:8000,gateway-service,ml_router,gateway
1787000116.075,12,routing_decisions_total,heavy,gateway:8000,gateway-service,ml_router,gateway
1787000121.075,12,routing_decisions_total,heavy,gateway:8000,gateway-service,ml_router,gateway
1787000126.075,12,routing_decisions_total,heavy,gateway:8000,gateway-service,ml_router,gateway
1787000131.075,12,routing_decisions_total,heavy,gateway:8000,gateway-service,ml_router,gateway
1787000136.075,12,routing_decisions_total,heavy,gateway:8000,gateway-service,ml_router,gateway
1787000141.075,12,routing_decisions_total,heavy,gateway:8000,gateway-service,ml_router,gateway
1787000146.075,12,routing_decisions_total,heavy,gateway:8000,gateway-service,ml_router,gateway
1787000151.075,12,routing_decisions_total,heavy,gateway:8000,gateway-service,ml_router,gateway
1787000156.075,12,routing_decisions_total,heavy,gateway:8000,gateway-service,ml_router,gateway
1787000161.075,12,routing_decisions_total,heavy,gateway:8000,gateway-service,ml_router,gateway
1787000166.075,12,routing_decisions_total,heavy,gateway:8000,gateway-service,ml_router,gateway
1787000171.075,12,routing_decisions_total,heavy,gateway:8000,gateway-service,ml_router,gateway
1787000176.075,12,routing_decisions_total,heavy,gateway:8000,gateway-service,ml_router,gateway
1787000181.075,12,routing_decisions_total,heavy,gateway:8000,gateway-service,ml_router,gateway
1787000186.075,12,routing_decisions_total,heavy,gateway:8000,gateway-service,ml_router,gateway
1787000191.075,12,routing_decisions_total,heavy,gateway:8000,gateway-service,ml_router,gateway
1787000196.075,12,routing_decisions_total,heavy,gateway:8000,gateway-service,ml_router,gateway
1787000201.075,12,routing_decisions_total,heavy,gateway:8000,gateway-service,ml_router,gateway
1787000206.075,12,routing_decisions_total,heavy,gateway:8000,gateway-service,ml_router,gateway
1787000211.075,12,routing_decisions_total,heavy,gateway:8000,gateway-service,ml_router,gateway
1787000216.075,12,routing_decisions_total,heavy,gateway:8000,gateway-service,ml_router,gateway
1787000221.075,12,routing_decisions_total,heavy,gateway:8000,gateway-service,ml_router,gateway
1787000226.075,12,routing_decisions_total,heavy,gateway:8000,gateway-service,ml_router,gateway
1787000231.075,12,routing_decisions_total,heavy,gateway:8000,gateway-service,ml_router,gateway
1787000236.075,12,routing_decisions_total,heavy,gateway:8000,gateway-service,ml_router,gateway
1787000241.075,12,routing_decisions_total,heavy,gateway:8000,gateway-service,ml_router,gateway
1787000246.075,12,routing_decisions_total,heavy,gateway:8000,gateway-service,ml_router,gateway
1787000251.075,12,routing_decisions_total,heavy,gateway:8000,gateway-service,ml_router,gateway
1787000256.075,12,routing_decisions_total,heavy,gateway:8000,gateway-service,ml_router,gateway
1787000261.075,12,routing_decisions_total,heavy,gateway:8000,gateway-service,ml_router,gateway
1787000266.075,12,routing_decisions_total,heavy,gateway:8000,gateway-service,ml_router,gateway
1787000271.075,12,routing_decisions_total,heavy,gateway:8000,gateway-service,ml_router,gateway
1787000276.075,12,routing_decisions_total,heavy,gateway:8000,gateway-service,ml_router,gateway
1787000281.075,12,routing_decisions_total,heavy,gateway:8000,gateway-service,ml_router,gateway
1787000286.075,12,routing_decisions_total,heavy,gateway:8000,gateway-service,ml_router,gateway
1787000291.075,12,routing_decisions_total,heavy,gateway:8000,gateway-service,ml_router,gateway
1787000296.075,12,routing_decisions_total,heavy,gateway:8000,gateway-service,ml_router,gateway
1787000301.075,12,routing_decisions_total,heavy,gateway:8000,gateway-service,ml_router,gateway
1787000306.075,12,routing_decisions_total,heavy,gateway:8000,gateway-service,ml_router,gateway
1787000311.075,12,routing_decisions_total,heavy,gateway:8000,gateway-service,ml_router,gateway
1787000316.075,12,routing_decisions_total,heavy,gateway:8000,gateway-service,ml_router,gateway
1787000321.075,12,routing_decisions_total,heavy,gateway:8000,gateway-service,ml_router,gateway
1787000326.075,12,routing_decisions_total,heavy,gateway:8000,gateway-service,ml_router,gateway
1787000331.075,12,routing_decisions_total,heavy,gateway:8000,gateway-service,ml_router,gateway
1787000336.075,12,routing_decisions_total,heavy,gateway:8000,gateway-service,ml_router,gateway
1787000341.075,12,routing_decisions_total,heavy,gateway:8000,gateway-service,ml_router,gateway
1787000346.075,12,routing_decisions_total,heavy,gateway:8000,gateway-service,ml_router,gateway
1787000351.075,12,routing_decisions_total,heavy,gateway:8000,gateway-service,ml_router,gateway
1787000356.075,12,routing_decisions_total,heavy,gateway:8000,gateway-service,ml_router,gateway
1787000361.075,12,routing_decisions_total,heavy,gateway:8000,gateway-service,ml_router,gateway
1787000366.075,12,routing_decisions_total,heavy,gateway:8000,gateway-service,ml_router,gateway
1787000371.075,12,routing_decisions_total,heavy,gateway:8000,gateway-service,ml_router,gateway
1787000376.075,12,routing_decisions_total,heavy,gateway:8000,gateway-service,ml_router,gateway
1787000381.075,12,routing_decisions_total,heavy,gateway:8000,gateway-service,ml_router,gateway
1787000386.075,12,routing_decisions_total,heavy,gateway:8000,gateway-service,ml_router,gateway
1787000391.075,12,routing_decisions_total,heavy,gateway:8000,gateway-service,ml_router,gateway
1787000396.075,12,routing_decisions_total,heavy,gateway:8000,gateway-service,ml_router,gateway
1787000401.075,12,routing_decisions_total,heavy,gateway:8000,gateway-service,ml_router,gateway
1787000406.075,12,routing_decisions_total,heavy,gateway:8000,gateway-service,ml_router,gateway
1787000411.075,12,routing_decisions_total,heavy,gateway:8000,gateway-service,ml_router,gateway
1787000416.075,12,routing_decisions_total,heavy,gateway:8000,gateway-service,ml_router,gateway
1787000421.075,12,routing_decisions_total,heavy,gateway:8000,gateway-service,ml_router,gateway
1787000426.075,12,routing_decisions_total,heavy,gateway:8000,gateway-service,ml_router,gateway
1787000431.075,12,routing_decisions_total,heavy,gateway:8000,gateway-service,ml_router,gateway
1787000436.075,12,routing_decisions_total,heavy,gateway:8000,gateway-service,ml_router,gateway
1787000441.075,12,routing_decisions_total,heavy,gateway:8000,gateway-service,ml_router,gateway
1787000446.075,12,routing_decisions_total,heavy,gateway:8000,gateway-service,ml_router,gateway
1787000451.075,12,routing_decisions_total,heavy,gateway:8000,gateway-service,ml_router,gateway
1787000456.075,12,routing_decisions_total,heavy,gateway:8000,gateway-service,ml_router,gateway
1787000461.075,12,routing_decisions_total,heavy,gateway:8000,gateway-service,ml_router,gateway
1787000466.075,12,routing_decisions_total,heavy,gateway:8000,gateway-service,ml_router,gateway
1787000471.075,12,routing_decisions_total,heavy,gateway:8000,gateway-service,ml_router,gateway
1787000476.075,12,routing_decisions_total,heavy,gateway:8000,gateway-service,ml_router,gateway
1787000481.075,12,routing_decisions_total,heavy,gateway:8000,gateway-service,ml_router,gateway
1787000486.075,12,routing_decisions_total,heavy,gateway:8000,gateway-service,ml_router,gateway
1787000491.075,12,routing_decisions_total,heavy,gateway:8000,gateway-service,ml_router,gateway
1787000496.075,12,routing_decisions_total,heavy,gateway:8000,gateway-service,ml_router,gateway
1787000501.075,12,routing_decisions_total,heavy,gateway:8000,gateway-service,ml_router,gateway
1787000506.075,12,routing_decisions_total,heavy,gateway:8000,gateway-service,ml_router,gateway
1787000511.075,12,routing_decisions_total,heavy,gateway:8000,gateway-service,ml_router,gateway
1787000516.075,12,routing_decisions_total,heavy,gateway:8000,gateway-service,ml_router,gateway
1787000521.075,12,routing_decisions_total,heavy,gateway:8000,gateway-service,ml_router,gateway
1787000526.075,12,routing_decisions_total,heavy,gateway:8000,gateway-service,ml_router,gateway
1787000531.075,12,routing_decisions_total,heavy,gateway:8000,gateway-service,ml_router,gateway
1787000536.075,12,routing_decisions_total,heavy,gateway:8000,gateway-service,ml_router,gateway
1787000541.075,12,routing_decisions_total,heavy,gateway:8000,gateway-service,ml_router,gateway
1787000546.075,12,routing_decisions_total,heavy,gateway:8000,gateway-service,ml_router,gateway
1787000551.075,12,routing_decisions_total,heavy,gateway:8000,gateway-service,ml_router,gateway
1787000556.075,12,routing_decisions_total,heavy,gateway:8000,gateway-service,ml_router,gateway
1787000561.075,12,routing_decisions_total,heavy,gateway:8000,gateway-service,ml_router,gateway
1787000566.075,12,routing_decisions_total,heavy,gateway:8000,gateway-service,ml_router,gateway
1787000571.075,12,routing_decisions_total,heavy,gateway:8000,gateway-service,ml_router,gateway
1787000576.075,12,routing_decisions_total,heavy,gateway:8000,gateway-service,ml_router,gateway
1787000581.075,12,routing_decisions_total,heavy,gateway:8000,gateway-service,ml_router,gateway
1787000586.075,12,routing_decisions_total,heavy,gateway:8000,gateway-service,ml_router,gateway
1787000591.075,12,routing_decisions_total,heavy,gateway:8000,gateway-service,ml_router,gateway
1787000596.075,12,routing_decisions_total,heavy,gateway:8000,gateway-service,ml_router,gateway
1787000601.075,12,routing_decisions_total,heavy,gateway:8000,gateway-service,ml_router,gateway
1787000606.075,12,routing_decisions_total,heavy,gateway:8000,gateway-service,ml_router,gateway
1787000611.075,12,routing_decisions_total,heavy,gateway:8000,gateway-service,ml_router,gateway
1787000616.075,12,routing_decisions_total,heavy,gateway:8000,gateway-service,ml_router,gateway
1787000621.075,12,routing_decisions_total,heavy,gateway:8000,gateway-service,ml_router,gateway
1787000626.075,12,routing_decisions_total,heavy,gateway:8000,gateway-service,ml_router,gateway
1787000631.075,12,routing_decisions_total,heavy,gateway:8000,gateway-service,ml_router,gateway
1787000636.075,12,routing_decisions_total,heavy,gateway:8000,gateway-service,ml_router,gateway
1787000641.075,12,routing_decisions_total,heavy,gateway:8000,gateway-service,ml_router,gateway
1787000646.075,12,routing_decisions_total,heavy,gateway:8000,gateway-service,ml_router,gateway
1787000651.075,12,routing_decisions_total,heavy,gateway:8000,gateway-service,ml_router,gateway
1787000656.075,12,routing_decisions_total,heavy,gateway:8000,gateway-service,ml_router,gateway
1787000661.075,12,routing_decisions_total,heavy,gateway:8000,gateway-service,ml_router,gateway
1787000666.075,12,routing_decisions_total,heavy,gateway:8000,gateway-service,ml_router,gateway
1787000671.075,12,routing_decisions_total,heavy,gateway:8000,gateway-service,ml_router,gateway
1787000676.075,12,routing_decisions_total,heavy,gateway:8000,gateway-service,ml_router,gateway
1787000681.075,12,routing_decisions_total,heavy,gateway:8000,gateway-service,ml_router,gateway
1787000686.075,12,routing_decisions_total,heavy,gateway:8000,gateway-service,ml_router,gateway
1787000691.075,12,routing_decisions_total,heavy,gateway:8000,gateway-service,ml_router,gateway
1787000696.075,12,routing_decisions_total,heavy,gateway:8000,gateway-service,ml_router,gateway
1787000701.075,12,routing_decisions_total,heavy,gateway:8000,gateway-service,ml_router,gateway
1787000706.075,12,routing_decisions_total,heavy,gateway:8000,gateway-service,ml_router,gateway
1787000711.075,12,routing_decisions_total,heavy,gateway:8000,gateway-service,ml_router,gateway
1787000716.075,12,routing_decisions_total,heavy,gateway:8000,gateway-service,ml_router,gateway
1787000721.075,12,routing_decisions_total,heavy,gateway:8000,gateway-service,ml_router,gateway
1787000726.075,12,routing_decisions_total,heavy,gateway:8000,gateway-service,ml_router,gateway
1787000731.075,12,routing_decisions_total,heavy,gateway:8000,gateway-service,ml_router,gateway
1787000736.075,12,routing_decisions_total,heavy,gateway:8000,gateway-service,ml_router,gateway
1787000741.075,12,routing_decisions_total,heavy,gateway:8000,gateway-service,ml_router,gateway
1787000746.075,12,routing_decisions_total,heavy,gateway:8000,gateway-service,ml_router,gateway
1787000751.075,12,routing_decisions_total,heavy,gateway:8000,gateway-service,ml_router,gateway
1787000756.075,12,routing_decisions_total,heavy,gateway:8000,gateway-service,ml_router,gateway
1787000761.075,12,routing_decisions_total,heavy,gateway:8000,gateway-service,ml_router,gateway
1787000766.075,12,routing_decisions_total,heavy,gateway:8000,gateway-service,ml_router,gateway
1787000771.075,12,routing_decisions_total,heavy,gateway:8000,gateway-service,ml_router,gateway
1787000776.075,12,routing_decisions_total,heavy,gateway:8000,gateway-service,ml_router,gateway
1787000781.075,12,routing_decisions_total,heavy,gateway:8000,gateway-service,ml_router,gateway
1787000786.075,12,routing_decisions_total,heavy,gateway:8000,gateway-service,ml_router,gateway
1787000791.075,12,routing_decisions_total,heavy,gateway:8000,gateway-service,ml_router,gateway
1787000796.075,12,routing_decisions_total,heavy,gateway:8000,gateway-service,ml_router,gateway
1787000801.075,12,routing_decisions_total,heavy,gateway:8000,gateway-service,ml_router,gateway
1787000806.075,12,routing_decisions_total,heavy,gateway:8000,gateway-service,ml_router,gateway
1787000811.075,12,routing_decisions_total,heavy,gateway:8000,gateway-service,ml_router,gateway
1787000816.075,12,routing_decisions_total,heavy,gateway:8000,gateway-service,ml_router,gateway
1787000821.075,12,routing_decisions_total,heavy,gateway:8000,gateway-service,ml_router,gateway
1787000826.075,12,routing_decisions_total,heavy,gateway:8000,gateway-service,ml_router,gateway
1787000831.075,12,routing_decisions_total,heavy,gateway:8000,gateway-service,ml_router,gateway
1787000836.075,12,routing_decisions_total,heavy,gateway:8000,gateway-service,ml_router,gateway
1787000841.075,12,routing_decisions_total,heavy,gateway:8000,gateway-service,ml_router,gateway
1787000846.075,12,routing_decisions_total,heavy,gateway:8000,gateway-service,ml_router,gateway
1787000851.075,12,routing_decisions_total,heavy,gateway:8000,gateway-service,ml_router,gateway
1787000856.075,12,routing_decisions_total,heavy,gateway:8000,gateway-service,ml_router,gateway
1787000861.075,12,routing_decisions_total,heavy,gateway:8000,gateway-service,ml_router,gateway
1787002581.075,1,routing_decisions_total,heavy,gateway:8000,gateway-service,ml_router,gateway
1787002586.075,5,routing_decisions_total,heavy,gateway:8000,gateway-service,ml_router,gateway
1787002591.075,8,routing_decisions_total,heavy,gateway:8000,gateway-service,ml_router,gateway
1787002596.075,12,routing_decisions_total,heavy,gateway:8000,gateway-service,ml_router,gateway
1787002601.075,15,routing_decisions_total,heavy,gateway:8000,gateway-service,ml_router,gateway
1787002606.075,17,routing_decisions_total,heavy,gateway:8000,gateway-service,ml_router,gateway
1787002611.075,18,routing_decisions_total,heavy,gateway:8000,gateway-service,ml_router,gateway
1787002616.075,29,routing_decisions_total,heavy,gateway:8000,gateway-service,ml_router,gateway
1787002621.075,50,routing_decisions_total,heavy,gateway:8000,gateway-service,ml_router,gateway
1787002626.075,67,routing_decisions_total,heavy,gateway:8000,gateway-service,ml_router,gateway
1787002631.075,89,routing_decisions_total,heavy,gateway:8000,gateway-service,ml_router,gateway
1787002636.075,110,routing_decisions_total,heavy,gateway:8000,gateway-service,ml_router,gateway
1787002641.075,128,routing_decisions_total,heavy,gateway:8000,gateway-service,ml_router,gateway
1787002646.075,137,routing_decisions_total,heavy,gateway:8000,gateway-service,ml_router,gateway
1787002651.075,141,routing_decisions_total,heavy,gateway:8000,gateway-service,ml_router,gateway
1787002656.075,165,routing_decisions_total,heavy,gateway:8000,gateway-service,ml_router,gateway
1787002661.075,188,routing_decisions_total,heavy,gateway:8000,gateway-service,ml_router,gateway
1787002666.075,208,routing_decisions_total,heavy,gateway:8000,gateway-service,ml_router,gateway
1787002671.075,224,routing_decisions_total,heavy,gateway:8000,gateway-service,ml_router,gateway
1787002676.075,251,routing_decisions_total,heavy,gateway:8000,gateway-service,ml_router,gateway
1787002681.075,258,routing_decisions_total,heavy,gateway:8000,gateway-service,ml_router,gateway
1787002686.075,258,routing_decisions_total,heavy,gateway:8000,gateway-service,ml_router,gateway
1787002691.075,258,routing_decisions_total,heavy,gateway:8000,gateway-service,ml_router,gateway
1787002696.075,258,routing_decisions_total,heavy,gateway:8000,gateway-service,ml_router,gateway
1787002701.075,258,routing_decisions_total,heavy,gateway:8000,gateway-service,ml_router,gateway
1787002706.075,258,routing_decisions_total,heavy,gateway:8000,gateway-service,ml_router,gateway
1787002711.075,258,routing_decisions_total,heavy,gateway:8000,gateway-service,ml_router,gateway
1787002716.075,258,routing_decisions_total,heavy,gateway:8000,gateway-service,ml_router,gateway
1787002721.075,258,routing_decisions_total,heavy,gateway:8000,gateway-service,ml_router,gateway
1787002726.075,258,routing_decisions_total,heavy,gateway:8000,gateway-service,ml_router,gateway
1787002731.075,258,routing_decisions_total,heavy,gateway:8000,gateway-service,ml_router,gateway
1787002736.075,258,routing_decisions_total,heavy,gateway:8000,gateway-service,ml_router,gateway
1787002741.075,258,routing_decisions_total,heavy,gateway:8000,gateway-service,ml_router,gateway
1787002746.075,258,routing_decisions_total,heavy,gateway:8000,gateway-service,ml_router,gateway
1787002751.075,258,routing_decisions_total,heavy,gateway:8000,gateway-service,ml_router,gateway
1787002756.075,258,routing_decisions_total,heavy,gateway:8000,gateway-service,ml_router,gateway
1787002761.075,258,routing_decisions_total,heavy,gateway:8000,gateway-service,ml_router,gateway
1787002766.075,258,routing_decisions_total,heavy,gateway:8000,gateway-service,ml_router,gateway
1787002771.075,258,routing_decisions_total,heavy,gateway:8000,gateway-service,ml_router,gateway
1787002776.075,258,routing_decisions_total,heavy,gateway:8000,gateway-service,ml_router,gateway
1787002781.075,258,routing_decisions_total,heavy,gateway:8000,gateway-service,ml_router,gateway
1787002786.075,258,routing_decisions_total,heavy,gateway:8000,gateway-service,ml_router,gateway
1787002791.075,258,routing_decisions_total,heavy,gateway:8000,gateway-service,ml_router,gateway
1787002796.075,258,routing_decisions_total,heavy,gateway:8000,gateway-service,ml_router,gateway
1787002801.075,258,routing_decisions_total,heavy,gateway:8000,gateway-service,ml_router,gateway
1787002806.075,258,routing_decisions_total,heavy,gateway:8000,gateway-service,ml_router,gateway
1787002811.075,258,routing_decisions_total,heavy,gateway:8000,gateway-service,ml_router,gateway
1787002816.075,258,routing_decisions_total,heavy,gateway:8000,gateway-service,ml_router,gateway
1787002821.075,258,routing_decisions_total,heavy,gateway:8000,gateway-service,ml_router,gateway
1787002826.075,258,routing_decisions_total,heavy,gateway:8000,gateway-service,ml_router,gateway
1787002831.075,258,routing_decisions_total,heavy,gateway:8000,gateway-service,ml_router,gateway
1787002836.075,258,routing_decisions_total,heavy,gateway:8000,gateway-service,ml_router,gateway
1787002841.075,258,routing_decisions_total,heavy,gateway:8000,gateway-service,ml_router,gateway
1787002846.075,258,routing_decisions_total,heavy,gateway:8000,gateway-service,ml_router,gateway
1787002851.075,258,routing_decisions_total,heavy,gateway:8000,gateway-service,ml_router,gateway
1787002856.075,258,routing_decisions_total,heavy,gateway:8000,gateway-service,ml_router,gateway
1787002861.075,258,routing_decisions_total,heavy,gateway:8000,gateway-service,ml_router,gateway
1787002866.075,258,routing_decisions_total,heavy,gateway:8000,gateway-service,ml_router,gateway
1787002871.075,258,routing_decisions_total,heavy,gateway:8000,gateway-service,ml_router,gateway
1787002876.075,258,routing_decisions_total,heavy,gateway:8000,gateway-service,ml_router,gateway
1787002881.075,258,routing_decisions_total,heavy,gateway:8000,gateway-service,ml_router,gateway
1787002886.075,258,routing_decisions_total,heavy,gateway:8000,gateway-service,ml_router,gateway
1787002891.075,258,routing_decisions_total,heavy,gateway:8000,gateway-service,ml_router,gateway
1787002896.075,258,routing_decisions_total,heavy,gateway:8000,gateway-service,ml_router,gateway
1787002901.075,258,routing_decisions_total,heavy,gateway:8000,gateway-service,ml_router,gateway
1787002906.075,258,routing_decisions_total,heavy,gateway:8000,gateway-service,ml_router,gateway
1787002911.075,258,routing_decisions_total,heavy,gateway:8000,gateway-service,ml_router,gateway
1787002916.075,258,routing_decisions_total,heavy,gateway:8000,gateway-service,ml_router,gateway
1787002921.075,258,routing_decisions_total,heavy,gateway:8000,gateway-service,ml_router,gateway
1787002926.075,258,routing_decisions_total,heavy,gateway:8000,gateway-service,ml_router,gateway
1787002931.075,258,routing_decisions_total,heavy,gateway:8000,gateway-service,ml_router,gateway
1787002936.075,258,routing_decisions_total,heavy,gateway:8000,gateway-service,ml_router,gateway
1787002941.075,258,routing_decisions_total,heavy,gateway:8000,gateway-service,ml_router,gateway
1787002946.075,258,routing_decisions_total,heavy,gateway:8000,gateway-service,ml_router,gateway
1787002951.075,258,routing_decisions_total,heavy,gateway:8000,gateway-service,ml_router,gateway
1787002956.075,258,routing_decisions_total,heavy,gateway:8000,gateway-service,ml_router,gateway
1787002961.075,258,routing_decisions_total,heavy,gateway:8000,gateway-service,ml_router,gateway
1787002966.075,258,routing_decisions_total,heavy,gateway:8000,gateway-service,ml_router,gateway
1787002971.075,258,routing_decisions_total,heavy,gateway:8000,gateway-service,ml_router,gateway
1787002976.075,258,routing_decisions_total,heavy,gateway:8000,gateway-service,ml_router,gateway
1787002981.075,258,routing_decisions_total,heavy,gateway:8000,gateway-service,ml_router,gateway
1787002986.075,258,routing_decisions_total,heavy,gateway:8000,gateway-service,ml_router,gateway
1787002991.075,258,routing_decisions_total,heavy,gateway:8000,gateway-service,ml_router,gateway
1787002996.075,258,routing_decisions_total,heavy,gateway:8000,gateway-service,ml_router,gateway
1787003001.075,258,routing_decisions_total,heavy,gateway:8000,gateway-service,ml_router,gateway
1787003006.075,258,routing_decisions_total,heavy,gateway:8000,gateway-service,ml_router,gateway
1787003011.075,258,routing_decisions_total,heavy,gateway:8000,gateway-service,ml_router,gateway
1787003016.075,258,routing_decisions_total,heavy,gateway:8000,gateway-service,ml_router,gateway
1787003021.075,258,routing_decisions_total,heavy,gateway:8000,gateway-service,ml_router,gateway
1787003026.075,258,routing_decisions_total,heavy,gateway:8000,gateway-service,ml_router,gateway
1787003031.075,258,routing_decisions_total,heavy,gateway:8000,gateway-service,ml_router,gateway
1787003036.075,258,routing_decisions_total,heavy,gateway:8000,gateway-service,ml_router,gateway
1787003041.075,258,routing_decisions_total,heavy,gateway:8000,gateway-service,ml_router,gateway
1787003046.075,258,routing_decisions_total,heavy,gateway:8000,gateway-service,ml_router,gateway
1787003051.075,258,routing_decisions_total,heavy,gateway:8000,gateway-service,ml_router,gateway
1787003056.075,258,routing_decisions_total,heavy,gateway:8000,gateway-service,ml_router,gateway
1787003061.075,258,routing_decisions_total,heavy,gateway:8000,gateway-service,ml_router,gateway
1787003066.075,258,routing_decisions_total,heavy,gateway:8000,gateway-service,ml_router,gateway
1787003071.075,258,routing_decisions_total,heavy,gateway:8000,gateway-service,ml_router,gateway
1787003076.075,258,routing_decisions_total,heavy,gateway:8000,gateway-service,ml_router,gateway
1787003081.075,258,routing_decisions_total,heavy,gateway:8000,gateway-service,ml_router,gateway
1787003086.075,258,routing_decisions_total,heavy,gateway:8000,gateway-service,ml_router,gateway
1787003091.075,258,routing_decisions_total,heavy,gateway:8000,gateway-service,ml_router,gateway
1787003096.075,258,routing_decisions_total,heavy,gateway:8000,gateway-service,ml_router,gateway
1787003101.075,258,routing_decisions_total,heavy,gateway:8000,gateway-service,ml_router,gateway
1787003106.075,258,routing_decisions_total,heavy,gateway:8000,gateway-service,ml_router,gateway
1787003111.075,258,routing_decisions_total,heavy,gateway:8000,gateway-service,ml_router,gateway
1787003116.075,258,routing_decisions_total,heavy,gateway:8000,gateway-service,ml_router,gateway
1787003121.075,258,routing_decisions_total,heavy,gateway:8000,gateway-service,ml_router,gateway
1787003126.075,258,routing_decisions_total,heavy,gateway:8000,gateway-service,ml_router,gateway
1787003131.075,258,routing_decisions_total,heavy,gateway:8000,gateway-service,ml_router,gateway
1787003136.075,258,routing_decisions_total,heavy,gateway:8000,gateway-service,ml_router,gateway
1787003141.075,258,routing_decisions_total,heavy,gateway:8000,gateway-service,ml_router,gateway
1787003146.075,258,routing_decisions_total,heavy,gateway:8000,gateway-service,ml_router,gateway
1787003151.075,258,routing_decisions_total,heavy,gateway:8000,gateway-service,ml_router,gateway
1787003156.075,258,routing_decisions_total,heavy,gateway:8000,gateway-service,ml_router,gateway
1787003161.075,258,routing_decisions_total,heavy,gateway:8000,gateway-service,ml_router,gateway
1787003166.075,258,routing_decisions_total,heavy,gateway:8000,gateway-service,ml_router,gateway
1787003171.075,258,routing_decisions_total,heavy,gateway:8000,gateway-service,ml_router,gateway
1787003176.075,258,routing_decisions_total,heavy,gateway:8000,gateway-service,ml_router,gateway
1787003181.075,258,routing_decisions_total,heavy,gateway:8000,gateway-service,ml_router,gateway
1787003186.075,258,routing_decisions_total,heavy,gateway:8000,gateway-service,ml_router,gateway
1787003191.075,258,routing_decisions_total,heavy,gateway:8000,gateway-service,ml_router,gateway
1787003196.075,258,routing_decisions_total,heavy,gateway:8000,gateway-service,ml_router,gateway
1787003201.075,258,routing_decisions_total,heavy,gateway:8000,gateway-service,ml_router,gateway
1787003206.075,258,routing_decisions_total,heavy,gateway:8000,gateway-service,ml_router,gateway
1787003211.075,258,routing_decisions_total,heavy,gateway:8000,gateway-service,ml_router,gateway
1787003216.075,258,routing_decisions_total,heavy,gateway:8000,gateway-service,ml_router,gateway
1787003221.075,258,routing_decisions_total,heavy,gateway:8000,gateway-service,ml_router,gateway
1787003226.075,258,routing_decisions_total,heavy,gateway:8000,gateway-service,ml_router,gateway
1787003231.075,258,routing_decisions_total,heavy,gateway:8000,gateway-service,ml_router,gateway
1787003236.075,258,routing_decisions_total,heavy,gateway:8000,gateway-service,ml_router,gateway
1787003241.075,258,routing_decisions_total,heavy,gateway:8000,gateway-service,ml_router,gateway
1787003246.075,258,routing_decisions_total,heavy,gateway:8000,gateway-service,ml_router,gateway
1787003251.075,258,routing_decisions_total,heavy,gateway:8000,gateway-service,ml_router,gateway
1787003256.075,258,routing_decisions_total,heavy,gateway:8000,gateway-service,ml_router,gateway
1787003261.075,258,routing_decisions_total,heavy,gateway:8000,gateway-service,ml_router,gateway
1787003266.075,258,routing_decisions_total,heavy,gateway:8000,gateway-service,ml_router,gateway
1787003271.075,258,routing_decisions_total,heavy,gateway:8000,gateway-service,ml_router,gateway
1787003276.075,258,routing_decisions_total,heavy,gateway:8000,gateway-service,ml_router,gateway
1787003281.075,258,routing_decisions_total,heavy,gateway:8000,gateway-service,ml_router,gateway
1787003286.075,258,routing_decisions_total,heavy,gateway:8000,gateway-service,ml_router,gateway
1787003291.075,258,routing_decisions_total,heavy,gateway:8000,gateway-service,ml_router,gateway
1787003296.075,258,routing_decisions_total,heavy,gateway:8000,gateway-service,ml_router,gateway
1787003301.075,258,routing_decisions_total,heavy,gateway:8000,gateway-service,ml_router,gateway
1787003306.075,258,routing_decisions_total,heavy,gateway:8000,gateway-service,ml_router,gateway
1787003311.075,258,routing_decisions_total,heavy,gateway:8000,gateway-service,ml_router,gateway
1787003316.075,258,routing_decisions_total,heavy,gateway:8000,gateway-service,ml_router,gateway
1787003446.075,5,routing_decisions_total,heavy,gateway:8000,gateway-service,ml_router,gateway
1787003451.075,9,routing_decisions_total,heavy,gateway:8000,gateway-service,ml_router,gateway
1787003456.075,11,routing_decisions_total,heavy,gateway:8000,gateway-service,ml_router,gateway
1787003461.075,15,routing_decisions_total,heavy,gateway:8000,gateway-service,ml_router,gateway
1787003466.075,18,routing_decisions_total,heavy,gateway:8000,gateway-service,ml_router,gateway
1787003471.075,22,routing_decisions_total,heavy,gateway:8000,gateway-service,ml_router,gateway
1787003476.075,23,routing_decisions_total,heavy,gateway:8000,gateway-service,ml_router,gateway
1787003481.075,32,routing_decisions_total,heavy,gateway:8000,gateway-service,ml_router,gateway
1787003486.075,52,routing_decisions_total,heavy,gateway:8000,gateway-service,ml_router,gateway
1787003491.075,71,routing_decisions_total,heavy,gateway:8000,gateway-service,ml_router,gateway
1787003496.075,94,routing_decisions_total,heavy,gateway:8000,gateway-service,ml_router,gateway
1787003501.075,119,routing_decisions_total,heavy,gateway:8000,gateway-service,ml_router,gateway
1787003506.075,136,routing_decisions_total,heavy,gateway:8000,gateway-service,ml_router,gateway
1787003511.075,144,routing_decisions_total,heavy,gateway:8000,gateway-service,ml_router,gateway
1787003516.075,152,routing_decisions_total,heavy,gateway:8000,gateway-service,ml_router,gateway
1787003521.075,172,routing_decisions_total,heavy,gateway:8000,gateway-service,ml_router,gateway
1787003526.075,186,routing_decisions_total,heavy,gateway:8000,gateway-service,ml_router,gateway
1787003531.075,206,routing_decisions_total,heavy,gateway:8000,gateway-service,ml_router,gateway
1787003536.075,228,routing_decisions_total,heavy,gateway:8000,gateway-service,ml_router,gateway
1787003541.075,247,routing_decisions_total,heavy,gateway:8000,gateway-service,ml_router,gateway
1787003546.075,248,routing_decisions_total,heavy,gateway:8000,gateway-service,ml_router,gateway
1787003551.075,248,routing_decisions_total,heavy,gateway:8000,gateway-service,ml_router,gateway
1787003556.075,248,routing_decisions_total,heavy,gateway:8000,gateway-service,ml_router,gateway
1787003561.075,248,routing_decisions_total,heavy,gateway:8000,gateway-service,ml_router,gateway
1787003566.075,248,routing_decisions_total,heavy,gateway:8000,gateway-service,ml_router,gateway
1787003571.075,248,routing_decisions_total,heavy,gateway:8000,gateway-service,ml_router,gateway
1787003576.075,248,routing_decisions_total,heavy,gateway:8000,gateway-service,ml_router,gateway
1787003581.075,248,routing_decisions_total,heavy,gateway:8000,gateway-service,ml_router,gateway
1787003586.075,248,routing_decisions_total,heavy,gateway:8000,gateway-service,ml_router,gateway
1787003591.075,248,routing_decisions_total,heavy,gateway:8000,gateway-service,ml_router,gateway
1787003596.075,248,routing_decisions_total,heavy,gateway:8000,gateway-service,ml_router,gateway
1787003601.075,248,routing_decisions_total,heavy,gateway:8000,gateway-service,ml_router,gateway
1787003606.075,248,routing_decisions_total,heavy,gateway:8000,gateway-service,ml_router,gateway
1787003611.075,248,routing_decisions_total,heavy,gateway:8000,gateway-service,ml_router,gateway
1787003616.075,248,routing_decisions_total,heavy,gateway:8000,gateway-service,ml_router,gateway
1787003621.075,248,routing_decisions_total,heavy,gateway:8000,gateway-service,ml_router,gateway
1787003626.075,248,routing_decisions_total,heavy,gateway:8000,gateway-service,ml_router,gateway
1787003631.075,248,routing_decisions_total,heavy,gateway:8000,gateway-service,ml_router,gateway
1787003636.075,248,routing_decisions_total,heavy,gateway:8000,gateway-service,ml_router,gateway
1787003641.075,248,routing_decisions_total,heavy,gateway:8000,gateway-service,ml_router,gateway
1787003646.075,248,routing_decisions_total,heavy,gateway:8000,gateway-service,ml_router,gateway
1787003651.075,248,routing_decisions_total,heavy,gateway:8000,gateway-service,ml_router,gateway
1787003656.075,248,routing_decisions_total,heavy,gateway:8000,gateway-service,ml_router,gateway
1787003661.075,248,routing_decisions_total,heavy,gateway:8000,gateway-service,ml_router,gateway
1787003666.075,248,routing_decisions_total,heavy,gateway:8000,gateway-service,ml_router,gateway
1787003671.075,248,routing_decisions_total,heavy,gateway:8000,gateway-service,ml_router,gateway
1787003676.075,248,routing_decisions_total,heavy,gateway:8000,gateway-service,ml_router,gateway
1787003681.075,248,routing_decisions_total,heavy,gateway:8000,gateway-service,ml_router,gateway
1787003686.075,248,routing_decisions_total,heavy,gateway:8000,gateway-service,ml_router,gateway
1787003691.075,248,routing_decisions_total,heavy,gateway:8000,gateway-service,ml_router,gateway
1787003696.075,248,routing_decisions_total,heavy,gateway:8000,gateway-service,ml_router,gateway
1787003701.075,248,routing_decisions_total,heavy,gateway:8000,gateway-service,ml_router,gateway
1787003706.075,248,routing_decisions_total,heavy,gateway:8000,gateway-service,ml_router,gateway
1787003711.075,248,routing_decisions_total,heavy,gateway:8000,gateway-service,ml_router,gateway
1787003716.075,248,routing_decisions_total,heavy,gateway:8000,gateway-service,ml_router,gateway
1787003721.075,248,routing_decisions_total,heavy,gateway:8000,gateway-service,ml_router,gateway
1787003726.075,248,routing_decisions_total,heavy,gateway:8000,gateway-service,ml_router,gateway
1787003731.075,248,routing_decisions_total,heavy,gateway:8000,gateway-service,ml_router,gateway
1787003736.075,248,routing_decisions_total,heavy,gateway:8000,gateway-service,ml_router,gateway
1787003741.075,248,routing_decisions_total,heavy,gateway:8000,gateway-service,ml_router,gateway
1787003746.075,248,routing_decisions_total,heavy,gateway:8000,gateway-service,ml_router,gateway
1787003751.075,248,routing_decisions_total,heavy,gateway:8000,gateway-service,ml_router,gateway
